{
"type": "FeatureCollection",
"name": "anomaly_2026_Q1_May_Jul_MNDWI",
"crs": { "type": "name", "properties": { "name": "urn:ogc:def:crs:OGC:1.3:CRS84" } },
"features": [
{ "type": "Feature", "properties": { "class_id": 1, "area_m2": 32655263.807466555, "class_name": "Muy bajo", "index": "MNDWI", "min_value": null, "max_value": null }, "geometry": { "type": "Polygon", "coordinates": [ [ [ -89.687297947932038, 13.574113618815083 ], [ -89.633399277432574, 13.574113618815089 ], [ -89.633399277432574, 13.547164283565355 ], [ -89.619924609807711, 13.54716428356536 ], [ -89.619924609807711, 13.533689615940492 ], [ -89.646873945057436, 13.533689615940494 ], [ -89.646873945057436, 13.547164283565358 ], [ -89.660348612682313, 13.547164283565353 ], [ -89.660348612682313, 13.533689615940492 ], [ -89.727721950806625, 13.533689615940492 ], [ -89.727721950806625, 13.547164283565355 ], [ -89.687297947932038, 13.547164283565355 ], [ -89.687297947932038, 13.574113618815083 ] ] ] } },
{ "type": "Feature", "properties": { "class_id": 1, "area_m2": 2176802.7229015399, "class_name": "Muy bajo", "index": "MNDWI", "min_value": null, "max_value": null }, "geometry": { "type": "Polygon", "coordinates": [ [ [ -89.808569956555814, 13.628012289314542 ], [ -89.822044624180691, 13.628012289314549 ], [ -89.822044624180691, 13.641486956939415 ], [ -89.808569956555814, 13.641486956939412 ], [ -89.808569956555814, 13.628012289314542 ] ] ] } },
{ "type": "Feature", "properties": { "class_id": 1, "area_m2": 4353070.8597925538, "class_name": "Muy bajo", "index": "MNDWI", "min_value": null, "max_value": null }, "geometry": { "type": "Polygon", "coordinates": [ [ [ -89.795095288930952, 13.654961624564283 ], [ -89.822044624180691, 13.654961624564278 ], [ -89.822044624180691, 13.66843629218914 ], [ -89.795095288930952, 13.66843629218914 ], [ -89.795095288930952, 13.654961624564283 ] ] ] } },
{ "type": "Feature", "properties": { "class_id": 1, "area_m2": 10881280.636856269, "class_name": "Muy bajo", "index": "MNDWI", "min_value": null, "max_value": null }, "geometry": { "type": "Polygon", "coordinates": [ [ [ -89.781620621306104, 13.695385627438874 ], [ -89.754671286056364, 13.695385627438876 ], [ -89.754671286056364, 13.668436292189146 ], [ -89.768145953681227, 13.66843629218914 ], [ -89.768145953681227, 13.65496162456428 ], [ -89.781620621306104, 13.654961624564278 ], [ -89.781620621306104, 13.695385627438874 ] ] ] } },
{ "type": "Feature", "properties": { "class_id": 1, "area_m2": 2175590.0047965595, "class_name": "Muy bajo", "index": "MNDWI", "min_value": null, "max_value": null }, "geometry": { "type": "Polygon", "coordinates": [ [ [ -89.741196618431488, 13.735809630313469 ], [ -89.754671286056364, 13.735809630313472 ], [ -89.754671286056364, 13.749284297938329 ], [ -89.741196618431488, 13.749284297938337 ], [ -89.741196618431488, 13.735809630313469 ] ] ] } },
{ "type": "Feature", "properties": { "class_id": 1, "area_m2": 69632397.389025182, "class_name": "Muy bajo", "index": "MNDWI", "min_value": null, "max_value": null }, "geometry": { "type": "Polygon", "coordinates": [ [ [ -89.862468627055279, 13.735809630313465 ], [ -89.902892629929894, 13.735809630313472 ], [ -89.902892629929894, 13.749284297938337 ], [ -89.916367297554743, 13.749284297938337 ], [ -89.916367297554743, 13.72233496268861 ], [ -89.929841965179605, 13.722334962688604 ], [ -89.929841965179605, 13.74928429793834 ], [ -89.943316632804468, 13.749284297938337 ], [ -89.943316632804468, 13.735809630313467 ], [ -89.970265968054207, 13.735809630313472 ], [ -89.970265968054207, 13.749284297938337 ], [ -89.95679130042933, 13.749284297938337 ], [ -89.95679130042933, 13.762758965563199 ], [ -89.943316632804468, 13.762758965563203 ], [ -89.943316632804468, 13.776233633188061 ], [ -89.929841965179605, 13.776233633188067 ], [ -89.929841965179605, 13.789708300812933 ], [ -89.902892629929894, 13.789708300812929 ], [ -89.902892629929894, 13.776233633188065 ], [ -89.889417962305018, 13.776233633188063 ], [ -89.889417962305018, 13.789708300812933 ], [ -89.875943294680141, 13.789708300812933 ], [ -89.875943294680141, 13.776233633188067 ], [ -89.862468627055279, 13.776233633188069 ], [ -89.862468627055279, 13.749284297938337 ], [ -89.808569956555814, 13.749284297938337 ], [ -89.808569956555814, 13.70886029506374 ], [ -89.822044624180691, 13.708860295063737 ], [ -89.822044624180691, 13.722334962688603 ], [ -89.862468627055279, 13.722334962688604 ], [ -89.862468627055279, 13.735809630313465 ] ] ] } },
{ "type": "Feature", "properties": { "class_id": 1, "area_m2": 2176497.2787934807, "class_name": "Muy bajo", "index": "MNDWI", "min_value": null, "max_value": null }, "geometry": { "type": "Polygon", "coordinates": [ [ [ -90.037639306178534, 13.762758965563203 ], [ -90.024164638553657, 13.762758965563194 ], [ -90.024164638553657, 13.749284297938337 ], [ -90.037639306178534, 13.749284297938337 ], [ -90.037639306178534, 13.762758965563203 ] ] ] } },
{ "type": "Feature", "properties": { "class_id": 1, "area_m2": 4352117.074711754, "class_name": "Muy bajo", "index": "MNDWI", "min_value": null, "max_value": null }, "geometry": { "type": "Polygon", "coordinates": [ [ [ -89.970265968054207, 13.762758965563203 ], [ -89.970265968054207, 13.789708300812936 ], [ -89.95679130042933, 13.789708300812933 ], [ -89.95679130042933, 13.762758965563199 ], [ -89.970265968054207, 13.762758965563203 ] ] ] } },
{ "type": "Feature", "properties": { "class_id": 1, "area_m2": 2175823.8636058769, "class_name": "Muy bajo", "index": "MNDWI", "min_value": null, "max_value": null }, "geometry": { "type": "Polygon", "coordinates": [ [ [ -89.943316632804468, 13.803182968437795 ], [ -89.943316632804468, 13.789708300812931 ], [ -89.95679130042933, 13.789708300812933 ], [ -89.95679130042933, 13.803182968437799 ], [ -89.943316632804468, 13.803182968437795 ] ] ] } },
{ "type": "Feature", "properties": { "class_id": 1, "area_m2": 2175281.3391728713, "class_name": "Muy bajo", "index": "MNDWI", "min_value": null, "max_value": null }, "geometry": { "type": "Polygon", "coordinates": [ [ [ -89.862468627055279, 13.816657636062661 ], [ -89.875943294680141, 13.816657636062661 ], [ -89.875943294680141, 13.830132303687524 ], [ -89.862468627055279, 13.83013230368752 ], [ -89.862468627055279, 13.816657636062661 ] ] ] } },
{ "type": "Feature", "properties": { "class_id": 1, "area_m2": 2175477.7900147596, "class_name": "Muy bajo", "index": "MNDWI", "min_value": null, "max_value": null }, "geometry": { "type": "Polygon", "coordinates": [ [ [ -89.916367297554743, 13.816657636062663 ], [ -89.929841965179605, 13.816657636062663 ], [ -89.929841965179605, 13.830132303687526 ], [ -89.916367297554743, 13.830132303687526 ], [ -89.916367297554743, 13.816657636062663 ] ] ] } },
{ "type": "Feature", "properties": { "class_id": 1, "area_m2": 2175109.4493642859, "class_name": "Muy bajo", "index": "MNDWI", "min_value": null, "max_value": null }, "geometry": { "type": "Polygon", "coordinates": [ [ [ -89.848993959430416, 13.830132303687522 ], [ -89.862468627055279, 13.83013230368752 ], [ -89.862468627055279, 13.84360697131239 ], [ -89.848993959430416, 13.843606971312392 ], [ -89.848993959430416, 13.830132303687522 ] ] ] } },
{ "type": "Feature", "properties": { "class_id": 1, "area_m2": 2175404.0745962355, "class_name": "Muy bajo", "index": "MNDWI", "min_value": null, "max_value": null }, "geometry": { "type": "Polygon", "coordinates": [ [ [ -89.929841965179605, 13.830132303687526 ], [ -89.943316632804468, 13.830132303687522 ], [ -89.943316632804468, 13.84360697131239 ], [ -89.929841965179605, 13.843606971312393 ], [ -89.929841965179605, 13.830132303687526 ] ] ] } },
{ "type": "Feature", "properties": { "class_id": 1, "area_m2": 2175504.122471083, "class_name": "Muy bajo", "index": "MNDWI", "min_value": null, "max_value": null }, "geometry": { "type": "Polygon", "coordinates": [ [ [ -89.970265968054207, 13.843606971312392 ], [ -89.95679130042933, 13.843606971312393 ], [ -89.95679130042933, 13.830132303687527 ], [ -89.970265968054207, 13.830132303687527 ], [ -89.970265968054207, 13.843606971312392 ] ] ] } },
{ "type": "Feature", "properties": { "class_id": 1, "area_m2": 17395247.228499688, "class_name": "Muy bajo", "index": "MNDWI", "min_value": null, "max_value": null }, "geometry": { "type": "Polygon", "coordinates": [ [ [ -89.727721950806625, 13.857081638937261 ], [ -89.727721950806625, 13.843606971312393 ], [ -89.808569956555814, 13.84360697131239 ], [ -89.808569956555814, 13.85708163893726 ], [ -89.781620621306104, 13.857081638937261 ], [ -89.781620621306104, 13.87055630656212 ], [ -89.754671286056364, 13.870556306562115 ], [ -89.754671286056364, 13.857081638937258 ], [ -89.727721950806625, 13.857081638937261 ] ] ] } },
{ "type": "Feature", "properties": { "class_id": 1, "area_m2": 15223880.97739742, "class_name": "Muy bajo", "index": "MNDWI", "min_value": null, "max_value": null }, "geometry": { "type": "Polygon", "coordinates": [ [ [ -89.835519291805554, 13.830132303687524 ], [ -89.835519291805554, 13.85708163893726 ], [ -89.862468627055279, 13.857081638937261 ], [ -89.862468627055279, 13.870556306562118 ], [ -89.848993959430416, 13.870556306562122 ], [ -89.848993959430416, 13.884030974186986 ], [ -89.835519291805554, 13.884030974186985 ], [ -89.835519291805554, 13.870556306562117 ], [ -89.822044624180691, 13.870556306562124 ], [ -89.822044624180691, 13.843606971312392 ], [ -89.808569956555814, 13.84360697131239 ], [ -89.808569956555814, 13.83013230368752 ], [ -89.835519291805554, 13.830132303687524 ] ] ] } },
{ "type": "Feature", "properties": { "class_id": 1, "area_m2": 6525124.32709317, "class_name": "Muy bajo", "index": "MNDWI", "min_value": null, "max_value": null }, "geometry": { "type": "Polygon", "coordinates": [ [ [ -89.902892629929894, 13.87055630656212 ], [ -89.875943294680141, 13.87055630656212 ], [ -89.875943294680141, 13.84360697131239 ], [ -89.889417962305018, 13.84360697131239 ], [ -89.889417962305018, 13.85708163893726 ], [ -89.902892629929894, 13.857081638937261 ], [ -89.902892629929894, 13.87055630656212 ] ] ] } },
{ "type": "Feature", "properties": { "class_id": 1, "area_m2": 2175206.8051831517, "class_name": "Muy bajo", "index": "MNDWI", "min_value": null, "max_value": null }, "geometry": { "type": "Polygon", "coordinates": [ [ [ -89.943316632804468, 13.857081638937261 ], [ -89.95679130042933, 13.85708163893726 ], [ -89.95679130042933, 13.870556306562124 ], [ -89.943316632804468, 13.870556306562124 ], [ -89.943316632804468, 13.857081638937261 ] ] ] } },
{ "type": "Feature", "properties": { "class_id": 1, "area_m2": 2175438.6561413403, "class_name": "Muy bajo", "index": "MNDWI", "min_value": null, "max_value": null }, "geometry": { "type": "Polygon", "coordinates": [ [ [ -90.037639306178534, 13.870556306562124 ], [ -90.051113973803396, 13.870556306562122 ], [ -90.051113973803396, 13.884030974186985 ], [ -90.037639306178534, 13.88403097418699 ], [ -90.037639306178534, 13.870556306562124 ] ] ] } },
{ "type": "Feature", "properties": { "class_id": 1, "area_m2": 2175059.5914839818, "class_name": "Muy bajo", "index": "MNDWI", "min_value": null, "max_value": null }, "geometry": { "type": "Polygon", "coordinates": [ [ [ -89.983740635679069, 13.897505641811859 ], [ -89.970265968054207, 13.897505641811856 ], [ -89.970265968054207, 13.884030974186986 ], [ -89.983740635679069, 13.884030974186985 ], [ -89.983740635679069, 13.897505641811859 ] ] ] } },
{ "type": "Feature", "properties": { "class_id": 1, "area_m2": 6525482.4873125842, "class_name": "Muy bajo", "index": "MNDWI", "min_value": null, "max_value": null }, "geometry": { "type": "Polygon", "coordinates": [ [ [ -89.997215303303932, 13.870556306562124 ], [ -90.010689970928794, 13.870556306562122 ], [ -90.010689970928794, 13.91098030943672 ], [ -89.997215303303932, 13.91098030943672 ], [ -89.997215303303932, 13.870556306562124 ] ] ] } },
{ "type": "Feature", "properties": { "class_id": 1, "area_m2": 8697539.9972228277, "class_name": "Muy bajo", "index": "MNDWI", "min_value": null, "max_value": null }, "geometry": { "type": "Polygon", "coordinates": [ [ [ -89.795095288930952, 13.884030974186985 ], [ -89.822044624180691, 13.884030974186983 ], [ -89.822044624180691, 13.91098030943672 ], [ -89.795095288930952, 13.91098030943672 ], [ -89.795095288930952, 13.884030974186985 ] ] ] } },
{ "type": "Feature", "properties": { "class_id": 1, "area_m2": 6522371.0851596566, "class_name": "Muy bajo", "index": "MNDWI", "min_value": null, "max_value": null }, "geometry": { "type": "Polygon", "coordinates": [ [ [ -89.768145953681227, 13.91098030943672 ], [ -89.754671286056364, 13.91098030943672 ], [ -89.754671286056364, 13.897505641811854 ], [ -89.781620621306104, 13.897505641811851 ], [ -89.781620621306104, 13.924454977061588 ], [ -89.768145953681227, 13.924454977061584 ], [ -89.768145953681227, 13.91098030943672 ] ] ] } },
{ "type": "Feature", "properties": { "class_id": 1, "area_m2": 4349546.1188046047, "class_name": "Muy bajo", "index": "MNDWI", "min_value": null, "max_value": null }, "geometry": { "type": "Polygon", "coordinates": [ [ [ -89.943316632804468, 13.897505641811854 ], [ -89.95679130042933, 13.897505641811859 ], [ -89.95679130042933, 13.924454977061584 ], [ -89.943316632804468, 13.924454977061584 ], [ -89.943316632804468, 13.897505641811854 ] ] ] } },
{ "type": "Feature", "properties": { "class_id": 1, "area_m2": 2174270.5854919115, "class_name": "Muy bajo", "index": "MNDWI", "min_value": null, "max_value": null }, "geometry": { "type": "Polygon", "coordinates": [ [ [ -89.822044624180691, 13.91098030943672 ], [ -89.835519291805554, 13.91098030943672 ], [ -89.835519291805554, 13.924454977061579 ], [ -89.822044624180691, 13.924454977061577 ], [ -89.822044624180691, 13.91098030943672 ] ] ] } },
{ "type": "Feature", "properties": { "class_id": 1, "area_m2": 2174464.0415978832, "class_name": "Muy bajo", "index": "MNDWI", "min_value": null, "max_value": null }, "geometry": { "type": "Polygon", "coordinates": [ [ [ -89.875943294680141, 13.91098030943672 ], [ -89.889417962305018, 13.91098030943672 ], [ -89.889417962305018, 13.924454977061584 ], [ -89.875943294680141, 13.924454977061583 ], [ -89.875943294680141, 13.91098030943672 ] ] ] } },
{ "type": "Feature", "properties": { "class_id": 1, "area_m2": 2174388.7744139517, "class_name": "Muy bajo", "index": "MNDWI", "min_value": null, "max_value": null }, "geometry": { "type": "Polygon", "coordinates": [ [ [ -89.902892629929894, 13.937929644686447 ], [ -89.889417962305018, 13.93792964468645 ], [ -89.889417962305018, 13.924454977061584 ], [ -89.902892629929894, 13.924454977061583 ], [ -89.902892629929894, 13.937929644686447 ] ] ] } },
{ "type": "Feature", "properties": { "class_id": 1, "area_m2": 4351879.1744607724, "class_name": "Muy bajo", "index": "MNDWI", "min_value": null, "max_value": null }, "geometry": { "type": "Polygon", "coordinates": [ [ [ -89.458228598309319, 13.587588286439956 ], [ -89.471703265934181, 13.587588286439949 ], [ -89.471703265934181, 13.61453762168968 ], [ -89.458228598309319, 13.61453762168968 ], [ -89.458228598309319, 13.587588286439956 ] ] ] } },
{ "type": "Feature", "properties": { "class_id": 1, "area_m2": 2175963.2777501792, "class_name": "Muy bajo", "index": "MNDWI", "min_value": null, "max_value": null }, "geometry": { "type": "Polygon", "coordinates": [ [ [ -89.485177933559058, 13.601062954064819 ], [ -89.49865260118392, 13.601062954064815 ], [ -89.49865260118392, 13.614537621689681 ], [ -89.485177933559058, 13.61453762168968 ], [ -89.485177933559058, 13.601062954064819 ] ] ] } },
{ "type": "Feature", "properties": { "class_id": 1, "area_m2": 6527034.9940781808, "class_name": "Muy bajo", "index": "MNDWI", "min_value": null, "max_value": null }, "geometry": { "type": "Polygon", "coordinates": [ [ [ -89.485177933559058, 13.65496162456428 ], [ -89.471703265934181, 13.654961624564274 ], [ -89.471703265934181, 13.61453762168968 ], [ -89.485177933559058, 13.61453762168968 ], [ -89.485177933559058, 13.65496162456428 ] ] ] } },
{ "type": "Feature", "properties": { "class_id": 1, "area_m2": 2175106.0837537921, "class_name": "Muy bajo", "index": "MNDWI", "min_value": null, "max_value": null }, "geometry": { "type": "Polygon", "coordinates": [ [ [ -89.363905924935267, 13.65496162456428 ], [ -89.377380592560129, 13.65496162456428 ], [ -89.377380592560129, 13.668436292189144 ], [ -89.363905924935267, 13.668436292189137 ], [ -89.363905924935267, 13.65496162456428 ] ] ] } },
{ "type": "Feature", "properties": { "class_id": 1, "area_m2": 6527469.8780838046, "class_name": "Muy bajo", "index": "MNDWI", "min_value": null, "max_value": null }, "geometry": { "type": "Polygon", "coordinates": [ [ [ -89.592975274557972, 13.641486956939413 ], [ -89.606449942182834, 13.641486956939413 ], [ -89.606449942182834, 13.681910959814008 ], [ -89.592975274557972, 13.681910959814013 ], [ -89.592975274557972, 13.641486956939413 ] ] ] } },
{ "type": "Feature", "properties": { "class_id": 1, "area_m2": 30454853.542953655, "class_name": "Muy bajo", "index": "MNDWI", "min_value": null, "max_value": null }, "geometry": { "type": "Polygon", "coordinates": [ [ [ -89.485177933559058, 13.65496162456428 ], [ -89.512127268808783, 13.654961624564283 ], [ -89.512127268808783, 13.668436292189146 ], [ -89.49865260118392, 13.668436292189146 ], [ -89.49865260118392, 13.681910959814006 ], [ -89.444753930684456, 13.681910959814006 ], [ -89.444753930684456, 13.695385627438876 ], [ -89.431279263059594, 13.695385627438876 ], [ -89.431279263059594, 13.681910959814006 ], [ -89.417804595434731, 13.681910959814008 ], [ -89.417804595434731, 13.654961624564283 ], [ -89.444753930684456, 13.654961624564278 ], [ -89.444753930684456, 13.641486956939413 ], [ -89.458228598309319, 13.641486956939412 ], [ -89.458228598309319, 13.65496162456428 ], [ -89.471703265934181, 13.654961624564274 ], [ -89.471703265934181, 13.66843629218914 ], [ -89.485177933559058, 13.66843629218914 ], [ -89.485177933559058, 13.65496162456428 ] ] ] } },
{ "type": "Feature", "properties": { "class_id": 1, "area_m2": 2175024.775769806, "class_name": "Muy bajo", "index": "MNDWI", "min_value": null, "max_value": null }, "geometry": { "type": "Polygon", "coordinates": [ [ [ -89.377380592560129, 13.668436292189144 ], [ -89.390855260184992, 13.668436292189142 ], [ -89.390855260184992, 13.681910959814006 ], [ -89.377380592560129, 13.681910959814008 ], [ -89.377380592560129, 13.668436292189144 ] ] ] } },
{ "type": "Feature", "properties": { "class_id": 1, "area_m2": 2175835.0929380045, "class_name": "Muy bajo", "index": "MNDWI", "min_value": null, "max_value": null }, "geometry": { "type": "Polygon", "coordinates": [ [ [ -89.633399277432574, 13.668436292189146 ], [ -89.646873945057436, 13.66843629218914 ], [ -89.646873945057436, 13.681910959814006 ], [ -89.633399277432574, 13.681910959814006 ], [ -89.633399277432574, 13.668436292189146 ] ] ] } },
{ "type": "Feature", "properties": { "class_id": 1, "area_m2": 2175276.4199536578, "class_name": "Muy bajo", "index": "MNDWI", "min_value": null, "max_value": null }, "geometry": { "type": "Polygon", "coordinates": [ [ [ -89.49865260118392, 13.681910959814006 ], [ -89.512127268808783, 13.681910959814006 ], [ -89.512127268808783, 13.695385627438874 ], [ -89.49865260118392, 13.695385627438876 ], [ -89.49865260118392, 13.681910959814006 ] ] ] } },
{ "type": "Feature", "properties": { "class_id": 1, "area_m2": 2175668.4609163897, "class_name": "Muy bajo", "index": "MNDWI", "min_value": null, "max_value": null }, "geometry": { "type": "Polygon", "coordinates": [ [ [ -89.619924609807711, 13.68191095981401 ], [ -89.633399277432574, 13.681910959814006 ], [ -89.633399277432574, 13.695385627438874 ], [ -89.619924609807711, 13.695385627438876 ], [ -89.619924609807711, 13.68191095981401 ] ] ] } },
{ "type": "Feature", "properties": { "class_id": 1, "area_m2": 26084148.853545014, "class_name": "Muy bajo", "index": "MNDWI", "min_value": null, "max_value": null }, "geometry": { "type": "Polygon", "coordinates": [ [ [ -89.485177933559058, 13.870556306562122 ], [ -89.458228598309319, 13.870556306562127 ], [ -89.458228598309319, 13.857081638937263 ], [ -89.49865260118392, 13.857081638937258 ], [ -89.49865260118392, 13.843606971312392 ], [ -89.471703265934181, 13.843606971312388 ], [ -89.471703265934181, 13.830132303687524 ], [ -89.525601936433645, 13.830132303687522 ], [ -89.525601936433645, 13.857081638937258 ], [ -89.512127268808783, 13.857081638937261 ], [ -89.512127268808783, 13.88403097418699 ], [ -89.485177933559058, 13.884030974186983 ], [ -89.485177933559058, 13.870556306562122 ] ] ] } },
{ "type": "Feature", "properties": { "class_id": 1, "area_m2": 97841464.983975723, "class_name": "Muy bajo", "index": "MNDWI", "min_value": null, "max_value": null }, "geometry": { "type": "Polygon", "coordinates": [ [ [ -89.633399277432574, 13.803182968437797 ], [ -89.646873945057436, 13.803182968437797 ], [ -89.646873945057436, 13.843606971312393 ], [ -89.660348612682313, 13.84360697131239 ], [ -89.660348612682313, 13.830132303687524 ], [ -89.673823280307161, 13.830132303687522 ], [ -89.673823280307161, 13.803182968437797 ], [ -89.687297947932038, 13.803182968437797 ], [ -89.687297947932038, 13.83013230368752 ], [ -89.714247283181763, 13.830132303687526 ], [ -89.714247283181763, 13.870556306562127 ], [ -89.646873945057436, 13.870556306562124 ], [ -89.646873945057436, 13.857081638937258 ], [ -89.619924609807711, 13.857081638937258 ], [ -89.619924609807711, 13.870556306562122 ], [ -89.633399277432574, 13.870556306562124 ], [ -89.633399277432574, 13.897505641811854 ], [ -89.619924609807711, 13.897505641811854 ], [ -89.619924609807711, 13.910980309436722 ], [ -89.606449942182834, 13.91098030943672 ], [ -89.606449942182834, 13.870556306562124 ], [ -89.592975274557972, 13.870556306562127 ], [ -89.592975274557972, 13.88403097418699 ], [ -89.566025939308247, 13.88403097418699 ], [ -89.566025939308247, 13.870556306562127 ], [ -89.579500606933109, 13.870556306562124 ], [ -89.579500606933109, 13.84360697131239 ], [ -89.566025939308247, 13.84360697131239 ], [ -89.566025939308247, 13.803182968437801 ], [ -89.579500606933109, 13.803182968437797 ], [ -89.579500606933109, 13.816657636062665 ], [ -89.633399277432574, 13.816657636062663 ], [ -89.633399277432574, 13.803182968437797 ] ] ] } },
{ "type": "Feature", "properties": { "class_id": 1, "area_m2": 4347329.9560754802, "class_name": "Muy bajo", "index": "MNDWI", "min_value": null, "max_value": null }, "geometry": { "type": "Polygon", "coordinates": [ [ [ -89.552551271683384, 13.884030974186985 ], [ -89.525601936433645, 13.884030974186986 ], [ -89.525601936433645, 13.87055630656212 ], [ -89.552551271683384, 13.870556306562124 ], [ -89.552551271683384, 13.884030974186985 ] ] ] } },
{ "type": "Feature", "properties": { "class_id": 1, "area_m2": 4345917.3061699001, "class_name": "Muy bajo", "index": "MNDWI", "min_value": null, "max_value": null }, "geometry": { "type": "Polygon", "coordinates": [ [ [ -89.377380592560129, 13.897505641811852 ], [ -89.404329927809869, 13.897505641811854 ], [ -89.404329927809869, 13.910980309436722 ], [ -89.377380592560129, 13.91098030943672 ], [ -89.377380592560129, 13.897505641811852 ] ] ] } },
{ "type": "Feature", "properties": { "class_id": 1, "area_m2": 4347095.1182082472, "class_name": "Muy bajo", "index": "MNDWI", "min_value": null, "max_value": null }, "geometry": { "type": "Polygon", "coordinates": [ [ [ -89.566025939308247, 13.897505641811854 ], [ -89.592975274557972, 13.897505641811854 ], [ -89.592975274557972, 13.91098030943672 ], [ -89.566025939308247, 13.910980309436727 ], [ -89.566025939308247, 13.897505641811854 ] ] ] } },
{ "type": "Feature", "properties": { "class_id": 1, "area_m2": 4347717.7183252741, "class_name": "Muy bajo", "index": "MNDWI", "min_value": null, "max_value": null }, "geometry": { "type": "Polygon", "coordinates": [ [ [ -89.687297947932038, 13.91098030943672 ], [ -89.660348612682313, 13.910980309436722 ], [ -89.660348612682313, 13.897505641811851 ], [ -89.687297947932038, 13.897505641811852 ], [ -89.687297947932038, 13.91098030943672 ] ] ] } },
{ "type": "Feature", "properties": { "class_id": 1, "area_m2": 41287465.301809572, "class_name": "Muy bajo", "index": "MNDWI", "min_value": null, "max_value": null }, "geometry": { "type": "Polygon", "coordinates": [ [ [ -89.471703265934181, 13.937929644686449 ], [ -89.444753930684456, 13.93792964468645 ], [ -89.444753930684456, 13.951404312311315 ], [ -89.417804595434731, 13.951404312311315 ], [ -89.417804595434731, 13.897505641811852 ], [ -89.404329927809869, 13.897505641811854 ], [ -89.404329927809869, 13.88403097418699 ], [ -89.444753930684456, 13.884030974186985 ], [ -89.444753930684456, 13.897505641811849 ], [ -89.458228598309319, 13.897505641811854 ], [ -89.458228598309319, 13.884030974186993 ], [ -89.471703265934181, 13.88403097418699 ], [ -89.471703265934181, 13.897505641811852 ], [ -89.485177933559058, 13.897505641811851 ], [ -89.485177933559058, 13.91098030943672 ], [ -89.471703265934181, 13.91098030943672 ], [ -89.471703265934181, 13.937929644686449 ] ] ] } },
{ "type": "Feature", "properties": { "class_id": 1, "area_m2": 2173358.3744571614, "class_name": "Muy bajo", "index": "MNDWI", "min_value": null, "max_value": null }, "geometry": { "type": "Polygon", "coordinates": [ [ [ -89.552551271683384, 13.91098030943672 ], [ -89.566025939308247, 13.910980309436727 ], [ -89.566025939308247, 13.924454977061583 ], [ -89.552551271683384, 13.924454977061584 ], [ -89.552551271683384, 13.91098030943672 ] ] ] } },
{ "type": "Feature", "properties": { "class_id": 1, "area_m2": 2173489.3583392031, "class_name": "Muy bajo", "index": "MNDWI", "min_value": null, "max_value": null }, "geometry": { "type": "Polygon", "coordinates": [ [ [ -89.606449942182834, 13.924454977061584 ], [ -89.592975274557972, 13.924454977061581 ], [ -89.592975274557972, 13.91098030943672 ], [ -89.606449942182834, 13.91098030943672 ], [ -89.606449942182834, 13.924454977061584 ] ] ] } },
{ "type": "Feature", "properties": { "class_id": 1, "area_m2": 4345090.0113072619, "class_name": "Muy bajo", "index": "MNDWI", "min_value": null, "max_value": null }, "geometry": { "type": "Polygon", "coordinates": [ [ [ -89.390855260184992, 13.937929644686443 ], [ -89.404329927809869, 13.937929644686449 ], [ -89.404329927809869, 13.964878979936183 ], [ -89.390855260184992, 13.964878979936181 ], [ -89.390855260184992, 13.937929644686443 ] ] ] } },
{ "type": "Feature", "properties": { "class_id": 1, "area_m2": 2172158.8491888186, "class_name": "Muy bajo", "index": "MNDWI", "min_value": null, "max_value": null }, "geometry": { "type": "Polygon", "coordinates": [ [ [ -89.323481922060665, 13.964878979936181 ], [ -89.336956589685542, 13.964878979936183 ], [ -89.336956589685542, 13.978353647561043 ], [ -89.323481922060665, 13.97835364756105 ], [ -89.323481922060665, 13.964878979936181 ] ] ] } },
{ "type": "Feature", "properties": { "class_id": 1, "area_m2": 15181541.120307501, "class_name": "Muy bajo", "index": "MNDWI", "min_value": null, "max_value": null }, "geometry": { "type": "Polygon", "coordinates": [ [ [ -89.283057919186078, 14.301745670557811 ], [ -89.29653258681094, 14.301745670557812 ], [ -89.29653258681094, 14.315220338182677 ], [ -89.350431257310419, 14.315220338182673 ], [ -89.350431257310419, 14.328695005807539 ], [ -89.336956589685542, 14.328695005807539 ], [ -89.336956589685542, 14.342169673432409 ], [ -89.323481922060665, 14.342169673432409 ], [ -89.323481922060665, 14.328695005807541 ], [ -89.283057919186078, 14.328695005807541 ], [ -89.283057919186078, 14.301745670557811 ] ] ] } },
{ "type": "Feature", "properties": { "class_id": 1, "area_m2": 2168583.5887734457, "class_name": "Muy bajo", "index": "MNDWI", "min_value": null, "max_value": null }, "geometry": { "type": "Polygon", "coordinates": [ [ [ -89.350431257310419, 14.355644341057275 ], [ -89.363905924935267, 14.355644341057275 ], [ -89.363905924935267, 14.369119008682141 ], [ -89.350431257310419, 14.369119008682141 ], [ -89.350431257310419, 14.355644341057275 ] ] ] } },
{ "type": "Feature", "properties": { "class_id": 1, "area_m2": 2168535.5416246327, "class_name": "Muy bajo", "index": "MNDWI", "min_value": null, "max_value": null }, "geometry": { "type": "Polygon", "coordinates": [ [ [ -89.390855260184992, 14.369119008682144 ], [ -89.390855260184992, 14.382593676306998 ], [ -89.377380592560129, 14.382593676307 ], [ -89.377380592560129, 14.369119008682137 ], [ -89.390855260184992, 14.369119008682144 ] ] ] } },
{ "type": "Feature", "properties": { "class_id": 1, "area_m2": 41195372.451688319, "class_name": "Muy bajo", "index": "MNDWI", "min_value": null, "max_value": null }, "geometry": { "type": "Polygon", "coordinates": [ [ [ -89.323481922060665, 14.382593676306998 ], [ -89.323481922060665, 14.369119008682141 ], [ -89.336956589685542, 14.369119008682134 ], [ -89.336956589685542, 14.382593676307007 ], [ -89.377380592560129, 14.382593676307 ], [ -89.377380592560129, 14.423017679181607 ], [ -89.363905924935267, 14.423017679181607 ], [ -89.363905924935267, 14.409543011556734 ], [ -89.336956589685542, 14.409543011556734 ], [ -89.336956589685542, 14.4230176791816 ], [ -89.310007254435803, 14.423017679181603 ], [ -89.310007254435803, 14.396068343931857 ], [ -89.29653258681094, 14.396068343931869 ], [ -89.29653258681094, 14.409543011556734 ], [ -89.283057919186078, 14.409543011556739 ], [ -89.283057919186078, 14.369119008682137 ], [ -89.310007254435803, 14.369119008682137 ], [ -89.310007254435803, 14.382593676306998 ], [ -89.323481922060665, 14.382593676306998 ] ] ] } },
{ "type": "Feature", "properties": { "class_id": 1, "area_m2": 6505200.3417529156, "class_name": "Muy bajo", "index": "MNDWI", "min_value": null, "max_value": null }, "geometry": { "type": "Polygon", "coordinates": [ [ [ -89.417804595434731, 14.409543011556739 ], [ -89.390855260184992, 14.409543011556739 ], [ -89.390855260184992, 14.382593676306998 ], [ -89.404329927809869, 14.382593676307 ], [ -89.404329927809869, 14.396068343931869 ], [ -89.417804595434731, 14.396068343931869 ], [ -89.417804595434731, 14.409543011556739 ] ] ] } },
{ "type": "Feature", "properties": { "class_id": 1, "area_m2": 6504050.6280134106, "class_name": "Muy bajo", "index": "MNDWI", "min_value": null, "max_value": null }, "geometry": { "type": "Polygon", "coordinates": [ [ [ -89.390855260184992, 14.4230176791816 ], [ -89.417804595434731, 14.4230176791816 ], [ -89.417804595434731, 14.436492346806457 ], [ -89.404329927809869, 14.436492346806457 ], [ -89.404329927809869, 14.44996701443133 ], [ -89.390855260184992, 14.44996701443133 ], [ -89.390855260184992, 14.4230176791816 ] ] ] } },
{ "type": "Feature", "properties": { "class_id": 1, "area_m2": 4352950.3328903206, "class_name": "Muy bajo", "index": "MNDWI", "min_value": null, "max_value": null }, "geometry": { "type": "Polygon", "coordinates": [ [ [ -88.865343222815255, 13.345044269192378 ], [ -88.878817890440118, 13.345044269192382 ], [ -88.878817890440118, 13.37199360444211 ], [ -88.865343222815255, 13.371993604442109 ], [ -88.865343222815255, 13.345044269192378 ] ] ] } },
{ "type": "Feature", "properties": { "class_id": 1, "area_m2": 6526802.8884308469, "class_name": "Muy bajo", "index": "MNDWI", "min_value": null, "max_value": null }, "geometry": { "type": "Polygon", "coordinates": [ [ [ -89.256108583936339, 13.587588286439951 ], [ -89.242633916311476, 13.587588286439953 ], [ -89.242633916311476, 13.547164283565353 ], [ -89.256108583936339, 13.547164283565353 ], [ -89.256108583936339, 13.587588286439951 ] ] ] } },
{ "type": "Feature", "properties": { "class_id": 1, "area_m2": 2175194.1380310594, "class_name": "Muy bajo", "index": "MNDWI", "min_value": null, "max_value": null }, "geometry": { "type": "Polygon", "coordinates": [ [ [ -89.269583251561215, 13.614537621689678 ], [ -89.283057919186078, 13.614537621689681 ], [ -89.283057919186078, 13.628012289314549 ], [ -89.269583251561215, 13.628012289314549 ], [ -89.269583251561215, 13.614537621689678 ] ] ] } },
{ "type": "Feature", "properties": { "class_id": 1, "area_m2": 8698865.7469336204, "class_name": "Muy bajo", "index": "MNDWI", "min_value": null, "max_value": null }, "geometry": { "type": "Polygon", "coordinates": [ [ [ -89.229159248686628, 13.641486956939412 ], [ -89.242633916311476, 13.641486956939412 ], [ -89.242633916311476, 13.668436292189142 ], [ -89.256108583936339, 13.66843629218914 ], [ -89.256108583936339, 13.68191095981401 ], [ -89.229159248686628, 13.681910959814006 ], [ -89.229159248686628, 13.641486956939412 ] ] ] } },
{ "type": "Feature", "properties": { "class_id": 1, "area_m2": 2173826.1992608388, "class_name": "Muy bajo", "index": "MNDWI", "min_value": null, "max_value": null }, "geometry": { "type": "Polygon", "coordinates": [ [ [ -89.000089899063909, 13.695385627438876 ], [ -88.986615231439046, 13.695385627438872 ], [ -88.986615231439046, 13.68191095981401 ], [ -89.000089899063909, 13.681910959814006 ], [ -89.000089899063909, 13.695385627438876 ] ] ] } },
{ "type": "Feature", "properties": { "class_id": 1, "area_m2": 2173876.3450294407, "class_name": "Muy bajo", "index": "MNDWI", "min_value": null, "max_value": null }, "geometry": { "type": "Polygon", "coordinates": [ [ [ -89.053988569563359, 13.695385627438879 ], [ -89.067463237188235, 13.695385627438874 ], [ -89.067463237188235, 13.70886029506374 ], [ -89.053988569563359, 13.70886029506374 ], [ -89.053988569563359, 13.695385627438879 ] ] ] } },
{ "type": "Feature", "properties": { "class_id": 1, "area_m2": 17392242.978254486, "class_name": "Muy bajo", "index": "MNDWI", "min_value": null, "max_value": null }, "geometry": { "type": "Polygon", "coordinates": [ [ [ -89.283057919186078, 13.74928429793834 ], [ -89.269583251561215, 13.749284297938337 ], [ -89.269583251561215, 13.776233633188063 ], [ -89.256108583936339, 13.776233633188063 ], [ -89.256108583936339, 13.749284297938337 ], [ -89.242633916311476, 13.749284297938337 ], [ -89.242633916311476, 13.722334962688599 ], [ -89.283057919186078, 13.722334962688603 ], [ -89.283057919186078, 13.74928429793834 ] ] ] } },
{ "type": "Feature", "properties": { "class_id": 1, "area_m2": 4346848.6246385733, "class_name": "Muy bajo", "index": "MNDWI", "min_value": null, "max_value": null }, "geometry": { "type": "Polygon", "coordinates": [ [ [ -89.269583251561215, 13.803182968437794 ], [ -89.283057919186078, 13.803182968437797 ], [ -89.283057919186078, 13.830132303687522 ], [ -89.269583251561215, 13.83013230368752 ], [ -89.269583251561215, 13.803182968437794 ] ] ] } },
{ "type": "Feature", "properties": { "class_id": 1, "area_m2": 4346595.9882693356, "class_name": "Muy bajo", "index": "MNDWI", "min_value": null, "max_value": null }, "geometry": { "type": "Polygon", "coordinates": [ [ [ -89.310007254435803, 13.843606971312393 ], [ -89.283057919186078, 13.843606971312386 ], [ -89.283057919186078, 13.830132303687522 ], [ -89.310007254435803, 13.830132303687522 ], [ -89.310007254435803, 13.843606971312393 ] ] ] } },
{ "type": "Feature", "properties": { "class_id": 1, "area_m2": 2172248.1559024337, "class_name": "Muy bajo", "index": "MNDWI", "min_value": null, "max_value": null }, "geometry": { "type": "Polygon", "coordinates": [ [ [ -89.040513901938496, 13.870556306562118 ], [ -89.053988569563359, 13.870556306562122 ], [ -89.053988569563359, 13.884030974186988 ], [ -89.040513901938496, 13.884030974186985 ], [ -89.040513901938496, 13.870556306562118 ] ] ] } },
{ "type": "Feature", "properties": { "class_id": 1, "area_m2": 6516987.0498817125, "class_name": "Muy bajo", "index": "MNDWI", "min_value": null, "max_value": null }, "geometry": { "type": "Polygon", "coordinates": [ [ [ -89.269583251561215, 13.924454977061583 ], [ -89.283057919186078, 13.924454977061583 ], [ -89.283057919186078, 13.937929644686452 ], [ -89.29653258681094, 13.937929644686445 ], [ -89.29653258681094, 13.951404312311309 ], [ -89.269583251561215, 13.951404312311308 ], [ -89.269583251561215, 13.924454977061583 ] ] ] } },
{ "type": "Feature", "properties": { "class_id": 1, "area_m2": 2170393.2587160268, "class_name": "Muy bajo", "index": "MNDWI", "min_value": null, "max_value": null }, "geometry": { "type": "Polygon", "coordinates": [ [ [ -88.905767225689843, 14.045726985685365 ], [ -88.89229255806498, 14.045726985685366 ], [ -88.89229255806498, 14.032252318060502 ], [ -88.905767225689843, 14.032252318060507 ], [ -88.905767225689843, 14.045726985685365 ] ] ] } },
{ "type": "Feature", "properties": { "class_id": 1, "area_m2": 34730582.270231076, "class_name": "Muy bajo", "index": "MNDWI", "min_value": null, "max_value": null }, "geometry": { "type": "Polygon", "coordinates": [ [ [ -89.121361907687685, 14.072676320935102 ], [ -89.080937904813098, 14.072676320935102 ], [ -89.080937904813098, 14.086150988559965 ], [ -89.067463237188235, 14.086150988559968 ], [ -89.067463237188235, 14.072676320935102 ], [ -89.053988569563359, 14.072676320935102 ], [ -89.053988569563359, 14.032252318060506 ], [ -89.121361907687685, 14.032252318060506 ], [ -89.121361907687685, 14.072676320935102 ] ] ] } },
{ "type": "Feature", "properties": { "class_id": 1, "area_m2": 2169403.8298532707, "class_name": "Muy bajo", "index": "MNDWI", "min_value": null, "max_value": null }, "geometry": { "type": "Polygon", "coordinates": [ [ [ -89.000089899063909, 14.166998994309159 ], [ -89.013564566688771, 14.166998994309155 ], [ -89.013564566688771, 14.180473661934025 ], [ -89.000089899063909, 14.180473661934027 ], [ -89.000089899063909, 14.166998994309159 ] ] ] } },
{ "type": "Feature", "properties": { "class_id": 1, "area_m2": 6507556.7551895175, "class_name": "Muy bajo", "index": "MNDWI", "min_value": null, "max_value": null }, "geometry": { "type": "Polygon", "coordinates": [ [ [ -89.027039234313634, 14.22089766480862 ], [ -89.013564566688771, 14.220897664808616 ], [ -89.013564566688771, 14.180473661934025 ], [ -89.027039234313634, 14.180473661934025 ], [ -89.027039234313634, 14.22089766480862 ] ] ] } },
{ "type": "Feature", "properties": { "class_id": 1, "area_m2": 2169358.7359002377, "class_name": "Muy bajo", "index": "MNDWI", "min_value": null, "max_value": null }, "geometry": { "type": "Polygon", "coordinates": [ [ [ -89.080937904813098, 14.193948329558884 ], [ -89.09441257243796, 14.193948329558884 ], [ -89.09441257243796, 14.207422997183752 ], [ -89.080937904813098, 14.20742299718375 ], [ -89.080937904813098, 14.193948329558884 ] ] ] } },
{ "type": "Feature", "properties": { "class_id": 1, "area_m2": 2169321.2204095908, "class_name": "Muy bajo", "index": "MNDWI", "min_value": null, "max_value": null }, "geometry": { "type": "Polygon", "coordinates": [ [ [ -89.161785910562287, 14.220897664808616 ], [ -89.175260578187149, 14.220897664808618 ], [ -89.175260578187149, 14.234372332433489 ], [ -89.161785910562287, 14.234372332433486 ], [ -89.161785910562287, 14.220897664808616 ] ] ] } },
{ "type": "Feature", "properties": { "class_id": 1, "area_m2": 4338826.6191840665, "class_name": "Muy bajo", "index": "MNDWI", "min_value": null, "max_value": null }, "geometry": { "type": "Polygon", "coordinates": [ [ [ -89.215684581061751, 14.234372332433486 ], [ -89.188735245812012, 14.234372332433486 ], [ -89.188735245812012, 14.220897664808621 ], [ -89.215684581061751, 14.220897664808618 ], [ -89.215684581061751, 14.234372332433486 ] ] ] } },
{ "type": "Feature", "properties": { "class_id": 1, "area_m2": 2168612.5984621136, "class_name": "Muy bajo", "index": "MNDWI", "min_value": null, "max_value": null }, "geometry": { "type": "Polygon", "coordinates": [ [ [ -88.986615231439046, 14.247847000058348 ], [ -89.000089899063909, 14.247847000058352 ], [ -89.000089899063909, 14.261321667683218 ], [ -88.986615231439046, 14.261321667683214 ], [ -88.986615231439046, 14.247847000058348 ] ] ] } },
{ "type": "Feature", "properties": { "class_id": 1, "area_m2": 8673978.4964304082, "class_name": "Muy bajo", "index": "MNDWI", "min_value": null, "max_value": null }, "geometry": { "type": "Polygon", "coordinates": [ [ [ -89.053988569563359, 14.274796335308082 ], [ -89.040513901938496, 14.274796335308078 ], [ -89.040513901938496, 14.288271002932946 ], [ -89.027039234313634, 14.28827100293295 ], [ -89.027039234313634, 14.274796335308078 ], [ -89.013564566688771, 14.274796335308082 ], [ -89.013564566688771, 14.261321667683214 ], [ -89.053988569563359, 14.261321667683214 ], [ -89.053988569563359, 14.274796335308082 ] ] ] } },
{ "type": "Feature", "properties": { "class_id": 1, "area_m2": 91084283.00474003, "class_name": "Muy bajo", "index": "MNDWI", "min_value": null, "max_value": null }, "geometry": { "type": "Polygon", "coordinates": [ [ [ -89.134836575312562, 14.22089766480862 ], [ -89.148311242937424, 14.220897664808621 ], [ -89.148311242937424, 14.234372332433486 ], [ -89.134836575312562, 14.234372332433486 ], [ -89.134836575312562, 14.247847000058348 ], [ -89.148311242937424, 14.247847000058357 ], [ -89.148311242937424, 14.301745670557821 ], [ -89.134836575312562, 14.301745670557816 ], [ -89.134836575312562, 14.342169673432405 ], [ -89.121361907687685, 14.342169673432402 ], [ -89.121361907687685, 14.328695005807536 ], [ -89.107887240062837, 14.328695005807539 ], [ -89.107887240062837, 14.342169673432409 ], [ -89.080937904813098, 14.342169673432409 ], [ -89.080937904813098, 14.328695005807541 ], [ -89.067463237188235, 14.328695005807532 ], [ -89.067463237188235, 14.261321667683212 ], [ -89.053988569563359, 14.261321667683214 ], [ -89.053988569563359, 14.247847000058352 ], [ -89.067463237188235, 14.247847000058353 ], [ -89.067463237188235, 14.234372332433489 ], [ -89.080937904813098, 14.234372332433489 ], [ -89.080937904813098, 14.247847000058348 ], [ -89.09441257243796, 14.24784700005835 ], [ -89.09441257243796, 14.234372332433482 ], [ -89.121361907687685, 14.234372332433486 ], [ -89.121361907687685, 14.207422997183752 ], [ -89.134836575312562, 14.207422997183752 ], [ -89.134836575312562, 14.22089766480862 ] ], [ [ -89.09441257243796, 14.328695005807541 ], [ -89.09441257243796, 14.301745670557809 ], [ -89.080937904813098, 14.301745670557811 ], [ -89.080937904813098, 14.328695005807541 ], [ -89.09441257243796, 14.328695005807541 ] ], [ [ -89.107887240062837, 14.27479633530808 ], [ -89.107887240062837, 14.288271002932944 ], [ -89.121361907687685, 14.28827100293295 ], [ -89.121361907687685, 14.274796335308082 ], [ -89.107887240062837, 14.27479633530808 ] ] ] } },
{ "type": "Feature", "properties": { "class_id": 1, "area_m2": 2168433.1633456037, "class_name": "Muy bajo", "index": "MNDWI", "min_value": null, "max_value": null }, "geometry": { "type": "Polygon", "coordinates": [ [ [ -89.161785910562287, 14.315220338182677 ], [ -89.175260578187149, 14.315220338182671 ], [ -89.175260578187149, 14.328695005807541 ], [ -89.161785910562287, 14.328695005807536 ], [ -89.161785910562287, 14.315220338182677 ] ] ] } },
{ "type": "Feature", "properties": { "class_id": 1, "area_m2": 2168618.4266925347, "class_name": "Muy bajo", "index": "MNDWI", "min_value": null, "max_value": null }, "geometry": { "type": "Polygon", "coordinates": [ [ [ -89.229159248686628, 14.315220338182669 ], [ -89.242633916311476, 14.315220338182677 ], [ -89.242633916311476, 14.328695005807536 ], [ -89.229159248686628, 14.328695005807539 ], [ -89.229159248686628, 14.315220338182669 ] ] ] } },
{ "type": "Feature", "properties": { "class_id": 1, "area_m2": 2168342.4179960345, "class_name": "Muy bajo", "index": "MNDWI", "min_value": null, "max_value": null }, "geometry": { "type": "Polygon", "coordinates": [ [ [ -89.175260578187149, 14.328695005807541 ], [ -89.188735245812012, 14.328695005807536 ], [ -89.188735245812012, 14.342169673432402 ], [ -89.175260578187149, 14.342169673432402 ], [ -89.175260578187149, 14.328695005807541 ] ] ] } },
{ "type": "Feature", "properties": { "class_id": 1, "area_m2": 2168604.9252581466, "class_name": "Muy bajo", "index": "MNDWI", "min_value": null, "max_value": null }, "geometry": { "type": "Polygon", "coordinates": [ [ [ -89.283057919186078, 14.342169673432405 ], [ -89.269583251561215, 14.342169673432405 ], [ -89.269583251561215, 14.328695005807536 ], [ -89.283057919186078, 14.328695005807541 ], [ -89.283057919186078, 14.342169673432405 ] ] ] } },
{ "type": "Feature", "properties": { "class_id": 1, "area_m2": 2168142.0157682379, "class_name": "Muy bajo", "index": "MNDWI", "min_value": null, "max_value": null }, "geometry": { "type": "Polygon", "coordinates": [ [ [ -89.148311242937424, 14.342169673432409 ], [ -89.161785910562287, 14.342169673432409 ], [ -89.161785910562287, 14.355644341057275 ], [ -89.148311242937424, 14.355644341057268 ], [ -89.148311242937424, 14.342169673432409 ] ] ] } },
{ "type": "Feature", "properties": { "class_id": 1, "area_m2": 6505663.7852134705, "class_name": "Muy bajo", "index": "MNDWI", "min_value": null, "max_value": null }, "geometry": { "type": "Polygon", "coordinates": [ [ [ -89.283057919186078, 14.342169673432405 ], [ -89.323481922060665, 14.342169673432409 ], [ -89.323481922060665, 14.355644341057275 ], [ -89.283057919186078, 14.355644341057275 ], [ -89.283057919186078, 14.342169673432405 ] ] ] } },
{ "type": "Feature", "properties": { "class_id": 1, "area_m2": 2177267.5601180214, "class_name": "Muy bajo", "index": "MNDWI", "min_value": null, "max_value": null }, "geometry": { "type": "Polygon", "coordinates": [ [ [ -88.838393887565516, 13.264196263443186 ], [ -88.824919219940654, 13.264196263443189 ], [ -88.824919219940654, 13.250721595818321 ], [ -88.838393887565516, 13.250721595818318 ], [ -88.838393887565516, 13.264196263443186 ] ] ] } },
{ "type": "Feature", "properties": { "class_id": 1, "area_m2": 2176939.0876278514, "class_name": "Muy bajo", "index": "MNDWI", "min_value": null, "max_value": null }, "geometry": { "type": "Polygon", "coordinates": [ [ [ -88.784495217066066, 13.277670931068055 ], [ -88.797969884690929, 13.277670931068055 ], [ -88.797969884690929, 13.291145598692918 ], [ -88.784495217066066, 13.291145598692918 ], [ -88.784495217066066, 13.277670931068055 ] ] ] } },
{ "type": "Feature", "properties": { "class_id": 1, "area_m2": 10877489.825803017, "class_name": "Muy bajo", "index": "MNDWI", "min_value": null, "max_value": null }, "geometry": { "type": "Polygon", "coordinates": [ [ [ -88.17813517394714, 13.304620266317782 ], [ -88.218559176821714, 13.304620266317785 ], [ -88.218559176821714, 13.318094933942648 ], [ -88.205084509196851, 13.318094933942641 ], [ -88.205084509196851, 13.331569601567514 ], [ -88.17813517394714, 13.33156960156751 ], [ -88.17813517394714, 13.304620266317782 ] ] ] } },
{ "type": "Feature", "properties": { "class_id": 1, "area_m2": 4351214.2087675221, "class_name": "Muy bajo", "index": "MNDWI", "min_value": null, "max_value": null }, "geometry": { "type": "Polygon", "coordinates": [ [ [ -88.258983179696315, 13.331569601567514 ], [ -88.245508512071453, 13.331569601567507 ], [ -88.245508512071453, 13.304620266317784 ], [ -88.258983179696315, 13.304620266317782 ], [ -88.258983179696315, 13.331569601567514 ] ] ] } },
{ "type": "Feature", "properties": { "class_id": 1, "area_m2": 2175505.8846196914, "class_name": "Muy bajo", "index": "MNDWI", "min_value": null, "max_value": null }, "geometry": { "type": "Polygon", "coordinates": [ [ [ -88.218559176821714, 13.318094933942648 ], [ -88.23203384444659, 13.318094933942648 ], [ -88.23203384444659, 13.331569601567512 ], [ -88.218559176821714, 13.331569601567509 ], [ -88.218559176821714, 13.318094933942648 ] ] ] } },
{ "type": "Feature", "properties": { "class_id": 1, "area_m2": 2174999.838106195, "class_name": "Muy bajo", "index": "MNDWI", "min_value": null, "max_value": null }, "geometry": { "type": "Polygon", "coordinates": [ [ [ -88.02991383007361, 13.345044269192382 ], [ -88.043388497698473, 13.345044269192378 ], [ -88.043388497698473, 13.358518936817244 ], [ -88.02991383007361, 13.358518936817244 ], [ -88.02991383007361, 13.345044269192382 ] ] ] } },
{ "type": "Feature", "properties": { "class_id": 1, "area_m2": 2174299.319029565, "class_name": "Muy bajo", "index": "MNDWI", "min_value": null, "max_value": null }, "geometry": { "type": "Polygon", "coordinates": [ [ [ -87.719996474701702, 13.385468272066971 ], [ -87.733471142326565, 13.385468272066975 ], [ -87.733471142326565, 13.398942939691839 ], [ -87.719996474701702, 13.398942939691837 ], [ -87.719996474701702, 13.385468272066971 ] ] ] } },
{ "type": "Feature", "properties": { "class_id": 1, "area_m2": 21728045.986795288, "class_name": "Muy bajo", "index": "MNDWI", "min_value": null, "max_value": null }, "geometry": { "type": "Polygon", "coordinates": [ [ [ -88.137711171072525, 13.641486956939415 ], [ -88.1107618358228, 13.641486956939415 ], [ -88.1107618358228, 13.628012289314553 ], [ -88.124236503447662, 13.628012289314546 ], [ -88.124236503447662, 13.601062954064822 ], [ -88.151185838697387, 13.601062954064819 ], [ -88.151185838697387, 13.614537621689683 ], [ -88.164660506322264, 13.614537621689685 ], [ -88.164660506322264, 13.601062954064819 ], [ -88.191609841571989, 13.601062954064815 ], [ -88.191609841571989, 13.614537621689683 ], [ -88.17813517394714, 13.614537621689685 ], [ -88.17813517394714, 13.628012289314547 ], [ -88.137711171072525, 13.628012289314547 ], [ -88.137711171072525, 13.641486956939415 ] ] ] } },
{ "type": "Feature", "properties": { "class_id": 1, "area_m2": 2171602.5279100495, "class_name": "Muy bajo", "index": "MNDWI", "min_value": null, "max_value": null }, "geometry": { "type": "Polygon", "coordinates": [ [ [ -87.787369812826029, 13.695385627438869 ], [ -87.800844480450891, 13.695385627438874 ], [ -87.800844480450891, 13.708860295063738 ], [ -87.787369812826029, 13.70886029506374 ], [ -87.787369812826029, 13.695385627438869 ] ] ] } },
{ "type": "Feature", "properties": { "class_id": 1, "area_m2": 4345096.1875749044, "class_name": "Muy bajo", "index": "MNDWI", "min_value": null, "max_value": null }, "geometry": { "type": "Polygon", "coordinates": [ [ [ -88.447628526444433, 13.695385627438876 ], [ -88.474577861694158, 13.695385627438876 ], [ -88.474577861694158, 13.708860295063738 ], [ -88.447628526444433, 13.70886029506374 ], [ -88.447628526444433, 13.695385627438876 ] ] ] } },
{ "type": "Feature", "properties": { "class_id": 1, "area_m2": 4345003.4926740704, "class_name": "Muy bajo", "index": "MNDWI", "min_value": null, "max_value": null }, "geometry": { "type": "Polygon", "coordinates": [ [ [ -88.51500186456876, 13.722334962688606 ], [ -88.48805252931902, 13.722334962688603 ], [ -88.48805252931902, 13.70886029506374 ], [ -88.51500186456876, 13.70886029506374 ], [ -88.51500186456876, 13.722334962688606 ] ] ] } },
{ "type": "Feature", "properties": { "class_id": 1, "area_m2": 2173011.4641344692, "class_name": "Muy bajo", "index": "MNDWI", "min_value": null, "max_value": null }, "geometry": { "type": "Polygon", "coordinates": [ [ [ -88.744071214191464, 13.708860295063744 ], [ -88.757545881816327, 13.70886029506374 ], [ -88.757545881816327, 13.722334962688606 ], [ -88.744071214191464, 13.722334962688608 ], [ -88.744071214191464, 13.708860295063744 ] ] ] } },
{ "type": "Feature", "properties": { "class_id": 1, "area_m2": 2172296.4436258613, "class_name": "Muy bajo", "index": "MNDWI", "min_value": null, "max_value": null }, "geometry": { "type": "Polygon", "coordinates": [ [ [ -88.51500186456876, 13.735809630313467 ], [ -88.528476532193622, 13.735809630313472 ], [ -88.528476532193622, 13.749284297938337 ], [ -88.51500186456876, 13.749284297938337 ], [ -88.51500186456876, 13.735809630313467 ] ] ] } },
{ "type": "Feature", "properties": { "class_id": 1, "area_m2": 4343447.4864142891, "class_name": "Muy bajo", "index": "MNDWI", "min_value": null, "max_value": null }, "geometry": { "type": "Polygon", "coordinates": [ [ [ -88.23203384444659, 13.735809630313472 ], [ -88.23203384444659, 13.762758965563199 ], [ -88.218559176821714, 13.762758965563197 ], [ -88.218559176821714, 13.735809630313472 ], [ -88.23203384444659, 13.735809630313472 ] ] ] } },
{ "type": "Feature", "properties": { "class_id": 1, "area_m2": 6514499.6843334045, "class_name": "Muy bajo", "index": "MNDWI", "min_value": null, "max_value": null }, "geometry": { "type": "Polygon", "coordinates": [ [ [ -88.17813517394714, 13.776233633188067 ], [ -88.17813517394714, 13.762758965563199 ], [ -88.218559176821714, 13.762758965563197 ], [ -88.218559176821714, 13.776233633188067 ], [ -88.17813517394714, 13.776233633188067 ] ] ] } },
{ "type": "Feature", "properties": { "class_id": 1, "area_m2": 2171625.5570473182, "class_name": "Muy bajo", "index": "MNDWI", "min_value": null, "max_value": null }, "geometry": { "type": "Polygon", "coordinates": [ [ [ -88.272457847321178, 13.762758965563203 ], [ -88.28593251494604, 13.762758965563203 ], [ -88.28593251494604, 13.77623363318807 ], [ -88.272457847321178, 13.776233633188063 ], [ -88.272457847321178, 13.762758965563203 ] ] ] } },
{ "type": "Feature", "properties": { "class_id": 1, "area_m2": 2170888.6922172327, "class_name": "Muy bajo", "index": "MNDWI", "min_value": null, "max_value": null }, "geometry": { "type": "Polygon", "coordinates": [ [ [ -88.016439162448734, 13.803182968437794 ], [ -88.02991383007361, 13.803182968437797 ], [ -88.02991383007361, 13.816657636062663 ], [ -88.016439162448734, 13.81665763606266 ], [ -88.016439162448734, 13.803182968437794 ] ] ] } },
{ "type": "Feature", "properties": { "class_id": 1, "area_m2": 13020874.121614398, "class_name": "Muy bajo", "index": "MNDWI", "min_value": null, "max_value": null }, "geometry": { "type": "Polygon", "coordinates": [ [ [ -87.881692486200095, 13.884030974186986 ], [ -87.841268483325493, 13.88403097418699 ], [ -87.841268483325493, 13.85708163893726 ], [ -87.881692486200095, 13.857081638937261 ], [ -87.881692486200095, 13.884030974186986 ] ] ] } },
{ "type": "Feature", "properties": { "class_id": 1, "area_m2": 17362379.038567033, "class_name": "Muy bajo", "index": "MNDWI", "min_value": null, "max_value": null }, "geometry": { "type": "Polygon", "coordinates": [ [ [ -88.043388497698473, 13.85708163893726 ], [ -88.1107618358228, 13.857081638937261 ], [ -88.1107618358228, 13.897505641811856 ], [ -88.097287168197937, 13.897505641811851 ], [ -88.097287168197937, 13.884030974186981 ], [ -88.08381250057306, 13.88403097418699 ], [ -88.08381250057306, 13.870556306562124 ], [ -88.043388497698473, 13.870556306562127 ], [ -88.043388497698473, 13.85708163893726 ] ] ] } },
{ "type": "Feature", "properties": { "class_id": 1, "area_m2": 2170205.0555813122, "class_name": "Muy bajo", "index": "MNDWI", "min_value": null, "max_value": null }, "geometry": { "type": "Polygon", "coordinates": [ [ [ -88.05686316532335, 13.88403097418699 ], [ -88.070337832948198, 13.884030974186986 ], [ -88.070337832948198, 13.897505641811852 ], [ -88.05686316532335, 13.897505641811859 ], [ -88.05686316532335, 13.88403097418699 ] ] ] } },
{ "type": "Feature", "properties": { "class_id": 1, "area_m2": 4339858.1511862101, "class_name": "Muy bajo", "index": "MNDWI", "min_value": null, "max_value": null }, "geometry": { "type": "Polygon", "coordinates": [ [ [ -87.881692486200095, 13.884030974186986 ], [ -87.895167153824957, 13.884030974186983 ], [ -87.895167153824957, 13.91098030943672 ], [ -87.881692486200095, 13.91098030943672 ], [ -87.881692486200095, 13.884030974186986 ] ] ] } },
{ "type": "Feature", "properties": { "class_id": 1, "area_m2": 13018341.516948169, "class_name": "Muy bajo", "index": "MNDWI", "min_value": null, "max_value": null }, "geometry": { "type": "Polygon", "coordinates": [ [ [ -87.814319148075768, 13.884030974186981 ], [ -87.82779381570063, 13.884030974186981 ], [ -87.82779381570063, 13.937929644686443 ], [ -87.814319148075768, 13.937929644686449 ], [ -87.814319148075768, 13.924454977061581 ], [ -87.800844480450891, 13.924454977061584 ], [ -87.800844480450891, 13.897505641811852 ], [ -87.814319148075768, 13.897505641811854 ], [ -87.814319148075768, 13.884030974186981 ] ] ] } },
{ "type": "Feature", "properties": { "class_id": 1, "area_m2": 2170640.3087320104, "class_name": "Muy bajo", "index": "MNDWI", "min_value": null, "max_value": null }, "geometry": { "type": "Polygon", "coordinates": [ [ [ -88.838393887565516, 13.991828315185906 ], [ -88.851868555190393, 13.991828315185909 ], [ -88.851868555190393, 14.005302982810777 ], [ -88.838393887565516, 14.005302982810774 ], [ -88.838393887565516, 13.991828315185906 ] ] ] } },
{ "type": "Feature", "properties": { "class_id": 1, "area_m2": 2170393.147509099, "class_name": "Muy bajo", "index": "MNDWI", "min_value": null, "max_value": null }, "geometry": { "type": "Polygon", "coordinates": [ [ [ -88.784495217066066, 14.005302982810772 ], [ -88.797969884690929, 14.005302982810775 ], [ -88.797969884690929, 14.018777650435641 ], [ -88.784495217066066, 14.018777650435645 ], [ -88.784495217066066, 14.005302982810772 ] ] ] } },
{ "type": "Feature", "properties": { "class_id": 2, "area_m2": 2176876.5336643197, "class_name": "Bajo", "index": "MNDWI", "min_value": null, "max_value": null }, "geometry": { "type": "Polygon", "coordinates": [ [ [ -89.808569956555814, 13.614537621689685 ], [ -89.808569956555814, 13.628012289314542 ], [ -89.795095288930952, 13.628012289314546 ], [ -89.795095288930952, 13.614537621689676 ], [ -89.808569956555814, 13.614537621689685 ] ] ] } },
{ "type": "Feature", "properties": { "class_id": 2, "area_m2": 8707865.4558382034, "class_name": "Bajo", "index": "MNDWI", "min_value": null, "max_value": null }, "geometry": { "type": "Polygon", "coordinates": [ [ [ -89.822044624180691, 13.641486956939415 ], [ -89.822044624180691, 13.61453762168968 ], [ -89.808569956555814, 13.614537621689685 ], [ -89.808569956555814, 13.601062954064819 ], [ -89.835519291805554, 13.601062954064819 ], [ -89.835519291805554, 13.641486956939413 ], [ -89.822044624180691, 13.641486956939415 ] ] ] } },
{ "type": "Feature", "properties": { "class_id": 2, "area_m2": 2177117.5460117417, "class_name": "Bajo", "index": "MNDWI", "min_value": null, "max_value": null }, "geometry": { "type": "Polygon", "coordinates": [ [ [ -89.875943294680141, 13.628012289314549 ], [ -89.862468627055279, 13.628012289314549 ], [ -89.862468627055279, 13.614537621689678 ], [ -89.875943294680141, 13.61453762168968 ], [ -89.875943294680141, 13.628012289314549 ] ] ] } },
{ "type": "Feature", "properties": { "class_id": 2, "area_m2": 2176681.0522006592, "class_name": "Bajo", "index": "MNDWI", "min_value": null, "max_value": null }, "geometry": { "type": "Polygon", "coordinates": [ [ [ -89.822044624180691, 13.654961624564278 ], [ -89.808569956555814, 13.654961624564276 ], [ -89.808569956555814, 13.641486956939412 ], [ -89.822044624180691, 13.641486956939415 ], [ -89.822044624180691, 13.654961624564278 ] ] ] } },
{ "type": "Feature", "properties": { "class_id": 2, "area_m2": 6529312.4998435322, "class_name": "Bajo", "index": "MNDWI", "min_value": null, "max_value": null }, "geometry": { "type": "Polygon", "coordinates": [ [ [ -89.835519291805554, 13.681910959814006 ], [ -89.795095288930952, 13.681910959814008 ], [ -89.795095288930952, 13.66843629218914 ], [ -89.835519291805554, 13.66843629218914 ], [ -89.835519291805554, 13.681910959814006 ] ] ] } },
{ "type": "Feature", "properties": { "class_id": 2, "area_m2": 10884489.122709472, "class_name": "Bajo", "index": "MNDWI", "min_value": null, "max_value": null }, "geometry": { "type": "Polygon", "coordinates": [ [ [ -89.983740635679069, 13.695385627438874 ], [ -89.943316632804468, 13.695385627438872 ], [ -89.943316632804468, 13.681910959814008 ], [ -89.929841965179605, 13.68191095981401 ], [ -89.929841965179605, 13.66843629218914 ], [ -89.95679130042933, 13.668436292189142 ], [ -89.95679130042933, 13.681910959814013 ], [ -89.983740635679069, 13.68191095981401 ], [ -89.983740635679069, 13.695385627438874 ] ] ] } },
{ "type": "Feature", "properties": { "class_id": 2, "area_m2": 10883943.155432409, "class_name": "Bajo", "index": "MNDWI", "min_value": null, "max_value": null }, "geometry": { "type": "Polygon", "coordinates": [ [ [ -90.024164638553657, 13.722334962688603 ], [ -90.010689970928794, 13.722334962688606 ], [ -90.010689970928794, 13.70886029506374 ], [ -89.997215303303932, 13.708860295063737 ], [ -89.997215303303932, 13.722334962688604 ], [ -89.983740635679069, 13.722334962688603 ], [ -89.983740635679069, 13.695385627438874 ], [ -90.024164638553657, 13.695385627438876 ], [ -90.024164638553657, 13.722334962688603 ] ] ] } },
{ "type": "Feature", "properties": { "class_id": 2, "area_m2": 45704472.15823973, "class_name": "Bajo", "index": "MNDWI", "min_value": null, "max_value": null }, "geometry": { "type": "Polygon", "coordinates": [ [ [ -89.902892629929894, 13.681910959814008 ], [ -89.916367297554743, 13.681910959814006 ], [ -89.916367297554743, 13.695385627438876 ], [ -89.929841965179605, 13.695385627438874 ], [ -89.929841965179605, 13.708860295063738 ], [ -89.95679130042933, 13.70886029506374 ], [ -89.95679130042933, 13.735809630313467 ], [ -89.943316632804468, 13.735809630313467 ], [ -89.943316632804468, 13.749284297938337 ], [ -89.929841965179605, 13.74928429793834 ], [ -89.929841965179605, 13.722334962688604 ], [ -89.916367297554743, 13.72233496268861 ], [ -89.916367297554743, 13.708860295063744 ], [ -89.902892629929894, 13.70886029506374 ], [ -89.902892629929894, 13.72233496268861 ], [ -89.889417962305018, 13.722334962688606 ], [ -89.889417962305018, 13.70886029506374 ], [ -89.862468627055279, 13.708860295063737 ], [ -89.862468627055279, 13.722334962688604 ], [ -89.822044624180691, 13.722334962688603 ], [ -89.822044624180691, 13.695385627438876 ], [ -89.848993959430416, 13.695385627438871 ], [ -89.848993959430416, 13.68191095981401 ], [ -89.875943294680141, 13.681910959814006 ], [ -89.875943294680141, 13.695385627438876 ], [ -89.902892629929894, 13.695385627438876 ], [ -89.902892629929894, 13.681910959814008 ] ] ] } },
{ "type": "Feature", "properties": { "class_id": 2, "area_m2": 8703455.5225435812, "class_name": "Bajo", "index": "MNDWI", "min_value": null, "max_value": null }, "geometry": { "type": "Polygon", "coordinates": [ [ [ -89.808569956555814, 13.749284297938337 ], [ -89.781620621306104, 13.749284297938337 ], [ -89.781620621306104, 13.735809630313469 ], [ -89.795095288930952, 13.735809630313467 ], [ -89.795095288930952, 13.70886029506374 ], [ -89.808569956555814, 13.70886029506374 ], [ -89.808569956555814, 13.749284297938337 ] ] ] } },
{ "type": "Feature", "properties": { "class_id": 2, "area_m2": 2176416.0098371152, "class_name": "Bajo", "index": "MNDWI", "min_value": null, "max_value": null }, "geometry": { "type": "Polygon", "coordinates": [ [ [ -89.970265968054207, 13.749284297938337 ], [ -89.970265968054207, 13.735809630313472 ], [ -89.983740635679069, 13.735809630313467 ], [ -89.983740635679069, 13.749284297938335 ], [ -89.970265968054207, 13.749284297938337 ] ] ] } },
{ "type": "Feature", "properties": { "class_id": 2, "area_m2": 2176242.8696052255, "class_name": "Bajo", "index": "MNDWI", "min_value": null, "max_value": null }, "geometry": { "type": "Polygon", "coordinates": [ [ [ -89.970265968054207, 13.749284297938337 ], [ -89.970265968054207, 13.762758965563203 ], [ -89.95679130042933, 13.762758965563199 ], [ -89.95679130042933, 13.749284297938337 ], [ -89.970265968054207, 13.749284297938337 ] ] ] } },
{ "type": "Feature", "properties": { "class_id": 2, "area_m2": 19589135.967108935, "class_name": "Bajo", "index": "MNDWI", "min_value": null, "max_value": null }, "geometry": { "type": "Polygon", "coordinates": [ [ [ -90.024164638553657, 13.722334962688603 ], [ -90.051113973803396, 13.722334962688601 ], [ -90.051113973803396, 13.749284297938335 ], [ -90.064588641428259, 13.74928429793834 ], [ -90.064588641428259, 13.789708300812928 ], [ -90.051113973803396, 13.789708300812926 ], [ -90.051113973803396, 13.776233633188061 ], [ -90.037639306178534, 13.776233633188063 ], [ -90.037639306178534, 13.749284297938337 ], [ -90.024164638553657, 13.749284297938337 ], [ -90.024164638553657, 13.722334962688603 ] ] ] } },
{ "type": "Feature", "properties": { "class_id": 2, "area_m2": 10881918.918860255, "class_name": "Bajo", "index": "MNDWI", "min_value": null, "max_value": null }, "geometry": { "type": "Polygon", "coordinates": [ [ [ -90.024164638553657, 13.776233633188061 ], [ -89.970265968054207, 13.776233633188063 ], [ -89.970265968054207, 13.762758965563203 ], [ -89.997215303303932, 13.762758965563201 ], [ -89.997215303303932, 13.749284297938337 ], [ -90.010689970928794, 13.749284297938338 ], [ -90.010689970928794, 13.762758965563201 ], [ -90.024164638553657, 13.762758965563194 ], [ -90.024164638553657, 13.776233633188061 ] ] ] } },
{ "type": "Feature", "properties": { "class_id": 2, "area_m2": 2175725.0259613255, "class_name": "Bajo", "index": "MNDWI", "min_value": null, "max_value": null }, "geometry": { "type": "Polygon", "coordinates": [ [ [ -89.862468627055279, 13.776233633188069 ], [ -89.848993959430416, 13.776233633188061 ], [ -89.848993959430416, 13.762758965563197 ], [ -89.862468627055279, 13.762758965563199 ], [ -89.862468627055279, 13.776233633188069 ] ] ] } },
{ "type": "Feature", "properties": { "class_id": 2, "area_m2": 2175505.710938442, "class_name": "Bajo", "index": "MNDWI", "min_value": null, "max_value": null }, "geometry": { "type": "Polygon", "coordinates": [ [ [ -89.835519291805554, 13.789708300812933 ], [ -89.822044624180691, 13.789708300812928 ], [ -89.822044624180691, 13.776233633188061 ], [ -89.835519291805554, 13.776233633188061 ], [ -89.835519291805554, 13.789708300812933 ] ] ] } },
{ "type": "Feature", "properties": { "class_id": 2, "area_m2": 2175650.7103649443, "class_name": "Bajo", "index": "MNDWI", "min_value": null, "max_value": null }, "geometry": { "type": "Polygon", "coordinates": [ [ [ -89.875943294680141, 13.789708300812933 ], [ -89.862468627055279, 13.789708300812928 ], [ -89.862468627055279, 13.776233633188069 ], [ -89.875943294680141, 13.776233633188067 ], [ -89.875943294680141, 13.789708300812933 ] ] ] } },
{ "type": "Feature", "properties": { "class_id": 2, "area_m2": 6527121.4074681308, "class_name": "Bajo", "index": "MNDWI", "min_value": null, "max_value": null }, "geometry": { "type": "Polygon", "coordinates": [ [ [ -89.916367297554743, 13.803182968437797 ], [ -89.889417962305018, 13.803182968437797 ], [ -89.889417962305018, 13.776233633188063 ], [ -89.902892629929894, 13.776233633188065 ], [ -89.902892629929894, 13.789708300812929 ], [ -89.916367297554743, 13.789708300812935 ], [ -89.916367297554743, 13.803182968437797 ] ] ] } },
{ "type": "Feature", "properties": { "class_id": 2, "area_m2": 2175773.9286950845, "class_name": "Bajo", "index": "MNDWI", "min_value": null, "max_value": null }, "geometry": { "type": "Polygon", "coordinates": [ [ [ -89.929841965179605, 13.789708300812933 ], [ -89.943316632804468, 13.789708300812931 ], [ -89.943316632804468, 13.803182968437795 ], [ -89.929841965179605, 13.803182968437797 ], [ -89.929841965179605, 13.789708300812933 ] ] ] } },
{ "type": "Feature", "properties": { "class_id": 2, "area_m2": 2175874.0286209588, "class_name": "Bajo", "index": "MNDWI", "min_value": null, "max_value": null }, "geometry": { "type": "Polygon", "coordinates": [ [ [ -89.970265968054207, 13.803182968437797 ], [ -89.95679130042933, 13.803182968437799 ], [ -89.95679130042933, 13.789708300812933 ], [ -89.970265968054207, 13.789708300812936 ], [ -89.970265968054207, 13.803182968437797 ] ] ] } },
{ "type": "Feature", "properties": { "class_id": 2, "area_m2": 8705097.2964331992, "class_name": "Bajo", "index": "MNDWI", "min_value": null, "max_value": null }, "geometry": { "type": "Polygon", "coordinates": [ [ [ -90.091537976677984, 13.816657636062663 ], [ -90.064588641428259, 13.816657636062663 ], [ -90.064588641428259, 13.803182968437797 ], [ -90.078063309053121, 13.803182968437799 ], [ -90.078063309053121, 13.789708300812935 ], [ -90.10501264430286, 13.789708300812931 ], [ -90.10501264430286, 13.803182968437801 ], [ -90.091537976677984, 13.803182968437797 ], [ -90.091537976677984, 13.816657636062663 ] ] ] } },
{ "type": "Feature", "properties": { "class_id": 2, "area_m2": 2175453.3574697492, "class_name": "Bajo", "index": "MNDWI", "min_value": null, "max_value": null }, "geometry": { "type": "Polygon", "coordinates": [ [ [ -89.889417962305018, 13.816657636062658 ], [ -89.875943294680141, 13.816657636062661 ], [ -89.875943294680141, 13.803182968437797 ], [ -89.889417962305018, 13.803182968437797 ], [ -89.889417962305018, 13.816657636062658 ] ] ] } },
{ "type": "Feature", "properties": { "class_id": 2, "area_m2": 2175601.0661018323, "class_name": "Bajo", "index": "MNDWI", "min_value": null, "max_value": null }, "geometry": { "type": "Polygon", "coordinates": [ [ [ -89.929841965179605, 13.816657636062663 ], [ -89.916367297554743, 13.816657636062663 ], [ -89.916367297554743, 13.803182968437797 ], [ -89.929841965179605, 13.803182968437797 ], [ -89.929841965179605, 13.816657636062663 ] ] ] } },
{ "type": "Feature", "properties": { "class_id": 2, "area_m2": 2175040.9482010133, "class_name": "Bajo", "index": "MNDWI", "min_value": null, "max_value": null }, "geometry": { "type": "Polygon", "coordinates": [ [ [ -89.808569956555814, 13.83013230368752 ], [ -89.795095288930952, 13.830132303687522 ], [ -89.795095288930952, 13.816657636062658 ], [ -89.808569956555814, 13.81665763606266 ], [ -89.808569956555814, 13.83013230368752 ] ] ] } },
{ "type": "Feature", "properties": { "class_id": 2, "area_m2": 2175232.8012595396, "class_name": "Bajo", "index": "MNDWI", "min_value": null, "max_value": null }, "geometry": { "type": "Polygon", "coordinates": [ [ [ -89.862468627055279, 13.83013230368752 ], [ -89.848993959430416, 13.830132303687522 ], [ -89.848993959430416, 13.816657636062663 ], [ -89.862468627055279, 13.816657636062661 ], [ -89.862468627055279, 13.83013230368752 ] ] ] } },
{ "type": "Feature", "properties": { "class_id": 2, "area_m2": 2175527.4776225435, "class_name": "Bajo", "index": "MNDWI", "min_value": null, "max_value": null }, "geometry": { "type": "Polygon", "coordinates": [ [ [ -89.943316632804468, 13.830132303687522 ], [ -89.929841965179605, 13.830132303687526 ], [ -89.929841965179605, 13.816657636062663 ], [ -89.943316632804468, 13.816657636062667 ], [ -89.943316632804468, 13.830132303687522 ] ] ] } },
{ "type": "Feature", "properties": { "class_id": 2, "area_m2": 2176141.6748157078, "class_name": "Bajo", "index": "MNDWI", "min_value": null, "max_value": null }, "geometry": { "type": "Polygon", "coordinates": [ [ [ -90.091537976677984, 13.816657636062663 ], [ -90.10501264430286, 13.816657636062663 ], [ -90.10501264430286, 13.830132303687526 ], [ -90.091537976677984, 13.830132303687524 ], [ -90.091537976677984, 13.816657636062663 ] ] ] } },
{ "type": "Feature", "properties": { "class_id": 2, "area_m2": 2175061.1497134469, "class_name": "Bajo", "index": "MNDWI", "min_value": null, "max_value": null }, "geometry": { "type": "Polygon", "coordinates": [ [ [ -89.835519291805554, 13.830132303687524 ], [ -89.848993959430416, 13.830132303687522 ], [ -89.848993959430416, 13.843606971312392 ], [ -89.835519291805554, 13.843606971312392 ], [ -89.835519291805554, 13.830132303687524 ] ] ] } },
{ "type": "Feature", "properties": { "class_id": 2, "area_m2": 4350364.7673434913, "class_name": "Bajo", "index": "MNDWI", "min_value": null, "max_value": null }, "geometry": { "type": "Polygon", "coordinates": [ [ [ -89.889417962305018, 13.84360697131239 ], [ -89.862468627055279, 13.84360697131239 ], [ -89.862468627055279, 13.83013230368752 ], [ -89.889417962305018, 13.830132303687524 ], [ -89.889417962305018, 13.84360697131239 ] ] ] } },
{ "type": "Feature", "properties": { "class_id": 2, "area_m2": 2174841.794715683, "class_name": "Bajo", "index": "MNDWI", "min_value": null, "max_value": null }, "geometry": { "type": "Polygon", "coordinates": [ [ [ -89.822044624180691, 13.85708163893726 ], [ -89.808569956555814, 13.85708163893726 ], [ -89.808569956555814, 13.84360697131239 ], [ -89.822044624180691, 13.843606971312392 ], [ -89.822044624180691, 13.85708163893726 ] ] ] } },
{ "type": "Feature", "properties": { "class_id": 2, "area_m2": 2174985.9791894848, "class_name": "Bajo", "index": "MNDWI", "min_value": null, "max_value": null }, "geometry": { "type": "Polygon", "coordinates": [ [ [ -89.862468627055279, 13.857081638937261 ], [ -89.848993959430416, 13.857081638937258 ], [ -89.848993959430416, 13.843606971312392 ], [ -89.862468627055279, 13.84360697131239 ], [ -89.862468627055279, 13.857081638937261 ] ] ] } },
{ "type": "Feature", "properties": { "class_id": 2, "area_m2": 2175132.2318593208, "class_name": "Bajo", "index": "MNDWI", "min_value": null, "max_value": null }, "geometry": { "type": "Polygon", "coordinates": [ [ [ -89.902892629929894, 13.857081638937261 ], [ -89.889417962305018, 13.85708163893726 ], [ -89.889417962305018, 13.84360697131239 ], [ -89.902892629929894, 13.843606971312388 ], [ -89.902892629929894, 13.857081638937261 ] ] ] } },
{ "type": "Feature", "properties": { "class_id": 2, "area_m2": 17402735.510718204, "class_name": "Bajo", "index": "MNDWI", "min_value": null, "max_value": null }, "geometry": { "type": "Polygon", "coordinates": [ [ [ -89.970265968054207, 13.87055630656212 ], [ -89.95679130042933, 13.870556306562124 ], [ -89.95679130042933, 13.85708163893726 ], [ -89.943316632804468, 13.857081638937261 ], [ -89.943316632804468, 13.830132303687522 ], [ -89.95679130042933, 13.830132303687527 ], [ -89.95679130042933, 13.843606971312393 ], [ -90.010689970928794, 13.84360697131239 ], [ -90.010689970928794, 13.870556306562122 ], [ -89.997215303303932, 13.870556306562124 ], [ -89.997215303303932, 13.85708163893726 ], [ -89.970265968054207, 13.85708163893726 ], [ -89.970265968054207, 13.87055630656212 ] ] ] } },
{ "type": "Feature", "properties": { "class_id": 2, "area_m2": 4351073.5183638101, "class_name": "Bajo", "index": "MNDWI", "min_value": null, "max_value": null }, "geometry": { "type": "Polygon", "coordinates": [ [ [ -90.051113973803396, 13.870556306562122 ], [ -90.024164638553657, 13.87055630656212 ], [ -90.024164638553657, 13.857081638937258 ], [ -90.051113973803396, 13.857081638937263 ], [ -90.051113973803396, 13.870556306562122 ] ] ] } },
{ "type": "Feature", "properties": { "class_id": 2, "area_m2": 2174738.6840301952, "class_name": "Bajo", "index": "MNDWI", "min_value": null, "max_value": null }, "geometry": { "type": "Polygon", "coordinates": [ [ [ -89.862468627055279, 13.884030974186986 ], [ -89.848993959430416, 13.884030974186986 ], [ -89.848993959430416, 13.870556306562122 ], [ -89.862468627055279, 13.870556306562118 ], [ -89.862468627055279, 13.884030974186986 ] ] ] } },
{ "type": "Feature", "properties": { "class_id": 2, "area_m2": 21750129.919314384, "class_name": "Bajo", "index": "MNDWI", "min_value": null, "max_value": null }, "geometry": { "type": "Polygon", "coordinates": [ [ [ -89.943316632804468, 13.91098030943672 ], [ -89.916367297554743, 13.91098030943672 ], [ -89.916367297554743, 13.897505641811851 ], [ -89.929841965179605, 13.897505641811854 ], [ -89.929841965179605, 13.88403097418699 ], [ -89.916367297554743, 13.884030974186986 ], [ -89.916367297554743, 13.870556306562118 ], [ -89.902892629929894, 13.87055630656212 ], [ -89.902892629929894, 13.857081638937261 ], [ -89.916367297554743, 13.857081638937263 ], [ -89.916367297554743, 13.843606971312392 ], [ -89.929841965179605, 13.843606971312393 ], [ -89.929841965179605, 13.857081638937258 ], [ -89.943316632804468, 13.857081638937261 ], [ -89.943316632804468, 13.870556306562124 ], [ -89.95679130042933, 13.870556306562124 ], [ -89.95679130042933, 13.884030974186986 ], [ -89.943316632804468, 13.884030974186986 ], [ -89.943316632804468, 13.91098030943672 ] ] ] } },
{ "type": "Feature", "properties": { "class_id": 2, "area_m2": 2175542.3309028242, "class_name": "Bajo", "index": "MNDWI", "min_value": null, "max_value": null }, "geometry": { "type": "Polygon", "coordinates": [ [ [ -90.064588641428259, 13.870556306562124 ], [ -90.078063309053121, 13.87055630656212 ], [ -90.078063309053121, 13.884030974186985 ], [ -90.064588641428259, 13.88403097418699 ], [ -90.064588641428259, 13.870556306562124 ] ] ] } },
{ "type": "Feature", "properties": { "class_id": 2, "area_m2": 4349645.8610220971, "class_name": "Bajo", "index": "MNDWI", "min_value": null, "max_value": null }, "geometry": { "type": "Polygon", "coordinates": [ [ [ -89.902892629929894, 13.897505641811854 ], [ -89.889417962305018, 13.897505641811852 ], [ -89.889417962305018, 13.870556306562124 ], [ -89.902892629929894, 13.87055630656212 ], [ -89.902892629929894, 13.897505641811854 ] ] ] } },
{ "type": "Feature", "properties": { "class_id": 2, "area_m2": 6525454.3437895365, "class_name": "Bajo", "index": "MNDWI", "min_value": null, "max_value": null }, "geometry": { "type": "Polygon", "coordinates": [ [ [ -89.970265968054207, 13.87055630656212 ], [ -89.997215303303932, 13.870556306562124 ], [ -89.997215303303932, 13.897505641811854 ], [ -89.983740635679069, 13.897505641811859 ], [ -89.983740635679069, 13.884030974186985 ], [ -89.970265968054207, 13.884030974186986 ], [ -89.970265968054207, 13.87055630656212 ] ] ] } },
{ "type": "Feature", "properties": { "class_id": 2, "area_m2": 2175314.70920427, "class_name": "Bajo", "index": "MNDWI", "min_value": null, "max_value": null }, "geometry": { "type": "Polygon", "coordinates": [ [ [ -90.051113973803396, 13.897505641811849 ], [ -90.037639306178534, 13.897505641811851 ], [ -90.037639306178534, 13.88403097418699 ], [ -90.051113973803396, 13.884030974186985 ], [ -90.051113973803396, 13.897505641811849 ] ] ] } },
{ "type": "Feature", "properties": { "class_id": 2, "area_m2": 2174394.6301648258, "class_name": "Bajo", "index": "MNDWI", "min_value": null, "max_value": null }, "geometry": { "type": "Polygon", "coordinates": [ [ [ -89.835519291805554, 13.91098030943672 ], [ -89.822044624180691, 13.91098030943672 ], [ -89.822044624180691, 13.897505641811851 ], [ -89.835519291805554, 13.897505641811851 ], [ -89.835519291805554, 13.91098030943672 ] ] ] } },
{ "type": "Feature", "properties": { "class_id": 2, "area_m2": 4349820.8664640561, "class_name": "Bajo", "index": "MNDWI", "min_value": null, "max_value": null }, "geometry": { "type": "Polygon", "coordinates": [ [ [ -89.983740635679069, 13.910980309436717 ], [ -89.95679130042933, 13.910980309436724 ], [ -89.95679130042933, 13.897505641811859 ], [ -89.983740635679069, 13.897505641811859 ], [ -89.983740635679069, 13.910980309436717 ] ] ] } },
{ "type": "Feature", "properties": { "class_id": 2, "area_m2": 2174562.1473892294, "class_name": "Bajo", "index": "MNDWI", "min_value": null, "max_value": null }, "geometry": { "type": "Polygon", "coordinates": [ [ [ -89.916367297554743, 13.924454977061588 ], [ -89.902892629929894, 13.924454977061583 ], [ -89.902892629929894, 13.91098030943672 ], [ -89.916367297554743, 13.91098030943672 ], [ -89.916367297554743, 13.924454977061588 ] ] ] } },
{ "type": "Feature", "properties": { "class_id": 2, "area_m2": 2174194.4338430245, "class_name": "Bajo", "index": "MNDWI", "min_value": null, "max_value": null }, "geometry": { "type": "Polygon", "coordinates": [ [ [ -89.848993959430416, 13.93792964468645 ], [ -89.835519291805554, 13.93792964468645 ], [ -89.835519291805554, 13.924454977061579 ], [ -89.848993959430416, 13.924454977061583 ], [ -89.848993959430416, 13.93792964468645 ] ] ] } },
{ "type": "Feature", "properties": { "class_id": 2, "area_m2": 8697261.733365722, "class_name": "Bajo", "index": "MNDWI", "min_value": null, "max_value": null }, "geometry": { "type": "Polygon", "coordinates": [ [ [ -89.875943294680141, 13.937929644686445 ], [ -89.862468627055279, 13.93792964468645 ], [ -89.862468627055279, 13.910980309436724 ], [ -89.875943294680141, 13.91098030943672 ], [ -89.875943294680141, 13.924454977061583 ], [ -89.889417962305018, 13.924454977061584 ], [ -89.889417962305018, 13.951404312311315 ], [ -89.875943294680141, 13.951404312311309 ], [ -89.875943294680141, 13.937929644686445 ] ] ] } },
{ "type": "Feature", "properties": { "class_id": 2, "area_m2": 2174586.7888479331, "class_name": "Bajo", "index": "MNDWI", "min_value": null, "max_value": null }, "geometry": { "type": "Polygon", "coordinates": [ [ [ -89.943316632804468, 13.924454977061584 ], [ -89.95679130042933, 13.924454977061584 ], [ -89.95679130042933, 13.937929644686449 ], [ -89.943316632804468, 13.93792964468645 ], [ -89.943316632804468, 13.924454977061584 ] ] ] } },
{ "type": "Feature", "properties": { "class_id": 2, "area_m2": 4348775.6229732251, "class_name": "Bajo", "index": "MNDWI", "min_value": null, "max_value": null }, "geometry": { "type": "Polygon", "coordinates": [ [ [ -89.943316632804468, 13.951404312311315 ], [ -89.916367297554743, 13.951404312311315 ], [ -89.916367297554743, 13.937929644686447 ], [ -89.943316632804468, 13.93792964468645 ], [ -89.943316632804468, 13.951404312311315 ] ] ] } },
{ "type": "Feature", "properties": { "class_id": 2, "area_m2": 4348112.2769922493, "class_name": "Bajo", "index": "MNDWI", "min_value": null, "max_value": null }, "geometry": { "type": "Polygon", "coordinates": [ [ [ -89.862468627055279, 13.964878979936184 ], [ -89.848993959430416, 13.964878979936181 ], [ -89.848993959430416, 13.93792964468645 ], [ -89.862468627055279, 13.93792964468645 ], [ -89.862468627055279, 13.964878979936184 ] ] ] } },
{ "type": "Feature", "properties": { "class_id": 2, "area_m2": 2174388.0145345456, "class_name": "Bajo", "index": "MNDWI", "min_value": null, "max_value": null }, "geometry": { "type": "Polygon", "coordinates": [ [ [ -89.970265968054207, 13.964878979936183 ], [ -89.95679130042933, 13.964878979936183 ], [ -89.95679130042933, 13.951404312311311 ], [ -89.970265968054207, 13.951404312311309 ], [ -89.970265968054207, 13.964878979936183 ] ] ] } },
{ "type": "Feature", "properties": { "class_id": 2, "area_m2": 2174064.5824193722, "class_name": "Bajo", "index": "MNDWI", "min_value": null, "max_value": null }, "geometry": { "type": "Polygon", "coordinates": [ [ [ -89.916367297554743, 13.978353647561043 ], [ -89.902892629929894, 13.978353647561038 ], [ -89.902892629929894, 13.964878979936181 ], [ -89.916367297554743, 13.964878979936181 ], [ -89.916367297554743, 13.978353647561043 ] ] ] } },
{ "type": "Feature", "properties": { "class_id": 2, "area_m2": 2177123.6332478956, "class_name": "Bajo", "index": "MNDWI", "min_value": null, "max_value": null }, "geometry": { "type": "Polygon", "coordinates": [ [ [ -89.633399277432574, 13.533689615940492 ], [ -89.619924609807711, 13.533689615940492 ], [ -89.619924609807711, 13.520214948315623 ], [ -89.633399277432574, 13.520214948315623 ], [ -89.633399277432574, 13.533689615940492 ] ] ] } },
{ "type": "Feature", "properties": { "class_id": 2, "area_m2": 2177367.8207996548, "class_name": "Bajo", "index": "MNDWI", "min_value": null, "max_value": null }, "geometry": { "type": "Polygon", "coordinates": [ [ [ -89.741196618431488, 13.547164283565351 ], [ -89.727721950806625, 13.547164283565355 ], [ -89.727721950806625, 13.533689615940492 ], [ -89.741196618431488, 13.533689615940492 ], [ -89.741196618431488, 13.547164283565351 ] ] ] } },
{ "type": "Feature", "properties": { "class_id": 2, "area_m2": 4354969.8016430102, "class_name": "Bajo", "index": "MNDWI", "min_value": null, "max_value": null }, "geometry": { "type": "Polygon", "coordinates": [ [ [ -89.781620621306104, 13.54716428356536 ], [ -89.754671286056364, 13.547164283565355 ], [ -89.754671286056364, 13.533689615940492 ], [ -89.781620621306104, 13.533689615940492 ], [ -89.781620621306104, 13.54716428356536 ] ] ] } },
{ "type": "Feature", "properties": { "class_id": 2, "area_m2": 37002657.100007296, "class_name": "Bajo", "index": "MNDWI", "min_value": null, "max_value": null }, "geometry": { "type": "Polygon", "coordinates": [ [ [ -89.579500606933109, 13.57411361881509 ], [ -89.592975274557972, 13.574113618815089 ], [ -89.592975274557972, 13.601062954064815 ], [ -89.579500606933109, 13.601062954064819 ], [ -89.579500606933109, 13.614537621689685 ], [ -89.566025939308247, 13.614537621689683 ], [ -89.566025939308247, 13.574113618815085 ], [ -89.552551271683384, 13.574113618815087 ], [ -89.552551271683384, 13.560638951190219 ], [ -89.539076604058522, 13.560638951190215 ], [ -89.539076604058522, 13.547164283565358 ], [ -89.49865260118392, 13.547164283565358 ], [ -89.49865260118392, 13.533689615940492 ], [ -89.512127268808783, 13.533689615940496 ], [ -89.512127268808783, 13.506740280690757 ], [ -89.539076604058522, 13.506740280690762 ], [ -89.539076604058522, 13.533689615940492 ], [ -89.552551271683384, 13.533689615940496 ], [ -89.552551271683384, 13.547164283565355 ], [ -89.566025939308247, 13.547164283565357 ], [ -89.566025939308247, 13.560638951190217 ], [ -89.579500606933109, 13.560638951190215 ], [ -89.579500606933109, 13.57411361881509 ] ] ] } },
{ "type": "Feature", "properties": { "class_id": 2, "area_m2": 17414543.644035913, "class_name": "Bajo", "index": "MNDWI", "min_value": null, "max_value": null }, "geometry": { "type": "Polygon", "coordinates": [ [ [ -89.633399277432574, 13.574113618815089 ], [ -89.646873945057436, 13.574113618815089 ], [ -89.646873945057436, 13.587588286439953 ], [ -89.619924609807711, 13.587588286439953 ], [ -89.619924609807711, 13.560638951190217 ], [ -89.592975274557972, 13.560638951190217 ], [ -89.592975274557972, 13.533689615940492 ], [ -89.619924609807711, 13.533689615940492 ], [ -89.619924609807711, 13.54716428356536 ], [ -89.633399277432574, 13.547164283565355 ], [ -89.633399277432574, 13.574113618815089 ] ] ] } },
{ "type": "Feature", "properties": { "class_id": 2, "area_m2": 52246041.263363235, "class_name": "Bajo", "index": "MNDWI", "min_value": null, "max_value": null }, "geometry": { "type": "Polygon", "coordinates": [ [ [ -89.714247283181763, 13.560638951190223 ], [ -89.741196618431488, 13.560638951190223 ], [ -89.741196618431488, 13.547164283565351 ], [ -89.754671286056364, 13.547164283565355 ], [ -89.754671286056364, 13.57411361881509 ], [ -89.768145953681227, 13.574113618815089 ], [ -89.768145953681227, 13.587588286439956 ], [ -89.754671286056364, 13.587588286439953 ], [ -89.754671286056364, 13.601062954064819 ], [ -89.741196618431488, 13.601062954064815 ], [ -89.741196618431488, 13.587588286439956 ], [ -89.727721950806625, 13.587588286439949 ], [ -89.727721950806625, 13.601062954064817 ], [ -89.714247283181763, 13.601062954064817 ], [ -89.714247283181763, 13.628012289314549 ], [ -89.7007726155569, 13.628012289314547 ], [ -89.7007726155569, 13.614537621689683 ], [ -89.687297947932038, 13.614537621689685 ], [ -89.687297947932038, 13.601062954064819 ], [ -89.7007726155569, 13.601062954064819 ], [ -89.7007726155569, 13.587588286439953 ], [ -89.673823280307161, 13.587588286439956 ], [ -89.673823280307161, 13.601062954064819 ], [ -89.646873945057436, 13.601062954064821 ], [ -89.646873945057436, 13.587588286439953 ], [ -89.660348612682313, 13.587588286439951 ], [ -89.660348612682313, 13.574113618815085 ], [ -89.687297947932038, 13.574113618815083 ], [ -89.687297947932038, 13.547164283565355 ], [ -89.714247283181763, 13.547164283565357 ], [ -89.714247283181763, 13.560638951190223 ] ] ] } },
{ "type": "Feature", "properties": { "class_id": 2, "area_m2": 2176134.4757798975, "class_name": "Bajo", "index": "MNDWI", "min_value": null, "max_value": null }, "geometry": { "type": "Polygon", "coordinates": [ [ [ -89.552551271683384, 13.614537621689689 ], [ -89.539076604058522, 13.614537621689683 ], [ -89.539076604058522, 13.601062954064819 ], [ -89.552551271683384, 13.601062954064822 ], [ -89.552551271683384, 13.614537621689689 ] ] ] } },
{ "type": "Feature", "properties": { "class_id": 2, "area_m2": 2176457.2249125987, "class_name": "Bajo", "index": "MNDWI", "min_value": null, "max_value": null }, "geometry": { "type": "Polygon", "coordinates": [ [ [ -89.687297947932038, 13.628012289314546 ], [ -89.673823280307161, 13.628012289314549 ], [ -89.673823280307161, 13.61453762168968 ], [ -89.687297947932038, 13.614537621689685 ], [ -89.687297947932038, 13.628012289314546 ] ] ] } },
{ "type": "Feature", "properties": { "class_id": 2, "area_m2": 13056695.138819881, "class_name": "Bajo", "index": "MNDWI", "min_value": null, "max_value": null }, "geometry": { "type": "Polygon", "coordinates": [ [ [ -89.619924609807711, 13.628012289314549 ], [ -89.633399277432574, 13.628012289314544 ], [ -89.633399277432574, 13.641486956939417 ], [ -89.619924609807711, 13.641486956939413 ], [ -89.619924609807711, 13.654961624564283 ], [ -89.606449942182834, 13.65496162456428 ], [ -89.606449942182834, 13.641486956939413 ], [ -89.592975274557972, 13.641486956939413 ], [ -89.592975274557972, 13.614537621689685 ], [ -89.619924609807711, 13.61453762168968 ], [ -89.619924609807711, 13.628012289314549 ] ] ] } },
{ "type": "Feature", "properties": { "class_id": 2, "area_m2": 2176707.4863797161, "class_name": "Bajo", "index": "MNDWI", "min_value": null, "max_value": null }, "geometry": { "type": "Polygon", "coordinates": [ [ [ -89.795095288930952, 13.641486956939415 ], [ -89.781620621306104, 13.641486956939413 ], [ -89.781620621306104, 13.628012289314553 ], [ -89.795095288930952, 13.628012289314546 ], [ -89.795095288930952, 13.641486956939415 ] ] ] } },
{ "type": "Feature", "properties": { "class_id": 2, "area_m2": 6526925.2557743983, "class_name": "Bajo", "index": "MNDWI", "min_value": null, "max_value": null }, "geometry": { "type": "Polygon", "coordinates": [ [ [ -89.525601936433645, 13.65496162456428 ], [ -89.485177933559058, 13.65496162456428 ], [ -89.485177933559058, 13.641486956939413 ], [ -89.525601936433645, 13.641486956939413 ], [ -89.525601936433645, 13.65496162456428 ] ] ] } },
{ "type": "Feature", "properties": { "class_id": 2, "area_m2": 13058707.772059066, "class_name": "Bajo", "index": "MNDWI", "min_value": null, "max_value": null }, "geometry": { "type": "Polygon", "coordinates": [ [ [ -89.754671286056364, 13.628012289314547 ], [ -89.768145953681227, 13.628012289314553 ], [ -89.768145953681227, 13.641486956939413 ], [ -89.781620621306104, 13.641486956939413 ], [ -89.781620621306104, 13.654961624564278 ], [ -89.754671286056364, 13.654961624564278 ], [ -89.754671286056364, 13.681910959814006 ], [ -89.741196618431488, 13.681910959814006 ], [ -89.741196618431488, 13.641486956939413 ], [ -89.754671286056364, 13.641486956939413 ], [ -89.754671286056364, 13.628012289314547 ] ] ] } },
{ "type": "Feature", "properties": { "class_id": 2, "area_m2": 2176464.0592341246, "class_name": "Bajo", "index": "MNDWI", "min_value": null, "max_value": null }, "geometry": { "type": "Polygon", "coordinates": [ [ [ -89.781620621306104, 13.654961624564278 ], [ -89.795095288930952, 13.654961624564283 ], [ -89.795095288930952, 13.66843629218914 ], [ -89.781620621306104, 13.668436292189138 ], [ -89.781620621306104, 13.654961624564278 ] ] ] } },
{ "type": "Feature", "properties": { "class_id": 2, "area_m2": 17403806.684098985, "class_name": "Bajo", "index": "MNDWI", "min_value": null, "max_value": null }, "geometry": { "type": "Polygon", "coordinates": [ [ [ -89.525601936433645, 13.681910959814008 ], [ -89.539076604058522, 13.681910959814006 ], [ -89.539076604058522, 13.654961624564283 ], [ -89.552551271683384, 13.654961624564283 ], [ -89.552551271683384, 13.66843629218914 ], [ -89.566025939308247, 13.668436292189142 ], [ -89.566025939308247, 13.68191095981401 ], [ -89.579500606933109, 13.681910959814008 ], [ -89.579500606933109, 13.695385627438876 ], [ -89.552551271683384, 13.695385627438879 ], [ -89.552551271683384, 13.708860295063744 ], [ -89.539076604058522, 13.708860295063744 ], [ -89.539076604058522, 13.695385627438874 ], [ -89.525601936433645, 13.695385627438872 ], [ -89.525601936433645, 13.681910959814008 ] ] ] } },
{ "type": "Feature", "properties": { "class_id": 2, "area_m2": 6527112.5770571502, "class_name": "Bajo", "index": "MNDWI", "min_value": null, "max_value": null }, "geometry": { "type": "Polygon", "coordinates": [ [ [ -89.633399277432574, 13.681910959814006 ], [ -89.619924609807711, 13.68191095981401 ], [ -89.619924609807711, 13.695385627438876 ], [ -89.606449942182834, 13.695385627438874 ], [ -89.606449942182834, 13.668436292189138 ], [ -89.633399277432574, 13.668436292189146 ], [ -89.633399277432574, 13.681910959814006 ] ] ] } },
{ "type": "Feature", "properties": { "class_id": 2, "area_m2": 2175803.2797590983, "class_name": "Bajo", "index": "MNDWI", "min_value": null, "max_value": null }, "geometry": { "type": "Polygon", "coordinates": [ [ [ -89.673823280307161, 13.695385627438876 ], [ -89.660348612682313, 13.695385627438874 ], [ -89.660348612682313, 13.681910959814006 ], [ -89.673823280307161, 13.68191095981401 ], [ -89.673823280307161, 13.695385627438876 ] ] ] } },
{ "type": "Feature", "properties": { "class_id": 2, "area_m2": 6526898.3707854021, "class_name": "Bajo", "index": "MNDWI", "min_value": null, "max_value": null }, "geometry": { "type": "Polygon", "coordinates": [ [ [ -89.633399277432574, 13.681910959814006 ], [ -89.646873945057436, 13.681910959814006 ], [ -89.646873945057436, 13.708860295063735 ], [ -89.619924609807711, 13.70886029506374 ], [ -89.619924609807711, 13.695385627438876 ], [ -89.633399277432574, 13.695385627438874 ], [ -89.633399277432574, 13.681910959814006 ] ] ] } },
{ "type": "Feature", "properties": { "class_id": 2, "area_m2": 2176050.7989285425, "class_name": "Bajo", "index": "MNDWI", "min_value": null, "max_value": null }, "geometry": { "type": "Polygon", "coordinates": [ [ [ -89.768145953681227, 13.695385627438874 ], [ -89.781620621306104, 13.695385627438874 ], [ -89.781620621306104, 13.708860295063744 ], [ -89.768145953681227, 13.70886029506374 ], [ -89.768145953681227, 13.695385627438874 ] ] ] } },
{ "type": "Feature", "properties": { "class_id": 2, "area_m2": 2175291.5731526366, "class_name": "Bajo", "index": "MNDWI", "min_value": null, "max_value": null }, "geometry": { "type": "Polygon", "coordinates": [ [ [ -89.579500606933109, 13.70886029506374 ], [ -89.592975274557972, 13.708860295063744 ], [ -89.592975274557972, 13.722334962688608 ], [ -89.579500606933109, 13.722334962688606 ], [ -89.579500606933109, 13.70886029506374 ] ] ] } },
{ "type": "Feature", "properties": { "class_id": 2, "area_m2": 13053275.865974775, "class_name": "Bajo", "index": "MNDWI", "min_value": null, "max_value": null }, "geometry": { "type": "Polygon", "coordinates": [ [ [ -89.727721950806625, 13.722334962688603 ], [ -89.741196618431488, 13.722334962688604 ], [ -89.741196618431488, 13.749284297938337 ], [ -89.768145953681227, 13.749284297938337 ], [ -89.768145953681227, 13.762758965563204 ], [ -89.727721950806625, 13.762758965563203 ], [ -89.727721950806625, 13.749284297938335 ], [ -89.714247283181763, 13.749284297938338 ], [ -89.714247283181763, 13.73580963031347 ], [ -89.727721950806625, 13.735809630313467 ], [ -89.727721950806625, 13.722334962688603 ] ] ] } },
{ "type": "Feature", "properties": { "class_id": 2, "area_m2": 2174733.5356658278, "class_name": "Bajo", "index": "MNDWI", "min_value": null, "max_value": null }, "geometry": { "type": "Polygon", "coordinates": [ [ [ -89.646873945057436, 13.803182968437797 ], [ -89.633399277432574, 13.803182968437797 ], [ -89.633399277432574, 13.789708300812933 ], [ -89.646873945057436, 13.789708300812931 ], [ -89.646873945057436, 13.803182968437797 ] ] ] } },
{ "type": "Feature", "properties": { "class_id": 2, "area_m2": 2175239.8255175268, "class_name": "Bajo", "index": "MNDWI", "min_value": null, "max_value": null }, "geometry": { "type": "Polygon", "coordinates": [ [ [ -89.795095288930952, 13.803182968437797 ], [ -89.781620621306104, 13.803182968437795 ], [ -89.781620621306104, 13.789708300812931 ], [ -89.795095288930952, 13.789708300812929 ], [ -89.795095288930952, 13.803182968437797 ] ] ] } },
{ "type": "Feature", "properties": { "class_id": 2, "area_m2": 8697998.5931151435, "class_name": "Bajo", "index": "MNDWI", "min_value": null, "max_value": null }, "geometry": { "type": "Polygon", "coordinates": [ [ [ -89.579500606933109, 13.803182968437797 ], [ -89.633399277432574, 13.803182968437797 ], [ -89.633399277432574, 13.816657636062663 ], [ -89.579500606933109, 13.816657636062665 ], [ -89.579500606933109, 13.803182968437797 ] ] ] } },
{ "type": "Feature", "properties": { "class_id": 2, "area_m2": 10872850.084015813, "class_name": "Bajo", "index": "MNDWI", "min_value": null, "max_value": null }, "geometry": { "type": "Polygon", "coordinates": [ [ [ -89.660348612682313, 13.84360697131239 ], [ -89.646873945057436, 13.843606971312393 ], [ -89.646873945057436, 13.803182968437797 ], [ -89.673823280307161, 13.803182968437797 ], [ -89.673823280307161, 13.830132303687522 ], [ -89.660348612682313, 13.830132303687524 ], [ -89.660348612682313, 13.84360697131239 ] ] ] } },
{ "type": "Feature", "properties": { "class_id": 2, "area_m2": 8698949.1904933862, "class_name": "Bajo", "index": "MNDWI", "min_value": null, "max_value": null }, "geometry": { "type": "Polygon", "coordinates": [ [ [ -89.741196618431488, 13.830132303687522 ], [ -89.687297947932038, 13.83013230368752 ], [ -89.687297947932038, 13.816657636062665 ], [ -89.741196618431488, 13.816657636062663 ], [ -89.741196618431488, 13.830132303687522 ] ] ] } },
{ "type": "Feature", "properties": { "class_id": 2, "area_m2": 4349693.3977053557, "class_name": "Bajo", "index": "MNDWI", "min_value": null, "max_value": null }, "geometry": { "type": "Polygon", "coordinates": [ [ [ -89.795095288930952, 13.843606971312386 ], [ -89.768145953681227, 13.843606971312395 ], [ -89.768145953681227, 13.830132303687527 ], [ -89.795095288930952, 13.830132303687522 ], [ -89.795095288930952, 13.843606971312386 ] ] ] } },
{ "type": "Feature", "properties": { "class_id": 2, "area_m2": 2174513.4042608687, "class_name": "Bajo", "index": "MNDWI", "min_value": null, "max_value": null }, "geometry": { "type": "Polygon", "coordinates": [ [ [ -89.727721950806625, 13.857081638937261 ], [ -89.714247283181763, 13.85708163893726 ], [ -89.714247283181763, 13.843606971312393 ], [ -89.727721950806625, 13.843606971312393 ], [ -89.727721950806625, 13.857081638937261 ] ] ] } },
{ "type": "Feature", "properties": { "class_id": 2, "area_m2": 2173896.6700508762, "class_name": "Bajo", "index": "MNDWI", "min_value": null, "max_value": null }, "geometry": { "type": "Polygon", "coordinates": [ [ [ -89.579500606933109, 13.870556306562124 ], [ -89.566025939308247, 13.870556306562127 ], [ -89.566025939308247, 13.857081638937261 ], [ -89.579500606933109, 13.85708163893726 ], [ -89.579500606933109, 13.870556306562124 ] ] ] } },
{ "type": "Feature", "properties": { "class_id": 2, "area_m2": 2174482.5593827567, "class_name": "Bajo", "index": "MNDWI", "min_value": null, "max_value": null }, "geometry": { "type": "Polygon", "coordinates": [ [ [ -89.754671286056364, 13.870556306562115 ], [ -89.741196618431488, 13.870556306562122 ], [ -89.741196618431488, 13.85708163893726 ], [ -89.754671286056364, 13.857081638937258 ], [ -89.754671286056364, 13.870556306562115 ] ] ] } },
{ "type": "Feature", "properties": { "class_id": 2, "area_m2": 2174623.2735863333, "class_name": "Bajo", "index": "MNDWI", "min_value": null, "max_value": null }, "geometry": { "type": "Polygon", "coordinates": [ [ [ -89.795095288930952, 13.870556306562122 ], [ -89.781620621306104, 13.87055630656212 ], [ -89.781620621306104, 13.857081638937261 ], [ -89.795095288930952, 13.857081638937258 ], [ -89.795095288930952, 13.870556306562122 ] ] ] } },
{ "type": "Feature", "properties": { "class_id": 2, "area_m2": 2173860.7289361283, "class_name": "Bajo", "index": "MNDWI", "min_value": null, "max_value": null }, "geometry": { "type": "Polygon", "coordinates": [ [ [ -89.606449942182834, 13.884030974186985 ], [ -89.592975274557972, 13.88403097418699 ], [ -89.592975274557972, 13.870556306562127 ], [ -89.606449942182834, 13.870556306562124 ], [ -89.606449942182834, 13.884030974186985 ] ] ] } },
{ "type": "Feature", "properties": { "class_id": 2, "area_m2": 6522251.6411944199, "class_name": "Bajo", "index": "MNDWI", "min_value": null, "max_value": null }, "geometry": { "type": "Polygon", "coordinates": [ [ [ -89.646873945057436, 13.870556306562124 ], [ -89.687297947932038, 13.870556306562117 ], [ -89.687297947932038, 13.88403097418699 ], [ -89.646873945057436, 13.884030974186983 ], [ -89.646873945057436, 13.870556306562124 ] ] ] } },
{ "type": "Feature", "properties": { "class_id": 2, "area_m2": 2174405.5857483507, "class_name": "Bajo", "index": "MNDWI", "min_value": null, "max_value": null }, "geometry": { "type": "Polygon", "coordinates": [ [ [ -89.754671286056364, 13.870556306562115 ], [ -89.768145953681227, 13.870556306562127 ], [ -89.768145953681227, 13.88403097418699 ], [ -89.754671286056364, 13.884030974186988 ], [ -89.754671286056364, 13.870556306562115 ] ] ] } },
{ "type": "Feature", "properties": { "class_id": 2, "area_m2": 2173701.7508479902, "class_name": "Bajo", "index": "MNDWI", "min_value": null, "max_value": null }, "geometry": { "type": "Polygon", "coordinates": [ [ [ -89.633399277432574, 13.91098030943672 ], [ -89.619924609807711, 13.910980309436722 ], [ -89.619924609807711, 13.897505641811854 ], [ -89.633399277432574, 13.897505641811854 ], [ -89.633399277432574, 13.91098030943672 ] ] ] } },
{ "type": "Feature", "properties": { "class_id": 2, "area_m2": 2173791.1523004132, "class_name": "Bajo", "index": "MNDWI", "min_value": null, "max_value": null }, "geometry": { "type": "Polygon", "coordinates": [ [ [ -89.660348612682313, 13.910980309436722 ], [ -89.646873945057436, 13.910980309436724 ], [ -89.646873945057436, 13.897505641811851 ], [ -89.660348612682313, 13.897505641811851 ], [ -89.660348612682313, 13.910980309436722 ] ] ] } },
{ "type": "Feature", "properties": { "class_id": 2, "area_m2": 2174111.2829137244, "class_name": "Bajo", "index": "MNDWI", "min_value": null, "max_value": null }, "geometry": { "type": "Polygon", "coordinates": [ [ [ -89.754671286056364, 13.91098030943672 ], [ -89.741196618431488, 13.91098030943672 ], [ -89.741196618431488, 13.897505641811851 ], [ -89.754671286056364, 13.897505641811854 ], [ -89.754671286056364, 13.91098030943672 ] ] ] } },
{ "type": "Feature", "properties": { "class_id": 2, "area_m2": 2173533.4780855402, "class_name": "Bajo", "index": "MNDWI", "min_value": null, "max_value": null }, "geometry": { "type": "Polygon", "coordinates": [ [ [ -89.619924609807711, 13.924454977061584 ], [ -89.606449942182834, 13.924454977061584 ], [ -89.606449942182834, 13.91098030943672 ], [ -89.619924609807711, 13.910980309436722 ], [ -89.619924609807711, 13.924454977061584 ] ] ] } },
{ "type": "Feature", "properties": { "class_id": 2, "area_m2": 8696606.0313723255, "class_name": "Bajo", "index": "MNDWI", "min_value": null, "max_value": null }, "geometry": { "type": "Polygon", "coordinates": [ [ [ -89.808569956555814, 13.937929644686449 ], [ -89.795095288930952, 13.937929644686443 ], [ -89.795095288930952, 13.924454977061584 ], [ -89.781620621306104, 13.924454977061588 ], [ -89.781620621306104, 13.897505641811851 ], [ -89.795095288930952, 13.897505641811852 ], [ -89.795095288930952, 13.91098030943672 ], [ -89.808569956555814, 13.91098030943672 ], [ -89.808569956555814, 13.937929644686449 ] ] ] } },
{ "type": "Feature", "properties": { "class_id": 2, "area_m2": 34773135.438599378, "class_name": "Bajo", "index": "MNDWI", "min_value": null, "max_value": null }, "geometry": { "type": "Polygon", "coordinates": [ [ [ -89.592975274557972, 13.897505641811854 ], [ -89.566025939308247, 13.897505641811854 ], [ -89.566025939308247, 13.910980309436727 ], [ -89.592975274557972, 13.91098030943672 ], [ -89.592975274557972, 13.924454977061581 ], [ -89.579500606933109, 13.924454977061581 ], [ -89.579500606933109, 13.951404312311313 ], [ -89.552551271683384, 13.951404312311311 ], [ -89.552551271683384, 13.964878979936181 ], [ -89.539076604058522, 13.964878979936181 ], [ -89.539076604058522, 13.924454977061583 ], [ -89.525601936433645, 13.924454977061579 ], [ -89.525601936433645, 13.91098030943672 ], [ -89.539076604058522, 13.910980309436722 ], [ -89.539076604058522, 13.897505641811856 ], [ -89.552551271683384, 13.897505641811852 ], [ -89.552551271683384, 13.884030974186985 ], [ -89.592975274557972, 13.88403097418699 ], [ -89.592975274557972, 13.897505641811854 ] ], [ [ -89.552551271683384, 13.91098030943672 ], [ -89.552551271683384, 13.924454977061584 ], [ -89.566025939308247, 13.924454977061583 ], [ -89.566025939308247, 13.910980309436727 ], [ -89.552551271683384, 13.91098030943672 ] ] ] } },
{ "type": "Feature", "properties": { "class_id": 2, "area_m2": 4347300.3741828166, "class_name": "Bajo", "index": "MNDWI", "min_value": null, "max_value": null }, "geometry": { "type": "Polygon", "coordinates": [ [ [ -89.673823280307161, 13.937929644686447 ], [ -89.660348612682313, 13.937929644686449 ], [ -89.660348612682313, 13.910980309436722 ], [ -89.673823280307161, 13.91098030943672 ], [ -89.673823280307161, 13.937929644686447 ] ] ] } },
{ "type": "Feature", "properties": { "class_id": 2, "area_m2": 2173365.3319012863, "class_name": "Bajo", "index": "MNDWI", "min_value": null, "max_value": null }, "geometry": { "type": "Polygon", "coordinates": [ [ [ -89.592975274557972, 13.924454977061581 ], [ -89.606449942182834, 13.924454977061584 ], [ -89.606449942182834, 13.937929644686454 ], [ -89.592975274557972, 13.937929644686454 ], [ -89.592975274557972, 13.924454977061581 ] ] ] } },
{ "type": "Feature", "properties": { "class_id": 2, "area_m2": 4345838.4689044021, "class_name": "Bajo", "index": "MNDWI", "min_value": null, "max_value": null }, "geometry": { "type": "Polygon", "coordinates": [ [ [ -89.512127268808783, 13.93792964468645 ], [ -89.525601936433645, 13.937929644686445 ], [ -89.525601936433645, 13.964878979936181 ], [ -89.512127268808783, 13.964878979936181 ], [ -89.512127268808783, 13.93792964468645 ] ] ] } },
{ "type": "Feature", "properties": { "class_id": 2, "area_m2": 2173073.0571989324, "class_name": "Bajo", "index": "MNDWI", "min_value": null, "max_value": null }, "geometry": { "type": "Polygon", "coordinates": [ [ [ -89.592975274557972, 13.964878979936181 ], [ -89.579500606933109, 13.964878979936183 ], [ -89.579500606933109, 13.951404312311313 ], [ -89.592975274557972, 13.951404312311315 ], [ -89.592975274557972, 13.964878979936181 ] ] ] } },
{ "type": "Feature", "properties": { "class_id": 2, "area_m2": 8691809.3280142788, "class_name": "Bajo", "index": "MNDWI", "min_value": null, "max_value": null }, "geometry": { "type": "Polygon", "coordinates": [ [ [ -89.592975274557972, 13.964878979936181 ], [ -89.619924609807711, 13.964878979936181 ], [ -89.619924609807711, 13.991828315185909 ], [ -89.592975274557972, 13.991828315185909 ], [ -89.592975274557972, 13.964878979936181 ] ] ] } },
{ "type": "Feature", "properties": { "class_id": 2, "area_m2": 2173116.0121862879, "class_name": "Bajo", "index": "MNDWI", "min_value": null, "max_value": null }, "geometry": { "type": "Polygon", "coordinates": [ [ [ -89.754671286056364, 14.018777650435645 ], [ -89.741196618431488, 14.018777650435641 ], [ -89.741196618431488, 14.005302982810772 ], [ -89.754671286056364, 14.005302982810772 ], [ -89.754671286056364, 14.018777650435645 ] ] ] } },
{ "type": "Feature", "properties": { "class_id": 2, "area_m2": 2171611.5802143752, "class_name": "Bajo", "index": "MNDWI", "min_value": null, "max_value": null }, "geometry": { "type": "Polygon", "coordinates": [ [ [ -89.566025939308247, 14.113100323809698 ], [ -89.552551271683384, 14.113100323809693 ], [ -89.552551271683384, 14.099625656184836 ], [ -89.566025939308247, 14.099625656184834 ], [ -89.566025939308247, 14.113100323809698 ] ] ] } },
{ "type": "Feature", "properties": { "class_id": 2, "area_m2": 8685274.9149856735, "class_name": "Bajo", "index": "MNDWI", "min_value": null, "max_value": null }, "geometry": { "type": "Polygon", "coordinates": [ [ [ -89.633399277432574, 14.153524326684295 ], [ -89.619924609807711, 14.153524326684289 ], [ -89.619924609807711, 14.180473661934025 ], [ -89.606449942182834, 14.180473661934027 ], [ -89.606449942182834, 14.140049659059427 ], [ -89.633399277432574, 14.140049659059423 ], [ -89.633399277432574, 14.153524326684295 ] ] ] } },
{ "type": "Feature", "properties": { "class_id": 2, "area_m2": 2171416.1075965101, "class_name": "Bajo", "index": "MNDWI", "min_value": null, "max_value": null }, "geometry": { "type": "Polygon", "coordinates": [ [ [ -89.660348612682313, 14.166998994309157 ], [ -89.646873945057436, 14.166998994309159 ], [ -89.646873945057436, 14.153524326684288 ], [ -89.660348612682313, 14.153524326684295 ], [ -89.660348612682313, 14.166998994309157 ] ] ] } },
{ "type": "Feature", "properties": { "class_id": 2, "area_m2": 4339469.3235288421, "class_name": "Bajo", "index": "MNDWI", "min_value": null, "max_value": null }, "geometry": { "type": "Polygon", "coordinates": [ [ [ -89.539076604058522, 14.301745670557809 ], [ -89.512127268808783, 14.301745670557811 ], [ -89.512127268808783, 14.288271002932946 ], [ -89.539076604058522, 14.288271002932948 ], [ -89.539076604058522, 14.301745670557809 ] ] ] } },
{ "type": "Feature", "properties": { "class_id": 2, "area_m2": 4352753.3833240941, "class_name": "Bajo", "index": "MNDWI", "min_value": null, "max_value": null }, "geometry": { "type": "Polygon", "coordinates": [ [ [ -89.323481922060665, 13.493265613065898 ], [ -89.336956589685542, 13.493265613065901 ], [ -89.336956589685542, 13.520214948315623 ], [ -89.323481922060665, 13.520214948315623 ], [ -89.323481922060665, 13.493265613065898 ] ] ] } },
{ "type": "Feature", "properties": { "class_id": 2, "area_m2": 2176525.491093236, "class_name": "Bajo", "index": "MNDWI", "min_value": null, "max_value": null }, "geometry": { "type": "Polygon", "coordinates": [ [ [ -89.471703265934181, 13.533689615940492 ], [ -89.485177933559058, 13.533689615940492 ], [ -89.485177933559058, 13.547164283565355 ], [ -89.471703265934181, 13.547164283565357 ], [ -89.471703265934181, 13.533689615940492 ] ] ] } },
{ "type": "Feature", "properties": { "class_id": 2, "area_m2": 2175915.7489027344, "class_name": "Bajo", "index": "MNDWI", "min_value": null, "max_value": null }, "geometry": { "type": "Polygon", "coordinates": [ [ [ -89.323481922060665, 13.560638951190217 ], [ -89.310007254435803, 13.560638951190219 ], [ -89.310007254435803, 13.547164283565358 ], [ -89.323481922060665, 13.547164283565355 ], [ -89.323481922060665, 13.560638951190217 ] ] ] } },
{ "type": "Feature", "properties": { "class_id": 2, "area_m2": 2175716.7808305044, "class_name": "Bajo", "index": "MNDWI", "min_value": null, "max_value": null }, "geometry": { "type": "Polygon", "coordinates": [ [ [ -89.29653258681094, 13.574113618815089 ], [ -89.283057919186078, 13.574113618815089 ], [ -89.283057919186078, 13.560638951190219 ], [ -89.29653258681094, 13.560638951190221 ], [ -89.29653258681094, 13.574113618815089 ] ] ] } },
{ "type": "Feature", "properties": { "class_id": 2, "area_m2": 4351795.6384351794, "class_name": "Bajo", "index": "MNDWI", "min_value": null, "max_value": null }, "geometry": { "type": "Polygon", "coordinates": [ [ [ -89.458228598309319, 13.587588286439956 ], [ -89.458228598309319, 13.61453762168968 ], [ -89.444753930684456, 13.61453762168968 ], [ -89.444753930684456, 13.587588286439953 ], [ -89.458228598309319, 13.587588286439956 ] ] ] } },
{ "type": "Feature", "properties": { "class_id": 2, "area_m2": 19584098.754278623, "class_name": "Bajo", "index": "MNDWI", "min_value": null, "max_value": null }, "geometry": { "type": "Polygon", "coordinates": [ [ [ -89.512127268808783, 13.628012289314546 ], [ -89.485177933559058, 13.628012289314546 ], [ -89.485177933559058, 13.61453762168968 ], [ -89.471703265934181, 13.61453762168968 ], [ -89.471703265934181, 13.587588286439949 ], [ -89.458228598309319, 13.587588286439956 ], [ -89.458228598309319, 13.574113618815089 ], [ -89.485177933559058, 13.574113618815089 ], [ -89.485177933559058, 13.587588286439953 ], [ -89.512127268808783, 13.587588286439953 ], [ -89.512127268808783, 13.628012289314546 ] ], [ [ -89.49865260118392, 13.614537621689681 ], [ -89.49865260118392, 13.601062954064815 ], [ -89.485177933559058, 13.601062954064819 ], [ -89.485177933559058, 13.61453762168968 ], [ -89.49865260118392, 13.614537621689681 ] ] ] } },
{ "type": "Feature", "properties": { "class_id": 2, "area_m2": 21753738.181360036, "class_name": "Bajo", "index": "MNDWI", "min_value": null, "max_value": null }, "geometry": { "type": "Polygon", "coordinates": [ [ [ -89.323481922060665, 13.614537621689685 ], [ -89.310007254435803, 13.614537621689681 ], [ -89.310007254435803, 13.641486956939412 ], [ -89.283057919186078, 13.641486956939415 ], [ -89.283057919186078, 13.601062954064824 ], [ -89.29653258681094, 13.601062954064819 ], [ -89.29653258681094, 13.574113618815089 ], [ -89.310007254435803, 13.574113618815087 ], [ -89.310007254435803, 13.587588286439958 ], [ -89.323481922060665, 13.587588286439953 ], [ -89.323481922060665, 13.614537621689685 ] ] ] } },
{ "type": "Feature", "properties": { "class_id": 2, "area_m2": 2175308.9048883743, "class_name": "Bajo", "index": "MNDWI", "min_value": null, "max_value": null }, "geometry": { "type": "Polygon", "coordinates": [ [ [ -89.363905924935267, 13.64148695693941 ], [ -89.350431257310419, 13.641486956939415 ], [ -89.350431257310419, 13.628012289314549 ], [ -89.363905924935267, 13.628012289314547 ], [ -89.363905924935267, 13.64148695693941 ] ] ] } },
{ "type": "Feature", "properties": { "class_id": 2, "area_m2": 2175431.7431557588, "class_name": "Bajo", "index": "MNDWI", "min_value": null, "max_value": null }, "geometry": { "type": "Polygon", "coordinates": [ [ [ -89.444753930684456, 13.654961624564278 ], [ -89.431279263059594, 13.65496162456428 ], [ -89.431279263059594, 13.641486956939413 ], [ -89.444753930684456, 13.641486956939413 ], [ -89.444753930684456, 13.654961624564278 ] ] ] } },
{ "type": "Feature", "properties": { "class_id": 2, "area_m2": 4349933.3915000064, "class_name": "Bajo", "index": "MNDWI", "min_value": null, "max_value": null }, "geometry": { "type": "Polygon", "coordinates": [ [ [ -89.336956589685542, 13.668436292189142 ], [ -89.310007254435803, 13.668436292189138 ], [ -89.310007254435803, 13.65496162456428 ], [ -89.336956589685542, 13.654961624564276 ], [ -89.336956589685542, 13.668436292189142 ] ] ] } },
{ "type": "Feature", "properties": { "class_id": 2, "area_m2": 17401178.551966112, "class_name": "Bajo", "index": "MNDWI", "min_value": null, "max_value": null }, "geometry": { "type": "Polygon", "coordinates": [ [ [ -89.417804595434731, 13.668436292189142 ], [ -89.404329927809869, 13.668436292189138 ], [ -89.404329927809869, 13.681910959814008 ], [ -89.390855260184992, 13.681910959814006 ], [ -89.390855260184992, 13.668436292189142 ], [ -89.377380592560129, 13.668436292189144 ], [ -89.377380592560129, 13.65496162456428 ], [ -89.363905924935267, 13.65496162456428 ], [ -89.363905924935267, 13.64148695693941 ], [ -89.417804595434731, 13.641486956939413 ], [ -89.417804595434731, 13.668436292189142 ] ] ] } },
{ "type": "Feature", "properties": { "class_id": 2, "area_m2": 2175435.3757283222, "class_name": "Bajo", "index": "MNDWI", "min_value": null, "max_value": null }, "geometry": { "type": "Polygon", "coordinates": [ [ [ -89.471703265934181, 13.654961624564274 ], [ -89.485177933559058, 13.65496162456428 ], [ -89.485177933559058, 13.66843629218914 ], [ -89.471703265934181, 13.66843629218914 ], [ -89.471703265934181, 13.654961624564274 ] ] ] } },
{ "type": "Feature", "properties": { "class_id": 2, "area_m2": 2174984.4253197676, "class_name": "Bajo", "index": "MNDWI", "min_value": null, "max_value": null }, "geometry": { "type": "Polygon", "coordinates": [ [ [ -89.377380592560129, 13.681910959814008 ], [ -89.363905924935267, 13.681910959814013 ], [ -89.363905924935267, 13.668436292189137 ], [ -89.377380592560129, 13.668436292189144 ], [ -89.377380592560129, 13.681910959814008 ] ] ] } },
{ "type": "Feature", "properties": { "class_id": 2, "area_m2": 2175398.2674394138, "class_name": "Bajo", "index": "MNDWI", "min_value": null, "max_value": null }, "geometry": { "type": "Polygon", "coordinates": [ [ [ -89.512127268808783, 13.681910959814006 ], [ -89.49865260118392, 13.681910959814006 ], [ -89.49865260118392, 13.668436292189146 ], [ -89.512127268808783, 13.668436292189146 ], [ -89.512127268808783, 13.681910959814006 ] ] ] } },
{ "type": "Feature", "properties": { "class_id": 2, "area_m2": 2174782.6505615641, "class_name": "Bajo", "index": "MNDWI", "min_value": null, "max_value": null }, "geometry": { "type": "Polygon", "coordinates": [ [ [ -89.350431257310419, 13.695385627438874 ], [ -89.336956589685542, 13.695385627438874 ], [ -89.336956589685542, 13.68191095981401 ], [ -89.350431257310419, 13.68191095981401 ], [ -89.350431257310419, 13.695385627438874 ] ] ] } },
{ "type": "Feature", "properties": { "class_id": 2, "area_m2": 2174902.9923081454, "class_name": "Bajo", "index": "MNDWI", "min_value": null, "max_value": null }, "geometry": { "type": "Polygon", "coordinates": [ [ [ -89.390855260184992, 13.695385627438879 ], [ -89.377380592560129, 13.695385627438879 ], [ -89.377380592560129, 13.681910959814008 ], [ -89.390855260184992, 13.681910959814006 ], [ -89.390855260184992, 13.695385627438879 ] ] ] } },
{ "type": "Feature", "properties": { "class_id": 2, "area_m2": 2175025.4008209589, "class_name": "Bajo", "index": "MNDWI", "min_value": null, "max_value": null }, "geometry": { "type": "Polygon", "coordinates": [ [ [ -89.431279263059594, 13.695385627438876 ], [ -89.417804595434731, 13.695385627438874 ], [ -89.417804595434731, 13.681910959814008 ], [ -89.431279263059594, 13.681910959814006 ], [ -89.431279263059594, 13.695385627438876 ] ] ] } },
{ "type": "Feature", "properties": { "class_id": 2, "area_m2": 2174821.6569492924, "class_name": "Bajo", "index": "MNDWI", "min_value": null, "max_value": null }, "geometry": { "type": "Polygon", "coordinates": [ [ [ -89.404329927809869, 13.70886029506374 ], [ -89.390855260184992, 13.70886029506374 ], [ -89.390855260184992, 13.695385627438879 ], [ -89.404329927809869, 13.695385627438874 ], [ -89.404329927809869, 13.70886029506374 ] ] ] } },
{ "type": "Feature", "properties": { "class_id": 2, "area_m2": 32626053.820259929, "class_name": "Bajo", "index": "MNDWI", "min_value": null, "max_value": null }, "geometry": { "type": "Polygon", "coordinates": [ [ [ -89.431279263059594, 13.695385627438876 ], [ -89.444753930684456, 13.695385627438876 ], [ -89.444753930684456, 13.681910959814006 ], [ -89.49865260118392, 13.681910959814006 ], [ -89.49865260118392, 13.695385627438876 ], [ -89.525601936433645, 13.695385627438872 ], [ -89.525601936433645, 13.708860295063738 ], [ -89.512127268808783, 13.70886029506374 ], [ -89.512127268808783, 13.722334962688606 ], [ -89.458228598309319, 13.722334962688603 ], [ -89.458228598309319, 13.70886029506374 ], [ -89.431279263059594, 13.708860295063744 ], [ -89.431279263059594, 13.695385627438876 ] ] ] } },
{ "type": "Feature", "properties": { "class_id": 2, "area_m2": 2174459.7179112756, "class_name": "Bajo", "index": "MNDWI", "min_value": null, "max_value": null }, "geometry": { "type": "Polygon", "coordinates": [ [ [ -89.323481922060665, 13.722334962688608 ], [ -89.310007254435803, 13.722334962688606 ], [ -89.310007254435803, 13.70886029506374 ], [ -89.323481922060665, 13.70886029506374 ], [ -89.323481922060665, 13.722334962688608 ] ] ] } },
{ "type": "Feature", "properties": { "class_id": 2, "area_m2": 65221140.998844914, "class_name": "Bajo", "index": "MNDWI", "min_value": null, "max_value": null }, "geometry": { "type": "Polygon", "coordinates": [ [ [ -89.256108583936339, 13.776233633188063 ], [ -89.269583251561215, 13.776233633188063 ], [ -89.269583251561215, 13.749284297938337 ], [ -89.283057919186078, 13.74928429793834 ], [ -89.283057919186078, 13.70886029506374 ], [ -89.269583251561215, 13.708860295063737 ], [ -89.269583251561215, 13.722334962688604 ], [ -89.242633916311476, 13.722334962688599 ], [ -89.242633916311476, 13.708860295063737 ], [ -89.256108583936339, 13.70886029506374 ], [ -89.256108583936339, 13.68191095981401 ], [ -89.269583251561215, 13.681910959814012 ], [ -89.269583251561215, 13.695385627438874 ], [ -89.283057919186078, 13.695385627438876 ], [ -89.283057919186078, 13.681910959814008 ], [ -89.310007254435803, 13.68191095981401 ], [ -89.310007254435803, 13.70886029506374 ], [ -89.29653258681094, 13.708860295063742 ], [ -89.29653258681094, 13.735809630313467 ], [ -89.310007254435803, 13.735809630313467 ], [ -89.310007254435803, 13.749284297938333 ], [ -89.323481922060665, 13.749284297938338 ], [ -89.323481922060665, 13.776233633188063 ], [ -89.310007254435803, 13.776233633188067 ], [ -89.310007254435803, 13.762758965563203 ], [ -89.29653258681094, 13.762758965563199 ], [ -89.29653258681094, 13.803182968437797 ], [ -89.336956589685542, 13.803182968437799 ], [ -89.336956589685542, 13.816657636062663 ], [ -89.310007254435803, 13.816657636062667 ], [ -89.310007254435803, 13.830132303687522 ], [ -89.283057919186078, 13.830132303687522 ], [ -89.283057919186078, 13.789708300812933 ], [ -89.256108583936339, 13.789708300812931 ], [ -89.256108583936339, 13.776233633188063 ] ] ] } },
{ "type": "Feature", "properties": { "class_id": 2, "area_m2": 2174458.3490045955, "class_name": "Bajo", "index": "MNDWI", "min_value": null, "max_value": null }, "geometry": { "type": "Polygon", "coordinates": [ [ [ -89.485177933559058, 13.77623363318807 ], [ -89.471703265934181, 13.776233633188065 ], [ -89.471703265934181, 13.762758965563203 ], [ -89.485177933559058, 13.762758965563203 ], [ -89.485177933559058, 13.77623363318807 ] ] ] } },
{ "type": "Feature", "properties": { "class_id": 2, "area_m2": 8693108.9528045859, "class_name": "Bajo", "index": "MNDWI", "min_value": null, "max_value": null }, "geometry": { "type": "Polygon", "coordinates": [ [ [ -89.310007254435803, 13.830132303687522 ], [ -89.323481922060665, 13.830132303687522 ], [ -89.323481922060665, 13.857081638937263 ], [ -89.283057919186078, 13.85708163893726 ], [ -89.283057919186078, 13.843606971312386 ], [ -89.310007254435803, 13.843606971312393 ], [ -89.310007254435803, 13.830132303687522 ] ] ] } },
{ "type": "Feature", "properties": { "class_id": 2, "area_m2": 6520902.1439414052, "class_name": "Bajo", "index": "MNDWI", "min_value": null, "max_value": null }, "geometry": { "type": "Polygon", "coordinates": [ [ [ -89.444753930684456, 13.843606971312388 ], [ -89.431279263059594, 13.84360697131239 ], [ -89.431279263059594, 13.857081638937258 ], [ -89.417804595434731, 13.85708163893726 ], [ -89.417804595434731, 13.830132303687522 ], [ -89.444753930684456, 13.830132303687519 ], [ -89.444753930684456, 13.843606971312388 ] ] ] } },
{ "type": "Feature", "properties": { "class_id": 2, "area_m2": 2173762.711598326, "class_name": "Bajo", "index": "MNDWI", "min_value": null, "max_value": null }, "geometry": { "type": "Polygon", "coordinates": [ [ [ -89.49865260118392, 13.857081638937258 ], [ -89.485177933559058, 13.857081638937258 ], [ -89.485177933559058, 13.84360697131239 ], [ -89.49865260118392, 13.843606971312392 ], [ -89.49865260118392, 13.857081638937258 ] ] ] } },
{ "type": "Feature", "properties": { "class_id": 2, "area_m2": 69560879.412218541, "class_name": "Bajo", "index": "MNDWI", "min_value": null, "max_value": null }, "geometry": { "type": "Polygon", "coordinates": [ [ [ -89.471703265934181, 13.857081638937258 ], [ -89.458228598309319, 13.857081638937263 ], [ -89.458228598309319, 13.870556306562127 ], [ -89.485177933559058, 13.870556306562122 ], [ -89.485177933559058, 13.884030974186983 ], [ -89.512127268808783, 13.88403097418699 ], [ -89.512127268808783, 13.857081638937261 ], [ -89.525601936433645, 13.857081638937258 ], [ -89.525601936433645, 13.830132303687522 ], [ -89.485177933559058, 13.830132303687526 ], [ -89.485177933559058, 13.816657636062658 ], [ -89.512127268808783, 13.816657636062667 ], [ -89.512127268808783, 13.803182968437797 ], [ -89.566025939308247, 13.803182968437801 ], [ -89.566025939308247, 13.857081638937261 ], [ -89.539076604058522, 13.857081638937267 ], [ -89.539076604058522, 13.870556306562122 ], [ -89.525601936433645, 13.87055630656212 ], [ -89.525601936433645, 13.91098030943672 ], [ -89.512127268808783, 13.910980309436722 ], [ -89.512127268808783, 13.897505641811854 ], [ -89.471703265934181, 13.897505641811852 ], [ -89.471703265934181, 13.88403097418699 ], [ -89.458228598309319, 13.884030974186993 ], [ -89.458228598309319, 13.897505641811854 ], [ -89.444753930684456, 13.897505641811849 ], [ -89.444753930684456, 13.884030974186985 ], [ -89.431279263059594, 13.884030974186986 ], [ -89.431279263059594, 13.870556306562129 ], [ -89.444753930684456, 13.870556306562124 ], [ -89.444753930684456, 13.843606971312388 ], [ -89.458228598309319, 13.843606971312393 ], [ -89.458228598309319, 13.830132303687524 ], [ -89.471703265934181, 13.830132303687524 ], [ -89.471703265934181, 13.857081638937258 ] ], [ [ -89.552551271683384, 13.830132303687524 ], [ -89.552551271683384, 13.81665763606266 ], [ -89.539076604058522, 13.816657636062661 ], [ -89.539076604058522, 13.830132303687524 ], [ -89.552551271683384, 13.830132303687524 ] ] ] } },
{ "type": "Feature", "properties": { "class_id": 2, "area_m2": 2173102.5382136232, "class_name": "Bajo", "index": "MNDWI", "min_value": null, "max_value": null }, "geometry": { "type": "Polygon", "coordinates": [ [ [ -89.404329927809869, 13.897505641811854 ], [ -89.390855260184992, 13.897505641811854 ], [ -89.390855260184992, 13.884030974186988 ], [ -89.404329927809869, 13.88403097418699 ], [ -89.404329927809869, 13.897505641811854 ] ] ] } },
{ "type": "Feature", "properties": { "class_id": 2, "area_m2": 2172898.1654113424, "class_name": "Bajo", "index": "MNDWI", "min_value": null, "max_value": null }, "geometry": { "type": "Polygon", "coordinates": [ [ [ -89.377380592560129, 13.91098030943672 ], [ -89.363905924935267, 13.910980309436717 ], [ -89.363905924935267, 13.897505641811854 ], [ -89.377380592560129, 13.897505641811852 ], [ -89.377380592560129, 13.91098030943672 ] ] ] } },
{ "type": "Feature", "properties": { "class_id": 2, "area_m2": 2172413.9784215512, "class_name": "Bajo", "index": "MNDWI", "min_value": null, "max_value": null }, "geometry": { "type": "Polygon", "coordinates": [ [ [ -89.283057919186078, 13.924454977061583 ], [ -89.29653258681094, 13.924454977061584 ], [ -89.29653258681094, 13.937929644686445 ], [ -89.283057919186078, 13.937929644686452 ], [ -89.283057919186078, 13.924454977061583 ] ] ] } },
{ "type": "Feature", "properties": { "class_id": 2, "area_m2": 47801275.145075366, "class_name": "Bajo", "index": "MNDWI", "min_value": null, "max_value": null }, "geometry": { "type": "Polygon", "coordinates": [ [ [ -89.512127268808783, 13.93792964468645 ], [ -89.49865260118392, 13.937929644686449 ], [ -89.49865260118392, 13.924454977061581 ], [ -89.485177933559058, 13.924454977061584 ], [ -89.485177933559058, 13.951404312311313 ], [ -89.471703265934181, 13.951404312311311 ], [ -89.471703265934181, 13.964878979936181 ], [ -89.458228598309319, 13.964878979936181 ], [ -89.458228598309319, 13.978353647561041 ], [ -89.431279263059594, 13.978353647561047 ], [ -89.431279263059594, 13.964878979936181 ], [ -89.404329927809869, 13.964878979936183 ], [ -89.404329927809869, 13.937929644686449 ], [ -89.390855260184992, 13.937929644686443 ], [ -89.390855260184992, 13.924454977061581 ], [ -89.377380592560129, 13.924454977061588 ], [ -89.377380592560129, 13.91098030943672 ], [ -89.404329927809869, 13.910980309436722 ], [ -89.404329927809869, 13.897505641811854 ], [ -89.417804595434731, 13.897505641811852 ], [ -89.417804595434731, 13.951404312311315 ], [ -89.444753930684456, 13.951404312311315 ], [ -89.444753930684456, 13.93792964468645 ], [ -89.471703265934181, 13.937929644686449 ], [ -89.471703265934181, 13.91098030943672 ], [ -89.512127268808783, 13.910980309436722 ], [ -89.512127268808783, 13.93792964468645 ] ] ] } },
{ "type": "Feature", "properties": { "class_id": 2, "area_m2": 4345009.1385856299, "class_name": "Bajo", "index": "MNDWI", "min_value": null, "max_value": null }, "geometry": { "type": "Polygon", "coordinates": [ [ [ -89.390855260184992, 13.964878979936181 ], [ -89.377380592560129, 13.964878979936184 ], [ -89.377380592560129, 13.937929644686447 ], [ -89.390855260184992, 13.937929644686443 ], [ -89.390855260184992, 13.964878979936181 ] ] ] } },
{ "type": "Feature", "properties": { "class_id": 2, "area_m2": 15205459.760625612, "class_name": "Bajo", "index": "MNDWI", "min_value": null, "max_value": null }, "geometry": { "type": "Polygon", "coordinates": [ [ [ -89.323481922060665, 13.97835364756105 ], [ -89.310007254435803, 13.978353647561045 ], [ -89.310007254435803, 13.964878979936181 ], [ -89.29653258681094, 13.964878979936181 ], [ -89.29653258681094, 13.937929644686445 ], [ -89.310007254435803, 13.93792964468645 ], [ -89.310007254435803, 13.951404312311315 ], [ -89.350431257310419, 13.951404312311309 ], [ -89.350431257310419, 13.97835364756104 ], [ -89.336956589685542, 13.978353647561043 ], [ -89.336956589685542, 13.964878979936183 ], [ -89.323481922060665, 13.964878979936181 ], [ -89.323481922060665, 13.97835364756105 ] ] ] } },
{ "type": "Feature", "properties": { "class_id": 2, "area_m2": 2172113.7326095267, "class_name": "Bajo", "index": "MNDWI", "min_value": null, "max_value": null }, "geometry": { "type": "Polygon", "coordinates": [ [ [ -89.363905924935267, 13.991828315185911 ], [ -89.350431257310419, 13.991828315185904 ], [ -89.350431257310419, 13.97835364756104 ], [ -89.363905924935267, 13.978353647561041 ], [ -89.363905924935267, 13.991828315185911 ] ] ] } },
{ "type": "Feature", "properties": { "class_id": 2, "area_m2": 2171200.1798207541, "class_name": "Bajo", "index": "MNDWI", "min_value": null, "max_value": null }, "geometry": { "type": "Polygon", "coordinates": [ [ [ -89.350431257310419, 14.086150988559963 ], [ -89.336956589685542, 14.086150988559965 ], [ -89.336956589685542, 14.072676320935102 ], [ -89.350431257310419, 14.072676320935102 ], [ -89.350431257310419, 14.086150988559963 ] ] ] } },
{ "type": "Feature", "properties": { "class_id": 2, "area_m2": 19533555.020948756, "class_name": "Bajo", "index": "MNDWI", "min_value": null, "max_value": null }, "geometry": { "type": "Polygon", "coordinates": [ [ [ -89.29653258681094, 14.166998994309154 ], [ -89.310007254435803, 14.166998994309161 ], [ -89.310007254435803, 14.153524326684295 ], [ -89.336956589685542, 14.153524326684298 ], [ -89.336956589685542, 14.140049659059423 ], [ -89.363905924935267, 14.140049659059427 ], [ -89.363905924935267, 14.166998994309159 ], [ -89.323481922060665, 14.166998994309159 ], [ -89.323481922060665, 14.193948329558888 ], [ -89.310007254435803, 14.193948329558886 ], [ -89.310007254435803, 14.180473661934025 ], [ -89.29653258681094, 14.180473661934025 ], [ -89.29653258681094, 14.166998994309154 ] ] ] } },
{ "type": "Feature", "properties": { "class_id": 2, "area_m2": 4340146.9179630596, "class_name": "Bajo", "index": "MNDWI", "min_value": null, "max_value": null }, "geometry": { "type": "Polygon", "coordinates": [ [ [ -89.49865260118392, 14.261321667683211 ], [ -89.485177933559058, 14.261321667683216 ], [ -89.485177933559058, 14.234372332433486 ], [ -89.49865260118392, 14.234372332433486 ], [ -89.49865260118392, 14.261321667683211 ] ] ] } },
{ "type": "Feature", "properties": { "class_id": 2, "area_m2": 2168936.6655268371, "class_name": "Bajo", "index": "MNDWI", "min_value": null, "max_value": null }, "geometry": { "type": "Polygon", "coordinates": [ [ [ -89.310007254435803, 14.315220338182677 ], [ -89.29653258681094, 14.315220338182677 ], [ -89.29653258681094, 14.301745670557812 ], [ -89.310007254435803, 14.301745670557809 ], [ -89.310007254435803, 14.315220338182677 ] ] ] } },
{ "type": "Feature", "properties": { "class_id": 2, "area_m2": 2169014.6540132952, "class_name": "Bajo", "index": "MNDWI", "min_value": null, "max_value": null }, "geometry": { "type": "Polygon", "coordinates": [ [ [ -89.323481922060665, 14.301745670557816 ], [ -89.336956589685542, 14.301745670557812 ], [ -89.336956589685542, 14.315220338182673 ], [ -89.323481922060665, 14.315220338182671 ], [ -89.323481922060665, 14.301745670557816 ] ] ] } },
{ "type": "Feature", "properties": { "class_id": 2, "area_m2": 2169459.8761934745, "class_name": "Bajo", "index": "MNDWI", "min_value": null, "max_value": null }, "geometry": { "type": "Polygon", "coordinates": [ [ [ -89.471703265934181, 14.301745670557812 ], [ -89.485177933559058, 14.301745670557816 ], [ -89.485177933559058, 14.315220338182675 ], [ -89.471703265934181, 14.315220338182669 ], [ -89.471703265934181, 14.301745670557812 ] ] ] } },
{ "type": "Feature", "properties": { "class_id": 2, "area_m2": 2168966.2389786988, "class_name": "Bajo", "index": "MNDWI", "min_value": null, "max_value": null }, "geometry": { "type": "Polygon", "coordinates": [ [ [ -89.363905924935267, 14.328695005807536 ], [ -89.350431257310419, 14.328695005807539 ], [ -89.350431257310419, 14.315220338182673 ], [ -89.363905924935267, 14.315220338182677 ], [ -89.363905924935267, 14.328695005807536 ] ] ] } },
{ "type": "Feature", "properties": { "class_id": 2, "area_m2": 6506046.3508694023, "class_name": "Bajo", "index": "MNDWI", "min_value": null, "max_value": null }, "geometry": { "type": "Polygon", "coordinates": [ [ [ -89.323481922060665, 14.342169673432409 ], [ -89.283057919186078, 14.342169673432405 ], [ -89.283057919186078, 14.328695005807541 ], [ -89.323481922060665, 14.328695005807541 ], [ -89.323481922060665, 14.342169673432409 ] ] ] } },
{ "type": "Feature", "properties": { "class_id": 2, "area_m2": 2168799.2574173454, "class_name": "Bajo", "index": "MNDWI", "min_value": null, "max_value": null }, "geometry": { "type": "Polygon", "coordinates": [ [ [ -89.350431257310419, 14.342169673432405 ], [ -89.336956589685542, 14.342169673432409 ], [ -89.336956589685542, 14.328695005807539 ], [ -89.350431257310419, 14.328695005807539 ], [ -89.350431257310419, 14.342169673432405 ] ] ] } },
{ "type": "Feature", "properties": { "class_id": 2, "area_m2": 8674238.1511096228, "class_name": "Bajo", "index": "MNDWI", "min_value": null, "max_value": null }, "geometry": { "type": "Polygon", "coordinates": [ [ [ -89.350431257310419, 14.369119008682141 ], [ -89.363905924935267, 14.369119008682141 ], [ -89.363905924935267, 14.355644341057275 ], [ -89.390855260184992, 14.355644341057268 ], [ -89.390855260184992, 14.369119008682144 ], [ -89.377380592560129, 14.369119008682137 ], [ -89.377380592560129, 14.382593676307 ], [ -89.350431257310419, 14.382593676307003 ], [ -89.350431257310419, 14.369119008682141 ] ] ] } },
{ "type": "Feature", "properties": { "class_id": 2, "area_m2": 2168488.2580221174, "class_name": "Bajo", "index": "MNDWI", "min_value": null, "max_value": null }, "geometry": { "type": "Polygon", "coordinates": [ [ [ -89.404329927809869, 14.382593676307 ], [ -89.417804595434731, 14.382593676306998 ], [ -89.417804595434731, 14.396068343931869 ], [ -89.404329927809869, 14.396068343931869 ], [ -89.404329927809869, 14.382593676307 ] ] ] } },
{ "type": "Feature", "properties": { "class_id": 2, "area_m2": 2168043.1880874583, "class_name": "Bajo", "index": "MNDWI", "min_value": null, "max_value": null }, "geometry": { "type": "Polygon", "coordinates": [ [ [ -89.310007254435803, 14.409543011556734 ], [ -89.29653258681094, 14.409543011556734 ], [ -89.29653258681094, 14.396068343931869 ], [ -89.310007254435803, 14.396068343931857 ], [ -89.310007254435803, 14.409543011556734 ] ] ] } },
{ "type": "Feature", "properties": { "class_id": 2, "area_m2": 4336842.6456681127, "class_name": "Bajo", "index": "MNDWI", "min_value": null, "max_value": null }, "geometry": { "type": "Polygon", "coordinates": [ [ [ -89.444753930684456, 14.40954301155673 ], [ -89.417804595434731, 14.409543011556739 ], [ -89.417804595434731, 14.396068343931869 ], [ -89.444753930684456, 14.396068343931869 ], [ -89.444753930684456, 14.40954301155673 ] ] ] } },
{ "type": "Feature", "properties": { "class_id": 2, "area_m2": 8673051.2297816351, "class_name": "Bajo", "index": "MNDWI", "min_value": null, "max_value": null }, "geometry": { "type": "Polygon", "coordinates": [ [ [ -89.390855260184992, 14.409543011556739 ], [ -89.417804595434731, 14.409543011556739 ], [ -89.417804595434731, 14.4230176791816 ], [ -89.377380592560129, 14.423017679181607 ], [ -89.377380592560129, 14.396068343931869 ], [ -89.390855260184992, 14.396068343931857 ], [ -89.390855260184992, 14.409543011556739 ] ] ] } },
{ "type": "Feature", "properties": { "class_id": 2, "area_m2": 4336104.0207315609, "class_name": "Bajo", "index": "MNDWI", "min_value": null, "max_value": null }, "geometry": { "type": "Polygon", "coordinates": [ [ [ -89.363905924935267, 14.409543011556734 ], [ -89.363905924935267, 14.423017679181607 ], [ -89.336956589685542, 14.4230176791816 ], [ -89.336956589685542, 14.409543011556734 ], [ -89.363905924935267, 14.409543011556734 ] ] ] } },
{ "type": "Feature", "properties": { "class_id": 2, "area_m2": 2167864.7106830422, "class_name": "Bajo", "index": "MNDWI", "min_value": null, "max_value": null }, "geometry": { "type": "Polygon", "coordinates": [ [ [ -89.323481922060665, 14.436492346806462 ], [ -89.323481922060665, 14.4230176791816 ], [ -89.336956589685542, 14.4230176791816 ], [ -89.336956589685542, 14.436492346806462 ], [ -89.323481922060665, 14.436492346806462 ] ] ] } },
{ "type": "Feature", "properties": { "class_id": 2, "area_m2": 8703281.7241012044, "class_name": "Bajo", "index": "MNDWI", "min_value": null, "max_value": null }, "geometry": { "type": "Polygon", "coordinates": [ [ [ -89.283057919186078, 13.560638951190219 ], [ -89.256108583936339, 13.560638951190221 ], [ -89.256108583936339, 13.547164283565353 ], [ -89.242633916311476, 13.547164283565353 ], [ -89.242633916311476, 13.533689615940492 ], [ -89.269583251561215, 13.533689615940492 ], [ -89.269583251561215, 13.547164283565355 ], [ -89.283057919186078, 13.547164283565355 ], [ -89.283057919186078, 13.560638951190219 ] ] ] } },
{ "type": "Feature", "properties": { "class_id": 2, "area_m2": 2175518.6406017859, "class_name": "Bajo", "index": "MNDWI", "min_value": null, "max_value": null }, "geometry": { "type": "Polygon", "coordinates": [ [ [ -89.269583251561215, 13.587588286439953 ], [ -89.256108583936339, 13.587588286439951 ], [ -89.256108583936339, 13.574113618815089 ], [ -89.269583251561215, 13.574113618815085 ], [ -89.269583251561215, 13.587588286439953 ] ] ] } },
{ "type": "Feature", "properties": { "class_id": 2, "area_m2": 4350597.7747569922, "class_name": "Bajo", "index": "MNDWI", "min_value": null, "max_value": null }, "geometry": { "type": "Polygon", "coordinates": [ [ [ -89.256108583936339, 13.614537621689683 ], [ -89.242633916311476, 13.61453762168968 ], [ -89.242633916311476, 13.587588286439953 ], [ -89.256108583936339, 13.587588286439951 ], [ -89.256108583936339, 13.614537621689683 ] ] ] } },
{ "type": "Feature", "properties": { "class_id": 2, "area_m2": 2175155.5980910435, "class_name": "Bajo", "index": "MNDWI", "min_value": null, "max_value": null }, "geometry": { "type": "Polygon", "coordinates": [ [ [ -89.256108583936339, 13.614537621689683 ], [ -89.269583251561215, 13.614537621689678 ], [ -89.269583251561215, 13.628012289314549 ], [ -89.256108583936339, 13.628012289314549 ], [ -89.256108583936339, 13.614537621689683 ] ] ] } },
{ "type": "Feature", "properties": { "class_id": 2, "area_m2": 19573691.457804482, "class_name": "Bajo", "index": "MNDWI", "min_value": null, "max_value": null }, "geometry": { "type": "Polygon", "coordinates": [ [ [ -89.242633916311476, 13.641486956939412 ], [ -89.229159248686628, 13.641486956939412 ], [ -89.229159248686628, 13.66843629218914 ], [ -89.215684581061751, 13.668436292189137 ], [ -89.215684581061751, 13.654961624564283 ], [ -89.202209913436889, 13.654961624564276 ], [ -89.202209913436889, 13.641486956939412 ], [ -89.215684581061751, 13.641486956939413 ], [ -89.215684581061751, 13.614537621689685 ], [ -89.229159248686628, 13.61453762168968 ], [ -89.229159248686628, 13.628012289314546 ], [ -89.256108583936339, 13.628012289314549 ], [ -89.256108583936339, 13.66843629218914 ], [ -89.242633916311476, 13.668436292189142 ], [ -89.242633916311476, 13.641486956939412 ] ] ] } },
{ "type": "Feature", "properties": { "class_id": 2, "area_m2": 10870130.207556259, "class_name": "Bajo", "index": "MNDWI", "min_value": null, "max_value": null }, "geometry": { "type": "Polygon", "coordinates": [ [ [ -89.053988569563359, 13.66843629218914 ], [ -89.080937904813098, 13.668436292189142 ], [ -89.080937904813098, 13.708860295063744 ], [ -89.067463237188235, 13.70886029506374 ], [ -89.067463237188235, 13.695385627438874 ], [ -89.053988569563359, 13.695385627438879 ], [ -89.053988569563359, 13.66843629218914 ] ] ] } },
{ "type": "Feature", "properties": { "class_id": 2, "area_m2": 2173899.5369739514, "class_name": "Bajo", "index": "MNDWI", "min_value": null, "max_value": null }, "geometry": { "type": "Polygon", "coordinates": [ [ [ -89.256108583936339, 13.762758965563199 ], [ -89.242633916311476, 13.762758965563203 ], [ -89.242633916311476, 13.749284297938337 ], [ -89.256108583936339, 13.749284297938337 ], [ -89.256108583936339, 13.762758965563199 ] ] ] } },
{ "type": "Feature", "properties": { "class_id": 2, "area_m2": 15213719.205292229, "class_name": "Bajo", "index": "MNDWI", "min_value": null, "max_value": null }, "geometry": { "type": "Polygon", "coordinates": [ [ [ -89.215684581061751, 13.789708300812929 ], [ -89.242633916311476, 13.789708300812933 ], [ -89.242633916311476, 13.803182968437795 ], [ -89.229159248686628, 13.803182968437797 ], [ -89.229159248686628, 13.830132303687524 ], [ -89.215684581061751, 13.83013230368752 ], [ -89.215684581061751, 13.81665763606266 ], [ -89.202209913436889, 13.816657636062663 ], [ -89.202209913436889, 13.776233633188067 ], [ -89.215684581061751, 13.776233633188067 ], [ -89.215684581061751, 13.789708300812929 ] ] ] } },
{ "type": "Feature", "properties": { "class_id": 2, "area_m2": 2173409.1315766959, "class_name": "Bajo", "index": "MNDWI", "min_value": null, "max_value": null }, "geometry": { "type": "Polygon", "coordinates": [ [ [ -89.256108583936339, 13.81665763606266 ], [ -89.242633916311476, 13.81665763606266 ], [ -89.242633916311476, 13.803182968437795 ], [ -89.256108583936339, 13.803182968437799 ], [ -89.256108583936339, 13.81665763606266 ] ] ] } },
{ "type": "Feature", "properties": { "class_id": 2, "area_m2": 2172938.8003554144, "class_name": "Bajo", "index": "MNDWI", "min_value": null, "max_value": null }, "geometry": { "type": "Polygon", "coordinates": [ [ [ -89.175260578187149, 13.843606971312392 ], [ -89.161785910562287, 13.843606971312393 ], [ -89.161785910562287, 13.830132303687522 ], [ -89.175260578187149, 13.830132303687524 ], [ -89.175260578187149, 13.843606971312392 ] ] ] } },
{ "type": "Feature", "properties": { "class_id": 2, "area_m2": 2173239.8598297662, "class_name": "Bajo", "index": "MNDWI", "min_value": null, "max_value": null }, "geometry": { "type": "Polygon", "coordinates": [ [ [ -89.283057919186078, 13.843606971312386 ], [ -89.269583251561215, 13.843606971312386 ], [ -89.269583251561215, 13.83013230368752 ], [ -89.283057919186078, 13.830132303687522 ], [ -89.283057919186078, 13.843606971312386 ] ] ] } },
{ "type": "Feature", "properties": { "class_id": 2, "area_m2": 2172476.3922958462, "class_name": "Bajo", "index": "MNDWI", "min_value": null, "max_value": null }, "geometry": { "type": "Polygon", "coordinates": [ [ [ -89.09441257243796, 13.87055630656212 ], [ -89.080937904813098, 13.870556306562124 ], [ -89.080937904813098, 13.857081638937261 ], [ -89.09441257243796, 13.85708163893726 ], [ -89.09441257243796, 13.87055630656212 ] ] ] } },
{ "type": "Feature", "properties": { "class_id": 2, "area_m2": 2172388.5395056945, "class_name": "Bajo", "index": "MNDWI", "min_value": null, "max_value": null }, "geometry": { "type": "Polygon", "coordinates": [ [ [ -89.09441257243796, 13.87055630656212 ], [ -89.107887240062837, 13.870556306562122 ], [ -89.107887240062837, 13.884030974186986 ], [ -89.09441257243796, 13.884030974186986 ], [ -89.09441257243796, 13.87055630656212 ] ] ] } },
{ "type": "Feature", "properties": { "class_id": 2, "area_m2": 4344424.2275423976, "class_name": "Bajo", "index": "MNDWI", "min_value": null, "max_value": null }, "geometry": { "type": "Polygon", "coordinates": [ [ [ -89.09441257243796, 13.897505641811854 ], [ -89.067463237188235, 13.897505641811859 ], [ -89.067463237188235, 13.884030974186986 ], [ -89.09441257243796, 13.884030974186986 ], [ -89.09441257243796, 13.897505641811854 ] ] ] } },
{ "type": "Feature", "properties": { "class_id": 2, "area_m2": 2172336.6754705179, "class_name": "Bajo", "index": "MNDWI", "min_value": null, "max_value": null }, "geometry": { "type": "Polygon", "coordinates": [ [ [ -89.134836575312562, 13.897505641811856 ], [ -89.121361907687685, 13.897505641811854 ], [ -89.121361907687685, 13.884030974186986 ], [ -89.134836575312562, 13.884030974186986 ], [ -89.134836575312562, 13.897505641811856 ] ] ] } },
{ "type": "Feature", "properties": { "class_id": 2, "area_m2": 2172499.2159612337, "class_name": "Bajo", "index": "MNDWI", "min_value": null, "max_value": null }, "geometry": { "type": "Polygon", "coordinates": [ [ [ -89.269583251561215, 13.924454977061583 ], [ -89.269583251561215, 13.91098030943672 ], [ -89.283057919186078, 13.91098030943672 ], [ -89.283057919186078, 13.924454977061583 ], [ -89.269583251561215, 13.924454977061583 ] ] ] } },
{ "type": "Feature", "properties": { "class_id": 2, "area_m2": 2172336.9751406084, "class_name": "Bajo", "index": "MNDWI", "min_value": null, "max_value": null }, "geometry": { "type": "Polygon", "coordinates": [ [ [ -89.256108583936339, 13.924454977061584 ], [ -89.269583251561215, 13.924454977061583 ], [ -89.269583251561215, 13.937929644686443 ], [ -89.256108583936339, 13.93792964468645 ], [ -89.256108583936339, 13.924454977061584 ] ] ] } },
{ "type": "Feature", "properties": { "class_id": 2, "area_m2": 6515491.623996418, "class_name": "Bajo", "index": "MNDWI", "min_value": null, "max_value": null }, "geometry": { "type": "Polygon", "coordinates": [ [ [ -89.161785910562287, 13.964878979936177 ], [ -89.134836575312562, 13.964878979936181 ], [ -89.134836575312562, 13.93792964468645 ], [ -89.148311242937424, 13.93792964468645 ], [ -89.148311242937424, 13.951404312311315 ], [ -89.161785910562287, 13.951404312311309 ], [ -89.161785910562287, 13.964878979936177 ] ] ] } },
{ "type": "Feature", "properties": { "class_id": 2, "area_m2": 2171593.6293294351, "class_name": "Bajo", "index": "MNDWI", "min_value": null, "max_value": null }, "geometry": { "type": "Polygon", "coordinates": [ [ [ -89.134836575312562, 13.978353647561043 ], [ -89.121361907687685, 13.978353647561049 ], [ -89.121361907687685, 13.964878979936183 ], [ -89.134836575312562, 13.964878979936181 ], [ -89.134836575312562, 13.978353647561043 ] ] ] } },
{ "type": "Feature", "properties": { "class_id": 2, "area_m2": 2171008.9368199962, "class_name": "Bajo", "index": "MNDWI", "min_value": null, "max_value": null }, "geometry": { "type": "Polygon", "coordinates": [ [ [ -89.053988569563359, 14.018777650435641 ], [ -89.040513901938496, 14.018777650435641 ], [ -89.040513901938496, 14.005302982810772 ], [ -89.053988569563359, 14.005302982810772 ], [ -89.053988569563359, 14.018777650435641 ] ] ] } },
{ "type": "Feature", "properties": { "class_id": 2, "area_m2": 2170953.9670427451, "class_name": "Bajo", "index": "MNDWI", "min_value": null, "max_value": null }, "geometry": { "type": "Polygon", "coordinates": [ [ [ -89.080937904813098, 14.032252318060504 ], [ -89.067463237188235, 14.032252318060504 ], [ -89.067463237188235, 14.018777650435641 ], [ -89.080937904813098, 14.018777650435641 ], [ -89.080937904813098, 14.032252318060504 ] ] ] } },
{ "type": "Feature", "properties": { "class_id": 2, "area_m2": 6513097.2462619347, "class_name": "Bajo", "index": "MNDWI", "min_value": null, "max_value": null }, "geometry": { "type": "Polygon", "coordinates": [ [ [ -89.175260578187149, 14.045726985685365 ], [ -89.188735245812012, 14.045726985685372 ], [ -89.188735245812012, 14.059201653310232 ], [ -89.161785910562287, 14.059201653310234 ], [ -89.161785910562287, 14.032252318060507 ], [ -89.175260578187149, 14.032252318060502 ], [ -89.175260578187149, 14.045726985685365 ] ] ] } },
{ "type": "Feature", "properties": { "class_id": 2, "area_m2": 2171217.0456274231, "class_name": "Bajo", "index": "MNDWI", "min_value": null, "max_value": null }, "geometry": { "type": "Polygon", "coordinates": [ [ [ -89.269583251561215, 14.059201653310234 ], [ -89.256108583936339, 14.059201653310234 ], [ -89.256108583936339, 14.045726985685365 ], [ -89.269583251561215, 14.045726985685366 ], [ -89.269583251561215, 14.059201653310234 ] ] ] } },
{ "type": "Feature", "properties": { "class_id": 2, "area_m2": 2170509.9492537486, "class_name": "Bajo", "index": "MNDWI", "min_value": null, "max_value": null }, "geometry": { "type": "Polygon", "coordinates": [ [ [ -89.053988569563359, 14.072676320935102 ], [ -89.040513901938496, 14.072676320935102 ], [ -89.040513901938496, 14.059201653310238 ], [ -89.053988569563359, 14.059201653310234 ], [ -89.053988569563359, 14.072676320935102 ] ] ] } },
{ "type": "Feature", "properties": { "class_id": 2, "area_m2": 2171053.927825775, "class_name": "Bajo", "index": "MNDWI", "min_value": null, "max_value": null }, "geometry": { "type": "Polygon", "coordinates": [ [ [ -89.256108583936339, 14.072676320935102 ], [ -89.242633916311476, 14.0726763209351 ], [ -89.242633916311476, 14.059201653310234 ], [ -89.256108583936339, 14.059201653310234 ], [ -89.256108583936339, 14.072676320935102 ] ] ] } },
{ "type": "Feature", "properties": { "class_id": 2, "area_m2": 2170489.5769879357, "class_name": "Bajo", "index": "MNDWI", "min_value": null, "max_value": null }, "geometry": { "type": "Polygon", "coordinates": [ [ [ -89.080937904813098, 14.072676320935102 ], [ -89.09441257243796, 14.072676320935102 ], [ -89.09441257243796, 14.086150988559965 ], [ -89.080937904813098, 14.086150988559965 ], [ -89.080937904813098, 14.072676320935102 ] ] ] } },
{ "type": "Feature", "properties": { "class_id": 2, "area_m2": 10853019.616720125, "class_name": "Bajo", "index": "MNDWI", "min_value": null, "max_value": null }, "geometry": { "type": "Polygon", "coordinates": [ [ [ -89.134836575312562, 14.086150988559965 ], [ -89.121361907687685, 14.086150988559972 ], [ -89.121361907687685, 14.099625656184834 ], [ -89.107887240062837, 14.099625656184831 ], [ -89.107887240062837, 14.072676320935102 ], [ -89.121361907687685, 14.072676320935102 ], [ -89.121361907687685, 14.059201653310234 ], [ -89.148311242937424, 14.059201653310234 ], [ -89.148311242937424, 14.072676320935102 ], [ -89.134836575312562, 14.0726763209351 ], [ -89.134836575312562, 14.086150988559965 ] ] ] } },
{ "type": "Feature", "properties": { "class_id": 2, "area_m2": 2170705.0755753303, "class_name": "Bajo", "index": "MNDWI", "min_value": null, "max_value": null }, "geometry": { "type": "Polygon", "coordinates": [ [ [ -89.175260578187149, 14.086150988559963 ], [ -89.161785910562287, 14.086150988559966 ], [ -89.161785910562287, 14.072676320935102 ], [ -89.175260578187149, 14.072676320935102 ], [ -89.175260578187149, 14.086150988559963 ] ] ] } },
{ "type": "Feature", "properties": { "class_id": 2, "area_m2": 2171043.7299188152, "class_name": "Bajo", "index": "MNDWI", "min_value": null, "max_value": null }, "geometry": { "type": "Polygon", "coordinates": [ [ [ -89.29653258681094, 14.086150988559966 ], [ -89.283057919186078, 14.086150988559968 ], [ -89.283057919186078, 14.072676320935102 ], [ -89.29653258681094, 14.072676320935106 ], [ -89.29653258681094, 14.086150988559966 ] ] ] } },
{ "type": "Feature", "properties": { "class_id": 2, "area_m2": 2170134.4714316861, "class_name": "Bajo", "index": "MNDWI", "min_value": null, "max_value": null }, "geometry": { "type": "Polygon", "coordinates": [ [ [ -89.053988569563359, 14.1131003238097 ], [ -89.040513901938496, 14.113100323809698 ], [ -89.040513901938496, 14.099625656184825 ], [ -89.053988569563359, 14.099625656184832 ], [ -89.053988569563359, 14.1131003238097 ] ] ] } },
{ "type": "Feature", "properties": { "class_id": 2, "area_m2": 4341168.0706601469, "class_name": "Bajo", "index": "MNDWI", "min_value": null, "max_value": null }, "geometry": { "type": "Polygon", "coordinates": [ [ [ -89.229159248686628, 14.113100323809695 ], [ -89.202209913436889, 14.113100323809698 ], [ -89.202209913436889, 14.099625656184831 ], [ -89.229159248686628, 14.099625656184831 ], [ -89.229159248686628, 14.113100323809695 ] ] ] } },
{ "type": "Feature", "properties": { "class_id": 2, "area_m2": 8682690.5093883891, "class_name": "Bajo", "index": "MNDWI", "min_value": null, "max_value": null }, "geometry": { "type": "Polygon", "coordinates": [ [ [ -89.283057919186078, 14.126574991434564 ], [ -89.256108583936339, 14.126574991434564 ], [ -89.256108583936339, 14.099625656184836 ], [ -89.283057919186078, 14.099625656184834 ], [ -89.283057919186078, 14.126574991434564 ] ] ] } },
{ "type": "Feature", "properties": { "class_id": 2, "area_m2": 6509587.1728064874, "class_name": "Bajo", "index": "MNDWI", "min_value": null, "max_value": null }, "geometry": { "type": "Polygon", "coordinates": [ [ [ -89.09441257243796, 14.166998994309155 ], [ -89.080937904813098, 14.166998994309155 ], [ -89.080937904813098, 14.126574991434561 ], [ -89.09441257243796, 14.126574991434559 ], [ -89.09441257243796, 14.166998994309155 ] ] ] } },
{ "type": "Feature", "properties": { "class_id": 2, "area_m2": 2169759.4527814509, "class_name": "Bajo", "index": "MNDWI", "min_value": null, "max_value": null }, "geometry": { "type": "Polygon", "coordinates": [ [ [ -89.242633916311476, 14.207422997183752 ], [ -89.229159248686628, 14.207422997183752 ], [ -89.229159248686628, 14.193948329558889 ], [ -89.242633916311476, 14.193948329558884 ], [ -89.242633916311476, 14.207422997183752 ] ] ] } },
{ "type": "Feature", "properties": { "class_id": 2, "area_m2": 8678757.4768022783, "class_name": "Bajo", "index": "MNDWI", "min_value": null, "max_value": null }, "geometry": { "type": "Polygon", "coordinates": [ [ [ -89.256108583936339, 14.220897664808621 ], [ -89.242633916311476, 14.220897664808618 ], [ -89.242633916311476, 14.207422997183752 ], [ -89.256108583936339, 14.20742299718375 ], [ -89.256108583936339, 14.19394832955888 ], [ -89.269583251561215, 14.193948329558882 ], [ -89.269583251561215, 14.234372332433486 ], [ -89.256108583936339, 14.234372332433486 ], [ -89.256108583936339, 14.220897664808621 ] ] ] } },
{ "type": "Feature", "properties": { "class_id": 2, "area_m2": 2169659.2141076964, "class_name": "Bajo", "index": "MNDWI", "min_value": null, "max_value": null }, "geometry": { "type": "Polygon", "coordinates": [ [ [ -89.283057919186078, 14.220897664808621 ], [ -89.29653258681094, 14.220897664808616 ], [ -89.29653258681094, 14.234372332433489 ], [ -89.283057919186078, 14.234372332433486 ], [ -89.283057919186078, 14.220897664808621 ] ] ] } },
{ "type": "Feature", "properties": { "class_id": 2, "area_m2": 60742142.86844252, "class_name": "Bajo", "index": "MNDWI", "min_value": null, "max_value": null }, "geometry": { "type": "Polygon", "coordinates": [ [ [ -89.188735245812012, 14.234372332433486 ], [ -89.215684581061751, 14.234372332433486 ], [ -89.215684581061751, 14.247847000058346 ], [ -89.175260578187149, 14.247847000058352 ], [ -89.175260578187149, 14.274796335308082 ], [ -89.161785910562287, 14.274796335308086 ], [ -89.161785910562287, 14.288271002932948 ], [ -89.148311242937424, 14.288271002932943 ], [ -89.148311242937424, 14.247847000058357 ], [ -89.134836575312562, 14.247847000058348 ], [ -89.134836575312562, 14.234372332433486 ], [ -89.148311242937424, 14.234372332433486 ], [ -89.148311242937424, 14.220897664808621 ], [ -89.134836575312562, 14.22089766480862 ], [ -89.134836575312562, 14.207422997183752 ], [ -89.148311242937424, 14.207422997183752 ], [ -89.148311242937424, 14.193948329558888 ], [ -89.161785910562287, 14.193948329558886 ], [ -89.161785910562287, 14.180473661934029 ], [ -89.215684581061751, 14.180473661934027 ], [ -89.215684581061751, 14.220897664808618 ], [ -89.188735245812012, 14.220897664808621 ], [ -89.188735245812012, 14.234372332433486 ] ], [ [ -89.175260578187149, 14.234372332433489 ], [ -89.175260578187149, 14.220897664808618 ], [ -89.161785910562287, 14.220897664808616 ], [ -89.161785910562287, 14.234372332433486 ], [ -89.175260578187149, 14.234372332433489 ] ] ] } },
{ "type": "Feature", "properties": { "class_id": 2, "area_m2": 6505733.7043151082, "class_name": "Bajo", "index": "MNDWI", "min_value": null, "max_value": null }, "geometry": { "type": "Polygon", "coordinates": [ [ [ -89.053988569563359, 14.261321667683214 ], [ -89.067463237188235, 14.261321667683212 ], [ -89.067463237188235, 14.288271002932946 ], [ -89.040513901938496, 14.288271002932946 ], [ -89.040513901938496, 14.274796335308078 ], [ -89.053988569563359, 14.274796335308082 ], [ -89.053988569563359, 14.261321667683214 ] ] ] } },
{ "type": "Feature", "properties": { "class_id": 2, "area_m2": 2168670.2726407903, "class_name": "Bajo", "index": "MNDWI", "min_value": null, "max_value": null }, "geometry": { "type": "Polygon", "coordinates": [ [ [ -89.121361907687685, 14.28827100293295 ], [ -89.107887240062837, 14.288271002932944 ], [ -89.107887240062837, 14.27479633530808 ], [ -89.121361907687685, 14.274796335308082 ], [ -89.121361907687685, 14.28827100293295 ] ] ] } },
{ "type": "Feature", "properties": { "class_id": 2, "area_m2": 4338189.3965620836, "class_name": "Bajo", "index": "MNDWI", "min_value": null, "max_value": null }, "geometry": { "type": "Polygon", "coordinates": [ [ [ -89.283057919186078, 14.288271002932946 ], [ -89.256108583936339, 14.288271002932946 ], [ -89.256108583936339, 14.274796335308078 ], [ -89.283057919186078, 14.274796335308078 ], [ -89.283057919186078, 14.288271002932946 ] ] ] } },
{ "type": "Feature", "properties": { "class_id": 2, "area_m2": 2168687.4828305035, "class_name": "Bajo", "index": "MNDWI", "min_value": null, "max_value": null }, "geometry": { "type": "Polygon", "coordinates": [ [ [ -89.175260578187149, 14.301745670557811 ], [ -89.161785910562287, 14.301745670557816 ], [ -89.161785910562287, 14.288271002932948 ], [ -89.175260578187149, 14.288271002932946 ], [ -89.175260578187149, 14.301745670557811 ] ] ] } },
{ "type": "Feature", "properties": { "class_id": 2, "area_m2": 2169025.1742821094, "class_name": "Bajo", "index": "MNDWI", "min_value": null, "max_value": null }, "geometry": { "type": "Polygon", "coordinates": [ [ [ -89.29653258681094, 14.301745670557812 ], [ -89.283057919186078, 14.301745670557811 ], [ -89.283057919186078, 14.288271002932946 ], [ -89.29653258681094, 14.288271002932943 ], [ -89.29653258681094, 14.301745670557812 ] ] ] } },
{ "type": "Feature", "properties": { "class_id": 2, "area_m2": 2168487.8561750655, "class_name": "Bajo", "index": "MNDWI", "min_value": null, "max_value": null }, "geometry": { "type": "Polygon", "coordinates": [ [ [ -89.148311242937424, 14.315220338182677 ], [ -89.134836575312562, 14.315220338182677 ], [ -89.134836575312562, 14.301745670557816 ], [ -89.148311242937424, 14.301745670557821 ], [ -89.148311242937424, 14.315220338182677 ] ] ] } },
{ "type": "Feature", "properties": { "class_id": 2, "area_m2": 4336563.829265899, "class_name": "Bajo", "index": "MNDWI", "min_value": null, "max_value": null }, "geometry": { "type": "Polygon", "coordinates": [ [ [ -89.080937904813098, 14.301745670557811 ], [ -89.09441257243796, 14.301745670557809 ], [ -89.09441257243796, 14.328695005807541 ], [ -89.080937904813098, 14.328695005807541 ], [ -89.080937904813098, 14.301745670557811 ] ] ] } },
{ "type": "Feature", "properties": { "class_id": 2, "area_m2": 2168469.7609640281, "class_name": "Bajo", "index": "MNDWI", "min_value": null, "max_value": null }, "geometry": { "type": "Polygon", "coordinates": [ [ [ -89.175260578187149, 14.315220338182671 ], [ -89.188735245812012, 14.315220338182669 ], [ -89.188735245812012, 14.328695005807536 ], [ -89.175260578187149, 14.328695005807541 ], [ -89.175260578187149, 14.315220338182671 ] ] ] } },
{ "type": "Feature", "properties": { "class_id": 2, "area_m2": 2168056.0575714032, "class_name": "Bajo", "index": "MNDWI", "min_value": null, "max_value": null }, "geometry": { "type": "Polygon", "coordinates": [ [ [ -89.080937904813098, 14.342169673432409 ], [ -89.067463237188235, 14.342169673432409 ], [ -89.067463237188235, 14.328695005807532 ], [ -89.080937904813098, 14.328695005807541 ], [ -89.080937904813098, 14.342169673432409 ] ] ] } },
{ "type": "Feature", "properties": { "class_id": 2, "area_m2": 2168269.4633705593, "class_name": "Bajo", "index": "MNDWI", "min_value": null, "max_value": null }, "geometry": { "type": "Polygon", "coordinates": [ [ [ -89.161785910562287, 14.342169673432409 ], [ -89.148311242937424, 14.342169673432409 ], [ -89.148311242937424, 14.328695005807536 ], [ -89.161785910562287, 14.328695005807536 ], [ -89.161785910562287, 14.342169673432409 ] ] ] } },
{ "type": "Feature", "properties": { "class_id": 2, "area_m2": 6504247.2241315134, "class_name": "Bajo", "index": "MNDWI", "min_value": null, "max_value": null }, "geometry": { "type": "Polygon", "coordinates": [ [ [ -89.107887240062837, 14.328695005807539 ], [ -89.121361907687685, 14.328695005807536 ], [ -89.121361907687685, 14.355644341057275 ], [ -89.09441257243796, 14.355644341057271 ], [ -89.09441257243796, 14.342169673432409 ], [ -89.107887240062837, 14.342169673432409 ], [ -89.107887240062837, 14.328695005807539 ] ] ] } },
{ "type": "Feature", "properties": { "class_id": 2, "area_m2": 80230903.803579599, "class_name": "Bajo", "index": "MNDWI", "min_value": null, "max_value": null }, "geometry": { "type": "Polygon", "coordinates": [ [ [ -89.310007254435803, 14.382593676306998 ], [ -89.310007254435803, 14.369119008682137 ], [ -89.283057919186078, 14.369119008682137 ], [ -89.283057919186078, 14.396068343931869 ], [ -89.269583251561215, 14.396068343931868 ], [ -89.269583251561215, 14.369119008682141 ], [ -89.242633916311476, 14.369119008682134 ], [ -89.242633916311476, 14.355644341057275 ], [ -89.229159248686628, 14.355644341057275 ], [ -89.229159248686628, 14.369119008682141 ], [ -89.188735245812012, 14.369119008682137 ], [ -89.188735245812012, 14.355644341057275 ], [ -89.175260578187149, 14.355644341057275 ], [ -89.175260578187149, 14.369119008682141 ], [ -89.161785910562287, 14.369119008682141 ], [ -89.161785910562287, 14.342169673432409 ], [ -89.215684581061751, 14.342169673432402 ], [ -89.215684581061751, 14.315220338182675 ], [ -89.229159248686628, 14.315220338182669 ], [ -89.229159248686628, 14.301745670557816 ], [ -89.283057919186078, 14.301745670557811 ], [ -89.283057919186078, 14.328695005807541 ], [ -89.269583251561215, 14.328695005807536 ], [ -89.269583251561215, 14.342169673432405 ], [ -89.283057919186078, 14.342169673432405 ], [ -89.283057919186078, 14.355644341057275 ], [ -89.323481922060665, 14.355644341057275 ], [ -89.323481922060665, 14.342169673432409 ], [ -89.336956589685542, 14.342169673432409 ], [ -89.336956589685542, 14.355644341057275 ], [ -89.350431257310419, 14.355644341057275 ], [ -89.350431257310419, 14.369119008682141 ], [ -89.323481922060665, 14.369119008682141 ], [ -89.323481922060665, 14.382593676306998 ], [ -89.310007254435803, 14.382593676306998 ] ], [ [ -89.229159248686628, 14.328695005807539 ], [ -89.242633916311476, 14.328695005807536 ], [ -89.242633916311476, 14.315220338182677 ], [ -89.229159248686628, 14.315220338182669 ], [ -89.229159248686628, 14.328695005807539 ] ] ] } },
{ "type": "Feature", "properties": { "class_id": 2, "area_m2": 4352889.9104423895, "class_name": "Bajo", "index": "MNDWI", "min_value": null, "max_value": null }, "geometry": { "type": "Polygon", "coordinates": [ [ [ -88.380255188320106, 13.250721595818325 ], [ -88.353305853070367, 13.25072159581832 ], [ -88.353305853070367, 13.237246928193453 ], [ -88.380255188320106, 13.237246928193453 ], [ -88.380255188320106, 13.250721595818325 ] ] ] } },
{ "type": "Feature", "properties": { "class_id": 2, "area_m2": 2176760.4164845622, "class_name": "Bajo", "index": "MNDWI", "min_value": null, "max_value": null }, "geometry": { "type": "Polygon", "coordinates": [ [ [ -88.771020549441189, 13.304620266317778 ], [ -88.757545881816327, 13.304620266317787 ], [ -88.757545881816327, 13.291145598692918 ], [ -88.771020549441189, 13.291145598692916 ], [ -88.771020549441189, 13.304620266317778 ] ] ] } },
{ "type": "Feature", "properties": { "class_id": 2, "area_m2": 6526732.6888447003, "class_name": "Bajo", "index": "MNDWI", "min_value": null, "max_value": null }, "geometry": { "type": "Polygon", "coordinates": [ [ [ -88.218559176821714, 13.304620266317785 ], [ -88.245508512071453, 13.304620266317784 ], [ -88.245508512071453, 13.331569601567507 ], [ -88.23203384444659, 13.331569601567512 ], [ -88.23203384444659, 13.318094933942648 ], [ -88.218559176821714, 13.318094933942648 ], [ -88.218559176821714, 13.304620266317785 ] ] ] } },
{ "type": "Feature", "properties": { "class_id": 2, "area_m2": 2176114.7864676481, "class_name": "Bajo", "index": "MNDWI", "min_value": null, "max_value": null }, "geometry": { "type": "Polygon", "coordinates": [ [ [ -88.838393887565516, 13.385468272066975 ], [ -88.851868555190393, 13.385468272066969 ], [ -88.851868555190393, 13.398942939691837 ], [ -88.838393887565516, 13.398942939691841 ], [ -88.838393887565516, 13.385468272066975 ] ] ] } },
{ "type": "Feature", "properties": { "class_id": 2, "area_m2": 8703184.4731691033, "class_name": "Bajo", "index": "MNDWI", "min_value": null, "max_value": null }, "geometry": { "type": "Polygon", "coordinates": [ [ [ -88.757545881816327, 13.412417607316701 ], [ -88.744071214191464, 13.412417607316707 ], [ -88.744071214191464, 13.398942939691842 ], [ -88.757545881816327, 13.398942939691841 ], [ -88.757545881816327, 13.385468272066971 ], [ -88.771020549441189, 13.385468272066969 ], [ -88.771020549441189, 13.425892274941569 ], [ -88.757545881816327, 13.425892274941575 ], [ -88.757545881816327, 13.412417607316701 ] ] ] } },
{ "type": "Feature", "properties": { "class_id": 2, "area_m2": 4350939.0113733709, "class_name": "Bajo", "index": "MNDWI", "min_value": null, "max_value": null }, "geometry": { "type": "Polygon", "coordinates": [ [ [ -88.730596546566602, 13.439366942566435 ], [ -88.703647211316863, 13.439366942566432 ], [ -88.703647211316863, 13.425892274941571 ], [ -88.730596546566602, 13.425892274941569 ], [ -88.730596546566602, 13.439366942566435 ] ] ] } },
{ "type": "Feature", "properties": { "class_id": 2, "area_m2": 4347277.4538573399, "class_name": "Bajo", "index": "MNDWI", "min_value": null, "max_value": null }, "geometry": { "type": "Polygon", "coordinates": [ [ [ -88.218559176821714, 13.547164283565357 ], [ -88.205084509196851, 13.547164283565353 ], [ -88.205084509196851, 13.520214948315623 ], [ -88.218559176821714, 13.520214948315628 ], [ -88.218559176821714, 13.547164283565357 ] ] ] } },
{ "type": "Feature", "properties": { "class_id": 2, "area_m2": 2174113.6024280898, "class_name": "Bajo", "index": "MNDWI", "min_value": null, "max_value": null }, "geometry": { "type": "Polygon", "coordinates": [ [ [ -88.649748540817413, 13.57411361881509 ], [ -88.636273873192536, 13.574113618815083 ], [ -88.636273873192536, 13.560638951190226 ], [ -88.649748540817413, 13.560638951190219 ], [ -88.649748540817413, 13.57411361881509 ] ] ] } },
{ "type": "Feature", "properties": { "class_id": 2, "area_m2": 6520151.5605983231, "class_name": "Bajo", "index": "MNDWI", "min_value": null, "max_value": null }, "geometry": { "type": "Polygon", "coordinates": [ [ [ -88.353305853070367, 13.587588286439953 ], [ -88.366780520695244, 13.587588286439953 ], [ -88.366780520695244, 13.601062954064815 ], [ -88.339831185445505, 13.601062954064814 ], [ -88.339831185445505, 13.574113618815087 ], [ -88.353305853070367, 13.574113618815085 ], [ -88.353305853070367, 13.587588286439953 ] ] ] } },
{ "type": "Feature", "properties": { "class_id": 2, "area_m2": 8695400.8843937796, "class_name": "Bajo", "index": "MNDWI", "min_value": null, "max_value": null }, "geometry": { "type": "Polygon", "coordinates": [ [ [ -88.609324537942811, 13.601062954064822 ], [ -88.582375202693086, 13.601062954064817 ], [ -88.582375202693086, 13.587588286439953 ], [ -88.595849870317949, 13.587588286439955 ], [ -88.595849870317949, 13.574113618815089 ], [ -88.622799205567674, 13.574113618815087 ], [ -88.622799205567674, 13.587588286439953 ], [ -88.609324537942811, 13.587588286439955 ], [ -88.609324537942811, 13.601062954064822 ] ] ] } },
{ "type": "Feature", "properties": { "class_id": 2, "area_m2": 2173588.5411414769, "class_name": "Bajo", "index": "MNDWI", "min_value": null, "max_value": null }, "geometry": { "type": "Polygon", "coordinates": [ [ [ -88.568900535068209, 13.614537621689683 ], [ -88.555425867443347, 13.614537621689689 ], [ -88.555425867443347, 13.601062954064819 ], [ -88.568900535068209, 13.601062954064822 ], [ -88.568900535068209, 13.614537621689683 ] ] ] } },
{ "type": "Feature", "properties": { "class_id": 2, "area_m2": 6518994.1932354802, "class_name": "Bajo", "index": "MNDWI", "min_value": null, "max_value": null }, "geometry": { "type": "Polygon", "coordinates": [ [ [ -88.407204523569831, 13.628012289314549 ], [ -88.420679191194694, 13.628012289314549 ], [ -88.420679191194694, 13.65496162456428 ], [ -88.393729855944969, 13.654961624564281 ], [ -88.393729855944969, 13.641486956939412 ], [ -88.407204523569831, 13.641486956939415 ], [ -88.407204523569831, 13.628012289314549 ] ] ] } },
{ "type": "Feature", "properties": { "class_id": 2, "area_m2": 2172741.6013662079, "class_name": "Bajo", "index": "MNDWI", "min_value": null, "max_value": null }, "geometry": { "type": "Polygon", "coordinates": [ [ [ -88.28593251494604, 13.641486956939413 ], [ -88.299407182570931, 13.641486956939412 ], [ -88.299407182570931, 13.65496162456428 ], [ -88.28593251494604, 13.654961624564283 ], [ -88.28593251494604, 13.641486956939413 ] ] ] } },
{ "type": "Feature", "properties": { "class_id": 2, "area_m2": 2172634.8122882419, "class_name": "Bajo", "index": "MNDWI", "min_value": null, "max_value": null }, "geometry": { "type": "Polygon", "coordinates": [ [ [ -88.366780520695244, 13.66843629218914 ], [ -88.380255188320106, 13.66843629218914 ], [ -88.380255188320106, 13.681910959814006 ], [ -88.366780520695244, 13.681910959814008 ], [ -88.366780520695244, 13.66843629218914 ] ] ] } },
{ "type": "Feature", "properties": { "class_id": 2, "area_m2": 17382331.981730089, "class_name": "Bajo", "index": "MNDWI", "min_value": null, "max_value": null }, "geometry": { "type": "Polygon", "coordinates": [ [ [ -88.43415385881957, 13.68191095981401 ], [ -88.461103194069295, 13.68191095981401 ], [ -88.461103194069295, 13.66843629218914 ], [ -88.474577861694158, 13.66843629218914 ], [ -88.474577861694158, 13.695385627438876 ], [ -88.420679191194694, 13.695385627438874 ], [ -88.420679191194694, 13.65496162456428 ], [ -88.447628526444433, 13.654961624564276 ], [ -88.447628526444433, 13.66843629218914 ], [ -88.43415385881957, 13.66843629218914 ], [ -88.43415385881957, 13.68191095981401 ] ] ] } },
{ "type": "Feature", "properties": { "class_id": 2, "area_m2": 2173036.561668992, "class_name": "Bajo", "index": "MNDWI", "min_value": null, "max_value": null }, "geometry": { "type": "Polygon", "coordinates": [ [ [ -88.595849870317949, 13.681910959814006 ], [ -88.582375202693086, 13.681910959814008 ], [ -88.582375202693086, 13.668436292189142 ], [ -88.595849870317949, 13.66843629218914 ], [ -88.595849870317949, 13.681910959814006 ] ] ] } },
{ "type": "Feature", "properties": { "class_id": 2, "area_m2": 2173225.2524188617, "class_name": "Bajo", "index": "MNDWI", "min_value": null, "max_value": null }, "geometry": { "type": "Polygon", "coordinates": [ [ [ -88.744071214191464, 13.695385627438876 ], [ -88.730596546566602, 13.695385627438874 ], [ -88.730596546566602, 13.68191095981401 ], [ -88.744071214191464, 13.681910959814008 ], [ -88.744071214191464, 13.695385627438876 ] ] ] } },
{ "type": "Feature", "properties": { "class_id": 2, "area_m2": 4344590.700486077, "class_name": "Bajo", "index": "MNDWI", "min_value": null, "max_value": null }, "geometry": { "type": "Polygon", "coordinates": [ [ [ -88.272457847321178, 13.68191095981401 ], [ -88.28593251494604, 13.681910959814005 ], [ -88.28593251494604, 13.708860295063735 ], [ -88.272457847321178, 13.708860295063742 ], [ -88.272457847321178, 13.68191095981401 ] ] ] } },
{ "type": "Feature", "properties": { "class_id": 2, "area_m2": 15217685.687601451, "class_name": "Bajo", "index": "MNDWI", "min_value": null, "max_value": null }, "geometry": { "type": "Polygon", "coordinates": [ [ [ -88.986615231439046, 13.695385627438872 ], [ -89.000089899063909, 13.695385627438876 ], [ -89.000089899063909, 13.681910959814006 ], [ -89.027039234313634, 13.68191095981401 ], [ -89.027039234313634, 13.695385627438874 ], [ -89.053988569563359, 13.695385627438879 ], [ -89.053988569563359, 13.70886029506374 ], [ -88.986615231439046, 13.708860295063738 ], [ -88.986615231439046, 13.695385627438872 ] ] ] } },
{ "type": "Feature", "properties": { "class_id": 2, "area_m2": 2173016.3248352655, "class_name": "Bajo", "index": "MNDWI", "min_value": null, "max_value": null }, "geometry": { "type": "Polygon", "coordinates": [ [ [ -88.703647211316863, 13.70886029506374 ], [ -88.690172543692, 13.70886029506374 ], [ -88.690172543692, 13.695385627438876 ], [ -88.703647211316863, 13.695385627438879 ], [ -88.703647211316863, 13.70886029506374 ] ] ] } },
{ "type": "Feature", "properties": { "class_id": 2, "area_m2": 99942169.552417099, "class_name": "Bajo", "index": "MNDWI", "min_value": null, "max_value": null }, "geometry": { "type": "Polygon", "coordinates": [ [ [ -88.528476532193622, 13.681910959814012 ], [ -88.582375202693086, 13.681910959814008 ], [ -88.582375202693086, 13.695385627438874 ], [ -88.609324537942811, 13.695385627438874 ], [ -88.609324537942811, 13.708860295063735 ], [ -88.622799205567674, 13.70886029506374 ], [ -88.622799205567674, 13.66843629218914 ], [ -88.663223208442275, 13.668436292189142 ], [ -88.663223208442275, 13.65496162456428 ], [ -88.676697876067138, 13.65496162456428 ], [ -88.676697876067138, 13.668436292189137 ], [ -88.690172543692, 13.668436292189146 ], [ -88.690172543692, 13.68191095981401 ], [ -88.663223208442275, 13.68191095981401 ], [ -88.663223208442275, 13.695385627438874 ], [ -88.649748540817413, 13.695385627438876 ], [ -88.649748540817413, 13.708860295063744 ], [ -88.676697876067138, 13.708860295063738 ], [ -88.676697876067138, 13.722334962688606 ], [ -88.636273873192536, 13.722334962688606 ], [ -88.636273873192536, 13.749284297938337 ], [ -88.609324537942811, 13.749284297938335 ], [ -88.609324537942811, 13.762758965563195 ], [ -88.582375202693086, 13.762758965563199 ], [ -88.582375202693086, 13.749284297938337 ], [ -88.568900535068209, 13.749284297938337 ], [ -88.568900535068209, 13.762758965563199 ], [ -88.555425867443347, 13.762758965563199 ], [ -88.555425867443347, 13.776233633188067 ], [ -88.541951199818484, 13.776233633188069 ], [ -88.541951199818484, 13.762758965563199 ], [ -88.528476532193622, 13.762758965563203 ], [ -88.528476532193622, 13.776233633188063 ], [ -88.51500186456876, 13.776233633188065 ], [ -88.51500186456876, 13.762758965563203 ], [ -88.501527196943883, 13.762758965563197 ], [ -88.501527196943883, 13.749284297938337 ], [ -88.541951199818484, 13.749284297938337 ], [ -88.541951199818484, 13.735809630313474 ], [ -88.582375202693086, 13.735809630313467 ], [ -88.582375202693086, 13.72233496268861 ], [ -88.568900535068209, 13.722334962688606 ], [ -88.568900535068209, 13.695385627438876 ], [ -88.528476532193622, 13.695385627438876 ], [ -88.528476532193622, 13.681910959814012 ] ] ] } },
{ "type": "Feature", "properties": { "class_id": 2, "area_m2": 8689889.6288958676, "class_name": "Bajo", "index": "MNDWI", "min_value": null, "max_value": null }, "geometry": { "type": "Polygon", "coordinates": [ [ [ -88.51500186456876, 13.70886029506374 ], [ -88.528476532193622, 13.708860295063744 ], [ -88.528476532193622, 13.735809630313472 ], [ -88.48805252931902, 13.735809630313467 ], [ -88.48805252931902, 13.722334962688603 ], [ -88.51500186456876, 13.722334962688606 ], [ -88.51500186456876, 13.70886029506374 ] ] ] } },
{ "type": "Feature", "properties": { "class_id": 2, "area_m2": 2172219.4277490019, "class_name": "Bajo", "index": "MNDWI", "min_value": null, "max_value": null }, "geometry": { "type": "Polygon", "coordinates": [ [ [ -88.407204523569831, 13.722334962688601 ], [ -88.420679191194694, 13.722334962688601 ], [ -88.420679191194694, 13.73580963031347 ], [ -88.407204523569831, 13.735809630313467 ], [ -88.407204523569831, 13.722334962688601 ] ] ] } },
{ "type": "Feature", "properties": { "class_id": 2, "area_m2": 4343406.2256633658, "class_name": "Bajo", "index": "MNDWI", "min_value": null, "max_value": null }, "geometry": { "type": "Polygon", "coordinates": [ [ [ -88.205084509196851, 13.735809630313467 ], [ -88.218559176821714, 13.735809630313472 ], [ -88.218559176821714, 13.762758965563197 ], [ -88.205084509196851, 13.762758965563203 ], [ -88.205084509196851, 13.735809630313467 ] ] ] } },
{ "type": "Feature", "properties": { "class_id": 2, "area_m2": 4343388.4744297508, "class_name": "Bajo", "index": "MNDWI", "min_value": null, "max_value": null }, "geometry": { "type": "Polygon", "coordinates": [ [ [ -88.23203384444659, 13.762758965563199 ], [ -88.23203384444659, 13.749284297938337 ], [ -88.258983179696315, 13.749284297938337 ], [ -88.258983179696315, 13.762758965563203 ], [ -88.23203384444659, 13.762758965563199 ] ] ] } },
{ "type": "Feature", "properties": { "class_id": 2, "area_m2": 2171540.7734953882, "class_name": "Bajo", "index": "MNDWI", "min_value": null, "max_value": null }, "geometry": { "type": "Polygon", "coordinates": [ [ [ -88.23203384444659, 13.762758965563199 ], [ -88.23203384444659, 13.776233633188067 ], [ -88.218559176821714, 13.776233633188067 ], [ -88.218559176821714, 13.762758965563197 ], [ -88.23203384444659, 13.762758965563199 ] ] ] } },
{ "type": "Feature", "properties": { "class_id": 2, "area_m2": 6514941.6147279246, "class_name": "Bajo", "index": "MNDWI", "min_value": null, "max_value": null }, "geometry": { "type": "Polygon", "coordinates": [ [ [ -88.299407182570931, 13.789708300812933 ], [ -88.28593251494604, 13.789708300812933 ], [ -88.28593251494604, 13.749284297938337 ], [ -88.299407182570931, 13.749284297938337 ], [ -88.299407182570931, 13.789708300812933 ] ] ] } },
{ "type": "Feature", "properties": { "class_id": 2, "area_m2": 2171439.4666230618, "class_name": "Bajo", "index": "MNDWI", "min_value": null, "max_value": null }, "geometry": { "type": "Polygon", "coordinates": [ [ [ -88.245508512071453, 13.789708300812933 ], [ -88.23203384444659, 13.789708300812931 ], [ -88.23203384444659, 13.776233633188067 ], [ -88.245508512071453, 13.776233633188069 ], [ -88.245508512071453, 13.789708300812933 ] ] ] } },
{ "type": "Feature", "properties": { "class_id": 2, "area_m2": 2171534.8229132202, "class_name": "Bajo", "index": "MNDWI", "min_value": null, "max_value": null }, "geometry": { "type": "Polygon", "coordinates": [ [ [ -88.447628526444433, 13.816657636062663 ], [ -88.43415385881957, 13.816657636062663 ], [ -88.43415385881957, 13.803182968437797 ], [ -88.447628526444433, 13.803182968437797 ], [ -88.447628526444433, 13.816657636062663 ] ] ] } },
{ "type": "Feature", "properties": { "class_id": 2, "area_m2": 2170928.8133736537, "class_name": "Bajo", "index": "MNDWI", "min_value": null, "max_value": null }, "geometry": { "type": "Polygon", "coordinates": [ [ [ -88.23203384444659, 13.843606971312392 ], [ -88.218559176821714, 13.843606971312393 ], [ -88.218559176821714, 13.830132303687524 ], [ -88.23203384444659, 13.830132303687527 ], [ -88.23203384444659, 13.843606971312392 ] ] ] } },
{ "type": "Feature", "properties": { "class_id": 2, "area_m2": 2170767.8866116866, "class_name": "Bajo", "index": "MNDWI", "min_value": null, "max_value": null }, "geometry": { "type": "Polygon", "coordinates": [ [ [ -88.28593251494604, 13.870556306562127 ], [ -88.272457847321178, 13.870556306562124 ], [ -88.272457847321178, 13.857081638937258 ], [ -88.28593251494604, 13.857081638937261 ], [ -88.28593251494604, 13.870556306562127 ] ] ] } },
{ "type": "Feature", "properties": { "class_id": 2, "area_m2": 17378908.871175721, "class_name": "Bajo", "index": "MNDWI", "min_value": null, "max_value": null }, "geometry": { "type": "Polygon", "coordinates": [ [ [ -89.040513901938496, 13.857081638937258 ], [ -89.067463237188235, 13.857081638937258 ], [ -89.067463237188235, 13.884030974186986 ], [ -89.053988569563359, 13.884030974186988 ], [ -89.053988569563359, 13.870556306562122 ], [ -89.013564566688771, 13.870556306562118 ], [ -89.013564566688771, 13.85708163893726 ], [ -89.000089899063909, 13.85708163893726 ], [ -89.000089899063909, 13.84360697131239 ], [ -89.040513901938496, 13.843606971312386 ], [ -89.040513901938496, 13.857081638937258 ] ] ] } },
{ "type": "Feature", "properties": { "class_id": 2, "area_m2": 15193918.825428197, "class_name": "Bajo", "index": "MNDWI", "min_value": null, "max_value": null }, "geometry": { "type": "Polygon", "coordinates": [ [ [ -88.205084509196851, 13.85708163893726 ], [ -88.218559176821714, 13.857081638937263 ], [ -88.218559176821714, 13.870556306562124 ], [ -88.245508512071453, 13.87055630656212 ], [ -88.245508512071453, 13.88403097418699 ], [ -88.23203384444659, 13.88403097418699 ], [ -88.23203384444659, 13.897505641811851 ], [ -88.218559176821714, 13.897505641811851 ], [ -88.218559176821714, 13.884030974186993 ], [ -88.17813517394714, 13.884030974186985 ], [ -88.17813517394714, 13.870556306562113 ], [ -88.205084509196851, 13.870556306562122 ], [ -88.205084509196851, 13.85708163893726 ] ] ] } },
{ "type": "Feature", "properties": { "class_id": 2, "area_m2": 2171511.934885825, "class_name": "Bajo", "index": "MNDWI", "min_value": null, "max_value": null }, "geometry": { "type": "Polygon", "coordinates": [ [ [ -88.744071214191464, 13.88403097418699 ], [ -88.730596546566602, 13.884030974186986 ], [ -88.730596546566602, 13.870556306562127 ], [ -88.744071214191464, 13.870556306562124 ], [ -88.744071214191464, 13.88403097418699 ] ] ] } },
{ "type": "Feature", "properties": { "class_id": 2, "area_m2": 10860526.513503244, "class_name": "Bajo", "index": "MNDWI", "min_value": null, "max_value": null }, "geometry": { "type": "Polygon", "coordinates": [ [ [ -88.973140563814169, 13.85708163893726 ], [ -89.000089899063909, 13.85708163893726 ], [ -89.000089899063909, 13.897505641811854 ], [ -88.986615231439046, 13.897505641811859 ], [ -88.986615231439046, 13.884030974186985 ], [ -88.973140563814169, 13.884030974186985 ], [ -88.973140563814169, 13.85708163893726 ] ] ] } },
{ "type": "Feature", "properties": { "class_id": 2, "area_m2": 6514980.7234813506, "class_name": "Bajo", "index": "MNDWI", "min_value": null, "max_value": null }, "geometry": { "type": "Polygon", "coordinates": [ [ [ -89.000089899063909, 13.924454977061584 ], [ -88.986615231439046, 13.924454977061588 ], [ -88.986615231439046, 13.937929644686445 ], [ -88.973140563814169, 13.937929644686445 ], [ -88.973140563814169, 13.91098030943672 ], [ -89.000089899063909, 13.910980309436725 ], [ -89.000089899063909, 13.924454977061584 ] ] ] } },
{ "type": "Feature", "properties": { "class_id": 2, "area_m2": 2171012.6993464958, "class_name": "Bajo", "index": "MNDWI", "min_value": null, "max_value": null }, "geometry": { "type": "Polygon", "coordinates": [ [ [ -88.851868555190393, 13.964878979936181 ], [ -88.838393887565516, 13.964878979936181 ], [ -88.838393887565516, 13.951404312311309 ], [ -88.851868555190393, 13.951404312311315 ], [ -88.851868555190393, 13.964878979936181 ] ] ] } },
{ "type": "Feature", "properties": { "class_id": 2, "area_m2": 2171302.5372351003, "class_name": "Bajo", "index": "MNDWI", "min_value": null, "max_value": null }, "geometry": { "type": "Polygon", "coordinates": [ [ [ -88.973140563814169, 13.964878979936181 ], [ -88.959665896189307, 13.964878979936181 ], [ -88.959665896189307, 13.951404312311311 ], [ -88.973140563814169, 13.951404312311315 ], [ -88.973140563814169, 13.964878979936181 ] ] ] } },
{ "type": "Feature", "properties": { "class_id": 2, "area_m2": 2169675.4972035005, "class_name": "Bajo", "index": "MNDWI", "min_value": null, "max_value": null }, "geometry": { "type": "Polygon", "coordinates": [ [ [ -88.218559176821714, 13.978353647561041 ], [ -88.205084509196851, 13.978353647561047 ], [ -88.205084509196851, 13.964878979936184 ], [ -88.218559176821714, 13.964878979936181 ], [ -88.218559176821714, 13.978353647561041 ] ] ] } },
{ "type": "Feature", "properties": { "class_id": 2, "area_m2": 6512389.0267020315, "class_name": "Bajo", "index": "MNDWI", "min_value": null, "max_value": null }, "geometry": { "type": "Polygon", "coordinates": [ [ [ -88.824919219940654, 13.978353647561043 ], [ -88.784495217066066, 13.97835364756104 ], [ -88.784495217066066, 13.964878979936181 ], [ -88.824919219940654, 13.964878979936181 ], [ -88.824919219940654, 13.978353647561043 ] ] ] } },
{ "type": "Feature", "properties": { "class_id": 2, "area_m2": 4341467.3602461414, "class_name": "Bajo", "index": "MNDWI", "min_value": null, "max_value": null }, "geometry": { "type": "Polygon", "coordinates": [ [ [ -88.851868555190393, 13.978353647561047 ], [ -88.865343222815255, 13.978353647561047 ], [ -88.865343222815255, 14.005302982810774 ], [ -88.851868555190393, 14.005302982810777 ], [ -88.851868555190393, 13.978353647561047 ] ] ] } },
{ "type": "Feature", "properties": { "class_id": 2, "area_m2": 4342185.5853778766, "class_name": "Bajo", "index": "MNDWI", "min_value": null, "max_value": null }, "geometry": { "type": "Polygon", "coordinates": [ [ [ -89.000089899063909, 13.978353647561045 ], [ -89.013564566688771, 13.978353647561041 ], [ -89.013564566688771, 14.005302982810774 ], [ -89.000089899063909, 14.005302982810777 ], [ -89.000089899063909, 13.978353647561045 ] ] ] } },
{ "type": "Feature", "properties": { "class_id": 2, "area_m2": 8682361.2201277968, "class_name": "Bajo", "index": "MNDWI", "min_value": null, "max_value": null }, "geometry": { "type": "Polygon", "coordinates": [ [ [ -89.013564566688771, 14.059201653310234 ], [ -88.973140563814169, 14.059201653310234 ], [ -88.973140563814169, 14.045726985685365 ], [ -88.986615231439046, 14.04572698568537 ], [ -88.986615231439046, 14.032252318060507 ], [ -89.000089899063909, 14.032252318060511 ], [ -89.000089899063909, 14.045726985685366 ], [ -89.013564566688771, 14.045726985685366 ], [ -89.013564566688771, 14.059201653310234 ] ] ] } },
{ "type": "Feature", "properties": { "class_id": 2, "area_m2": 132368304.38910608, "class_name": "Bajo", "index": "MNDWI", "min_value": null, "max_value": null }, "geometry": { "type": "Polygon", "coordinates": [ [ [ -88.851868555190393, 14.04572698568537 ], [ -88.865343222815255, 14.045726985685368 ], [ -88.865343222815255, 14.032252318060506 ], [ -88.89229255806498, 14.032252318060502 ], [ -88.89229255806498, 14.059201653310234 ], [ -88.865343222815255, 14.059201653310238 ], [ -88.865343222815255, 14.072676320935102 ], [ -88.878817890440118, 14.072676320935102 ], [ -88.878817890440118, 14.140049659059429 ], [ -88.865343222815255, 14.140049659059429 ], [ -88.865343222815255, 14.113100323809698 ], [ -88.838393887565516, 14.113100323809695 ], [ -88.838393887565516, 14.099625656184831 ], [ -88.811444552315791, 14.099625656184834 ], [ -88.811444552315791, 14.086150988559966 ], [ -88.797969884690929, 14.086150988559968 ], [ -88.797969884690929, 14.099625656184834 ], [ -88.771020549441189, 14.099625656184831 ], [ -88.771020549441189, 14.086150988559968 ], [ -88.744071214191464, 14.086150988559968 ], [ -88.744071214191464, 14.099625656184834 ], [ -88.730596546566602, 14.099625656184834 ], [ -88.730596546566602, 14.086150988559966 ], [ -88.71712187894174, 14.086150988559966 ], [ -88.71712187894174, 14.045726985685366 ], [ -88.690172543692, 14.04572698568537 ], [ -88.690172543692, 14.005302982810772 ], [ -88.676697876067138, 14.005302982810774 ], [ -88.676697876067138, 13.991828315185911 ], [ -88.690172543692, 13.991828315185913 ], [ -88.690172543692, 13.964878979936183 ], [ -88.730596546566602, 13.964878979936177 ], [ -88.730596546566602, 13.978353647561045 ], [ -88.71712187894174, 13.978353647561047 ], [ -88.71712187894174, 13.991828315185911 ], [ -88.757545881816327, 13.991828315185911 ], [ -88.757545881816327, 14.005302982810777 ], [ -88.744071214191464, 14.005302982810777 ], [ -88.744071214191464, 14.018777650435645 ], [ -88.757545881816327, 14.018777650435643 ], [ -88.757545881816327, 14.04572698568537 ], [ -88.771020549441189, 14.045726985685365 ], [ -88.771020549441189, 14.072676320935102 ], [ -88.824919219940654, 14.072676320935102 ], [ -88.824919219940654, 14.086150988559972 ], [ -88.851868555190393, 14.086150988559972 ], [ -88.851868555190393, 14.072676320935102 ], [ -88.838393887565516, 14.072676320935102 ], [ -88.838393887565516, 14.059201653310234 ], [ -88.851868555190393, 14.059201653310234 ], [ -88.851868555190393, 14.04572698568537 ] ], [ [ -88.703647211316863, 13.991828315185911 ], [ -88.703647211316863, 14.005302982810772 ], [ -88.71712187894174, 14.005302982810772 ], [ -88.71712187894174, 13.991828315185911 ], [ -88.703647211316863, 13.991828315185911 ] ], [ [ -88.71712187894174, 14.018777650435647 ], [ -88.730596546566602, 14.018777650435641 ], [ -88.730596546566602, 14.005302982810774 ], [ -88.71712187894174, 14.005302982810772 ], [ -88.71712187894174, 14.018777650435647 ] ] ] } },
{ "type": "Feature", "properties": { "class_id": 2, "area_m2": 2170208.2042458369, "class_name": "Bajo", "index": "MNDWI", "min_value": null, "max_value": null }, "geometry": { "type": "Polygon", "coordinates": [ [ [ -88.932716560939582, 14.072676320935104 ], [ -88.91924189331472, 14.072676320935106 ], [ -88.91924189331472, 14.059201653310234 ], [ -88.932716560939582, 14.059201653310234 ], [ -88.932716560939582, 14.072676320935104 ] ] ] } },
{ "type": "Feature", "properties": { "class_id": 2, "area_m2": 4339038.5339033818, "class_name": "Bajo", "index": "MNDWI", "min_value": null, "max_value": null }, "geometry": { "type": "Polygon", "coordinates": [ [ [ -88.932716560939582, 14.153524326684293 ], [ -88.91924189331472, 14.153524326684288 ], [ -88.91924189331472, 14.126574991434564 ], [ -88.932716560939582, 14.126574991434563 ], [ -88.932716560939582, 14.153524326684293 ] ] ] } },
{ "type": "Feature", "properties": { "class_id": 2, "area_m2": 4338752.2141919928, "class_name": "Bajo", "index": "MNDWI", "min_value": null, "max_value": null }, "geometry": { "type": "Polygon", "coordinates": [ [ [ -88.905767225689843, 14.153524326684291 ], [ -88.878817890440118, 14.153524326684291 ], [ -88.878817890440118, 14.140049659059429 ], [ -88.905767225689843, 14.140049659059425 ], [ -88.905767225689843, 14.153524326684291 ] ] ] } },
{ "type": "Feature", "properties": { "class_id": 2, "area_m2": 149681358.81089312, "class_name": "Bajo", "index": "MNDWI", "min_value": null, "max_value": null }, "geometry": { "type": "Polygon", "coordinates": [ [ [ -88.973140563814169, 14.140049659059422 ], [ -88.973140563814169, 14.126574991434564 ], [ -88.959665896189307, 14.126574991434564 ], [ -88.959665896189307, 14.059201653310234 ], [ -88.973140563814169, 14.059201653310234 ], [ -88.973140563814169, 14.113100323809698 ], [ -88.986615231439046, 14.113100323809697 ], [ -88.986615231439046, 14.126574991434564 ], [ -89.013564566688771, 14.126574991434561 ], [ -89.013564566688771, 14.140049659059429 ], [ -89.027039234313634, 14.140049659059425 ], [ -89.027039234313634, 14.166998994309155 ], [ -89.040513901938496, 14.166998994309155 ], [ -89.040513901938496, 14.19394832955888 ], [ -89.053988569563359, 14.193948329558884 ], [ -89.053988569563359, 14.180473661934027 ], [ -89.09441257243796, 14.180473661934029 ], [ -89.09441257243796, 14.193948329558884 ], [ -89.107887240062837, 14.193948329558886 ], [ -89.107887240062837, 14.207422997183754 ], [ -89.121361907687685, 14.207422997183752 ], [ -89.121361907687685, 14.220897664808625 ], [ -89.107887240062837, 14.22089766480862 ], [ -89.107887240062837, 14.234372332433486 ], [ -89.09441257243796, 14.234372332433482 ], [ -89.09441257243796, 14.24784700005835 ], [ -89.080937904813098, 14.247847000058348 ], [ -89.080937904813098, 14.234372332433489 ], [ -89.067463237188235, 14.234372332433489 ], [ -89.067463237188235, 14.247847000058353 ], [ -89.040513901938496, 14.247847000058348 ], [ -89.040513901938496, 14.261321667683216 ], [ -89.000089899063909, 14.261321667683218 ], [ -89.000089899063909, 14.247847000058352 ], [ -88.986615231439046, 14.247847000058348 ], [ -88.986615231439046, 14.220897664808616 ], [ -88.973140563814169, 14.220897664808621 ], [ -88.973140563814169, 14.193948329558886 ], [ -88.959665896189307, 14.193948329558884 ], [ -88.959665896189307, 14.207422997183752 ], [ -88.946191228564444, 14.207422997183757 ], [ -88.946191228564444, 14.193948329558884 ], [ -88.932716560939582, 14.193948329558884 ], [ -88.932716560939582, 14.180473661934027 ], [ -88.946191228564444, 14.180473661934025 ], [ -88.946191228564444, 14.140049659059429 ], [ -88.973140563814169, 14.140049659059422 ] ], [ [ -88.973140563814169, 14.166998994309155 ], [ -88.986615231439046, 14.166998994309157 ], [ -88.986615231439046, 14.140049659059423 ], [ -88.973140563814169, 14.140049659059422 ], [ -88.973140563814169, 14.166998994309155 ] ], [ [ -89.080937904813098, 14.193948329558884 ], [ -89.080937904813098, 14.20742299718375 ], [ -89.09441257243796, 14.207422997183752 ], [ -89.09441257243796, 14.193948329558884 ], [ -89.080937904813098, 14.193948329558884 ] ], [ [ -89.040513901938496, 14.220897664808616 ], [ -89.027039234313634, 14.22089766480862 ], [ -89.027039234313634, 14.180473661934025 ], [ -89.013564566688771, 14.180473661934025 ], [ -89.013564566688771, 14.234372332433486 ], [ -89.027039234313634, 14.234372332433486 ], [ -89.027039234313634, 14.247847000058348 ], [ -89.040513901938496, 14.247847000058348 ], [ -89.040513901938496, 14.220897664808616 ] ], [ [ -89.013564566688771, 14.166998994309155 ], [ -89.000089899063909, 14.166998994309159 ], [ -89.000089899063909, 14.180473661934027 ], [ -89.013564566688771, 14.180473661934025 ], [ -89.013564566688771, 14.166998994309155 ] ], [ [ -89.000089899063909, 14.220897664808621 ], [ -89.000089899063909, 14.207422997183752 ], [ -88.986615231439046, 14.20742299718375 ], [ -88.986615231439046, 14.220897664808616 ], [ -89.000089899063909, 14.220897664808621 ] ] ] } },
{ "type": "Feature", "properties": { "class_id": 2, "area_m2": 10841119.153935201, "class_name": "Bajo", "index": "MNDWI", "min_value": null, "max_value": null }, "geometry": { "type": "Polygon", "coordinates": [ [ [ -89.040513901938496, 14.301745670557812 ], [ -89.067463237188235, 14.301745670557811 ], [ -89.067463237188235, 14.315220338182673 ], [ -89.053988569563359, 14.315220338182671 ], [ -89.053988569563359, 14.328695005807541 ], [ -89.040513901938496, 14.328695005807536 ], [ -89.040513901938496, 14.315220338182669 ], [ -89.027039234313634, 14.315220338182671 ], [ -89.027039234313634, 14.28827100293295 ], [ -89.040513901938496, 14.288271002932946 ], [ -89.040513901938496, 14.301745670557812 ] ] ] } },
{ "type": "Feature", "properties": { "class_id": 2, "area_m2": 2175718.561590523, "class_name": "Bajo", "index": "MNDWI", "min_value": null, "max_value": null }, "geometry": { "type": "Polygon", "coordinates": [ [ [ -87.841268483325493, 13.237246928193455 ], [ -87.854743150950355, 13.237246928193453 ], [ -87.854743150950355, 13.250721595818316 ], [ -87.841268483325493, 13.250721595818327 ], [ -87.841268483325493, 13.237246928193455 ] ] ] } },
{ "type": "Feature", "properties": { "class_id": 2, "area_m2": 4350636.343625553, "class_name": "Bajo", "index": "MNDWI", "min_value": null, "max_value": null }, "geometry": { "type": "Polygon", "coordinates": [ [ [ -88.08381250057306, 13.318094933942646 ], [ -88.1107618358228, 13.318094933942646 ], [ -88.1107618358228, 13.331569601567509 ], [ -88.08381250057306, 13.331569601567509 ], [ -88.08381250057306, 13.318094933942646 ] ] ] } },
{ "type": "Feature", "properties": { "class_id": 2, "area_m2": 2175424.2995618847, "class_name": "Bajo", "index": "MNDWI", "min_value": null, "max_value": null }, "geometry": { "type": "Polygon", "coordinates": [ [ [ -88.17813517394714, 13.33156960156751 ], [ -88.164660506322264, 13.331569601567516 ], [ -88.164660506322264, 13.318094933942648 ], [ -88.17813517394714, 13.318094933942648 ], [ -88.17813517394714, 13.33156960156751 ] ] ] } },
{ "type": "Feature", "properties": { "class_id": 2, "area_m2": 10875149.077533985, "class_name": "Bajo", "index": "MNDWI", "min_value": null, "max_value": null }, "geometry": { "type": "Polygon", "coordinates": [ [ [ -88.070337832948198, 13.34504426919238 ], [ -88.02991383007361, 13.345044269192382 ], [ -88.02991383007361, 13.358518936817244 ], [ -88.016439162448734, 13.358518936817246 ], [ -88.016439162448734, 13.331569601567514 ], [ -88.070337832948198, 13.331569601567509 ], [ -88.070337832948198, 13.34504426919238 ] ] ] } },
{ "type": "Feature", "properties": { "class_id": 2, "area_m2": 2174762.7988872761, "class_name": "Bajo", "index": "MNDWI", "min_value": null, "max_value": null }, "geometry": { "type": "Polygon", "coordinates": [ [ [ -88.043388497698473, 13.385468272066975 ], [ -88.02991383007361, 13.385468272066973 ], [ -88.02991383007361, 13.37199360444211 ], [ -88.043388497698473, 13.371993604442109 ], [ -88.043388497698473, 13.385468272066975 ] ] ] } },
{ "type": "Feature", "properties": { "class_id": 2, "area_m2": 8699627.0910246335, "class_name": "Bajo", "index": "MNDWI", "min_value": null, "max_value": null }, "geometry": { "type": "Polygon", "coordinates": [ [ [ -88.164660506322264, 13.398942939691837 ], [ -88.137711171072525, 13.398942939691837 ], [ -88.137711171072525, 13.385468272066975 ], [ -88.151185838697387, 13.385468272066975 ], [ -88.151185838697387, 13.358518936817243 ], [ -88.164660506322264, 13.358518936817244 ], [ -88.164660506322264, 13.398942939691837 ] ] ] } },
{ "type": "Feature", "properties": { "class_id": 2, "area_m2": 2174449.0863773953, "class_name": "Bajo", "index": "MNDWI", "min_value": null, "max_value": null }, "geometry": { "type": "Polygon", "coordinates": [ [ [ -87.868217818575218, 13.385468272066971 ], [ -87.881692486200095, 13.385468272066973 ], [ -87.881692486200095, 13.398942939691844 ], [ -87.868217818575218, 13.398942939691837 ], [ -87.868217818575218, 13.385468272066971 ] ] ] } },
{ "type": "Feature", "properties": { "class_id": 2, "area_m2": 2174735.104145857, "class_name": "Bajo", "index": "MNDWI", "min_value": null, "max_value": null }, "geometry": { "type": "Polygon", "coordinates": [ [ [ -88.1107618358228, 13.398942939691835 ], [ -88.097287168197937, 13.398942939691841 ], [ -88.097287168197937, 13.385468272066973 ], [ -88.1107618358228, 13.385468272066975 ], [ -88.1107618358228, 13.398942939691835 ] ] ] } },
{ "type": "Feature", "properties": { "class_id": 2, "area_m2": 63052266.106003642, "class_name": "Bajo", "index": "MNDWI", "min_value": null, "max_value": null }, "geometry": { "type": "Polygon", "coordinates": [ [ [ -87.800844480450891, 13.412417607316705 ], [ -87.841268483325493, 13.412417607316705 ], [ -87.841268483325493, 13.425892274941567 ], [ -87.854743150950355, 13.425892274941567 ], [ -87.854743150950355, 13.439366942566426 ], [ -87.841268483325493, 13.439366942566435 ], [ -87.841268483325493, 13.452841610191301 ], [ -87.82779381570063, 13.452841610191303 ], [ -87.82779381570063, 13.439366942566433 ], [ -87.773895145201166, 13.439366942566435 ], [ -87.773895145201166, 13.425892274941569 ], [ -87.746945809951455, 13.425892274941571 ], [ -87.746945809951455, 13.412417607316705 ], [ -87.733471142326565, 13.412417607316703 ], [ -87.733471142326565, 13.385468272066975 ], [ -87.719996474701702, 13.385468272066971 ], [ -87.719996474701702, 13.358518936817244 ], [ -87.746945809951455, 13.358518936817244 ], [ -87.746945809951455, 13.371993604442107 ], [ -87.760420477576304, 13.371993604442109 ], [ -87.760420477576304, 13.385468272066971 ], [ -87.800844480450891, 13.385468272066969 ], [ -87.800844480450891, 13.412417607316705 ] ] ] } },
{ "type": "Feature", "properties": { "class_id": 2, "area_m2": 4348866.2002667328, "class_name": "Bajo", "index": "MNDWI", "min_value": null, "max_value": null }, "geometry": { "type": "Polygon", "coordinates": [ [ [ -88.070337832948198, 13.425892274941571 ], [ -88.043388497698473, 13.425892274941569 ], [ -88.043388497698473, 13.412417607316709 ], [ -88.070337832948198, 13.4124176073167 ], [ -88.070337832948198, 13.425892274941571 ] ] ] } },
{ "type": "Feature", "properties": { "class_id": 2, "area_m2": 2173704.3595792805, "class_name": "Bajo", "index": "MNDWI", "min_value": null, "max_value": null }, "geometry": { "type": "Polygon", "coordinates": [ [ [ -87.719996474701702, 13.452841610191298 ], [ -87.733471142326565, 13.452841610191303 ], [ -87.733471142326565, 13.466316277816166 ], [ -87.719996474701702, 13.466316277816166 ], [ -87.719996474701702, 13.452841610191298 ] ] ] } },
{ "type": "Feature", "properties": { "class_id": 2, "area_m2": 2173755.5687827305, "class_name": "Bajo", "index": "MNDWI", "min_value": null, "max_value": null }, "geometry": { "type": "Polygon", "coordinates": [ [ [ -87.773895145201166, 13.452841610191301 ], [ -87.787369812826029, 13.452841610191298 ], [ -87.787369812826029, 13.466316277816166 ], [ -87.773895145201166, 13.466316277816166 ], [ -87.773895145201166, 13.452841610191301 ] ] ] } },
{ "type": "Feature", "properties": { "class_id": 2, "area_m2": 2173800.0338227428, "class_name": "Bajo", "index": "MNDWI", "min_value": null, "max_value": null }, "geometry": { "type": "Polygon", "coordinates": [ [ [ -88.124236503447662, 13.506740280690762 ], [ -88.1107618358228, 13.506740280690765 ], [ -88.1107618358228, 13.493265613065899 ], [ -88.124236503447662, 13.493265613065899 ], [ -88.124236503447662, 13.506740280690762 ] ] ] } },
{ "type": "Feature", "properties": { "class_id": 2, "area_m2": 2173699.3477021847, "class_name": "Bajo", "index": "MNDWI", "min_value": null, "max_value": null }, "geometry": { "type": "Polygon", "coordinates": [ [ [ -88.124236503447662, 13.506740280690762 ], [ -88.137711171072525, 13.50674028069076 ], [ -88.137711171072525, 13.520214948315628 ], [ -88.124236503447662, 13.520214948315628 ], [ -88.124236503447662, 13.506740280690762 ] ] ] } },
{ "type": "Feature", "properties": { "class_id": 2, "area_m2": 6520773.4161515944, "class_name": "Bajo", "index": "MNDWI", "min_value": null, "max_value": null }, "geometry": { "type": "Polygon", "coordinates": [ [ [ -88.1107618358228, 13.520214948315626 ], [ -88.097287168197937, 13.520214948315628 ], [ -88.097287168197937, 13.533689615940492 ], [ -88.08381250057306, 13.533689615940489 ], [ -88.08381250057306, 13.506740280690758 ], [ -88.1107618358228, 13.506740280690765 ], [ -88.1107618358228, 13.520214948315626 ] ] ] } },
{ "type": "Feature", "properties": { "class_id": 2, "area_m2": 2173450.6610972588, "class_name": "Bajo", "index": "MNDWI", "min_value": null, "max_value": null }, "geometry": { "type": "Polygon", "coordinates": [ [ [ -88.043388497698473, 13.533689615940496 ], [ -88.02991383007361, 13.533689615940492 ], [ -88.02991383007361, 13.520214948315626 ], [ -88.043388497698473, 13.520214948315626 ], [ -88.043388497698473, 13.533689615940496 ] ] ] } },
{ "type": "Feature", "properties": { "class_id": 2, "area_m2": 2173638.0823020888, "class_name": "Bajo", "index": "MNDWI", "min_value": null, "max_value": null }, "geometry": { "type": "Polygon", "coordinates": [ [ [ -88.17813517394714, 13.533689615940494 ], [ -88.164660506322264, 13.533689615940492 ], [ -88.164660506322264, 13.520214948315626 ], [ -88.17813517394714, 13.520214948315623 ], [ -88.17813517394714, 13.533689615940494 ] ] ] } },
{ "type": "Feature", "properties": { "class_id": 2, "area_m2": 2173264.3637719844, "class_name": "Bajo", "index": "MNDWI", "min_value": null, "max_value": null }, "geometry": { "type": "Polygon", "coordinates": [ [ [ -88.08381250057306, 13.560638951190221 ], [ -88.070337832948198, 13.560638951190219 ], [ -88.070337832948198, 13.54716428356536 ], [ -88.08381250057306, 13.547164283565353 ], [ -88.08381250057306, 13.560638951190221 ] ] ] } },
{ "type": "Feature", "properties": { "class_id": 2, "area_m2": 2173301.3775103441, "class_name": "Bajo", "index": "MNDWI", "min_value": null, "max_value": null }, "geometry": { "type": "Polygon", "coordinates": [ [ [ -88.1107618358228, 13.560638951190223 ], [ -88.097287168197937, 13.560638951190219 ], [ -88.097287168197937, 13.547164283565358 ], [ -88.1107618358228, 13.547164283565351 ], [ -88.1107618358228, 13.560638951190223 ] ] ] } },
{ "type": "Feature", "properties": { "class_id": 2, "area_m2": 6519430.7649230277, "class_name": "Bajo", "index": "MNDWI", "min_value": null, "max_value": null }, "geometry": { "type": "Polygon", "coordinates": [ [ [ -88.043388497698473, 13.574113618815085 ], [ -88.02991383007361, 13.574113618815085 ], [ -88.02991383007361, 13.560638951190223 ], [ -88.016439162448734, 13.560638951190226 ], [ -88.016439162448734, 13.547164283565358 ], [ -88.043388497698473, 13.547164283565358 ], [ -88.043388497698473, 13.574113618815085 ] ] ] } },
{ "type": "Feature", "properties": { "class_id": 2, "area_m2": 2172838.1992734042, "class_name": "Bajo", "index": "MNDWI", "min_value": null, "max_value": null }, "geometry": { "type": "Polygon", "coordinates": [ [ [ -87.814319148075768, 13.560638951190223 ], [ -87.82779381570063, 13.560638951190223 ], [ -87.82779381570063, 13.574113618815085 ], [ -87.814319148075768, 13.574113618815087 ], [ -87.814319148075768, 13.560638951190223 ] ] ] } },
{ "type": "Feature", "properties": { "class_id": 2, "area_m2": 2172987.6870715157, "class_name": "Bajo", "index": "MNDWI", "min_value": null, "max_value": null }, "geometry": { "type": "Polygon", "coordinates": [ [ [ -88.05686316532335, 13.587588286439951 ], [ -88.043388497698473, 13.587588286439953 ], [ -88.043388497698473, 13.574113618815085 ], [ -88.05686316532335, 13.574113618815085 ], [ -88.05686316532335, 13.587588286439951 ] ] ] } },
{ "type": "Feature", "properties": { "class_id": 2, "area_m2": 4345355.1387131596, "class_name": "Bajo", "index": "MNDWI", "min_value": null, "max_value": null }, "geometry": { "type": "Polygon", "coordinates": [ [ [ -87.90864182144982, 13.601062954064815 ], [ -87.881692486200095, 13.601062954064819 ], [ -87.881692486200095, 13.587588286439953 ], [ -87.90864182144982, 13.587588286439953 ], [ -87.90864182144982, 13.601062954064815 ] ] ] } },
{ "type": "Feature", "properties": { "class_id": 2, "area_m2": 2172728.9438723698, "class_name": "Bajo", "index": "MNDWI", "min_value": null, "max_value": null }, "geometry": { "type": "Polygon", "coordinates": [ [ [ -88.043388497698473, 13.61453762168968 ], [ -88.02991383007361, 13.614537621689685 ], [ -88.02991383007361, 13.601062954064817 ], [ -88.043388497698473, 13.601062954064822 ], [ -88.043388497698473, 13.61453762168968 ] ] ] } },
{ "type": "Feature", "properties": { "class_id": 2, "area_m2": 2172896.4220620287, "class_name": "Bajo", "index": "MNDWI", "min_value": null, "max_value": null }, "geometry": { "type": "Polygon", "coordinates": [ [ [ -88.164660506322264, 13.614537621689685 ], [ -88.151185838697387, 13.614537621689683 ], [ -88.151185838697387, 13.601062954064819 ], [ -88.164660506322264, 13.601062954064819 ], [ -88.164660506322264, 13.614537621689685 ] ] ] } },
{ "type": "Feature", "properties": { "class_id": 2, "area_m2": 26069585.725829989, "class_name": "Bajo", "index": "MNDWI", "min_value": null, "max_value": null }, "geometry": { "type": "Polygon", "coordinates": [ [ [ -87.82779381570063, 13.641486956939413 ], [ -87.854743150950355, 13.641486956939413 ], [ -87.854743150950355, 13.614537621689685 ], [ -87.841268483325493, 13.61453762168968 ], [ -87.841268483325493, 13.587588286439955 ], [ -87.82779381570063, 13.587588286439953 ], [ -87.82779381570063, 13.574113618815085 ], [ -87.854743150950355, 13.574113618815085 ], [ -87.854743150950355, 13.601062954064817 ], [ -87.868217818575218, 13.601062954064819 ], [ -87.868217818575218, 13.641486956939415 ], [ -87.895167153824957, 13.641486956939415 ], [ -87.895167153824957, 13.65496162456428 ], [ -87.82779381570063, 13.654961624564274 ], [ -87.82779381570063, 13.641486956939413 ] ] ] } },
{ "type": "Feature", "properties": { "class_id": 2, "area_m2": 39105881.535331503, "class_name": "Bajo", "index": "MNDWI", "min_value": null, "max_value": null }, "geometry": { "type": "Polygon", "coordinates": [ [ [ -87.962540491949284, 13.587588286439949 ], [ -87.949065824324421, 13.587588286439949 ], [ -87.949065824324421, 13.574113618815083 ], [ -87.976015159574146, 13.574113618815083 ], [ -87.976015159574146, 13.61453762168968 ], [ -87.989489827199009, 13.61453762168968 ], [ -87.989489827199009, 13.628012289314549 ], [ -87.976015159574146, 13.628012289314546 ], [ -87.976015159574146, 13.65496162456428 ], [ -87.949065824324421, 13.654961624564276 ], [ -87.949065824324421, 13.641486956939412 ], [ -87.935591156699559, 13.641486956939412 ], [ -87.935591156699559, 13.614537621689687 ], [ -87.922116489074682, 13.614537621689685 ], [ -87.922116489074682, 13.628012289314549 ], [ -87.90864182144982, 13.628012289314546 ], [ -87.90864182144982, 13.601062954064815 ], [ -87.922116489074682, 13.601062954064819 ], [ -87.922116489074682, 13.587588286439955 ], [ -87.935591156699559, 13.587588286439953 ], [ -87.935591156699559, 13.601062954064817 ], [ -87.949065824324421, 13.601062954064817 ], [ -87.949065824324421, 13.61453762168968 ], [ -87.962540491949284, 13.614537621689683 ], [ -87.962540491949284, 13.587588286439949 ] ] ] } },
{ "type": "Feature", "properties": { "class_id": 2, "area_m2": 6517720.2930001002, "class_name": "Bajo", "index": "MNDWI", "min_value": null, "max_value": null }, "geometry": { "type": "Polygon", "coordinates": [ [ [ -88.016439162448734, 13.641486956939413 ], [ -88.002964494823871, 13.641486956939413 ], [ -88.002964494823871, 13.601062954064815 ], [ -88.016439162448734, 13.601062954064822 ], [ -88.016439162448734, 13.641486956939413 ] ] ] } },
{ "type": "Feature", "properties": { "class_id": 2, "area_m2": 212916660.67630365, "class_name": "Bajo", "index": "MNDWI", "min_value": null, "max_value": null }, "geometry": { "type": "Polygon", "coordinates": [ [ [ -88.1107618358228, 13.574113618815089 ], [ -88.151185838697387, 13.574113618815085 ], [ -88.151185838697387, 13.601062954064819 ], [ -88.124236503447662, 13.601062954064822 ], [ -88.124236503447662, 13.628012289314546 ], [ -88.1107618358228, 13.628012289314553 ], [ -88.1107618358228, 13.641486956939415 ], [ -88.137711171072525, 13.641486956939415 ], [ -88.137711171072525, 13.628012289314547 ], [ -88.17813517394714, 13.628012289314547 ], [ -88.17813517394714, 13.614537621689685 ], [ -88.191609841571989, 13.614537621689683 ], [ -88.191609841571989, 13.601062954064815 ], [ -88.164660506322264, 13.601062954064819 ], [ -88.164660506322264, 13.587588286439953 ], [ -88.191609841571989, 13.587588286439949 ], [ -88.191609841571989, 13.574113618815085 ], [ -88.17813517394714, 13.574113618815087 ], [ -88.17813517394714, 13.547164283565357 ], [ -88.191609841571989, 13.547164283565351 ], [ -88.191609841571989, 13.560638951190215 ], [ -88.205084509196851, 13.560638951190215 ], [ -88.205084509196851, 13.57411361881509 ], [ -88.218559176821714, 13.574113618815087 ], [ -88.218559176821714, 13.587588286439953 ], [ -88.205084509196851, 13.587588286439956 ], [ -88.205084509196851, 13.614537621689681 ], [ -88.218559176821714, 13.614537621689685 ], [ -88.218559176821714, 13.601062954064815 ], [ -88.245508512071453, 13.601062954064819 ], [ -88.245508512071453, 13.587588286439953 ], [ -88.272457847321178, 13.587588286439955 ], [ -88.272457847321178, 13.614537621689683 ], [ -88.245508512071453, 13.614537621689683 ], [ -88.245508512071453, 13.628012289314549 ], [ -88.28593251494604, 13.628012289314549 ], [ -88.28593251494604, 13.641486956939413 ], [ -88.258983179696315, 13.641486956939412 ], [ -88.258983179696315, 13.654961624564276 ], [ -88.245508512071453, 13.65496162456428 ], [ -88.245508512071453, 13.668436292189142 ], [ -88.23203384444659, 13.66843629218914 ], [ -88.23203384444659, 13.681910959814012 ], [ -88.205084509196851, 13.68191095981401 ], [ -88.205084509196851, 13.66843629218914 ], [ -88.191609841571989, 13.668436292189142 ], [ -88.191609841571989, 13.68191095981401 ], [ -88.17813517394714, 13.681910959814006 ], [ -88.17813517394714, 13.65496162456428 ], [ -88.164660506322264, 13.654961624564278 ], [ -88.164660506322264, 13.668436292189146 ], [ -88.137711171072525, 13.668436292189142 ], [ -88.137711171072525, 13.65496162456428 ], [ -88.124236503447662, 13.654961624564278 ], [ -88.124236503447662, 13.668436292189138 ], [ -88.1107618358228, 13.668436292189142 ], [ -88.1107618358228, 13.654961624564276 ], [ -88.070337832948198, 13.654961624564278 ], [ -88.070337832948198, 13.681910959814012 ], [ -88.05686316532335, 13.68191095981401 ], [ -88.05686316532335, 13.695385627438874 ], [ -88.02991383007361, 13.695385627438874 ], [ -88.02991383007361, 13.708860295063744 ], [ -88.016439162448734, 13.708860295063745 ], [ -88.016439162448734, 13.695385627438872 ], [ -88.002964494823871, 13.695385627438876 ], [ -88.002964494823871, 13.708860295063738 ], [ -87.989489827199009, 13.70886029506374 ], [ -87.989489827199009, 13.668436292189137 ], [ -88.002964494823871, 13.66843629218914 ], [ -88.002964494823871, 13.65496162456428 ], [ -88.043388497698473, 13.654961624564283 ], [ -88.043388497698473, 13.61453762168968 ], [ -88.05686316532335, 13.614537621689678 ], [ -88.05686316532335, 13.601062954064815 ], [ -88.08381250057306, 13.601062954064819 ], [ -88.08381250057306, 13.61453762168968 ], [ -88.097287168197937, 13.614537621689681 ], [ -88.097287168197937, 13.587588286439953 ], [ -88.1107618358228, 13.587588286439955 ], [ -88.1107618358228, 13.574113618815089 ] ] ] } },
{ "type": "Feature", "properties": { "class_id": 2, "area_m2": 2172323.1239032364, "class_name": "Bajo", "index": "MNDWI", "min_value": null, "max_value": null }, "geometry": { "type": "Polygon", "coordinates": [ [ [ -87.895167153824957, 13.628012289314542 ], [ -87.90864182144982, 13.628012289314546 ], [ -87.90864182144982, 13.641486956939408 ], [ -87.895167153824957, 13.641486956939415 ], [ -87.895167153824957, 13.628012289314542 ] ] ] } },
{ "type": "Feature", "properties": { "class_id": 2, "area_m2": 2171818.6748979427, "class_name": "Bajo", "index": "MNDWI", "min_value": null, "max_value": null }, "geometry": { "type": "Polygon", "coordinates": [ [ [ -87.773895145201166, 13.681910959814006 ], [ -87.760420477576304, 13.68191095981401 ], [ -87.760420477576304, 13.66843629218914 ], [ -87.773895145201166, 13.668436292189142 ], [ -87.773895145201166, 13.681910959814006 ] ] ] } },
{ "type": "Feature", "properties": { "class_id": 2, "area_m2": 119447880.22254701, "class_name": "Bajo", "index": "MNDWI", "min_value": null, "max_value": null }, "geometry": { "type": "Polygon", "coordinates": [ [ [ -87.841268483325493, 13.628012289314549 ], [ -87.82779381570063, 13.628012289314546 ], [ -87.82779381570063, 13.641486956939413 ], [ -87.814319148075768, 13.641486956939413 ], [ -87.814319148075768, 13.695385627438874 ], [ -87.841268483325493, 13.695385627438874 ], [ -87.841268483325493, 13.722334962688603 ], [ -87.854743150950355, 13.722334962688606 ], [ -87.854743150950355, 13.708860295063737 ], [ -87.881692486200095, 13.708860295063744 ], [ -87.881692486200095, 13.735809630313472 ], [ -87.868217818575218, 13.735809630313472 ], [ -87.868217818575218, 13.762758965563201 ], [ -87.854743150950355, 13.762758965563199 ], [ -87.854743150950355, 13.77623363318806 ], [ -87.841268483325493, 13.776233633188067 ], [ -87.841268483325493, 13.789708300812933 ], [ -87.82779381570063, 13.789708300812928 ], [ -87.82779381570063, 13.762758965563199 ], [ -87.841268483325493, 13.762758965563201 ], [ -87.841268483325493, 13.749284297938337 ], [ -87.82779381570063, 13.749284297938337 ], [ -87.82779381570063, 13.722334962688599 ], [ -87.814319148075768, 13.722334962688606 ], [ -87.814319148075768, 13.70886029506374 ], [ -87.800844480450891, 13.708860295063738 ], [ -87.800844480450891, 13.722334962688603 ], [ -87.773895145201166, 13.722334962688606 ], [ -87.773895145201166, 13.73580963031347 ], [ -87.760420477576304, 13.735809630313469 ], [ -87.760420477576304, 13.74928429793834 ], [ -87.773895145201166, 13.749284297938337 ], [ -87.773895145201166, 13.762758965563199 ], [ -87.760420477576304, 13.762758965563201 ], [ -87.760420477576304, 13.776233633188065 ], [ -87.746945809951455, 13.776233633188067 ], [ -87.746945809951455, 13.722334962688603 ], [ -87.760420477576304, 13.722334962688606 ], [ -87.760420477576304, 13.708860295063737 ], [ -87.773895145201166, 13.708860295063744 ], [ -87.773895145201166, 13.681910959814006 ], [ -87.800844480450891, 13.681910959814006 ], [ -87.800844480450891, 13.654961624564278 ], [ -87.787369812826029, 13.65496162456428 ], [ -87.787369812826029, 13.641486956939415 ], [ -87.760420477576304, 13.641486956939413 ], [ -87.760420477576304, 13.614537621689685 ], [ -87.787369812826029, 13.614537621689681 ], [ -87.787369812826029, 13.587588286439953 ], [ -87.773895145201166, 13.587588286439956 ], [ -87.773895145201166, 13.560638951190219 ], [ -87.787369812826029, 13.560638951190221 ], [ -87.787369812826029, 13.574113618815087 ], [ -87.814319148075768, 13.574113618815087 ], [ -87.814319148075768, 13.614537621689678 ], [ -87.841268483325493, 13.61453762168968 ], [ -87.841268483325493, 13.628012289314549 ] ], [ [ -87.800844480450891, 13.695385627438874 ], [ -87.787369812826029, 13.695385627438869 ], [ -87.787369812826029, 13.70886029506374 ], [ -87.800844480450891, 13.708860295063738 ], [ -87.800844480450891, 13.695385627438874 ] ] ] } },
{ "type": "Feature", "properties": { "class_id": 2, "area_m2": 15201726.163534304, "class_name": "Bajo", "index": "MNDWI", "min_value": null, "max_value": null }, "geometry": { "type": "Polygon", "coordinates": [ [ [ -87.989489827199009, 13.735809630313467 ], [ -87.962540491949284, 13.73580963031347 ], [ -87.962540491949284, 13.722334962688603 ], [ -87.949065824324421, 13.722334962688606 ], [ -87.949065824324421, 13.695385627438872 ], [ -87.976015159574146, 13.695385627438879 ], [ -87.976015159574146, 13.708860295063738 ], [ -87.989489827199009, 13.70886029506374 ], [ -87.989489827199009, 13.735809630313467 ] ] ] } },
{ "type": "Feature", "properties": { "class_id": 2, "area_m2": 2171725.4079326293, "class_name": "Bajo", "index": "MNDWI", "min_value": null, "max_value": null }, "geometry": { "type": "Polygon", "coordinates": [ [ [ -88.016439162448734, 13.722334962688604 ], [ -88.002964494823871, 13.722334962688606 ], [ -88.002964494823871, 13.708860295063738 ], [ -88.016439162448734, 13.708860295063745 ], [ -88.016439162448734, 13.722334962688604 ] ] ] } },
{ "type": "Feature", "properties": { "class_id": 2, "area_m2": 21716219.377157357, "class_name": "Bajo", "index": "MNDWI", "min_value": null, "max_value": null }, "geometry": { "type": "Polygon", "coordinates": [ [ [ -88.02991383007361, 13.722334962688604 ], [ -88.043388497698473, 13.722334962688608 ], [ -88.043388497698473, 13.735809630313469 ], [ -88.05686316532335, 13.735809630313467 ], [ -88.05686316532335, 13.695385627438874 ], [ -88.070337832948198, 13.695385627438872 ], [ -88.070337832948198, 13.722334962688604 ], [ -88.08381250057306, 13.722334962688601 ], [ -88.08381250057306, 13.735809630313467 ], [ -88.070337832948198, 13.735809630313467 ], [ -88.070337832948198, 13.749284297938337 ], [ -88.05686316532335, 13.749284297938335 ], [ -88.05686316532335, 13.762758965563197 ], [ -88.02991383007361, 13.762758965563203 ], [ -88.02991383007361, 13.722334962688604 ] ] ] } },
{ "type": "Feature", "properties": { "class_id": 2, "area_m2": 2171221.1935767969, "class_name": "Bajo", "index": "MNDWI", "min_value": null, "max_value": null }, "geometry": { "type": "Polygon", "coordinates": [ [ [ -88.002964494823871, 13.776233633188063 ], [ -87.989489827199009, 13.776233633188067 ], [ -87.989489827199009, 13.762758965563199 ], [ -88.002964494823871, 13.762758965563201 ], [ -88.002964494823871, 13.776233633188063 ] ] ] } },
{ "type": "Feature", "properties": { "class_id": 2, "area_m2": 17371151.757130623, "class_name": "Bajo", "index": "MNDWI", "min_value": null, "max_value": null }, "geometry": { "type": "Polygon", "coordinates": [ [ [ -88.17813517394714, 13.762758965563199 ], [ -88.17813517394714, 13.776233633188067 ], [ -88.218559176821714, 13.776233633188067 ], [ -88.218559176821714, 13.789708300812933 ], [ -88.205084509196851, 13.789708300812933 ], [ -88.205084509196851, 13.803182968437799 ], [ -88.191609841571989, 13.803182968437797 ], [ -88.191609841571989, 13.789708300812929 ], [ -88.164660506322264, 13.789708300812933 ], [ -88.164660506322264, 13.749284297938338 ], [ -88.191609841571989, 13.74928429793834 ], [ -88.191609841571989, 13.762758965563201 ], [ -88.17813517394714, 13.762758965563199 ] ] ] } },
{ "type": "Feature", "properties": { "class_id": 2, "area_m2": 4342083.0947931781, "class_name": "Bajo", "index": "MNDWI", "min_value": null, "max_value": null }, "geometry": { "type": "Polygon", "coordinates": [ [ [ -87.935591156699559, 13.776233633188067 ], [ -87.962540491949284, 13.776233633188061 ], [ -87.962540491949284, 13.789708300812933 ], [ -87.935591156699559, 13.789708300812929 ], [ -87.935591156699559, 13.776233633188067 ] ] ] } },
{ "type": "Feature", "properties": { "class_id": 2, "area_m2": 2171195.5351281893, "class_name": "Bajo", "index": "MNDWI", "min_value": null, "max_value": null }, "geometry": { "type": "Polygon", "coordinates": [ [ [ -88.151185838697387, 13.789708300812938 ], [ -88.164660506322264, 13.789708300812933 ], [ -88.164660506322264, 13.803182968437799 ], [ -88.151185838697387, 13.803182968437797 ], [ -88.151185838697387, 13.789708300812938 ] ] ] } },
{ "type": "Feature", "properties": { "class_id": 2, "area_m2": 2170742.1729220115, "class_name": "Bajo", "index": "MNDWI", "min_value": null, "max_value": null }, "geometry": { "type": "Polygon", "coordinates": [ [ [ -87.90864182144982, 13.816657636062665 ], [ -87.895167153824957, 13.816657636062663 ], [ -87.895167153824957, 13.803182968437797 ], [ -87.90864182144982, 13.803182968437795 ], [ -87.90864182144982, 13.816657636062665 ] ] ] } },
{ "type": "Feature", "properties": { "class_id": 2, "area_m2": 2170698.8431475516, "class_name": "Bajo", "index": "MNDWI", "min_value": null, "max_value": null }, "geometry": { "type": "Polygon", "coordinates": [ [ [ -87.976015159574146, 13.83013230368752 ], [ -87.962540491949284, 13.83013230368752 ], [ -87.962540491949284, 13.816657636062656 ], [ -87.976015159574146, 13.816657636062667 ], [ -87.976015159574146, 13.83013230368752 ] ] ] } },
{ "type": "Feature", "properties": { "class_id": 2, "area_m2": 21705003.803255629, "class_name": "Bajo", "index": "MNDWI", "min_value": null, "max_value": null }, "geometry": { "type": "Polygon", "coordinates": [ [ [ -87.841268483325493, 13.84360697131239 ], [ -87.854743150950355, 13.84360697131239 ], [ -87.854743150950355, 13.816657636062663 ], [ -87.841268483325493, 13.816657636062663 ], [ -87.841268483325493, 13.803182968437797 ], [ -87.881692486200095, 13.803182968437797 ], [ -87.881692486200095, 13.816657636062667 ], [ -87.868217818575218, 13.816657636062667 ], [ -87.868217818575218, 13.830132303687524 ], [ -87.895167153824957, 13.830132303687524 ], [ -87.895167153824957, 13.843606971312393 ], [ -87.881692486200095, 13.843606971312393 ], [ -87.881692486200095, 13.857081638937261 ], [ -87.841268483325493, 13.85708163893726 ], [ -87.841268483325493, 13.84360697131239 ] ] ] } },
{ "type": "Feature", "properties": { "class_id": 2, "area_m2": 13025099.984183285, "class_name": "Bajo", "index": "MNDWI", "min_value": null, "max_value": null }, "geometry": { "type": "Polygon", "coordinates": [ [ [ -88.164660506322264, 13.81665763606266 ], [ -88.17813517394714, 13.816657636062663 ], [ -88.17813517394714, 13.830132303687522 ], [ -88.191609841571989, 13.830132303687529 ], [ -88.191609841571989, 13.85708163893726 ], [ -88.151185838697387, 13.85708163893726 ], [ -88.151185838697387, 13.843606971312395 ], [ -88.164660506322264, 13.843606971312393 ], [ -88.164660506322264, 13.81665763606266 ] ] ] } },
{ "type": "Feature", "properties": { "class_id": 2, "area_m2": 193184278.50483894, "class_name": "Bajo", "index": "MNDWI", "min_value": null, "max_value": null }, "geometry": { "type": "Polygon", "coordinates": [ [ [ -88.016439162448734, 13.897505641811852 ], [ -88.016439162448734, 13.884030974186986 ], [ -88.05686316532335, 13.88403097418699 ], [ -88.05686316532335, 13.870556306562124 ], [ -88.08381250057306, 13.870556306562124 ], [ -88.08381250057306, 13.88403097418699 ], [ -88.097287168197937, 13.884030974186981 ], [ -88.097287168197937, 13.897505641811851 ], [ -88.1107618358228, 13.897505641811856 ], [ -88.1107618358228, 13.857081638937261 ], [ -88.043388497698473, 13.85708163893726 ], [ -88.043388497698473, 13.870556306562127 ], [ -88.016439162448734, 13.87055630656212 ], [ -88.016439162448734, 13.84360697131239 ], [ -88.002964494823871, 13.84360697131239 ], [ -88.002964494823871, 13.830132303687522 ], [ -87.989489827199009, 13.830132303687522 ], [ -87.989489827199009, 13.803182968437799 ], [ -87.976015159574146, 13.803182968437797 ], [ -87.976015159574146, 13.789708300812933 ], [ -88.02991383007361, 13.789708300812933 ], [ -88.02991383007361, 13.776233633188063 ], [ -88.05686316532335, 13.776233633188067 ], [ -88.05686316532335, 13.762758965563197 ], [ -88.070337832948198, 13.762758965563201 ], [ -88.070337832948198, 13.776233633188063 ], [ -88.08381250057306, 13.776233633188063 ], [ -88.08381250057306, 13.789708300812931 ], [ -88.124236503447662, 13.789708300812933 ], [ -88.124236503447662, 13.762758965563201 ], [ -88.137711171072525, 13.762758965563197 ], [ -88.137711171072525, 13.803182968437797 ], [ -88.124236503447662, 13.803182968437797 ], [ -88.124236503447662, 13.81665763606266 ], [ -88.1107618358228, 13.816657636062663 ], [ -88.1107618358228, 13.830132303687526 ], [ -88.137711171072525, 13.830132303687526 ], [ -88.137711171072525, 13.81665763606266 ], [ -88.151185838697387, 13.816657636062667 ], [ -88.151185838697387, 13.843606971312395 ], [ -88.137711171072525, 13.84360697131239 ], [ -88.137711171072525, 13.85708163893726 ], [ -88.151185838697387, 13.85708163893726 ], [ -88.151185838697387, 13.870556306562127 ], [ -88.164660506322264, 13.870556306562124 ], [ -88.164660506322264, 13.88403097418699 ], [ -88.137711171072525, 13.88403097418699 ], [ -88.137711171072525, 13.91098030943672 ], [ -88.124236503447662, 13.910980309436722 ], [ -88.124236503447662, 13.924454977061583 ], [ -88.1107618358228, 13.924454977061584 ], [ -88.1107618358228, 13.937929644686447 ], [ -88.08381250057306, 13.937929644686445 ], [ -88.08381250057306, 13.924454977061588 ], [ -88.070337832948198, 13.924454977061584 ], [ -88.070337832948198, 13.937929644686447 ], [ -88.043388497698473, 13.93792964468645 ], [ -88.043388497698473, 13.91098030943672 ], [ -88.02991383007361, 13.91098030943672 ], [ -88.02991383007361, 13.897505641811854 ], [ -88.016439162448734, 13.897505641811852 ] ], [ [ -88.05686316532335, 13.897505641811859 ], [ -88.070337832948198, 13.897505641811852 ], [ -88.070337832948198, 13.884030974186986 ], [ -88.05686316532335, 13.88403097418699 ], [ -88.05686316532335, 13.897505641811859 ] ], [ [ -88.043388497698473, 13.84360697131239 ], [ -88.02991383007361, 13.84360697131239 ], [ -88.02991383007361, 13.85708163893726 ], [ -88.043388497698473, 13.85708163893726 ], [ -88.043388497698473, 13.84360697131239 ] ], [ [ -88.05686316532335, 13.843606971312392 ], [ -88.05686316532335, 13.830132303687522 ], [ -88.043388497698473, 13.830132303687527 ], [ -88.043388497698473, 13.84360697131239 ], [ -88.05686316532335, 13.843606971312392 ] ], [ [ -88.043388497698473, 13.816657636062663 ], [ -88.02991383007361, 13.816657636062663 ], [ -88.02991383007361, 13.830132303687522 ], [ -88.043388497698473, 13.830132303687527 ], [ -88.043388497698473, 13.816657636062663 ] ], [ [ -88.02991383007361, 13.803182968437797 ], [ -88.016439162448734, 13.803182968437794 ], [ -88.016439162448734, 13.81665763606266 ], [ -88.02991383007361, 13.816657636062663 ], [ -88.02991383007361, 13.803182968437797 ] ], [ [ -88.070337832948198, 13.81665763606266 ], [ -88.070337832948198, 13.830132303687527 ], [ -88.097287168197937, 13.83013230368752 ], [ -88.097287168197937, 13.816657636062667 ], [ -88.070337832948198, 13.81665763606266 ] ] ] } },
{ "type": "Feature", "properties": { "class_id": 2, "area_m2": 43400365.309423372, "class_name": "Bajo", "index": "MNDWI", "min_value": null, "max_value": null }, "geometry": { "type": "Polygon", "coordinates": [ [ [ -87.814319148075768, 13.84360697131239 ], [ -87.814319148075768, 13.857081638937258 ], [ -87.841268483325493, 13.85708163893726 ], [ -87.841268483325493, 13.88403097418699 ], [ -87.881692486200095, 13.884030974186986 ], [ -87.881692486200095, 13.897505641811851 ], [ -87.841268483325493, 13.897505641811854 ], [ -87.841268483325493, 13.91098030943672 ], [ -87.854743150950355, 13.91098030943672 ], [ -87.854743150950355, 13.924454977061579 ], [ -87.82779381570063, 13.924454977061583 ], [ -87.82779381570063, 13.884030974186981 ], [ -87.814319148075768, 13.884030974186981 ], [ -87.814319148075768, 13.897505641811854 ], [ -87.800844480450891, 13.897505641811852 ], [ -87.800844480450891, 13.884030974186986 ], [ -87.787369812826029, 13.884030974186986 ], [ -87.787369812826029, 13.87055630656212 ], [ -87.773895145201166, 13.870556306562127 ], [ -87.773895145201166, 13.84360697131239 ], [ -87.814319148075768, 13.84360697131239 ] ] ] } },
{ "type": "Feature", "properties": { "class_id": 2, "area_m2": 47742100.057145484, "class_name": "Bajo", "index": "MNDWI", "min_value": null, "max_value": null }, "geometry": { "type": "Polygon", "coordinates": [ [ [ -87.935591156699559, 13.897505641811854 ], [ -87.935591156699559, 13.884030974186983 ], [ -87.922116489074682, 13.884030974186988 ], [ -87.922116489074682, 13.897505641811858 ], [ -87.90864182144982, 13.897505641811851 ], [ -87.90864182144982, 13.924454977061584 ], [ -87.895167153824957, 13.924454977061579 ], [ -87.895167153824957, 13.937929644686454 ], [ -87.881692486200095, 13.93792964468645 ], [ -87.881692486200095, 13.91098030943672 ], [ -87.895167153824957, 13.91098030943672 ], [ -87.895167153824957, 13.884030974186983 ], [ -87.881692486200095, 13.884030974186986 ], [ -87.881692486200095, 13.857081638937261 ], [ -87.90864182144982, 13.857081638937263 ], [ -87.90864182144982, 13.870556306562124 ], [ -87.949065824324421, 13.870556306562124 ], [ -87.949065824324421, 13.85708163893726 ], [ -87.976015159574146, 13.857081638937258 ], [ -87.976015159574146, 13.843606971312386 ], [ -87.989489827199009, 13.84360697131239 ], [ -87.989489827199009, 13.884030974186988 ], [ -87.976015159574146, 13.884030974186988 ], [ -87.976015159574146, 13.897505641811854 ], [ -87.962540491949284, 13.897505641811854 ], [ -87.962540491949284, 13.884030974186986 ], [ -87.949065824324421, 13.884030974186985 ], [ -87.949065824324421, 13.897505641811852 ], [ -87.935591156699559, 13.897505641811854 ] ] ] } },
{ "type": "Feature", "properties": { "class_id": 2, "area_m2": 2170109.6023451136, "class_name": "Bajo", "index": "MNDWI", "min_value": null, "max_value": null }, "geometry": { "type": "Polygon", "coordinates": [ [ [ -88.17813517394714, 13.924454977061584 ], [ -88.164660506322264, 13.92445497706159 ], [ -88.164660506322264, 13.910980309436722 ], [ -88.17813517394714, 13.91098030943672 ], [ -88.17813517394714, 13.924454977061584 ] ] ] } },
{ "type": "Feature", "properties": { "class_id": 2, "area_m2": 2169591.358519278, "class_name": "Bajo", "index": "MNDWI", "min_value": null, "max_value": null }, "geometry": { "type": "Polygon", "coordinates": [ [ [ -87.854743150950355, 13.924454977061579 ], [ -87.868217818575218, 13.924454977061584 ], [ -87.868217818575218, 13.937929644686449 ], [ -87.854743150950355, 13.937929644686447 ], [ -87.854743150950355, 13.924454977061579 ] ] ] } },
{ "type": "Feature", "properties": { "class_id": 2, "area_m2": 2169615.1492741555, "class_name": "Bajo", "index": "MNDWI", "min_value": null, "max_value": null }, "geometry": { "type": "Polygon", "coordinates": [ [ [ -88.164660506322264, 13.964878979936181 ], [ -88.17813517394714, 13.964878979936181 ], [ -88.17813517394714, 13.978353647561045 ], [ -88.164660506322264, 13.978353647561047 ], [ -88.164660506322264, 13.964878979936181 ] ] ] } },
{ "type": "Feature", "properties": { "class_id": 3, "area_m2": 2177414.4582075975, "class_name": "Normal", "index": "MNDWI", "min_value": null, "max_value": null }, "geometry": { "type": "Polygon", "coordinates": [ [ [ -89.741196618431488, 13.533689615940492 ], [ -89.754671286056364, 13.533689615940492 ], [ -89.754671286056364, 13.547164283565355 ], [ -89.741196618431488, 13.547164283565351 ], [ -89.741196618431488, 13.533689615940492 ] ] ] } },
{ "type": "Feature", "properties": { "class_id": 3, "area_m2": 2176924.2752608764, "class_name": "Normal", "index": "MNDWI", "min_value": null, "max_value": null }, "geometry": { "type": "Polygon", "coordinates": [ [ [ -89.822044624180691, 13.628012289314549 ], [ -89.808569956555814, 13.628012289314542 ], [ -89.808569956555814, 13.614537621689685 ], [ -89.822044624180691, 13.61453762168968 ], [ -89.822044624180691, 13.628012289314549 ] ] ] } },
{ "type": "Feature", "properties": { "class_id": 3, "area_m2": 2176369.7763470323, "class_name": "Normal", "index": "MNDWI", "min_value": null, "max_value": null }, "geometry": { "type": "Polygon", "coordinates": [ [ [ -89.768145953681227, 13.66843629218914 ], [ -89.754671286056364, 13.668436292189146 ], [ -89.754671286056364, 13.654961624564278 ], [ -89.768145953681227, 13.65496162456428 ], [ -89.768145953681227, 13.66843629218914 ] ] ] } },
{ "type": "Feature", "properties": { "class_id": 3, "area_m2": 2176977.3554714429, "class_name": "Normal", "index": "MNDWI", "min_value": null, "max_value": null }, "geometry": { "type": "Polygon", "coordinates": [ [ [ -89.95679130042933, 13.668436292189142 ], [ -89.970265968054207, 13.668436292189142 ], [ -89.970265968054207, 13.681910959814006 ], [ -89.95679130042933, 13.681910959814013 ], [ -89.95679130042933, 13.668436292189142 ] ] ] } },
{ "type": "Feature", "properties": { "class_id": 3, "area_m2": 121897064.8149344, "class_name": "Normal", "index": "MNDWI", "min_value": null, "max_value": null }, "geometry": { "type": "Polygon", "coordinates": [ [ [ -89.902892629929894, 13.695385627438876 ], [ -89.875943294680141, 13.695385627438876 ], [ -89.875943294680141, 13.681910959814006 ], [ -89.848993959430416, 13.68191095981401 ], [ -89.848993959430416, 13.695385627438871 ], [ -89.822044624180691, 13.695385627438876 ], [ -89.822044624180691, 13.681910959814006 ], [ -89.835519291805554, 13.681910959814006 ], [ -89.835519291805554, 13.66843629218914 ], [ -89.822044624180691, 13.66843629218914 ], [ -89.822044624180691, 13.641486956939415 ], [ -89.835519291805554, 13.641486956939413 ], [ -89.835519291805554, 13.601062954064819 ], [ -89.848993959430416, 13.601062954064815 ], [ -89.848993959430416, 13.614537621689683 ], [ -89.862468627055279, 13.614537621689678 ], [ -89.862468627055279, 13.628012289314549 ], [ -89.902892629929894, 13.628012289314549 ], [ -89.902892629929894, 13.641486956939413 ], [ -89.929841965179605, 13.641486956939415 ], [ -89.929841965179605, 13.65496162456428 ], [ -89.943316632804468, 13.65496162456428 ], [ -89.943316632804468, 13.668436292189146 ], [ -89.929841965179605, 13.66843629218914 ], [ -89.929841965179605, 13.68191095981401 ], [ -89.943316632804468, 13.681910959814008 ], [ -89.943316632804468, 13.695385627438872 ], [ -89.983740635679069, 13.695385627438874 ], [ -89.983740635679069, 13.722334962688603 ], [ -89.997215303303932, 13.722334962688604 ], [ -89.997215303303932, 13.708860295063737 ], [ -90.010689970928794, 13.70886029506374 ], [ -90.010689970928794, 13.722334962688606 ], [ -90.024164638553657, 13.722334962688603 ], [ -90.024164638553657, 13.762758965563194 ], [ -90.010689970928794, 13.762758965563201 ], [ -90.010689970928794, 13.749284297938338 ], [ -89.997215303303932, 13.749284297938337 ], [ -89.997215303303932, 13.762758965563201 ], [ -89.970265968054207, 13.762758965563203 ], [ -89.970265968054207, 13.749284297938337 ], [ -89.983740635679069, 13.749284297938335 ], [ -89.983740635679069, 13.735809630313467 ], [ -89.95679130042933, 13.735809630313467 ], [ -89.95679130042933, 13.70886029506374 ], [ -89.929841965179605, 13.708860295063738 ], [ -89.929841965179605, 13.695385627438874 ], [ -89.916367297554743, 13.695385627438876 ], [ -89.916367297554743, 13.681910959814006 ], [ -89.902892629929894, 13.681910959814008 ], [ -89.902892629929894, 13.695385627438876 ] ] ] } },
{ "type": "Feature", "properties": { "class_id": 3, "area_m2": 6528660.1174310567, "class_name": "Normal", "index": "MNDWI", "min_value": null, "max_value": null }, "geometry": { "type": "Polygon", "coordinates": [ [ [ -89.795095288930952, 13.70886029506374 ], [ -89.781620621306104, 13.708860295063744 ], [ -89.781620621306104, 13.668436292189138 ], [ -89.795095288930952, 13.66843629218914 ], [ -89.795095288930952, 13.70886029506374 ] ] ] } },
{ "type": "Feature", "properties": { "class_id": 3, "area_m2": 4353963.7701311335, "class_name": "Normal", "index": "MNDWI", "min_value": null, "max_value": null }, "geometry": { "type": "Polygon", "coordinates": [ [ [ -89.983740635679069, 13.68191095981401 ], [ -90.010689970928794, 13.68191095981401 ], [ -90.010689970928794, 13.695385627438876 ], [ -89.983740635679069, 13.695385627438874 ], [ -89.983740635679069, 13.68191095981401 ] ] ] } },
{ "type": "Feature", "properties": { "class_id": 3, "area_m2": 2176193.1861178456, "class_name": "Normal", "index": "MNDWI", "min_value": null, "max_value": null }, "geometry": { "type": "Polygon", "coordinates": [ [ [ -89.822044624180691, 13.708860295063737 ], [ -89.808569956555814, 13.70886029506374 ], [ -89.808569956555814, 13.695385627438872 ], [ -89.822044624180691, 13.695385627438876 ], [ -89.822044624180691, 13.708860295063737 ] ] ] } },
{ "type": "Feature", "properties": { "class_id": 3, "area_m2": 4353852.71068577, "class_name": "Normal", "index": "MNDWI", "min_value": null, "max_value": null }, "geometry": { "type": "Polygon", "coordinates": [ [ [ -90.037639306178534, 13.722334962688606 ], [ -90.024164638553657, 13.722334962688603 ], [ -90.024164638553657, 13.695385627438876 ], [ -90.037639306178534, 13.695385627438876 ], [ -90.037639306178534, 13.722334962688606 ] ] ] } },
{ "type": "Feature", "properties": { "class_id": 3, "area_m2": 2176411.1592852334, "class_name": "Normal", "index": "MNDWI", "min_value": null, "max_value": null }, "geometry": { "type": "Polygon", "coordinates": [ [ [ -89.916367297554743, 13.72233496268861 ], [ -89.902892629929894, 13.72233496268861 ], [ -89.902892629929894, 13.70886029506374 ], [ -89.916367297554743, 13.708860295063744 ], [ -89.916367297554743, 13.72233496268861 ] ] ] } },
{ "type": "Feature", "properties": { "class_id": 3, "area_m2": 2176950.4137807107, "class_name": "Normal", "index": "MNDWI", "min_value": null, "max_value": null }, "geometry": { "type": "Polygon", "coordinates": [ [ [ -90.091537976677984, 13.735809630313469 ], [ -90.078063309053121, 13.735809630313472 ], [ -90.078063309053121, 13.722334962688604 ], [ -90.091537976677984, 13.722334962688606 ], [ -90.091537976677984, 13.735809630313469 ] ] ] } },
{ "type": "Feature", "properties": { "class_id": 3, "area_m2": 4353569.446750219, "class_name": "Normal", "index": "MNDWI", "min_value": null, "max_value": null }, "geometry": { "type": "Polygon", "coordinates": [ [ [ -90.064588641428259, 13.74928429793834 ], [ -90.051113973803396, 13.749284297938335 ], [ -90.051113973803396, 13.722334962688601 ], [ -90.064588641428259, 13.722334962688606 ], [ -90.064588641428259, 13.74928429793834 ] ] ] } },
{ "type": "Feature", "properties": { "class_id": 3, "area_m2": 2176166.1625855807, "class_name": "Normal", "index": "MNDWI", "min_value": null, "max_value": null }, "geometry": { "type": "Polygon", "coordinates": [ [ [ -89.916367297554743, 13.749284297938337 ], [ -89.902892629929894, 13.749284297938337 ], [ -89.902892629929894, 13.735809630313472 ], [ -89.916367297554743, 13.73580963031347 ], [ -89.916367297554743, 13.749284297938337 ] ] ] } },
{ "type": "Feature", "properties": { "class_id": 3, "area_m2": 2176880.2456757068, "class_name": "Normal", "index": "MNDWI", "min_value": null, "max_value": null }, "geometry": { "type": "Polygon", "coordinates": [ [ [ -90.091537976677984, 13.735809630313469 ], [ -90.10501264430286, 13.735809630313472 ], [ -90.10501264430286, 13.749284297938337 ], [ -90.091537976677984, 13.749284297938337 ], [ -90.091537976677984, 13.735809630313469 ] ] ] } },
{ "type": "Feature", "properties": { "class_id": 3, "area_m2": 2176069.8586026761, "class_name": "Normal", "index": "MNDWI", "min_value": null, "max_value": null }, "geometry": { "type": "Polygon", "coordinates": [ [ [ -89.95679130042933, 13.77623363318807 ], [ -89.943316632804468, 13.776233633188061 ], [ -89.943316632804468, 13.762758965563203 ], [ -89.95679130042933, 13.762758965563199 ], [ -89.95679130042933, 13.77623363318807 ] ] ] } },
{ "type": "Feature", "properties": { "class_id": 3, "area_m2": 2176265.0660312683, "class_name": "Normal", "index": "MNDWI", "min_value": null, "max_value": null }, "geometry": { "type": "Polygon", "coordinates": [ [ [ -90.10501264430286, 13.816657636062663 ], [ -90.091537976677984, 13.816657636062663 ], [ -90.091537976677984, 13.803182968437797 ], [ -90.10501264430286, 13.803182968437801 ], [ -90.10501264430286, 13.816657636062663 ] ] ] } },
{ "type": "Feature", "properties": { "class_id": 3, "area_m2": 147961579.19836846, "class_name": "Normal", "index": "MNDWI", "min_value": null, "max_value": null }, "geometry": { "type": "Polygon", "coordinates": [ [ [ -90.051113973803396, 13.789708300812926 ], [ -90.064588641428259, 13.789708300812928 ], [ -90.064588641428259, 13.74928429793834 ], [ -90.078063309053121, 13.749284297938337 ], [ -90.078063309053121, 13.776233633188063 ], [ -90.118487311927723, 13.776233633188061 ], [ -90.118487311927723, 13.803182968437797 ], [ -90.10501264430286, 13.803182968437801 ], [ -90.10501264430286, 13.789708300812931 ], [ -90.078063309053121, 13.789708300812935 ], [ -90.078063309053121, 13.803182968437799 ], [ -90.064588641428259, 13.803182968437797 ], [ -90.064588641428259, 13.816657636062663 ], [ -90.091537976677984, 13.816657636062663 ], [ -90.091537976677984, 13.830132303687524 ], [ -90.10501264430286, 13.830132303687526 ], [ -90.10501264430286, 13.843606971312392 ], [ -90.091537976677984, 13.84360697131239 ], [ -90.091537976677984, 13.870556306562127 ], [ -90.064588641428259, 13.870556306562124 ], [ -90.064588641428259, 13.88403097418699 ], [ -90.051113973803396, 13.884030974186985 ], [ -90.051113973803396, 13.857081638937263 ], [ -90.024164638553657, 13.857081638937258 ], [ -90.024164638553657, 13.87055630656212 ], [ -90.037639306178534, 13.870556306562124 ], [ -90.037639306178534, 13.897505641811851 ], [ -90.010689970928794, 13.897505641811854 ], [ -90.010689970928794, 13.84360697131239 ], [ -89.970265968054207, 13.843606971312392 ], [ -89.970265968054207, 13.830132303687527 ], [ -89.943316632804468, 13.830132303687522 ], [ -89.943316632804468, 13.816657636062667 ], [ -89.929841965179605, 13.816657636062663 ], [ -89.929841965179605, 13.803182968437797 ], [ -89.970265968054207, 13.803182968437797 ], [ -89.970265968054207, 13.776233633188063 ], [ -90.024164638553657, 13.776233633188061 ], [ -90.024164638553657, 13.762758965563194 ], [ -90.037639306178534, 13.762758965563203 ], [ -90.037639306178534, 13.776233633188063 ], [ -90.051113973803396, 13.776233633188061 ], [ -90.051113973803396, 13.789708300812926 ] ] ] } },
{ "type": "Feature", "properties": { "class_id": 3, "area_m2": 6525892.2062071627, "class_name": "Normal", "index": "MNDWI", "min_value": null, "max_value": null }, "geometry": { "type": "Polygon", "coordinates": [ [ [ -89.875943294680141, 13.816657636062661 ], [ -89.902892629929894, 13.816657636062663 ], [ -89.902892629929894, 13.843606971312388 ], [ -89.889417962305018, 13.84360697131239 ], [ -89.889417962305018, 13.830132303687524 ], [ -89.875943294680141, 13.830132303687524 ], [ -89.875943294680141, 13.816657636062661 ] ] ] } },
{ "type": "Feature", "properties": { "class_id": 3, "area_m2": 2174917.6295890491, "class_name": "Normal", "index": "MNDWI", "min_value": null, "max_value": null }, "geometry": { "type": "Polygon", "coordinates": [ [ [ -89.808569956555814, 13.84360697131239 ], [ -89.795095288930952, 13.843606971312386 ], [ -89.795095288930952, 13.830132303687522 ], [ -89.808569956555814, 13.83013230368752 ], [ -89.808569956555814, 13.84360697131239 ] ] ] } },
{ "type": "Feature", "properties": { "class_id": 3, "area_m2": 2175354.3956099553, "class_name": "Normal", "index": "MNDWI", "min_value": null, "max_value": null }, "geometry": { "type": "Polygon", "coordinates": [ [ [ -89.929841965179605, 13.843606971312393 ], [ -89.916367297554743, 13.843606971312392 ], [ -89.916367297554743, 13.830132303687526 ], [ -89.929841965179605, 13.830132303687526 ], [ -89.929841965179605, 13.843606971312393 ] ] ] } },
{ "type": "Feature", "properties": { "class_id": 3, "area_m2": 2175034.5002531144, "class_name": "Normal", "index": "MNDWI", "min_value": null, "max_value": null }, "geometry": { "type": "Polygon", "coordinates": [ [ [ -89.862468627055279, 13.84360697131239 ], [ -89.875943294680141, 13.84360697131239 ], [ -89.875943294680141, 13.857081638937258 ], [ -89.862468627055279, 13.857081638937261 ], [ -89.862468627055279, 13.84360697131239 ] ] ] } },
{ "type": "Feature", "properties": { "class_id": 3, "area_m2": 2175181.4424323058, "class_name": "Normal", "index": "MNDWI", "min_value": null, "max_value": null }, "geometry": { "type": "Polygon", "coordinates": [ [ [ -89.916367297554743, 13.857081638937263 ], [ -89.902892629929894, 13.857081638937261 ], [ -89.902892629929894, 13.843606971312388 ], [ -89.916367297554743, 13.843606971312392 ], [ -89.916367297554743, 13.857081638937263 ] ] ] } },
{ "type": "Feature", "properties": { "class_id": 3, "area_m2": 2175280.5532478238, "class_name": "Normal", "index": "MNDWI", "min_value": null, "max_value": null }, "geometry": { "type": "Polygon", "coordinates": [ [ [ -89.943316632804468, 13.857081638937261 ], [ -89.929841965179605, 13.857081638937258 ], [ -89.929841965179605, 13.843606971312393 ], [ -89.943316632804468, 13.84360697131239 ], [ -89.943316632804468, 13.857081638937261 ] ] ] } },
{ "type": "Feature", "properties": { "class_id": 3, "area_m2": 4350665.1878079902, "class_name": "Normal", "index": "MNDWI", "min_value": null, "max_value": null }, "geometry": { "type": "Polygon", "coordinates": [ [ [ -89.997215303303932, 13.870556306562124 ], [ -89.970265968054207, 13.87055630656212 ], [ -89.970265968054207, 13.85708163893726 ], [ -89.997215303303932, 13.85708163893726 ], [ -89.997215303303932, 13.870556306562124 ] ] ] } },
{ "type": "Feature", "properties": { "class_id": 3, "area_m2": 4348781.1293841414, "class_name": "Normal", "index": "MNDWI", "min_value": null, "max_value": null }, "geometry": { "type": "Polygon", "coordinates": [ [ [ -89.781620621306104, 13.897505641811851 ], [ -89.768145953681227, 13.897505641811851 ], [ -89.768145953681227, 13.870556306562127 ], [ -89.781620621306104, 13.87055630656212 ], [ -89.781620621306104, 13.897505641811851 ] ] ] } },
{ "type": "Feature", "properties": { "class_id": 3, "area_m2": 6523800.1741016293, "class_name": "Normal", "index": "MNDWI", "min_value": null, "max_value": null }, "geometry": { "type": "Polygon", "coordinates": [ [ [ -89.835519291805554, 13.884030974186985 ], [ -89.848993959430416, 13.884030974186986 ], [ -89.848993959430416, 13.897505641811854 ], [ -89.822044624180691, 13.897505641811851 ], [ -89.822044624180691, 13.870556306562124 ], [ -89.835519291805554, 13.870556306562117 ], [ -89.835519291805554, 13.884030974186985 ] ] ] } },
{ "type": "Feature", "properties": { "class_id": 3, "area_m2": 4350142.3487024037, "class_name": "Normal", "index": "MNDWI", "min_value": null, "max_value": null }, "geometry": { "type": "Polygon", "coordinates": [ [ [ -89.970265968054207, 13.897505641811856 ], [ -89.95679130042933, 13.897505641811859 ], [ -89.95679130042933, 13.870556306562124 ], [ -89.970265968054207, 13.87055630656212 ], [ -89.970265968054207, 13.897505641811856 ] ] ] } },
{ "type": "Feature", "properties": { "class_id": 3, "area_m2": 21746940.650001701, "class_name": "Normal", "index": "MNDWI", "min_value": null, "max_value": null }, "geometry": { "type": "Polygon", "coordinates": [ [ [ -89.902892629929894, 13.924454977061583 ], [ -89.889417962305018, 13.924454977061584 ], [ -89.889417962305018, 13.91098030943672 ], [ -89.862468627055279, 13.910980309436724 ], [ -89.862468627055279, 13.884030974186986 ], [ -89.875943294680141, 13.884030974186983 ], [ -89.875943294680141, 13.87055630656212 ], [ -89.889417962305018, 13.870556306562124 ], [ -89.889417962305018, 13.897505641811852 ], [ -89.902892629929894, 13.897505641811854 ], [ -89.902892629929894, 13.87055630656212 ], [ -89.916367297554743, 13.870556306562118 ], [ -89.916367297554743, 13.91098030943672 ], [ -89.902892629929894, 13.91098030943672 ], [ -89.902892629929894, 13.924454977061583 ] ] ] } },
{ "type": "Feature", "properties": { "class_id": 3, "area_m2": 2174986.1256128824, "class_name": "Normal", "index": "MNDWI", "min_value": null, "max_value": null }, "geometry": { "type": "Polygon", "coordinates": [ [ [ -89.997215303303932, 13.91098030943672 ], [ -89.983740635679069, 13.910980309436717 ], [ -89.983740635679069, 13.897505641811859 ], [ -89.997215303303932, 13.897505641811854 ], [ -89.997215303303932, 13.91098030943672 ] ] ] } },
{ "type": "Feature", "properties": { "class_id": 3, "area_m2": 2174318.6051336643, "class_name": "Normal", "index": "MNDWI", "min_value": null, "max_value": null }, "geometry": { "type": "Polygon", "coordinates": [ [ [ -89.848993959430416, 13.924454977061583 ], [ -89.835519291805554, 13.924454977061579 ], [ -89.835519291805554, 13.91098030943672 ], [ -89.848993959430416, 13.91098030943672 ], [ -89.848993959430416, 13.924454977061583 ] ] ] } },
{ "type": "Feature", "properties": { "class_id": 3, "area_m2": 2174761.1152744312, "class_name": "Normal", "index": "MNDWI", "min_value": null, "max_value": null }, "geometry": { "type": "Polygon", "coordinates": [ [ [ -89.970265968054207, 13.924454977061584 ], [ -89.95679130042933, 13.924454977061584 ], [ -89.95679130042933, 13.910980309436724 ], [ -89.970265968054207, 13.91098030943672 ], [ -89.970265968054207, 13.924454977061584 ] ] ] } },
{ "type": "Feature", "properties": { "class_id": 3, "area_m2": 2174912.7535746186, "class_name": "Normal", "index": "MNDWI", "min_value": null, "max_value": null }, "geometry": { "type": "Polygon", "coordinates": [ [ [ -90.010689970928794, 13.924454977061584 ], [ -89.997215303303932, 13.92445497706159 ], [ -89.997215303303932, 13.91098030943672 ], [ -90.010689970928794, 13.91098030943672 ], [ -90.010689970928794, 13.924454977061584 ] ] ] } },
{ "type": "Feature", "properties": { "class_id": 3, "area_m2": 2174003.7658673925, "class_name": "Normal", "index": "MNDWI", "min_value": null, "max_value": null }, "geometry": { "type": "Polygon", "coordinates": [ [ [ -89.795095288930952, 13.937929644686443 ], [ -89.781620621306104, 13.937929644686447 ], [ -89.781620621306104, 13.924454977061588 ], [ -89.795095288930952, 13.924454977061584 ], [ -89.795095288930952, 13.937929644686443 ] ] ] } },
{ "type": "Feature", "properties": { "class_id": 3, "area_m2": 10870606.467161091, "class_name": "Normal", "index": "MNDWI", "min_value": null, "max_value": null }, "geometry": { "type": "Polygon", "coordinates": [ [ [ -89.822044624180691, 13.937929644686449 ], [ -89.848993959430416, 13.93792964468645 ], [ -89.848993959430416, 13.951404312311311 ], [ -89.808569956555814, 13.951404312311311 ], [ -89.808569956555814, 13.91098030943672 ], [ -89.822044624180691, 13.91098030943672 ], [ -89.822044624180691, 13.937929644686449 ] ] ] } },
{ "type": "Feature", "properties": { "class_id": 3, "area_m2": 2174242.6746276943, "class_name": "Normal", "index": "MNDWI", "min_value": null, "max_value": null }, "geometry": { "type": "Polygon", "coordinates": [ [ [ -89.848993959430416, 13.924454977061583 ], [ -89.862468627055279, 13.924454977061584 ], [ -89.862468627055279, 13.93792964468645 ], [ -89.848993959430416, 13.93792964468645 ], [ -89.848993959430416, 13.924454977061583 ] ] ] } },
{ "type": "Feature", "properties": { "class_id": 3, "area_m2": 26092554.182562646, "class_name": "Normal", "index": "MNDWI", "min_value": null, "max_value": null }, "geometry": { "type": "Polygon", "coordinates": [ [ [ -89.889417962305018, 13.951404312311315 ], [ -89.889417962305018, 13.93792964468645 ], [ -89.902892629929894, 13.937929644686447 ], [ -89.902892629929894, 13.924454977061583 ], [ -89.916367297554743, 13.924454977061588 ], [ -89.916367297554743, 13.91098030943672 ], [ -89.943316632804468, 13.91098030943672 ], [ -89.943316632804468, 13.93792964468645 ], [ -89.916367297554743, 13.937929644686447 ], [ -89.916367297554743, 13.951404312311315 ], [ -89.95679130042933, 13.951404312311311 ], [ -89.95679130042933, 13.978353647561052 ], [ -89.943316632804468, 13.978353647561045 ], [ -89.943316632804468, 13.964878979936186 ], [ -89.902892629929894, 13.964878979936181 ], [ -89.902892629929894, 13.951404312311309 ], [ -89.889417962305018, 13.951404312311315 ] ] ] } },
{ "type": "Feature", "properties": { "class_id": 3, "area_m2": 6522373.4443911528, "class_name": "Normal", "index": "MNDWI", "min_value": null, "max_value": null }, "geometry": { "type": "Polygon", "coordinates": [ [ [ -89.875943294680141, 13.937929644686445 ], [ -89.875943294680141, 13.951404312311309 ], [ -89.889417962305018, 13.951404312311315 ], [ -89.889417962305018, 13.964878979936181 ], [ -89.862468627055279, 13.964878979936184 ], [ -89.862468627055279, 13.93792964468645 ], [ -89.875943294680141, 13.937929644686445 ] ] ] } },
{ "type": "Feature", "properties": { "class_id": 3, "area_m2": 6523440.0466190474, "class_name": "Normal", "index": "MNDWI", "min_value": null, "max_value": null }, "geometry": { "type": "Polygon", "coordinates": [ [ [ -89.95679130042933, 13.937929644686449 ], [ -89.983740635679069, 13.937929644686445 ], [ -89.983740635679069, 13.964878979936181 ], [ -89.970265968054207, 13.964878979936183 ], [ -89.970265968054207, 13.951404312311309 ], [ -89.95679130042933, 13.951404312311311 ], [ -89.95679130042933, 13.937929644686449 ] ] ] } },
{ "type": "Feature", "properties": { "class_id": 3, "area_m2": 2174015.4491103208, "class_name": "Normal", "index": "MNDWI", "min_value": null, "max_value": null }, "geometry": { "type": "Polygon", "coordinates": [ [ [ -89.902892629929894, 13.978353647561038 ], [ -89.889417962305018, 13.978353647561045 ], [ -89.889417962305018, 13.964878979936181 ], [ -89.902892629929894, 13.964878979936181 ], [ -89.902892629929894, 13.978353647561038 ] ] ] } },
{ "type": "Feature", "properties": { "class_id": 3, "area_m2": 4347326.2483325936, "class_name": "Normal", "index": "MNDWI", "min_value": null, "max_value": null }, "geometry": { "type": "Polygon", "coordinates": [ [ [ -89.822044624180691, 13.991828315185913 ], [ -89.808569956555814, 13.991828315185911 ], [ -89.808569956555814, 13.964878979936183 ], [ -89.822044624180691, 13.964878979936181 ], [ -89.822044624180691, 13.991828315185913 ] ] ] } },
{ "type": "Feature", "properties": { "class_id": 3, "area_m2": 2173841.8756088978, "class_name": "Normal", "index": "MNDWI", "min_value": null, "max_value": null }, "geometry": { "type": "Polygon", "coordinates": [ [ [ -89.889417962305018, 13.991828315185911 ], [ -89.875943294680141, 13.991828315185906 ], [ -89.875943294680141, 13.978353647561041 ], [ -89.889417962305018, 13.978353647561045 ], [ -89.889417962305018, 13.991828315185911 ] ] ] } },
{ "type": "Feature", "properties": { "class_id": 3, "area_m2": 4347754.9257943006, "class_name": "Normal", "index": "MNDWI", "min_value": null, "max_value": null }, "geometry": { "type": "Polygon", "coordinates": [ [ [ -89.902892629929894, 13.978353647561038 ], [ -89.916367297554743, 13.978353647561043 ], [ -89.916367297554743, 14.005302982810774 ], [ -89.902892629929894, 14.005302982810772 ], [ -89.902892629929894, 13.978353647561038 ] ] ] } },
{ "type": "Feature", "properties": { "class_id": 3, "area_m2": 21731810.518113907, "class_name": "Normal", "index": "MNDWI", "min_value": null, "max_value": null }, "geometry": { "type": "Polygon", "coordinates": [ [ [ -89.754671286056364, 14.005302982810772 ], [ -89.808569956555814, 14.00530298281077 ], [ -89.808569956555814, 14.018777650435641 ], [ -89.795095288930952, 14.018777650435643 ], [ -89.795095288930952, 14.032252318060502 ], [ -89.727721950806625, 14.032252318060502 ], [ -89.727721950806625, 14.005302982810772 ], [ -89.741196618431488, 14.005302982810772 ], [ -89.741196618431488, 14.018777650435641 ], [ -89.754671286056364, 14.018777650435645 ], [ -89.754671286056364, 14.005302982810772 ] ] ] } },
{ "type": "Feature", "properties": { "class_id": 3, "area_m2": 6519590.8518939912, "class_name": "Normal", "index": "MNDWI", "min_value": null, "max_value": null }, "geometry": { "type": "Polygon", "coordinates": [ [ [ -89.862468627055279, 14.045726985685372 ], [ -89.822044624180691, 14.045726985685365 ], [ -89.822044624180691, 14.032252318060509 ], [ -89.862468627055279, 14.032252318060504 ], [ -89.862468627055279, 14.045726985685372 ] ] ] } },
{ "type": "Feature", "properties": { "class_id": 3, "area_m2": 2173390.875495221, "class_name": "Normal", "index": "MNDWI", "min_value": null, "max_value": null }, "geometry": { "type": "Polygon", "coordinates": [ [ [ -89.902892629929894, 14.04572698568537 ], [ -89.889417962305018, 14.045726985685366 ], [ -89.889417962305018, 14.032252318060506 ], [ -89.902892629929894, 14.032252318060504 ], [ -89.902892629929894, 14.04572698568537 ] ] ] } },
{ "type": "Feature", "properties": { "class_id": 3, "area_m2": 4354266.3385516126, "class_name": "Normal", "index": "MNDWI", "min_value": null, "max_value": null }, "geometry": { "type": "Polygon", "coordinates": [ [ [ -89.606449942182834, 13.520214948315623 ], [ -89.579500606933109, 13.520214948315623 ], [ -89.579500606933109, 13.506740280690762 ], [ -89.606449942182834, 13.506740280690757 ], [ -89.606449942182834, 13.520214948315623 ] ] ] } },
{ "type": "Feature", "properties": { "class_id": 3, "area_m2": 2177079.0624534064, "class_name": "Normal", "index": "MNDWI", "min_value": null, "max_value": null }, "geometry": { "type": "Polygon", "coordinates": [ [ [ -89.619924609807711, 13.533689615940492 ], [ -89.606449942182834, 13.533689615940492 ], [ -89.606449942182834, 13.520214948315623 ], [ -89.619924609807711, 13.520214948315623 ], [ -89.619924609807711, 13.533689615940492 ] ] ] } },
{ "type": "Feature", "properties": { "class_id": 3, "area_m2": 2177168.434472383, "class_name": "Normal", "index": "MNDWI", "min_value": null, "max_value": null }, "geometry": { "type": "Polygon", "coordinates": [ [ [ -89.646873945057436, 13.533689615940494 ], [ -89.633399277432574, 13.533689615940492 ], [ -89.633399277432574, 13.520214948315623 ], [ -89.646873945057436, 13.520214948315626 ], [ -89.646873945057436, 13.533689615940494 ] ] ] } },
{ "type": "Feature", "properties": { "class_id": 3, "area_m2": 2177092.8370092525, "class_name": "Normal", "index": "MNDWI", "min_value": null, "max_value": null }, "geometry": { "type": "Polygon", "coordinates": [ [ [ -89.646873945057436, 13.533689615940494 ], [ -89.660348612682313, 13.533689615940492 ], [ -89.660348612682313, 13.547164283565353 ], [ -89.646873945057436, 13.547164283565358 ], [ -89.646873945057436, 13.533689615940494 ] ] ] } },
{ "type": "Feature", "properties": { "class_id": 3, "area_m2": 2176197.0260151606, "class_name": "Normal", "index": "MNDWI", "min_value": null, "max_value": null }, "geometry": { "type": "Polygon", "coordinates": [ [ [ -89.417804595434731, 13.560638951190217 ], [ -89.404329927809869, 13.560638951190223 ], [ -89.404329927809869, 13.547164283565358 ], [ -89.417804595434731, 13.547164283565353 ], [ -89.417804595434731, 13.560638951190217 ] ] ] } },
{ "type": "Feature", "properties": { "class_id": 3, "area_m2": 4354447.7051234841, "class_name": "Normal", "index": "MNDWI", "min_value": null, "max_value": null }, "geometry": { "type": "Polygon", "coordinates": [ [ [ -89.741196618431488, 13.560638951190223 ], [ -89.714247283181763, 13.560638951190223 ], [ -89.714247283181763, 13.547164283565357 ], [ -89.741196618431488, 13.547164283565351 ], [ -89.741196618431488, 13.560638951190223 ] ] ] } },
{ "type": "Feature", "properties": { "class_id": 3, "area_m2": 2176730.2398451632, "class_name": "Normal", "index": "MNDWI", "min_value": null, "max_value": null }, "geometry": { "type": "Polygon", "coordinates": [ [ [ -89.660348612682313, 13.587588286439951 ], [ -89.646873945057436, 13.587588286439953 ], [ -89.646873945057436, 13.574113618815089 ], [ -89.660348612682313, 13.574113618815085 ], [ -89.660348612682313, 13.587588286439951 ] ] ] } },
{ "type": "Feature", "properties": { "class_id": 3, "area_m2": 2175349.0462721549, "class_name": "Normal", "index": "MNDWI", "min_value": null, "max_value": null }, "geometry": { "type": "Polygon", "coordinates": [ [ [ -89.377380592560129, 13.641486956939412 ], [ -89.363905924935267, 13.64148695693941 ], [ -89.363905924935267, 13.628012289314547 ], [ -89.377380592560129, 13.628012289314546 ], [ -89.377380592560129, 13.641486956939412 ] ] ] } },
{ "type": "Feature", "properties": { "class_id": 3, "area_m2": 2175553.2002395028, "class_name": "Normal", "index": "MNDWI", "min_value": null, "max_value": null }, "geometry": { "type": "Polygon", "coordinates": [ [ [ -89.444753930684456, 13.641486956939413 ], [ -89.431279263059594, 13.641486956939413 ], [ -89.431279263059594, 13.628012289314549 ], [ -89.444753930684456, 13.628012289314544 ], [ -89.444753930684456, 13.641486956939413 ] ] ] } },
{ "type": "Feature", "properties": { "class_id": 3, "area_m2": 6526909.053775656, "class_name": "Normal", "index": "MNDWI", "min_value": null, "max_value": null }, "geometry": { "type": "Polygon", "coordinates": [ [ [ -89.471703265934181, 13.654961624564274 ], [ -89.458228598309319, 13.65496162456428 ], [ -89.458228598309319, 13.61453762168968 ], [ -89.471703265934181, 13.61453762168968 ], [ -89.471703265934181, 13.654961624564274 ] ] ] } },
{ "type": "Feature", "properties": { "class_id": 3, "area_m2": 2175390.4597551916, "class_name": "Normal", "index": "MNDWI", "min_value": null, "max_value": null }, "geometry": { "type": "Polygon", "coordinates": [ [ [ -89.417804595434731, 13.641486956939413 ], [ -89.431279263059594, 13.641486956939413 ], [ -89.431279263059594, 13.65496162456428 ], [ -89.417804595434731, 13.654961624564283 ], [ -89.417804595434731, 13.641486956939413 ] ] ] } },
{ "type": "Feature", "properties": { "class_id": 3, "area_m2": 863762996.19194305, "class_name": "Normal", "index": "MNDWI", "min_value": null, "max_value": null }, "geometry": { "type": "Polygon", "coordinates": [ [ [ -89.768145953681227, 13.762758965563204 ], [ -89.768145953681227, 13.749284297938337 ], [ -89.754671286056364, 13.749284297938329 ], [ -89.754671286056364, 13.735809630313472 ], [ -89.741196618431488, 13.735809630313469 ], [ -89.741196618431488, 13.722334962688604 ], [ -89.727721950806625, 13.722334962688603 ], [ -89.727721950806625, 13.735809630313467 ], [ -89.714247283181763, 13.73580963031347 ], [ -89.714247283181763, 13.749284297938338 ], [ -89.727721950806625, 13.749284297938335 ], [ -89.727721950806625, 13.762758965563203 ], [ -89.741196618431488, 13.762758965563197 ], [ -89.741196618431488, 13.776233633188067 ], [ -89.727721950806625, 13.776233633188063 ], [ -89.727721950806625, 13.789708300812928 ], [ -89.714247283181763, 13.789708300812933 ], [ -89.714247283181763, 13.776233633188067 ], [ -89.7007726155569, 13.776233633188067 ], [ -89.7007726155569, 13.803182968437797 ], [ -89.646873945057436, 13.803182968437797 ], [ -89.646873945057436, 13.789708300812931 ], [ -89.633399277432574, 13.789708300812933 ], [ -89.633399277432574, 13.803182968437797 ], [ -89.512127268808783, 13.803182968437797 ], [ -89.512127268808783, 13.816657636062667 ], [ -89.485177933559058, 13.816657636062658 ], [ -89.485177933559058, 13.830132303687526 ], [ -89.458228598309319, 13.830132303687524 ], [ -89.458228598309319, 13.843606971312393 ], [ -89.444753930684456, 13.843606971312388 ], [ -89.444753930684456, 13.830132303687519 ], [ -89.417804595434731, 13.830132303687522 ], [ -89.417804595434731, 13.803182968437797 ], [ -89.431279263059594, 13.803182968437797 ], [ -89.431279263059594, 13.816657636062661 ], [ -89.444753930684456, 13.816657636062658 ], [ -89.444753930684456, 13.803182968437797 ], [ -89.458228598309319, 13.803182968437797 ], [ -89.458228598309319, 13.762758965563203 ], [ -89.444753930684456, 13.762758965563199 ], [ -89.444753930684456, 13.749284297938337 ], [ -89.431279263059594, 13.749284297938337 ], [ -89.431279263059594, 13.735809630313469 ], [ -89.444753930684456, 13.735809630313469 ], [ -89.444753930684456, 13.722334962688606 ], [ -89.512127268808783, 13.722334962688606 ], [ -89.512127268808783, 13.70886029506374 ], [ -89.525601936433645, 13.708860295063738 ], [ -89.525601936433645, 13.695385627438872 ], [ -89.512127268808783, 13.695385627438874 ], [ -89.512127268808783, 13.654961624564283 ], [ -89.525601936433645, 13.65496162456428 ], [ -89.525601936433645, 13.641486956939413 ], [ -89.485177933559058, 13.641486956939413 ], [ -89.485177933559058, 13.628012289314546 ], [ -89.512127268808783, 13.628012289314546 ], [ -89.512127268808783, 13.587588286439953 ], [ -89.485177933559058, 13.587588286439953 ], [ -89.485177933559058, 13.574113618815089 ], [ -89.458228598309319, 13.574113618815089 ], [ -89.458228598309319, 13.587588286439956 ], [ -89.444753930684456, 13.587588286439953 ], [ -89.444753930684456, 13.601062954064822 ], [ -89.431279263059594, 13.601062954064819 ], [ -89.431279263059594, 13.560638951190219 ], [ -89.458228598309319, 13.560638951190219 ], [ -89.458228598309319, 13.533689615940496 ], [ -89.444753930684456, 13.533689615940492 ], [ -89.444753930684456, 13.520214948315628 ], [ -89.458228598309319, 13.520214948315628 ], [ -89.458228598309319, 13.493265613065903 ], [ -89.471703265934181, 13.493265613065898 ], [ -89.471703265934181, 13.506740280690757 ], [ -89.49865260118392, 13.506740280690762 ], [ -89.49865260118392, 13.493265613065899 ], [ -89.539076604058522, 13.493265613065899 ], [ -89.539076604058522, 13.506740280690762 ], [ -89.566025939308247, 13.50674028069076 ], [ -89.566025939308247, 13.520214948315626 ], [ -89.579500606933109, 13.520214948315623 ], [ -89.579500606933109, 13.533689615940494 ], [ -89.592975274557972, 13.533689615940492 ], [ -89.592975274557972, 13.560638951190217 ], [ -89.619924609807711, 13.560638951190217 ], [ -89.619924609807711, 13.587588286439953 ], [ -89.646873945057436, 13.587588286439953 ], [ -89.646873945057436, 13.601062954064821 ], [ -89.673823280307161, 13.601062954064819 ], [ -89.673823280307161, 13.587588286439956 ], [ -89.7007726155569, 13.587588286439953 ], [ -89.7007726155569, 13.601062954064819 ], [ -89.687297947932038, 13.601062954064819 ], [ -89.687297947932038, 13.614537621689685 ], [ -89.7007726155569, 13.614537621689683 ], [ -89.7007726155569, 13.628012289314547 ], [ -89.714247283181763, 13.628012289314549 ], [ -89.714247283181763, 13.601062954064817 ], [ -89.727721950806625, 13.601062954064817 ], [ -89.727721950806625, 13.587588286439949 ], [ -89.741196618431488, 13.587588286439956 ], [ -89.741196618431488, 13.601062954064815 ], [ -89.754671286056364, 13.601062954064819 ], [ -89.754671286056364, 13.587588286439953 ], [ -89.768145953681227, 13.587588286439956 ], [ -89.768145953681227, 13.574113618815089 ], [ -89.754671286056364, 13.57411361881509 ], [ -89.754671286056364, 13.547164283565355 ], [ -89.781620621306104, 13.54716428356536 ], [ -89.781620621306104, 13.533689615940492 ], [ -89.822044624180691, 13.533689615940496 ], [ -89.822044624180691, 13.574113618815085 ], [ -89.835519291805554, 13.574113618815089 ], [ -89.835519291805554, 13.601062954064819 ], [ -89.808569956555814, 13.601062954064819 ], [ -89.808569956555814, 13.614537621689685 ], [ -89.795095288930952, 13.614537621689676 ], [ -89.795095288930952, 13.628012289314546 ], [ -89.781620621306104, 13.628012289314553 ], [ -89.781620621306104, 13.641486956939413 ], [ -89.768145953681227, 13.641486956939413 ], [ -89.768145953681227, 13.628012289314553 ], [ -89.754671286056364, 13.628012289314547 ], [ -89.754671286056364, 13.641486956939413 ], [ -89.741196618431488, 13.641486956939413 ], [ -89.741196618431488, 13.681910959814006 ], [ -89.754671286056364, 13.681910959814006 ], [ -89.754671286056364, 13.695385627438876 ], [ -89.768145953681227, 13.695385627438874 ], [ -89.768145953681227, 13.70886029506374 ], [ -89.781620621306104, 13.708860295063744 ], [ -89.781620621306104, 13.722334962688601 ], [ -89.795095288930952, 13.722334962688606 ], [ -89.795095288930952, 13.735809630313467 ], [ -89.781620621306104, 13.735809630313469 ], [ -89.781620621306104, 13.749284297938337 ], [ -89.862468627055279, 13.749284297938337 ], [ -89.862468627055279, 13.762758965563199 ], [ -89.848993959430416, 13.762758965563197 ], [ -89.848993959430416, 13.776233633188061 ], [ -89.862468627055279, 13.776233633188069 ], [ -89.862468627055279, 13.803182968437797 ], [ -89.875943294680141, 13.803182968437797 ], [ -89.875943294680141, 13.816657636062661 ], [ -89.848993959430416, 13.816657636062663 ], [ -89.848993959430416, 13.830132303687522 ], [ -89.808569956555814, 13.83013230368752 ], [ -89.808569956555814, 13.81665763606266 ], [ -89.795095288930952, 13.816657636062658 ], [ -89.795095288930952, 13.830132303687522 ], [ -89.768145953681227, 13.830132303687527 ], [ -89.768145953681227, 13.843606971312395 ], [ -89.714247283181763, 13.843606971312393 ], [ -89.714247283181763, 13.830132303687526 ], [ -89.754671286056364, 13.830132303687527 ], [ -89.754671286056364, 13.789708300812933 ], [ -89.768145953681227, 13.789708300812929 ], [ -89.768145953681227, 13.77623363318807 ], [ -89.754671286056364, 13.776233633188067 ], [ -89.754671286056364, 13.762758965563195 ], [ -89.768145953681227, 13.762758965563204 ] ], [ [ -89.727721950806625, 13.708860295063733 ], [ -89.714247283181763, 13.708860295063744 ], [ -89.714247283181763, 13.722334962688603 ], [ -89.727721950806625, 13.722334962688603 ], [ -89.727721950806625, 13.708860295063733 ] ], [ [ -89.485177933559058, 13.803182968437797 ], [ -89.471703265934181, 13.803182968437794 ], [ -89.471703265934181, 13.816657636062663 ], [ -89.485177933559058, 13.816657636062658 ], [ -89.485177933559058, 13.803182968437797 ] ], [ [ -89.49865260118392, 13.803182968437797 ], [ -89.49865260118392, 13.789708300812931 ], [ -89.485177933559058, 13.789708300812928 ], [ -89.485177933559058, 13.803182968437797 ], [ -89.49865260118392, 13.803182968437797 ] ], [ [ -89.539076604058522, 13.695385627438874 ], [ -89.539076604058522, 13.708860295063744 ], [ -89.552551271683384, 13.708860295063744 ], [ -89.552551271683384, 13.695385627438879 ], [ -89.579500606933109, 13.695385627438876 ], [ -89.579500606933109, 13.681910959814008 ], [ -89.566025939308247, 13.68191095981401 ], [ -89.566025939308247, 13.668436292189142 ], [ -89.552551271683384, 13.66843629218914 ], [ -89.552551271683384, 13.654961624564283 ], [ -89.539076604058522, 13.654961624564283 ], [ -89.539076604058522, 13.681910959814006 ], [ -89.525601936433645, 13.681910959814008 ], [ -89.525601936433645, 13.695385627438872 ], [ -89.539076604058522, 13.695385627438874 ] ], [ [ -89.512127268808783, 13.506740280690757 ], [ -89.512127268808783, 13.533689615940496 ], [ -89.49865260118392, 13.533689615940492 ], [ -89.49865260118392, 13.547164283565358 ], [ -89.539076604058522, 13.547164283565358 ], [ -89.539076604058522, 13.560638951190215 ], [ -89.552551271683384, 13.560638951190219 ], [ -89.552551271683384, 13.574113618815087 ], [ -89.566025939308247, 13.574113618815085 ], [ -89.566025939308247, 13.614537621689683 ], [ -89.579500606933109, 13.614537621689685 ], [ -89.579500606933109, 13.601062954064819 ], [ -89.592975274557972, 13.601062954064815 ], [ -89.592975274557972, 13.574113618815089 ], [ -89.579500606933109, 13.57411361881509 ], [ -89.579500606933109, 13.560638951190215 ], [ -89.566025939308247, 13.560638951190217 ], [ -89.566025939308247, 13.547164283565357 ], [ -89.552551271683384, 13.547164283565355 ], [ -89.552551271683384, 13.533689615940496 ], [ -89.539076604058522, 13.533689615940492 ], [ -89.539076604058522, 13.506740280690762 ], [ -89.512127268808783, 13.506740280690757 ] ], [ [ -89.539076604058522, 13.57411361881509 ], [ -89.539076604058522, 13.587588286439953 ], [ -89.552551271683384, 13.587588286439953 ], [ -89.552551271683384, 13.574113618815087 ], [ -89.539076604058522, 13.57411361881509 ] ], [ [ -89.673823280307161, 13.61453762168968 ], [ -89.673823280307161, 13.628012289314549 ], [ -89.687297947932038, 13.628012289314546 ], [ -89.687297947932038, 13.614537621689685 ], [ -89.673823280307161, 13.61453762168968 ] ], [ [ -89.727721950806625, 13.68191095981401 ], [ -89.727721950806625, 13.695385627438874 ], [ -89.741196618431488, 13.695385627438876 ], [ -89.741196618431488, 13.681910959814006 ], [ -89.727721950806625, 13.68191095981401 ] ], [ [ -89.848993959430416, 13.803182968437797 ], [ -89.835519291805554, 13.803182968437797 ], [ -89.835519291805554, 13.816657636062663 ], [ -89.848993959430416, 13.816657636062663 ], [ -89.848993959430416, 13.803182968437797 ] ], [ [ -89.808569956555814, 13.803182968437797 ], [ -89.808569956555814, 13.789708300812929 ], [ -89.781620621306104, 13.789708300812931 ], [ -89.781620621306104, 13.803182968437795 ], [ -89.808569956555814, 13.803182968437797 ] ], [ [ -89.835519291805554, 13.789708300812933 ], [ -89.835519291805554, 13.776233633188061 ], [ -89.822044624180691, 13.776233633188061 ], [ -89.822044624180691, 13.789708300812928 ], [ -89.835519291805554, 13.789708300812933 ] ], [ [ -89.673823280307161, 13.776233633188067 ], [ -89.673823280307161, 13.789708300812933 ], [ -89.687297947932038, 13.789708300812931 ], [ -89.687297947932038, 13.776233633188067 ], [ -89.673823280307161, 13.776233633188067 ] ], [ [ -89.673823280307161, 13.762758965563197 ], [ -89.660348612682313, 13.762758965563197 ], [ -89.660348612682313, 13.77623363318806 ], [ -89.673823280307161, 13.776233633188067 ], [ -89.673823280307161, 13.762758965563197 ] ], [ [ -89.485177933559058, 13.77623363318807 ], [ -89.485177933559058, 13.762758965563203 ], [ -89.471703265934181, 13.762758965563203 ], [ -89.471703265934181, 13.776233633188065 ], [ -89.485177933559058, 13.77623363318807 ] ], [ [ -89.646873945057436, 13.762758965563203 ], [ -89.646873945057436, 13.749284297938337 ], [ -89.633399277432574, 13.74928429793834 ], [ -89.633399277432574, 13.762758965563203 ], [ -89.646873945057436, 13.762758965563203 ] ], [ [ -89.673823280307161, 13.749284297938337 ], [ -89.673823280307161, 13.735809630313469 ], [ -89.660348612682313, 13.73580963031347 ], [ -89.660348612682313, 13.749284297938333 ], [ -89.673823280307161, 13.749284297938337 ] ], [ [ -89.673823280307161, 13.722334962688608 ], [ -89.673823280307161, 13.708860295063737 ], [ -89.660348612682313, 13.70886029506374 ], [ -89.660348612682313, 13.722334962688603 ], [ -89.673823280307161, 13.722334962688608 ] ], [ [ -89.592975274557972, 13.722334962688608 ], [ -89.592975274557972, 13.708860295063744 ], [ -89.579500606933109, 13.70886029506374 ], [ -89.579500606933109, 13.722334962688606 ], [ -89.592975274557972, 13.722334962688608 ] ], [ [ -89.646873945057436, 13.708860295063735 ], [ -89.646873945057436, 13.66843629218914 ], [ -89.606449942182834, 13.668436292189138 ], [ -89.606449942182834, 13.65496162456428 ], [ -89.619924609807711, 13.654961624564283 ], [ -89.619924609807711, 13.641486956939413 ], [ -89.633399277432574, 13.641486956939417 ], [ -89.633399277432574, 13.628012289314544 ], [ -89.619924609807711, 13.628012289314549 ], [ -89.619924609807711, 13.61453762168968 ], [ -89.592975274557972, 13.614537621689685 ], [ -89.592975274557972, 13.681910959814013 ], [ -89.606449942182834, 13.681910959814008 ], [ -89.606449942182834, 13.695385627438874 ], [ -89.619924609807711, 13.695385627438876 ], [ -89.619924609807711, 13.70886029506374 ], [ -89.646873945057436, 13.708860295063735 ] ], [ [ -89.673823280307161, 13.695385627438876 ], [ -89.673823280307161, 13.68191095981401 ], [ -89.660348612682313, 13.681910959814006 ], [ -89.660348612682313, 13.695385627438874 ], [ -89.673823280307161, 13.695385627438876 ] ], [ [ -89.552551271683384, 13.614537621689689 ], [ -89.552551271683384, 13.601062954064822 ], [ -89.539076604058522, 13.601062954064819 ], [ -89.539076604058522, 13.614537621689683 ], [ -89.552551271683384, 13.614537621689689 ] ], [ [ -89.485177933559058, 13.547164283565355 ], [ -89.485177933559058, 13.533689615940492 ], [ -89.471703265934181, 13.533689615940492 ], [ -89.471703265934181, 13.547164283565357 ], [ -89.485177933559058, 13.547164283565355 ] ] ] } },
{ "type": "Feature", "properties": { "class_id": 3, "area_m2": 195711658.76275262, "class_name": "Normal", "index": "MNDWI", "min_value": null, "max_value": null }, "geometry": { "type": "Polygon", "coordinates": [ [ [ -89.29653258681094, 13.803182968437797 ], [ -89.29653258681094, 13.762758965563199 ], [ -89.310007254435803, 13.762758965563203 ], [ -89.310007254435803, 13.776233633188067 ], [ -89.323481922060665, 13.776233633188063 ], [ -89.323481922060665, 13.749284297938338 ], [ -89.310007254435803, 13.749284297938333 ], [ -89.310007254435803, 13.735809630313467 ], [ -89.29653258681094, 13.735809630313467 ], [ -89.29653258681094, 13.708860295063742 ], [ -89.310007254435803, 13.70886029506374 ], [ -89.310007254435803, 13.68191095981401 ], [ -89.283057919186078, 13.681910959814008 ], [ -89.283057919186078, 13.668436292189142 ], [ -89.269583251561215, 13.668436292189146 ], [ -89.269583251561215, 13.681910959814012 ], [ -89.256108583936339, 13.68191095981401 ], [ -89.256108583936339, 13.641486956939412 ], [ -89.269583251561215, 13.641486956939412 ], [ -89.269583251561215, 13.628012289314549 ], [ -89.283057919186078, 13.628012289314549 ], [ -89.283057919186078, 13.641486956939415 ], [ -89.336956589685542, 13.641486956939412 ], [ -89.336956589685542, 13.628012289314549 ], [ -89.310007254435803, 13.628012289314547 ], [ -89.310007254435803, 13.614537621689681 ], [ -89.323481922060665, 13.614537621689685 ], [ -89.323481922060665, 13.601062954064817 ], [ -89.350431257310419, 13.601062954064822 ], [ -89.350431257310419, 13.641486956939415 ], [ -89.363905924935267, 13.64148695693941 ], [ -89.363905924935267, 13.681910959814013 ], [ -89.377380592560129, 13.681910959814008 ], [ -89.377380592560129, 13.695385627438879 ], [ -89.390855260184992, 13.695385627438879 ], [ -89.390855260184992, 13.681910959814006 ], [ -89.404329927809869, 13.681910959814008 ], [ -89.404329927809869, 13.668436292189138 ], [ -89.417804595434731, 13.668436292189142 ], [ -89.417804595434731, 13.695385627438874 ], [ -89.431279263059594, 13.695385627438876 ], [ -89.431279263059594, 13.735809630313469 ], [ -89.404329927809869, 13.735809630313472 ], [ -89.404329927809869, 13.749284297938337 ], [ -89.431279263059594, 13.749284297938337 ], [ -89.431279263059594, 13.762758965563203 ], [ -89.444753930684456, 13.762758965563199 ], [ -89.444753930684456, 13.789708300812933 ], [ -89.417804595434731, 13.789708300812933 ], [ -89.417804595434731, 13.803182968437797 ], [ -89.404329927809869, 13.803182968437797 ], [ -89.404329927809869, 13.776233633188067 ], [ -89.390855260184992, 13.776233633188069 ], [ -89.390855260184992, 13.789708300812931 ], [ -89.363905924935267, 13.789708300812928 ], [ -89.363905924935267, 13.776233633188061 ], [ -89.350431257310419, 13.776233633188067 ], [ -89.350431257310419, 13.762758965563199 ], [ -89.336956589685542, 13.762758965563197 ], [ -89.336956589685542, 13.789708300812935 ], [ -89.323481922060665, 13.789708300812933 ], [ -89.323481922060665, 13.803182968437797 ], [ -89.29653258681094, 13.803182968437797 ] ], [ [ -89.310007254435803, 13.722334962688606 ], [ -89.323481922060665, 13.722334962688608 ], [ -89.323481922060665, 13.70886029506374 ], [ -89.310007254435803, 13.70886029506374 ], [ -89.310007254435803, 13.722334962688606 ] ], [ [ -89.390855260184992, 13.70886029506374 ], [ -89.404329927809869, 13.70886029506374 ], [ -89.404329927809869, 13.695385627438874 ], [ -89.390855260184992, 13.695385627438879 ], [ -89.390855260184992, 13.70886029506374 ] ], [ [ -89.404329927809869, 13.722334962688606 ], [ -89.377380592560129, 13.722334962688604 ], [ -89.377380592560129, 13.708860295063744 ], [ -89.350431257310419, 13.708860295063737 ], [ -89.350431257310419, 13.722334962688604 ], [ -89.336956589685542, 13.722334962688606 ], [ -89.336956589685542, 13.735809630313474 ], [ -89.404329927809869, 13.735809630313472 ], [ -89.404329927809869, 13.722334962688606 ] ], [ [ -89.350431257310419, 13.695385627438874 ], [ -89.350431257310419, 13.68191095981401 ], [ -89.336956589685542, 13.68191095981401 ], [ -89.336956589685542, 13.695385627438874 ], [ -89.350431257310419, 13.695385627438874 ] ], [ [ -89.336956589685542, 13.668436292189142 ], [ -89.336956589685542, 13.654961624564276 ], [ -89.310007254435803, 13.65496162456428 ], [ -89.310007254435803, 13.668436292189138 ], [ -89.336956589685542, 13.668436292189142 ] ] ] } },
{ "type": "Feature", "properties": { "class_id": 3, "area_m2": 4349720.459855007, "class_name": "Normal", "index": "MNDWI", "min_value": null, "max_value": null }, "geometry": { "type": "Polygon", "coordinates": [ [ [ -89.727721950806625, 13.816657636062663 ], [ -89.7007726155569, 13.81665763606266 ], [ -89.7007726155569, 13.803182968437797 ], [ -89.727721950806625, 13.803182968437797 ], [ -89.727721950806625, 13.816657636062663 ] ] ] } },
{ "type": "Feature", "properties": { "class_id": 3, "area_m2": 2174179.8368528243, "class_name": "Normal", "index": "MNDWI", "min_value": null, "max_value": null }, "geometry": { "type": "Polygon", "coordinates": [ [ [ -89.552551271683384, 13.830132303687524 ], [ -89.539076604058522, 13.830132303687524 ], [ -89.539076604058522, 13.816657636062661 ], [ -89.552551271683384, 13.81665763606266 ], [ -89.552551271683384, 13.830132303687524 ] ] ] } },
{ "type": "Feature", "properties": { "class_id": 3, "area_m2": 2173720.6177437557, "class_name": "Normal", "index": "MNDWI", "min_value": null, "max_value": null }, "geometry": { "type": "Polygon", "coordinates": [ [ [ -89.485177933559058, 13.857081638937258 ], [ -89.471703265934181, 13.857081638937258 ], [ -89.471703265934181, 13.843606971312388 ], [ -89.485177933559058, 13.84360697131239 ], [ -89.485177933559058, 13.857081638937258 ] ] ] } },
{ "type": "Feature", "properties": { "class_id": 3, "area_m2": 2174020.0906280917, "class_name": "Normal", "index": "MNDWI", "min_value": null, "max_value": null }, "geometry": { "type": "Polygon", "coordinates": [ [ [ -89.579500606933109, 13.85708163893726 ], [ -89.566025939308247, 13.857081638937261 ], [ -89.566025939308247, 13.84360697131239 ], [ -89.579500606933109, 13.84360697131239 ], [ -89.579500606933109, 13.85708163893726 ] ] ] } },
{ "type": "Feature", "properties": { "class_id": 3, "area_m2": 4347663.2325616777, "class_name": "Normal", "index": "MNDWI", "min_value": null, "max_value": null }, "geometry": { "type": "Polygon", "coordinates": [ [ [ -89.539076604058522, 13.857081638937267 ], [ -89.566025939308247, 13.857081638937261 ], [ -89.566025939308247, 13.870556306562127 ], [ -89.539076604058522, 13.870556306562122 ], [ -89.539076604058522, 13.857081638937267 ] ] ] } },
{ "type": "Feature", "properties": { "class_id": 3, "area_m2": 2174072.813296956, "class_name": "Normal", "index": "MNDWI", "min_value": null, "max_value": null }, "geometry": { "type": "Polygon", "coordinates": [ [ [ -89.633399277432574, 13.870556306562124 ], [ -89.619924609807711, 13.870556306562122 ], [ -89.619924609807711, 13.857081638937258 ], [ -89.633399277432574, 13.857081638937256 ], [ -89.633399277432574, 13.870556306562124 ] ] ] } },
{ "type": "Feature", "properties": { "class_id": 3, "area_m2": 4348826.0620495956, "class_name": "Normal", "index": "MNDWI", "min_value": null, "max_value": null }, "geometry": { "type": "Polygon", "coordinates": [ [ [ -89.741196618431488, 13.870556306562122 ], [ -89.714247283181763, 13.870556306562127 ], [ -89.714247283181763, 13.85708163893726 ], [ -89.741196618431488, 13.85708163893726 ], [ -89.741196618431488, 13.870556306562122 ] ] ] } },
{ "type": "Feature", "properties": { "class_id": 3, "area_m2": 2174174.5462570353, "class_name": "Normal", "index": "MNDWI", "min_value": null, "max_value": null }, "geometry": { "type": "Polygon", "coordinates": [ [ [ -89.687297947932038, 13.88403097418699 ], [ -89.687297947932038, 13.870556306562117 ], [ -89.7007726155569, 13.870556306562127 ], [ -89.7007726155569, 13.884030974186995 ], [ -89.687297947932038, 13.88403097418699 ] ] ] } },
{ "type": "Feature", "properties": { "class_id": 3, "area_m2": 6521880.5083532333, "class_name": "Normal", "index": "MNDWI", "min_value": null, "max_value": null }, "geometry": { "type": "Polygon", "coordinates": [ [ [ -89.687297947932038, 13.88403097418699 ], [ -89.687297947932038, 13.897505641811852 ], [ -89.646873945057436, 13.897505641811851 ], [ -89.646873945057436, 13.884030974186983 ], [ -89.687297947932038, 13.88403097418699 ] ] ] } },
{ "type": "Feature", "properties": { "class_id": 3, "area_m2": 2174235.1599385575, "class_name": "Normal", "index": "MNDWI", "min_value": null, "max_value": null }, "geometry": { "type": "Polygon", "coordinates": [ [ [ -89.754671286056364, 13.897505641811854 ], [ -89.741196618431488, 13.897505641811851 ], [ -89.741196618431488, 13.88403097418699 ], [ -89.754671286056364, 13.884030974186988 ], [ -89.754671286056364, 13.897505641811854 ] ] ] } },
{ "type": "Feature", "properties": { "class_id": 3, "area_m2": 6520429.8683891203, "class_name": "Normal", "index": "MNDWI", "min_value": null, "max_value": null }, "geometry": { "type": "Polygon", "coordinates": [ [ [ -89.552551271683384, 13.897505641811852 ], [ -89.539076604058522, 13.897505641811856 ], [ -89.539076604058522, 13.910980309436722 ], [ -89.525601936433645, 13.91098030943672 ], [ -89.525601936433645, 13.884030974186986 ], [ -89.552551271683384, 13.884030974186985 ], [ -89.552551271683384, 13.897505641811852 ] ] ] } },
{ "type": "Feature", "properties": { "class_id": 3, "area_m2": 4348069.207871655, "class_name": "Normal", "index": "MNDWI", "min_value": null, "max_value": null }, "geometry": { "type": "Polygon", "coordinates": [ [ [ -89.7007726155569, 13.884030974186995 ], [ -89.714247283181763, 13.88403097418699 ], [ -89.714247283181763, 13.91098030943672 ], [ -89.7007726155569, 13.91098030943672 ], [ -89.7007726155569, 13.884030974186995 ] ] ] } },
{ "type": "Feature", "properties": { "class_id": 3, "area_m2": 4346579.3431153111, "class_name": "Normal", "index": "MNDWI", "min_value": null, "max_value": null }, "geometry": { "type": "Polygon", "coordinates": [ [ [ -89.512127268808783, 13.910980309436722 ], [ -89.485177933559058, 13.91098030943672 ], [ -89.485177933559058, 13.897505641811851 ], [ -89.512127268808783, 13.897505641811854 ], [ -89.512127268808783, 13.910980309436722 ] ] ] } },
{ "type": "Feature", "properties": { "class_id": 3, "area_m2": 2173987.2876928807, "class_name": "Normal", "index": "MNDWI", "min_value": null, "max_value": null }, "geometry": { "type": "Polygon", "coordinates": [ [ [ -89.754671286056364, 13.924454977061583 ], [ -89.741196618431488, 13.924454977061584 ], [ -89.741196618431488, 13.91098030943672 ], [ -89.754671286056364, 13.91098030943672 ], [ -89.754671286056364, 13.924454977061583 ] ] ] } },
{ "type": "Feature", "properties": { "class_id": 3, "area_m2": 13041846.180601206, "class_name": "Normal", "index": "MNDWI", "min_value": null, "max_value": null }, "geometry": { "type": "Polygon", "coordinates": [ [ [ -89.687297947932038, 13.951404312311309 ], [ -89.660348612682313, 13.951404312311309 ], [ -89.660348612682313, 13.937929644686449 ], [ -89.673823280307161, 13.937929644686447 ], [ -89.673823280307161, 13.91098030943672 ], [ -89.7007726155569, 13.91098030943672 ], [ -89.7007726155569, 13.937929644686449 ], [ -89.687297947932038, 13.937929644686447 ], [ -89.687297947932038, 13.951404312311309 ] ] ] } },
{ "type": "Feature", "properties": { "class_id": 3, "area_m2": 2173770.5936028524, "class_name": "Normal", "index": "MNDWI", "min_value": null, "max_value": null }, "geometry": { "type": "Polygon", "coordinates": [ [ [ -89.727721950806625, 13.93792964468645 ], [ -89.714247283181763, 13.93792964468645 ], [ -89.714247283181763, 13.924454977061584 ], [ -89.727721950806625, 13.924454977061584 ], [ -89.727721950806625, 13.93792964468645 ] ] ] } },
{ "type": "Feature", "properties": { "class_id": 3, "area_m2": 10865384.419179711, "class_name": "Normal", "index": "MNDWI", "min_value": null, "max_value": null }, "geometry": { "type": "Polygon", "coordinates": [ [ [ -89.539076604058522, 13.964878979936181 ], [ -89.525601936433645, 13.964878979936181 ], [ -89.525601936433645, 13.937929644686445 ], [ -89.512127268808783, 13.93792964468645 ], [ -89.512127268808783, 13.910980309436722 ], [ -89.525601936433645, 13.91098030943672 ], [ -89.525601936433645, 13.924454977061579 ], [ -89.539076604058522, 13.924454977061583 ], [ -89.539076604058522, 13.964878979936181 ] ] ] } },
{ "type": "Feature", "properties": { "class_id": 3, "area_m2": 4346518.7011775458, "class_name": "Normal", "index": "MNDWI", "min_value": null, "max_value": null }, "geometry": { "type": "Polygon", "coordinates": [ [ [ -89.592975274557972, 13.951404312311315 ], [ -89.579500606933109, 13.951404312311313 ], [ -89.579500606933109, 13.924454977061581 ], [ -89.592975274557972, 13.924454977061581 ], [ -89.592975274557972, 13.951404312311315 ] ] ] } },
{ "type": "Feature", "properties": { "class_id": 3, "area_m2": 13039756.11959317, "class_name": "Normal", "index": "MNDWI", "min_value": null, "max_value": null }, "geometry": { "type": "Polygon", "coordinates": [ [ [ -89.619924609807711, 13.951404312311315 ], [ -89.619924609807711, 13.964878979936181 ], [ -89.592975274557972, 13.964878979936181 ], [ -89.592975274557972, 13.951404312311315 ], [ -89.606449942182834, 13.951404312311315 ], [ -89.606449942182834, 13.924454977061584 ], [ -89.633399277432574, 13.924454977061584 ], [ -89.633399277432574, 13.951404312311309 ], [ -89.619924609807711, 13.951404312311315 ] ] ] } },
{ "type": "Feature", "properties": { "class_id": 3, "area_m2": 10865164.803016782, "class_name": "Normal", "index": "MNDWI", "min_value": null, "max_value": null }, "geometry": { "type": "Polygon", "coordinates": [ [ [ -89.660348612682313, 13.978353647561041 ], [ -89.646873945057436, 13.978353647561047 ], [ -89.646873945057436, 13.991828315185908 ], [ -89.619924609807711, 13.991828315185909 ], [ -89.619924609807711, 13.964878979936181 ], [ -89.660348612682313, 13.964878979936181 ], [ -89.660348612682313, 13.978353647561041 ] ] ] } },
{ "type": "Feature", "properties": { "class_id": 3, "area_m2": 23901006.609215349, "class_name": "Normal", "index": "MNDWI", "min_value": null, "max_value": null }, "geometry": { "type": "Polygon", "coordinates": [ [ [ -89.566025939308247, 13.991828315185908 ], [ -89.552551271683384, 13.991828315185911 ], [ -89.552551271683384, 13.97835364756105 ], [ -89.539076604058522, 13.97835364756104 ], [ -89.539076604058522, 13.964878979936181 ], [ -89.552551271683384, 13.964878979936181 ], [ -89.552551271683384, 13.951404312311311 ], [ -89.579500606933109, 13.951404312311313 ], [ -89.579500606933109, 13.964878979936183 ], [ -89.592975274557972, 13.964878979936181 ], [ -89.592975274557972, 13.991828315185909 ], [ -89.579500606933109, 13.991828315185908 ], [ -89.579500606933109, 14.018777650435641 ], [ -89.566025939308247, 14.018777650435641 ], [ -89.566025939308247, 13.991828315185908 ] ] ] } },
{ "type": "Feature", "properties": { "class_id": 3, "area_m2": 2173135.968229393, "class_name": "Normal", "index": "MNDWI", "min_value": null, "max_value": null }, "geometry": { "type": "Polygon", "coordinates": [ [ [ -89.687297947932038, 13.991828315185911 ], [ -89.673823280307161, 13.991828315185911 ], [ -89.673823280307161, 13.978353647561047 ], [ -89.687297947932038, 13.978353647561045 ], [ -89.687297947932038, 13.991828315185911 ] ] ] } },
{ "type": "Feature", "properties": { "class_id": 3, "area_m2": 4345530.9796963651, "class_name": "Normal", "index": "MNDWI", "min_value": null, "max_value": null }, "geometry": { "type": "Polygon", "coordinates": [ [ [ -89.619924609807711, 14.005302982810772 ], [ -89.592975274557972, 14.005302982810772 ], [ -89.592975274557972, 13.991828315185909 ], [ -89.619924609807711, 13.991828315185909 ], [ -89.619924609807711, 14.005302982810772 ] ] ] } },
{ "type": "Feature", "properties": { "class_id": 3, "area_m2": 4344693.9663324375, "class_name": "Normal", "index": "MNDWI", "min_value": null, "max_value": null }, "geometry": { "type": "Polygon", "coordinates": [ [ [ -89.606449942182834, 14.045726985685373 ], [ -89.579500606933109, 14.04572698568537 ], [ -89.579500606933109, 14.032252318060507 ], [ -89.606449942182834, 14.032252318060507 ], [ -89.606449942182834, 14.045726985685373 ] ] ] } },
{ "type": "Feature", "properties": { "class_id": 3, "area_m2": 4345068.4001630507, "class_name": "Normal", "index": "MNDWI", "min_value": null, "max_value": null }, "geometry": { "type": "Polygon", "coordinates": [ [ [ -89.7007726155569, 14.059201653310234 ], [ -89.673823280307161, 14.059201653310234 ], [ -89.673823280307161, 14.045726985685366 ], [ -89.7007726155569, 14.045726985685366 ], [ -89.7007726155569, 14.059201653310234 ] ] ] } },
{ "type": "Feature", "properties": { "class_id": 3, "area_m2": 2172443.8125345944, "class_name": "Normal", "index": "MNDWI", "min_value": null, "max_value": null }, "geometry": { "type": "Polygon", "coordinates": [ [ [ -89.727721950806625, 14.072676320935102 ], [ -89.741196618431488, 14.072676320935102 ], [ -89.741196618431488, 14.086150988559965 ], [ -89.727721950806625, 14.086150988559965 ], [ -89.727721950806625, 14.072676320935102 ] ] ] } },
{ "type": "Feature", "properties": { "class_id": 3, "area_m2": 2171874.9621133981, "class_name": "Normal", "index": "MNDWI", "min_value": null, "max_value": null }, "geometry": { "type": "Polygon", "coordinates": [ [ [ -89.646873945057436, 14.113100323809698 ], [ -89.633399277432574, 14.113100323809697 ], [ -89.633399277432574, 14.099625656184836 ], [ -89.646873945057436, 14.099625656184831 ], [ -89.646873945057436, 14.113100323809698 ] ] ] } },
{ "type": "Feature", "properties": { "class_id": 3, "area_m2": 36923488.100391977, "class_name": "Normal", "index": "MNDWI", "min_value": null, "max_value": null }, "geometry": { "type": "Polygon", "coordinates": [ [ [ -89.714247283181763, 14.126574991434564 ], [ -89.714247283181763, 14.140049659059429 ], [ -89.687297947932038, 14.140049659059429 ], [ -89.687297947932038, 14.153524326684289 ], [ -89.673823280307161, 14.153524326684289 ], [ -89.673823280307161, 14.140049659059429 ], [ -89.660348612682313, 14.140049659059429 ], [ -89.660348612682313, 14.099625656184834 ], [ -89.687297947932038, 14.099625656184829 ], [ -89.687297947932038, 14.086150988559965 ], [ -89.7007726155569, 14.086150988559966 ], [ -89.7007726155569, 14.072676320935102 ], [ -89.714247283181763, 14.072676320935102 ], [ -89.714247283181763, 14.099625656184829 ], [ -89.727721950806625, 14.099625656184834 ], [ -89.727721950806625, 14.126574991434564 ], [ -89.714247283181763, 14.126574991434564 ] ], [ [ -89.714247283181763, 14.113100323809698 ], [ -89.7007726155569, 14.113100323809698 ], [ -89.7007726155569, 14.126574991434564 ], [ -89.714247283181763, 14.126574991434564 ], [ -89.714247283181763, 14.113100323809698 ] ] ] } },
{ "type": "Feature", "properties": { "class_id": 3, "area_m2": 4343113.7957350779, "class_name": "Normal", "index": "MNDWI", "min_value": null, "max_value": null }, "geometry": { "type": "Polygon", "coordinates": [ [ [ -89.633399277432574, 14.140049659059423 ], [ -89.606449942182834, 14.140049659059427 ], [ -89.606449942182834, 14.12657499143457 ], [ -89.633399277432574, 14.126574991434564 ], [ -89.633399277432574, 14.140049659059423 ] ] ] } },
{ "type": "Feature", "properties": { "class_id": 3, "area_m2": 2169925.847309852, "class_name": "Normal", "index": "MNDWI", "min_value": null, "max_value": null }, "geometry": { "type": "Polygon", "coordinates": [ [ [ -89.552551271683384, 14.288271002932946 ], [ -89.539076604058522, 14.288271002932948 ], [ -89.539076604058522, 14.274796335308084 ], [ -89.552551271683384, 14.274796335308078 ], [ -89.552551271683384, 14.288271002932946 ] ] ] } },
{ "type": "Feature", "properties": { "class_id": 3, "area_m2": 2168407.6236926741, "class_name": "Normal", "index": "MNDWI", "min_value": null, "max_value": null }, "geometry": { "type": "Polygon", "coordinates": [ [ [ -89.390855260184992, 14.396068343931857 ], [ -89.377380592560129, 14.396068343931869 ], [ -89.377380592560129, 14.382593676307 ], [ -89.390855260184992, 14.382593676306998 ], [ -89.390855260184992, 14.396068343931857 ] ] ] } },
{ "type": "Feature", "properties": { "class_id": 3, "area_m2": 2168272.6833439306, "class_name": "Normal", "index": "MNDWI", "min_value": null, "max_value": null }, "geometry": { "type": "Polygon", "coordinates": [ [ [ -89.431279263059594, 14.4230176791816 ], [ -89.417804595434731, 14.4230176791816 ], [ -89.417804595434731, 14.409543011556739 ], [ -89.431279263059594, 14.409543011556739 ], [ -89.431279263059594, 14.4230176791816 ] ] ] } },
{ "type": "Feature", "properties": { "class_id": 3, "area_m2": 6531284.1741213547, "class_name": "Normal", "index": "MNDWI", "min_value": null, "max_value": null }, "geometry": { "type": "Polygon", "coordinates": [ [ [ -88.838393887565516, 13.277670931068053 ], [ -88.878817890440118, 13.277670931068057 ], [ -88.878817890440118, 13.291145598692916 ], [ -88.838393887565516, 13.291145598692918 ], [ -88.838393887565516, 13.277670931068053 ] ] ] } },
{ "type": "Feature", "properties": { "class_id": 3, "area_m2": 8707106.831534503, "class_name": "Normal", "index": "MNDWI", "min_value": null, "max_value": null }, "geometry": { "type": "Polygon", "coordinates": [ [ [ -88.89229255806498, 13.345044269192373 ], [ -88.89229255806498, 13.33156960156751 ], [ -88.878817890440118, 13.331569601567512 ], [ -88.878817890440118, 13.318094933942648 ], [ -88.905767225689843, 13.318094933942648 ], [ -88.905767225689843, 13.331569601567509 ], [ -88.91924189331472, 13.331569601567514 ], [ -88.91924189331472, 13.345044269192378 ], [ -88.89229255806498, 13.345044269192373 ] ] ] } },
{ "type": "Feature", "properties": { "class_id": 3, "area_m2": 2176566.5475977659, "class_name": "Normal", "index": "MNDWI", "min_value": null, "max_value": null }, "geometry": { "type": "Polygon", "coordinates": [ [ [ -88.89229255806498, 13.345044269192373 ], [ -88.89229255806498, 13.358518936817243 ], [ -88.878817890440118, 13.358518936817244 ], [ -88.878817890440118, 13.345044269192382 ], [ -88.89229255806498, 13.345044269192373 ] ] ] } },
{ "type": "Feature", "properties": { "class_id": 3, "area_m2": 2176480.0426612962, "class_name": "Normal", "index": "MNDWI", "min_value": null, "max_value": null }, "geometry": { "type": "Polygon", "coordinates": [ [ [ -88.905767225689843, 13.371993604442109 ], [ -88.89229255806498, 13.37199360444211 ], [ -88.89229255806498, 13.358518936817243 ], [ -88.905767225689843, 13.358518936817243 ], [ -88.905767225689843, 13.371993604442109 ] ] ] } },
{ "type": "Feature", "properties": { "class_id": 3, "area_m2": 4353510.7797221504, "class_name": "Normal", "index": "MNDWI", "min_value": null, "max_value": null }, "geometry": { "type": "Polygon", "coordinates": [ [ [ -89.040513901938496, 13.385468272066969 ], [ -89.027039234313634, 13.385468272066975 ], [ -89.027039234313634, 13.358518936817244 ], [ -89.040513901938496, 13.358518936817241 ], [ -89.040513901938496, 13.385468272066969 ] ] ] } },
{ "type": "Feature", "properties": { "class_id": 3, "area_m2": 2176562.6948242825, "class_name": "Normal", "index": "MNDWI", "min_value": null, "max_value": null }, "geometry": { "type": "Polygon", "coordinates": [ [ [ -89.080937904813098, 13.412417607316701 ], [ -89.067463237188235, 13.4124176073167 ], [ -89.067463237188235, 13.398942939691839 ], [ -89.080937904813098, 13.398942939691841 ], [ -89.080937904813098, 13.412417607316701 ] ] ] } },
{ "type": "Feature", "properties": { "class_id": 3, "area_m2": 2176036.3771852767, "class_name": "Normal", "index": "MNDWI", "min_value": null, "max_value": null }, "geometry": { "type": "Polygon", "coordinates": [ [ [ -88.91924189331472, 13.425892274941571 ], [ -88.905767225689843, 13.425892274941569 ], [ -88.905767225689843, 13.412417607316703 ], [ -88.91924189331472, 13.412417607316705 ], [ -88.91924189331472, 13.425892274941571 ] ] ] } },
{ "type": "Feature", "properties": { "class_id": 3, "area_m2": 28289280.776905574, "class_name": "Normal", "index": "MNDWI", "min_value": null, "max_value": null }, "geometry": { "type": "Polygon", "coordinates": [ [ [ -88.973140563814169, 13.439366942566428 ], [ -88.932716560939582, 13.439366942566428 ], [ -88.932716560939582, 13.425892274941569 ], [ -88.973140563814169, 13.425892274941567 ], [ -88.973140563814169, 13.412417607316707 ], [ -89.013564566688771, 13.412417607316701 ], [ -89.013564566688771, 13.425892274941562 ], [ -89.027039234313634, 13.425892274941571 ], [ -89.027039234313634, 13.439366942566432 ], [ -89.013564566688771, 13.439366942566435 ], [ -89.013564566688771, 13.452841610191298 ], [ -88.973140563814169, 13.452841610191301 ], [ -88.973140563814169, 13.439366942566428 ] ] ] } },
{ "type": "Feature", "properties": { "class_id": 3, "area_m2": 2176568.9069592133, "class_name": "Normal", "index": "MNDWI", "min_value": null, "max_value": null }, "geometry": { "type": "Polygon", "coordinates": [ [ [ -89.215684581061751, 13.452841610191301 ], [ -89.202209913436889, 13.452841610191301 ], [ -89.202209913436889, 13.439366942566432 ], [ -89.215684581061751, 13.439366942566435 ], [ -89.215684581061751, 13.452841610191301 ] ] ] } },
{ "type": "Feature", "properties": { "class_id": 3, "area_m2": 2176155.9170561521, "class_name": "Normal", "index": "MNDWI", "min_value": null, "max_value": null }, "geometry": { "type": "Polygon", "coordinates": [ [ [ -89.107887240062837, 13.466316277816164 ], [ -89.09441257243796, 13.466316277816162 ], [ -89.09441257243796, 13.452841610191307 ], [ -89.107887240062837, 13.452841610191305 ], [ -89.107887240062837, 13.466316277816164 ] ] ] } },
{ "type": "Feature", "properties": { "class_id": 3, "area_m2": 4352492.0924498551, "class_name": "Normal", "index": "MNDWI", "min_value": null, "max_value": null }, "geometry": { "type": "Polygon", "coordinates": [ [ [ -89.148311242937424, 13.466316277816164 ], [ -89.121361907687685, 13.466316277816162 ], [ -89.121361907687685, 13.452841610191305 ], [ -89.148311242937424, 13.452841610191303 ], [ -89.148311242937424, 13.466316277816164 ] ] ] } },
{ "type": "Feature", "properties": { "class_id": 3, "area_m2": 4351430.3705826057, "class_name": "Normal", "index": "MNDWI", "min_value": null, "max_value": null }, "geometry": { "type": "Polygon", "coordinates": [ [ [ -89.053988569563359, 13.506740280690758 ], [ -89.040513901938496, 13.506740280690762 ], [ -89.040513901938496, 13.47979094544103 ], [ -89.053988569563359, 13.479790945441032 ], [ -89.053988569563359, 13.506740280690758 ] ] ] } },
{ "type": "Feature", "properties": { "class_id": 3, "area_m2": 6527463.10090842, "class_name": "Normal", "index": "MNDWI", "min_value": null, "max_value": null }, "geometry": { "type": "Polygon", "coordinates": [ [ [ -89.175260578187149, 13.520214948315621 ], [ -89.134836575312562, 13.520214948315621 ], [ -89.134836575312562, 13.506740280690757 ], [ -89.175260578187149, 13.506740280690758 ], [ -89.175260578187149, 13.520214948315621 ] ] ] } },
{ "type": "Feature", "properties": { "class_id": 3, "area_m2": 2175177.0097848917, "class_name": "Normal", "index": "MNDWI", "min_value": null, "max_value": null }, "geometry": { "type": "Polygon", "coordinates": [ [ [ -88.959665896189307, 13.533689615940492 ], [ -88.946191228564444, 13.533689615940492 ], [ -88.946191228564444, 13.52021494831563 ], [ -88.959665896189307, 13.520214948315626 ], [ -88.959665896189307, 13.533689615940492 ] ] ] } },
{ "type": "Feature", "properties": { "class_id": 3, "area_m2": 2175123.5448761289, "class_name": "Normal", "index": "MNDWI", "min_value": null, "max_value": null }, "geometry": { "type": "Polygon", "coordinates": [ [ [ -88.973140563814169, 13.533689615940496 ], [ -88.986615231439046, 13.533689615940494 ], [ -88.986615231439046, 13.547164283565357 ], [ -88.973140563814169, 13.547164283565353 ], [ -88.973140563814169, 13.533689615940496 ] ] ] } },
{ "type": "Feature", "properties": { "class_id": 3, "area_m2": 15228551.003568903, "class_name": "Normal", "index": "MNDWI", "min_value": null, "max_value": null }, "geometry": { "type": "Polygon", "coordinates": [ [ [ -89.269583251561215, 13.601062954064812 ], [ -89.256108583936339, 13.601062954064822 ], [ -89.256108583936339, 13.587588286439951 ], [ -89.269583251561215, 13.587588286439953 ], [ -89.269583251561215, 13.574113618815085 ], [ -89.256108583936339, 13.574113618815089 ], [ -89.256108583936339, 13.560638951190221 ], [ -89.283057919186078, 13.560638951190219 ], [ -89.283057919186078, 13.574113618815089 ], [ -89.29653258681094, 13.574113618815089 ], [ -89.29653258681094, 13.587588286439951 ], [ -89.283057919186078, 13.587588286439953 ], [ -89.283057919186078, 13.614537621689681 ], [ -89.269583251561215, 13.614537621689678 ], [ -89.269583251561215, 13.601062954064812 ] ] ] } },
{ "type": "Feature", "properties": { "class_id": 3, "area_m2": 6524780.6083475854, "class_name": "Normal", "index": "MNDWI", "min_value": null, "max_value": null }, "geometry": { "type": "Polygon", "coordinates": [ [ [ -89.202209913436889, 13.614537621689683 ], [ -89.215684581061751, 13.614537621689685 ], [ -89.215684581061751, 13.641486956939413 ], [ -89.188735245812012, 13.64148695693941 ], [ -89.188735245812012, 13.628012289314546 ], [ -89.202209913436889, 13.628012289314546 ], [ -89.202209913436889, 13.614537621689683 ] ] ] } },
{ "type": "Feature", "properties": { "class_id": 3, "area_m2": 2174483.8969810796, "class_name": "Normal", "index": "MNDWI", "min_value": null, "max_value": null }, "geometry": { "type": "Polygon", "coordinates": [ [ [ -89.067463237188235, 13.641486956939413 ], [ -89.053988569563359, 13.641486956939415 ], [ -89.053988569563359, 13.628012289314546 ], [ -89.067463237188235, 13.628012289314549 ], [ -89.067463237188235, 13.641486956939413 ] ] ] } },
{ "type": "Feature", "properties": { "class_id": 3, "area_m2": 19566267.774963818, "class_name": "Normal", "index": "MNDWI", "min_value": null, "max_value": null }, "geometry": { "type": "Polygon", "coordinates": [ [ [ -89.053988569563359, 13.695385627438879 ], [ -89.027039234313634, 13.695385627438874 ], [ -89.027039234313634, 13.68191095981401 ], [ -89.013564566688771, 13.68191095981401 ], [ -89.013564566688771, 13.654961624564283 ], [ -89.067463237188235, 13.654961624564276 ], [ -89.067463237188235, 13.668436292189142 ], [ -89.053988569563359, 13.66843629218914 ], [ -89.053988569563359, 13.695385627438879 ] ] ] } },
{ "type": "Feature", "properties": { "class_id": 3, "area_m2": 2174190.093461439, "class_name": "Normal", "index": "MNDWI", "min_value": null, "max_value": null }, "geometry": { "type": "Polygon", "coordinates": [ [ [ -89.09441257243796, 13.681910959814006 ], [ -89.080937904813098, 13.681910959814005 ], [ -89.080937904813098, 13.668436292189142 ], [ -89.09441257243796, 13.66843629218914 ], [ -89.09441257243796, 13.681910959814006 ] ] ] } },
{ "type": "Feature", "properties": { "class_id": 3, "area_m2": 2174586.6725815707, "class_name": "Normal", "index": "MNDWI", "min_value": null, "max_value": null }, "geometry": { "type": "Polygon", "coordinates": [ [ [ -89.283057919186078, 13.695385627438876 ], [ -89.269583251561215, 13.695385627438874 ], [ -89.269583251561215, 13.681910959814012 ], [ -89.283057919186078, 13.681910959814008 ], [ -89.283057919186078, 13.695385627438876 ] ] ] } },
{ "type": "Feature", "properties": { "class_id": 3, "area_m2": 2174053.9384436738, "class_name": "Normal", "index": "MNDWI", "min_value": null, "max_value": null }, "geometry": { "type": "Polygon", "coordinates": [ [ [ -89.121361907687685, 13.695385627438874 ], [ -89.134836575312562, 13.695385627438874 ], [ -89.134836575312562, 13.708860295063744 ], [ -89.121361907687685, 13.708860295063742 ], [ -89.121361907687685, 13.695385627438874 ] ] ] } },
{ "type": "Feature", "properties": { "class_id": 3, "area_m2": 2174342.8599096462, "class_name": "Normal", "index": "MNDWI", "min_value": null, "max_value": null }, "geometry": { "type": "Polygon", "coordinates": [ [ [ -89.283057919186078, 13.722334962688603 ], [ -89.269583251561215, 13.722334962688604 ], [ -89.269583251561215, 13.708860295063737 ], [ -89.283057919186078, 13.70886029506374 ], [ -89.283057919186078, 13.722334962688603 ] ] ] } },
{ "type": "Feature", "properties": { "class_id": 3, "area_m2": 4344293.2551938146, "class_name": "Normal", "index": "MNDWI", "min_value": null, "max_value": null }, "geometry": { "type": "Polygon", "coordinates": [ [ [ -89.29653258681094, 13.964878979936181 ], [ -89.269583251561215, 13.964878979936181 ], [ -89.269583251561215, 13.951404312311308 ], [ -89.29653258681094, 13.951404312311309 ], [ -89.29653258681094, 13.964878979936181 ] ] ] } },
{ "type": "Feature", "properties": { "class_id": 3, "area_m2": 2170634.8728919718, "class_name": "Normal", "index": "MNDWI", "min_value": null, "max_value": null }, "geometry": { "type": "Polygon", "coordinates": [ [ [ -89.040513901938496, 14.045726985685368 ], [ -89.053988569563359, 14.045726985685366 ], [ -89.053988569563359, 14.059201653310234 ], [ -89.040513901938496, 14.059201653310238 ], [ -89.040513901938496, 14.045726985685368 ] ] ] } },
{ "type": "Feature", "properties": { "class_id": 3, "area_m2": 17354574.509867124, "class_name": "Normal", "index": "MNDWI", "min_value": null, "max_value": null }, "geometry": { "type": "Polygon", "coordinates": [ [ [ -88.865343222815255, 14.153524326684289 ], [ -88.851868555190393, 14.153524326684295 ], [ -88.851868555190393, 14.126574991434564 ], [ -88.838393887565516, 14.126574991434564 ], [ -88.838393887565516, 14.113100323809695 ], [ -88.865343222815255, 14.113100323809698 ], [ -88.865343222815255, 14.140049659059429 ], [ -88.878817890440118, 14.140049659059429 ], [ -88.878817890440118, 14.153524326684291 ], [ -88.89229255806498, 14.153524326684288 ], [ -88.89229255806498, 14.166998994309155 ], [ -88.878817890440118, 14.166998994309154 ], [ -88.878817890440118, 14.180473661934025 ], [ -88.865343222815255, 14.180473661934029 ], [ -88.865343222815255, 14.153524326684289 ] ] ] } },
{ "type": "Feature", "properties": { "class_id": 3, "area_m2": 4339050.615430573, "class_name": "Normal", "index": "MNDWI", "min_value": null, "max_value": null }, "geometry": { "type": "Polygon", "coordinates": [ [ [ -88.986615231439046, 14.166998994309157 ], [ -88.973140563814169, 14.166998994309155 ], [ -88.973140563814169, 14.140049659059422 ], [ -88.986615231439046, 14.140049659059423 ], [ -88.986615231439046, 14.166998994309157 ] ] ] } },
{ "type": "Feature", "properties": { "class_id": 3, "area_m2": 2168982.7474624892, "class_name": "Normal", "index": "MNDWI", "min_value": null, "max_value": null }, "geometry": { "type": "Polygon", "coordinates": [ [ [ -88.878817890440118, 14.180473661934025 ], [ -88.89229255806498, 14.180473661934025 ], [ -88.89229255806498, 14.193948329558889 ], [ -88.878817890440118, 14.193948329558882 ], [ -88.878817890440118, 14.180473661934025 ] ] ] } },
{ "type": "Feature", "properties": { "class_id": 3, "area_m2": 2169051.3773781024, "class_name": "Normal", "index": "MNDWI", "min_value": null, "max_value": null }, "geometry": { "type": "Polygon", "coordinates": [ [ [ -88.973140563814169, 14.207422997183748 ], [ -88.959665896189307, 14.207422997183752 ], [ -88.959665896189307, 14.193948329558884 ], [ -88.973140563814169, 14.193948329558886 ], [ -88.973140563814169, 14.207422997183748 ] ] ] } },
{ "type": "Feature", "properties": { "class_id": 3, "area_m2": 2168991.8902463689, "class_name": "Normal", "index": "MNDWI", "min_value": null, "max_value": null }, "geometry": { "type": "Polygon", "coordinates": [ [ [ -89.000089899063909, 14.220897664808621 ], [ -88.986615231439046, 14.220897664808616 ], [ -88.986615231439046, 14.20742299718375 ], [ -89.000089899063909, 14.207422997183752 ], [ -89.000089899063909, 14.220897664808621 ] ] ] } },
{ "type": "Feature", "properties": { "class_id": 3, "area_m2": 2168832.1214915612, "class_name": "Normal", "index": "MNDWI", "min_value": null, "max_value": null }, "geometry": { "type": "Polygon", "coordinates": [ [ [ -88.986615231439046, 14.234372332433487 ], [ -88.973140563814169, 14.234372332433486 ], [ -88.973140563814169, 14.220897664808621 ], [ -88.986615231439046, 14.220897664808616 ], [ -88.986615231439046, 14.234372332433487 ] ] ] } },
{ "type": "Feature", "properties": { "class_id": 3, "area_m2": 2169176.9239626178, "class_name": "Normal", "index": "MNDWI", "min_value": null, "max_value": null }, "geometry": { "type": "Polygon", "coordinates": [ [ [ -89.121361907687685, 14.234372332433486 ], [ -89.107887240062837, 14.234372332433486 ], [ -89.107887240062837, 14.22089766480862 ], [ -89.121361907687685, 14.220897664808625 ], [ -89.121361907687685, 14.234372332433486 ] ] ] } },
{ "type": "Feature", "properties": { "class_id": 3, "area_m2": 6506671.1216326654, "class_name": "Normal", "index": "MNDWI", "min_value": null, "max_value": null }, "geometry": { "type": "Polygon", "coordinates": [ [ [ -89.013564566688771, 14.220897664808616 ], [ -89.040513901938496, 14.220897664808616 ], [ -89.040513901938496, 14.247847000058348 ], [ -89.027039234313634, 14.247847000058348 ], [ -89.027039234313634, 14.234372332433486 ], [ -89.013564566688771, 14.234372332433486 ], [ -89.013564566688771, 14.220897664808616 ] ] ] } },
{ "type": "Feature", "properties": { "class_id": 3, "area_m2": 2168748.6495497152, "class_name": "Normal", "index": "MNDWI", "min_value": null, "max_value": null }, "geometry": { "type": "Polygon", "coordinates": [ [ [ -89.040513901938496, 14.247847000058348 ], [ -89.053988569563359, 14.247847000058352 ], [ -89.053988569563359, 14.261321667683214 ], [ -89.040513901938496, 14.261321667683216 ], [ -89.040513901938496, 14.247847000058348 ] ] ] } },
{ "type": "Feature", "properties": { "class_id": 3, "area_m2": 4336771.0628649686, "class_name": "Normal", "index": "MNDWI", "min_value": null, "max_value": null }, "geometry": { "type": "Polygon", "coordinates": [ [ [ -89.040513901938496, 14.288271002932946 ], [ -89.067463237188235, 14.288271002932946 ], [ -89.067463237188235, 14.301745670557811 ], [ -89.040513901938496, 14.301745670557812 ], [ -89.040513901938496, 14.288271002932946 ] ] ] } },
{ "type": "Feature", "properties": { "class_id": 3, "area_m2": 2168148.5709882299, "class_name": "Normal", "index": "MNDWI", "min_value": null, "max_value": null }, "geometry": { "type": "Polygon", "coordinates": [ [ [ -89.067463237188235, 14.328695005807532 ], [ -89.053988569563359, 14.328695005807541 ], [ -89.053988569563359, 14.315220338182671 ], [ -89.067463237188235, 14.315220338182673 ], [ -89.067463237188235, 14.328695005807532 ] ] ] } },
{ "type": "Feature", "properties": { "class_id": 3, "area_m2": 2168305.8269578302, "class_name": "Normal", "index": "MNDWI", "min_value": null, "max_value": null }, "geometry": { "type": "Polygon", "coordinates": [ [ [ -89.175260578187149, 14.342169673432402 ], [ -89.161785910562287, 14.342169673432409 ], [ -89.161785910562287, 14.328695005807536 ], [ -89.175260578187149, 14.328695005807541 ], [ -89.175260578187149, 14.342169673432402 ] ] ] } },
{ "type": "Feature", "properties": { "class_id": 3, "area_m2": 2167963.6412387444, "class_name": "Normal", "index": "MNDWI", "min_value": null, "max_value": null }, "geometry": { "type": "Polygon", "coordinates": [ [ [ -89.09441257243796, 14.355644341057271 ], [ -89.080937904813098, 14.355644341057275 ], [ -89.080937904813098, 14.342169673432409 ], [ -89.09441257243796, 14.342169673432409 ], [ -89.09441257243796, 14.355644341057271 ] ] ] } },
{ "type": "Feature", "properties": { "class_id": 3, "area_m2": 2168069.9838663586, "class_name": "Normal", "index": "MNDWI", "min_value": null, "max_value": null }, "geometry": { "type": "Polygon", "coordinates": [ [ [ -89.134836575312562, 14.355644341057275 ], [ -89.121361907687685, 14.355644341057275 ], [ -89.121361907687685, 14.342169673432402 ], [ -89.134836575312562, 14.342169673432405 ], [ -89.134836575312562, 14.355644341057275 ] ] ] } },
{ "type": "Feature", "properties": { "class_id": 3, "area_m2": 2168014.4504219764, "class_name": "Normal", "index": "MNDWI", "min_value": null, "max_value": null }, "geometry": { "type": "Polygon", "coordinates": [ [ [ -89.161785910562287, 14.369119008682141 ], [ -89.148311242937424, 14.369119008682134 ], [ -89.148311242937424, 14.355644341057268 ], [ -89.161785910562287, 14.355644341057275 ], [ -89.161785910562287, 14.369119008682141 ] ] ] } },
{ "type": "Feature", "properties": { "class_id": 3, "area_m2": 2168087.3787814244, "class_name": "Normal", "index": "MNDWI", "min_value": null, "max_value": null }, "geometry": { "type": "Polygon", "coordinates": [ [ [ -89.188735245812012, 14.369119008682137 ], [ -89.175260578187149, 14.369119008682141 ], [ -89.175260578187149, 14.355644341057275 ], [ -89.188735245812012, 14.355644341057275 ], [ -89.188735245812012, 14.369119008682137 ] ] ] } },
{ "type": "Feature", "properties": { "class_id": 3, "area_m2": 17344975.000464577, "class_name": "Normal", "index": "MNDWI", "min_value": null, "max_value": null }, "geometry": { "type": "Polygon", "coordinates": [ [ [ -89.215684581061751, 14.369119008682141 ], [ -89.229159248686628, 14.369119008682141 ], [ -89.229159248686628, 14.355644341057275 ], [ -89.242633916311476, 14.355644341057275 ], [ -89.242633916311476, 14.369119008682134 ], [ -89.269583251561215, 14.369119008682141 ], [ -89.269583251561215, 14.396068343931868 ], [ -89.229159248686628, 14.396068343931864 ], [ -89.229159248686628, 14.382593676307 ], [ -89.215684581061751, 14.382593676307003 ], [ -89.215684581061751, 14.369119008682141 ] ] ] } },
{ "type": "Feature", "properties": { "class_id": 3, "area_m2": 2168416.2751032482, "class_name": "Normal", "index": "MNDWI", "min_value": null, "max_value": null }, "geometry": { "type": "Polygon", "coordinates": [ [ [ -89.350431257310419, 14.382593676307003 ], [ -89.336956589685542, 14.382593676307007 ], [ -89.336956589685542, 14.369119008682134 ], [ -89.350431257310419, 14.369119008682141 ], [ -89.350431257310419, 14.382593676307003 ] ] ] } },
{ "type": "Feature", "properties": { "class_id": 3, "area_m2": 6503102.950681828, "class_name": "Normal", "index": "MNDWI", "min_value": null, "max_value": null }, "geometry": { "type": "Polygon", "coordinates": [ [ [ -89.09441257243796, 14.369119008682141 ], [ -89.121361907687685, 14.369119008682141 ], [ -89.121361907687685, 14.396068343931869 ], [ -89.107887240062837, 14.396068343931869 ], [ -89.107887240062837, 14.382593676306998 ], [ -89.09441257243796, 14.382593676307003 ], [ -89.09441257243796, 14.369119008682141 ] ] ] } },
{ "type": "Feature", "properties": { "class_id": 3, "area_m2": 2167487.9968952606, "class_name": "Normal", "index": "MNDWI", "min_value": null, "max_value": null }, "geometry": { "type": "Polygon", "coordinates": [ [ [ -89.107887240062837, 14.409543011556734 ], [ -89.09441257243796, 14.40954301155673 ], [ -89.09441257243796, 14.396068343931876 ], [ -89.107887240062837, 14.396068343931869 ], [ -89.107887240062837, 14.409543011556734 ] ] ] } },
{ "type": "Feature", "properties": { "class_id": 3, "area_m2": 4354111.1732126586, "class_name": "Normal", "index": "MNDWI", "min_value": null, "max_value": null }, "geometry": { "type": "Polygon", "coordinates": [ [ [ -88.420679191194694, 13.196822925318864 ], [ -88.407204523569831, 13.196822925318859 ], [ -88.407204523569831, 13.169873590069127 ], [ -88.420679191194694, 13.169873590069123 ], [ -88.420679191194694, 13.196822925318864 ] ] ] } },
{ "type": "Feature", "properties": { "class_id": 3, "area_m2": 2177171.5179623822, "class_name": "Normal", "index": "MNDWI", "min_value": null, "max_value": null }, "geometry": { "type": "Polygon", "coordinates": [ [ [ -88.51500186456876, 13.196822925318861 ], [ -88.501527196943883, 13.196822925318855 ], [ -88.501527196943883, 13.183348257693996 ], [ -88.51500186456876, 13.183348257693993 ], [ -88.51500186456876, 13.196822925318861 ] ] ] } },
{ "type": "Feature", "properties": { "class_id": 3, "area_m2": 6531398.0393193252, "class_name": "Normal", "index": "MNDWI", "min_value": null, "max_value": null }, "geometry": { "type": "Polygon", "coordinates": [ [ [ -88.568900535068209, 13.210297592943727 ], [ -88.528476532193622, 13.210297592943723 ], [ -88.528476532193622, 13.196822925318859 ], [ -88.568900535068209, 13.196822925318864 ], [ -88.568900535068209, 13.210297592943727 ] ] ] } },
{ "type": "Feature", "properties": { "class_id": 3, "area_m2": 19589878.014762837, "class_name": "Normal", "index": "MNDWI", "min_value": null, "max_value": null }, "geometry": { "type": "Polygon", "coordinates": [ [ [ -88.339831185445505, 13.23724692819345 ], [ -88.339831185445505, 13.196822925318857 ], [ -88.393729855944969, 13.196822925318857 ], [ -88.393729855944969, 13.223772260568591 ], [ -88.366780520695244, 13.223772260568587 ], [ -88.366780520695244, 13.237246928193452 ], [ -88.339831185445505, 13.23724692819345 ] ], [ [ -88.366780520695244, 13.210297592943725 ], [ -88.353305853070367, 13.210297592943725 ], [ -88.353305853070367, 13.223772260568586 ], [ -88.366780520695244, 13.223772260568587 ], [ -88.366780520695244, 13.210297592943725 ] ] ] } },
{ "type": "Feature", "properties": { "class_id": 3, "area_m2": 2177122.6885376386, "class_name": "Normal", "index": "MNDWI", "min_value": null, "max_value": null }, "geometry": { "type": "Polygon", "coordinates": [ [ [ -88.609324537942811, 13.223772260568587 ], [ -88.595849870317949, 13.223772260568589 ], [ -88.595849870317949, 13.210297592943723 ], [ -88.609324537942811, 13.210297592943727 ], [ -88.609324537942811, 13.223772260568587 ] ] ] } },
{ "type": "Feature", "properties": { "class_id": 3, "area_m2": 2176768.6907185963, "class_name": "Normal", "index": "MNDWI", "min_value": null, "max_value": null }, "geometry": { "type": "Polygon", "coordinates": [ [ [ -88.48805252931902, 13.237246928193452 ], [ -88.474577861694158, 13.237246928193457 ], [ -88.474577861694158, 13.223772260568586 ], [ -88.48805252931902, 13.223772260568591 ], [ -88.48805252931902, 13.237246928193452 ] ] ] } },
{ "type": "Feature", "properties": { "class_id": 3, "area_m2": 6530536.85355445, "class_name": "Normal", "index": "MNDWI", "min_value": null, "max_value": null }, "geometry": { "type": "Polygon", "coordinates": [ [ [ -88.541951199818484, 13.237246928193453 ], [ -88.501527196943883, 13.237246928193453 ], [ -88.501527196943883, 13.223772260568587 ], [ -88.541951199818484, 13.223772260568587 ], [ -88.541951199818484, 13.237246928193453 ] ] ] } },
{ "type": "Feature", "properties": { "class_id": 3, "area_m2": 6531606.8219875628, "class_name": "Normal", "index": "MNDWI", "min_value": null, "max_value": null }, "geometry": { "type": "Polygon", "coordinates": [ [ [ -88.71712187894174, 13.237246928193453 ], [ -88.676697876067138, 13.237246928193452 ], [ -88.676697876067138, 13.223772260568591 ], [ -88.71712187894174, 13.223772260568587 ], [ -88.71712187894174, 13.237246928193453 ] ] ] } },
{ "type": "Feature", "properties": { "class_id": 3, "area_m2": 2176626.0436728522, "class_name": "Normal", "index": "MNDWI", "min_value": null, "max_value": null }, "geometry": { "type": "Polygon", "coordinates": [ [ [ -88.474577861694158, 13.25072159581832 ], [ -88.461103194069295, 13.250721595818323 ], [ -88.461103194069295, 13.237246928193455 ], [ -88.474577861694158, 13.237246928193457 ], [ -88.474577861694158, 13.25072159581832 ] ] ] } },
{ "type": "Feature", "properties": { "class_id": 3, "area_m2": 2176315.6855323636, "class_name": "Normal", "index": "MNDWI", "min_value": null, "max_value": null }, "geometry": { "type": "Polygon", "coordinates": [ [ [ -88.366780520695244, 13.264196263443189 ], [ -88.353305853070367, 13.264196263443187 ], [ -88.353305853070367, 13.25072159581832 ], [ -88.366780520695244, 13.250721595818323 ], [ -88.366780520695244, 13.264196263443189 ] ] ] } },
{ "type": "Feature", "properties": { "class_id": 3, "area_m2": 6531126.4073021682, "class_name": "Normal", "index": "MNDWI", "min_value": null, "max_value": null }, "geometry": { "type": "Polygon", "coordinates": [ [ [ -88.797969884690929, 13.264196263443187 ], [ -88.824919219940654, 13.264196263443189 ], [ -88.824919219940654, 13.277670931068053 ], [ -88.811444552315791, 13.277670931068053 ], [ -88.811444552315791, 13.291145598692914 ], [ -88.797969884690929, 13.291145598692918 ], [ -88.797969884690929, 13.264196263443187 ] ] ] } },
{ "type": "Feature", "properties": { "class_id": 3, "area_m2": 6529046.1574297817, "class_name": "Normal", "index": "MNDWI", "min_value": null, "max_value": null }, "geometry": { "type": "Polygon", "coordinates": [ [ [ -88.51500186456876, 13.30462026631778 ], [ -88.501527196943883, 13.304620266317784 ], [ -88.501527196943883, 13.264196263443184 ], [ -88.51500186456876, 13.264196263443184 ], [ -88.51500186456876, 13.30462026631778 ] ] ] } },
{ "type": "Feature", "properties": { "class_id": 3, "area_m2": 2176908.6797321639, "class_name": "Normal", "index": "MNDWI", "min_value": null, "max_value": null }, "geometry": { "type": "Polygon", "coordinates": [ [ [ -88.784495217066066, 13.291145598692918 ], [ -88.771020549441189, 13.291145598692916 ], [ -88.771020549441189, 13.277670931068055 ], [ -88.784495217066066, 13.277670931068055 ], [ -88.784495217066066, 13.291145598692918 ] ] ] } },
{ "type": "Feature", "properties": { "class_id": 3, "area_m2": 13057887.189469201, "class_name": "Normal", "index": "MNDWI", "min_value": null, "max_value": null }, "geometry": { "type": "Polygon", "coordinates": [ [ [ -88.568900535068209, 13.30462026631778 ], [ -88.541951199818484, 13.304620266317784 ], [ -88.541951199818484, 13.291145598692912 ], [ -88.528476532193622, 13.291145598692919 ], [ -88.528476532193622, 13.27767093106805 ], [ -88.582375202693086, 13.277670931068052 ], [ -88.582375202693086, 13.291145598692918 ], [ -88.568900535068209, 13.291145598692918 ], [ -88.568900535068209, 13.30462026631778 ] ] ] } },
{ "type": "Feature", "properties": { "class_id": 3, "area_m2": 10879427.789425256, "class_name": "Normal", "index": "MNDWI", "min_value": null, "max_value": null }, "geometry": { "type": "Polygon", "coordinates": [ [ [ -88.326356517820642, 13.277670931068055 ], [ -88.339831185445505, 13.277670931068053 ], [ -88.339831185445505, 13.30462026631778 ], [ -88.326356517820642, 13.30462026631778 ], [ -88.326356517820642, 13.318094933942648 ], [ -88.31288185019578, 13.318094933942648 ], [ -88.31288185019578, 13.304620266317784 ], [ -88.299407182570931, 13.30462026631778 ], [ -88.299407182570931, 13.291145598692916 ], [ -88.326356517820642, 13.291145598692914 ], [ -88.326356517820642, 13.277670931068055 ] ] ] } },
{ "type": "Feature", "properties": { "class_id": 3, "area_m2": 93565565.28756541, "class_name": "Normal", "index": "MNDWI", "min_value": null, "max_value": null }, "geometry": { "type": "Polygon", "coordinates": [ [ [ -88.43415385881957, 13.304620266317784 ], [ -88.43415385881957, 13.318094933942646 ], [ -88.366780520695244, 13.318094933942643 ], [ -88.366780520695244, 13.371993604442107 ], [ -88.31288185019578, 13.371993604442109 ], [ -88.31288185019578, 13.358518936817248 ], [ -88.299407182570931, 13.358518936817244 ], [ -88.299407182570931, 13.345044269192378 ], [ -88.28593251494604, 13.345044269192377 ], [ -88.28593251494604, 13.331569601567512 ], [ -88.353305853070367, 13.331569601567514 ], [ -88.353305853070367, 13.291145598692918 ], [ -88.380255188320106, 13.291145598692921 ], [ -88.380255188320106, 13.237246928193453 ], [ -88.393729855944969, 13.237246928193452 ], [ -88.393729855944969, 13.223772260568591 ], [ -88.407204523569831, 13.223772260568591 ], [ -88.407204523569831, 13.250721595818321 ], [ -88.420679191194694, 13.250721595818323 ], [ -88.420679191194694, 13.237246928193455 ], [ -88.43415385881957, 13.237246928193453 ], [ -88.43415385881957, 13.250721595818318 ], [ -88.447628526444433, 13.250721595818325 ], [ -88.447628526444433, 13.264196263443184 ], [ -88.43415385881957, 13.264196263443186 ], [ -88.43415385881957, 13.291145598692916 ], [ -88.420679191194694, 13.291145598692918 ], [ -88.420679191194694, 13.30462026631778 ], [ -88.43415385881957, 13.304620266317784 ] ], [ [ -88.380255188320106, 13.304620266317784 ], [ -88.393729855944969, 13.304620266317782 ], [ -88.393729855944969, 13.291145598692918 ], [ -88.380255188320106, 13.291145598692921 ], [ -88.380255188320106, 13.304620266317784 ] ] ] } },
{ "type": "Feature", "properties": { "class_id": 3, "area_m2": 13056922.490622148, "class_name": "Normal", "index": "MNDWI", "min_value": null, "max_value": null }, "geometry": { "type": "Polygon", "coordinates": [ [ [ -88.461103194069295, 13.318094933942648 ], [ -88.447628526444433, 13.318094933942644 ], [ -88.447628526444433, 13.27767093106805 ], [ -88.48805252931902, 13.277670931068053 ], [ -88.48805252931902, 13.304620266317778 ], [ -88.474577861694158, 13.304620266317782 ], [ -88.474577861694158, 13.291145598692918 ], [ -88.461103194069295, 13.291145598692918 ], [ -88.461103194069295, 13.318094933942648 ] ] ] } },
{ "type": "Feature", "properties": { "class_id": 3, "area_m2": 2176164.5521810115, "class_name": "Normal", "index": "MNDWI", "min_value": null, "max_value": null }, "geometry": { "type": "Polygon", "coordinates": [ [ [ -88.528476532193622, 13.304620266317778 ], [ -88.541951199818484, 13.304620266317784 ], [ -88.541951199818484, 13.318094933942646 ], [ -88.528476532193622, 13.318094933942648 ], [ -88.528476532193622, 13.304620266317778 ] ] ] } },
{ "type": "Feature", "properties": { "class_id": 3, "area_m2": 78352246.695102334, "class_name": "Normal", "index": "MNDWI", "min_value": null, "max_value": null }, "geometry": { "type": "Polygon", "coordinates": [ [ [ -88.730596546566602, 13.291145598692918 ], [ -88.744071214191464, 13.291145598692918 ], [ -88.744071214191464, 13.304620266317784 ], [ -88.771020549441189, 13.304620266317778 ], [ -88.771020549441189, 13.318094933942644 ], [ -88.757545881816327, 13.318094933942644 ], [ -88.757545881816327, 13.331569601567514 ], [ -88.744071214191464, 13.331569601567516 ], [ -88.744071214191464, 13.345044269192378 ], [ -88.730596546566602, 13.345044269192382 ], [ -88.730596546566602, 13.358518936817244 ], [ -88.71712187894174, 13.358518936817244 ], [ -88.71712187894174, 13.331569601567512 ], [ -88.690172543692, 13.331569601567518 ], [ -88.690172543692, 13.318094933942648 ], [ -88.676697876067138, 13.318094933942648 ], [ -88.676697876067138, 13.331569601567514 ], [ -88.663223208442275, 13.331569601567514 ], [ -88.663223208442275, 13.318094933942648 ], [ -88.649748540817413, 13.318094933942644 ], [ -88.649748540817413, 13.304620266317784 ], [ -88.595849870317949, 13.304620266317785 ], [ -88.595849870317949, 13.291145598692914 ], [ -88.636273873192536, 13.291145598692919 ], [ -88.636273873192536, 13.277670931068048 ], [ -88.730596546566602, 13.27767093106805 ], [ -88.730596546566602, 13.291145598692918 ] ] ] } },
{ "type": "Feature", "properties": { "class_id": 3, "area_m2": 4351862.1322140181, "class_name": "Normal", "index": "MNDWI", "min_value": null, "max_value": null }, "geometry": { "type": "Polygon", "coordinates": [ [ [ -88.48805252931902, 13.331569601567509 ], [ -88.461103194069295, 13.331569601567509 ], [ -88.461103194069295, 13.318094933942648 ], [ -88.48805252931902, 13.318094933942644 ], [ -88.48805252931902, 13.331569601567509 ] ] ] } },
{ "type": "Feature", "properties": { "class_id": 3, "area_m2": 2176207.2809919799, "class_name": "Normal", "index": "MNDWI", "min_value": null, "max_value": null }, "geometry": { "type": "Polygon", "coordinates": [ [ [ -88.622799205567674, 13.331569601567509 ], [ -88.609324537942811, 13.331569601567509 ], [ -88.609324537942811, 13.318094933942643 ], [ -88.622799205567674, 13.318094933942641 ], [ -88.622799205567674, 13.331569601567509 ] ] ] } },
{ "type": "Feature", "properties": { "class_id": 3, "area_m2": 6527849.4390022894, "class_name": "Normal", "index": "MNDWI", "min_value": null, "max_value": null }, "geometry": { "type": "Polygon", "coordinates": [ [ [ -88.51500186456876, 13.318094933942648 ], [ -88.528476532193622, 13.318094933942648 ], [ -88.528476532193622, 13.345044269192375 ], [ -88.501527196943883, 13.345044269192375 ], [ -88.501527196943883, 13.331569601567514 ], [ -88.51500186456876, 13.331569601567514 ], [ -88.51500186456876, 13.318094933942648 ] ] ] } },
{ "type": "Feature", "properties": { "class_id": 3, "area_m2": 2176172.469136049, "class_name": "Normal", "index": "MNDWI", "min_value": null, "max_value": null }, "geometry": { "type": "Polygon", "coordinates": [ [ [ -88.663223208442275, 13.345044269192382 ], [ -88.649748540817413, 13.345044269192375 ], [ -88.649748540817413, 13.331569601567514 ], [ -88.663223208442275, 13.331569601567514 ], [ -88.663223208442275, 13.345044269192382 ] ] ] } },
{ "type": "Feature", "properties": { "class_id": 3, "area_m2": 2175835.7173260027, "class_name": "Normal", "index": "MNDWI", "min_value": null, "max_value": null }, "geometry": { "type": "Polygon", "coordinates": [ [ [ -88.555425867443347, 13.358518936817244 ], [ -88.541951199818484, 13.35851893681725 ], [ -88.541951199818484, 13.345044269192375 ], [ -88.555425867443347, 13.345044269192382 ], [ -88.555425867443347, 13.358518936817244 ] ] ] } },
{ "type": "Feature", "properties": { "class_id": 3, "area_m2": 2175797.2175797718, "class_name": "Normal", "index": "MNDWI", "min_value": null, "max_value": null }, "geometry": { "type": "Polygon", "coordinates": [ [ [ -88.582375202693086, 13.358518936817239 ], [ -88.595849870317949, 13.358518936817241 ], [ -88.595849870317949, 13.371993604442105 ], [ -88.582375202693086, 13.371993604442109 ], [ -88.582375202693086, 13.358518936817239 ] ] ] } },
{ "type": "Feature", "properties": { "class_id": 3, "area_m2": 2175935.3137421254, "class_name": "Normal", "index": "MNDWI", "min_value": null, "max_value": null }, "geometry": { "type": "Polygon", "coordinates": [ [ [ -88.663223208442275, 13.37199360444211 ], [ -88.649748540817413, 13.37199360444211 ], [ -88.649748540817413, 13.358518936817246 ], [ -88.663223208442275, 13.358518936817244 ], [ -88.663223208442275, 13.37199360444211 ] ] ] } },
{ "type": "Feature", "properties": { "class_id": 3, "area_m2": 60912697.046250314, "class_name": "Normal", "index": "MNDWI", "min_value": null, "max_value": null }, "geometry": { "type": "Polygon", "coordinates": [ [ [ -88.380255188320106, 13.398942939691837 ], [ -88.380255188320106, 13.331569601567514 ], [ -88.393729855944969, 13.331569601567514 ], [ -88.393729855944969, 13.358518936817244 ], [ -88.420679191194694, 13.358518936817243 ], [ -88.420679191194694, 13.371993604442109 ], [ -88.447628526444433, 13.371993604442109 ], [ -88.447628526444433, 13.358518936817244 ], [ -88.461103194069295, 13.358518936817246 ], [ -88.461103194069295, 13.345044269192378 ], [ -88.501527196943883, 13.345044269192375 ], [ -88.501527196943883, 13.358518936817246 ], [ -88.51500186456876, 13.358518936817244 ], [ -88.51500186456876, 13.385468272066969 ], [ -88.474577861694158, 13.385468272066969 ], [ -88.474577861694158, 13.398942939691832 ], [ -88.447628526444433, 13.398942939691837 ], [ -88.447628526444433, 13.412417607316705 ], [ -88.43415385881957, 13.412417607316705 ], [ -88.43415385881957, 13.398942939691837 ], [ -88.420679191194694, 13.398942939691837 ], [ -88.420679191194694, 13.385468272066971 ], [ -88.393729855944969, 13.385468272066969 ], [ -88.393729855944969, 13.398942939691841 ], [ -88.380255188320106, 13.398942939691837 ] ], [ [ -88.461103194069295, 13.37199360444211 ], [ -88.474577861694158, 13.371993604442109 ], [ -88.474577861694158, 13.358518936817241 ], [ -88.461103194069295, 13.358518936817246 ], [ -88.461103194069295, 13.37199360444211 ] ] ] } },
{ "type": "Feature", "properties": { "class_id": 3, "area_m2": 2175733.026007147, "class_name": "Normal", "index": "MNDWI", "min_value": null, "max_value": null }, "geometry": { "type": "Polygon", "coordinates": [ [ [ -88.622799205567674, 13.385468272066973 ], [ -88.609324537942811, 13.385468272066976 ], [ -88.609324537942811, 13.371993604442107 ], [ -88.622799205567674, 13.371993604442107 ], [ -88.622799205567674, 13.385468272066973 ] ] ] } },
{ "type": "Feature", "properties": { "class_id": 3, "area_m2": 2175257.0762227643, "class_name": "Normal", "index": "MNDWI", "min_value": null, "max_value": null }, "geometry": { "type": "Polygon", "coordinates": [ [ [ -88.501527196943883, 13.412417607316701 ], [ -88.48805252931902, 13.4124176073167 ], [ -88.48805252931902, 13.398942939691841 ], [ -88.501527196943883, 13.398942939691837 ], [ -88.501527196943883, 13.412417607316701 ] ] ] } },
{ "type": "Feature", "properties": { "class_id": 3, "area_m2": 256733127.06370005, "class_name": "Normal", "index": "MNDWI", "min_value": null, "max_value": null }, "geometry": { "type": "Polygon", "coordinates": [ [ [ -88.690172543692, 13.506740280690762 ], [ -88.690172543692, 13.493265613065901 ], [ -88.703647211316863, 13.493265613065898 ], [ -88.703647211316863, 13.47979094544103 ], [ -88.71712187894174, 13.479790945441035 ], [ -88.71712187894174, 13.466316277816164 ], [ -88.690172543692, 13.466316277816171 ], [ -88.690172543692, 13.43936694256643 ], [ -88.676697876067138, 13.439366942566433 ], [ -88.676697876067138, 13.412417607316705 ], [ -88.663223208442275, 13.412417607316701 ], [ -88.663223208442275, 13.398942939691841 ], [ -88.649748540817413, 13.398942939691841 ], [ -88.649748540817413, 13.385468272066975 ], [ -88.663223208442275, 13.385468272066969 ], [ -88.663223208442275, 13.37199360444211 ], [ -88.676697876067138, 13.371993604442109 ], [ -88.676697876067138, 13.385468272066975 ], [ -88.744071214191464, 13.385468272066975 ], [ -88.744071214191464, 13.358518936817244 ], [ -88.757545881816327, 13.358518936817244 ], [ -88.757545881816327, 13.345044269192375 ], [ -88.797969884690929, 13.345044269192378 ], [ -88.797969884690929, 13.331569601567512 ], [ -88.784495217066066, 13.331569601567514 ], [ -88.784495217066066, 13.318094933942643 ], [ -88.824919219940654, 13.318094933942648 ], [ -88.824919219940654, 13.331569601567516 ], [ -88.838393887565516, 13.33156960156751 ], [ -88.838393887565516, 13.345044269192378 ], [ -88.851868555190393, 13.345044269192377 ], [ -88.851868555190393, 13.35851893681725 ], [ -88.865343222815255, 13.358518936817244 ], [ -88.865343222815255, 13.371993604442109 ], [ -88.878817890440118, 13.37199360444211 ], [ -88.878817890440118, 13.398942939691837 ], [ -88.89229255806498, 13.398942939691839 ], [ -88.89229255806498, 13.412417607316703 ], [ -88.865343222815255, 13.412417607316705 ], [ -88.865343222815255, 13.425892274941567 ], [ -88.824919219940654, 13.425892274941571 ], [ -88.824919219940654, 13.439366942566432 ], [ -88.811444552315791, 13.439366942566433 ], [ -88.811444552315791, 13.466316277816162 ], [ -88.797969884690929, 13.466316277816169 ], [ -88.797969884690929, 13.479790945441035 ], [ -88.771020549441189, 13.479790945441033 ], [ -88.771020549441189, 13.466316277816162 ], [ -88.757545881816327, 13.46631627781616 ], [ -88.757545881816327, 13.493265613065898 ], [ -88.784495217066066, 13.493265613065898 ], [ -88.784495217066066, 13.506740280690757 ], [ -88.757545881816327, 13.506740280690765 ], [ -88.757545881816327, 13.547164283565358 ], [ -88.744071214191464, 13.547164283565353 ], [ -88.744071214191464, 13.533689615940492 ], [ -88.730596546566602, 13.533689615940492 ], [ -88.730596546566602, 13.506740280690753 ], [ -88.690172543692, 13.506740280690762 ] ], [ [ -88.690172543692, 13.412417607316701 ], [ -88.690172543692, 13.398942939691841 ], [ -88.676697876067138, 13.398942939691837 ], [ -88.676697876067138, 13.412417607316705 ], [ -88.690172543692, 13.412417607316701 ] ], [ [ -88.757545881816327, 13.371993604442107 ], [ -88.771020549441189, 13.371993604442112 ], [ -88.771020549441189, 13.358518936817244 ], [ -88.757545881816327, 13.358518936817244 ], [ -88.757545881816327, 13.371993604442107 ] ], [ [ -88.838393887565516, 13.358518936817243 ], [ -88.838393887565516, 13.371993604442109 ], [ -88.851868555190393, 13.371993604442114 ], [ -88.851868555190393, 13.35851893681725 ], [ -88.838393887565516, 13.358518936817243 ] ], [ [ -88.811444552315791, 13.425892274941571 ], [ -88.797969884690929, 13.425892274941573 ], [ -88.797969884690929, 13.439366942566437 ], [ -88.811444552315791, 13.439366942566433 ], [ -88.811444552315791, 13.425892274941571 ] ], [ [ -88.71712187894174, 13.439366942566435 ], [ -88.71712187894174, 13.452841610191301 ], [ -88.730596546566602, 13.452841610191301 ], [ -88.730596546566602, 13.425892274941569 ], [ -88.703647211316863, 13.425892274941571 ], [ -88.703647211316863, 13.439366942566432 ], [ -88.71712187894174, 13.439366942566435 ] ], [ [ -88.771020549441189, 13.425892274941569 ], [ -88.771020549441189, 13.385468272066969 ], [ -88.757545881816327, 13.385468272066971 ], [ -88.757545881816327, 13.398942939691841 ], [ -88.744071214191464, 13.398942939691842 ], [ -88.744071214191464, 13.412417607316707 ], [ -88.757545881816327, 13.412417607316701 ], [ -88.757545881816327, 13.425892274941575 ], [ -88.771020549441189, 13.425892274941569 ] ], [ [ -88.851868555190393, 13.398942939691837 ], [ -88.851868555190393, 13.385468272066969 ], [ -88.838393887565516, 13.385468272066975 ], [ -88.838393887565516, 13.398942939691841 ], [ -88.851868555190393, 13.398942939691837 ] ], [ [ -88.797969884690929, 13.385468272066975 ], [ -88.797969884690929, 13.371993604442109 ], [ -88.784495217066066, 13.371993604442109 ], [ -88.784495217066066, 13.385468272066968 ], [ -88.797969884690929, 13.385468272066975 ] ] ] } },
{ "type": "Feature", "properties": { "class_id": 3, "area_m2": 39142561.422990516, "class_name": "Normal", "index": "MNDWI", "min_value": null, "max_value": null }, "geometry": { "type": "Polygon", "coordinates": [ [ [ -88.272457847321178, 13.47979094544103 ], [ -88.28593251494604, 13.47979094544103 ], [ -88.28593251494604, 13.466316277816164 ], [ -88.272457847321178, 13.466316277816166 ], [ -88.272457847321178, 13.412417607316709 ], [ -88.299407182570931, 13.412417607316709 ], [ -88.299407182570931, 13.398942939691835 ], [ -88.326356517820642, 13.398942939691841 ], [ -88.326356517820642, 13.425892274941573 ], [ -88.31288185019578, 13.425892274941571 ], [ -88.31288185019578, 13.466316277816164 ], [ -88.299407182570931, 13.466316277816162 ], [ -88.299407182570931, 13.493265613065899 ], [ -88.272457847321178, 13.493265613065899 ], [ -88.272457847321178, 13.47979094544103 ] ] ] } },
{ "type": "Feature", "properties": { "class_id": 3, "area_m2": 6524671.2672924167, "class_name": "Normal", "index": "MNDWI", "min_value": null, "max_value": null }, "geometry": { "type": "Polygon", "coordinates": [ [ [ -88.663223208442275, 13.466316277816164 ], [ -88.676697876067138, 13.466316277816162 ], [ -88.676697876067138, 13.506740280690762 ], [ -88.663223208442275, 13.506740280690762 ], [ -88.663223208442275, 13.466316277816164 ] ] ] } },
{ "type": "Feature", "properties": { "class_id": 3, "area_m2": 2175127.754004308, "class_name": "Normal", "index": "MNDWI", "min_value": null, "max_value": null }, "geometry": { "type": "Polygon", "coordinates": [ [ [ -88.838393887565516, 13.506740280690762 ], [ -88.824919219940654, 13.506740280690762 ], [ -88.824919219940654, 13.493265613065899 ], [ -88.838393887565516, 13.493265613065892 ], [ -88.838393887565516, 13.506740280690762 ] ] ] } },
{ "type": "Feature", "properties": { "class_id": 3, "area_m2": 2174915.4135765526, "class_name": "Normal", "index": "MNDWI", "min_value": null, "max_value": null }, "geometry": { "type": "Polygon", "coordinates": [ [ [ -88.797969884690929, 13.520214948315628 ], [ -88.784495217066066, 13.520214948315626 ], [ -88.784495217066066, 13.506740280690757 ], [ -88.797969884690929, 13.506740280690762 ], [ -88.797969884690929, 13.520214948315628 ] ] ] } },
{ "type": "Feature", "properties": { "class_id": 3, "area_m2": 4347757.756830249, "class_name": "Normal", "index": "MNDWI", "min_value": null, "max_value": null }, "geometry": { "type": "Polygon", "coordinates": [ [ [ -88.366780520695244, 13.547164283565349 ], [ -88.353305853070367, 13.547164283565355 ], [ -88.353305853070367, 13.520214948315623 ], [ -88.366780520695244, 13.520214948315626 ], [ -88.366780520695244, 13.547164283565349 ] ] ] } },
{ "type": "Feature", "properties": { "class_id": 3, "area_m2": 2174410.55057198, "class_name": "Normal", "index": "MNDWI", "min_value": null, "max_value": null }, "geometry": { "type": "Polygon", "coordinates": [ [ [ -88.676697876067138, 13.547164283565353 ], [ -88.663223208442275, 13.547164283565353 ], [ -88.663223208442275, 13.533689615940494 ], [ -88.676697876067138, 13.533689615940494 ], [ -88.676697876067138, 13.547164283565353 ] ] ] } },
{ "type": "Feature", "properties": { "class_id": 3, "area_m2": 8689049.7802709639, "class_name": "Normal", "index": "MNDWI", "min_value": null, "max_value": null }, "geometry": { "type": "Polygon", "coordinates": [ [ [ -88.339831185445505, 13.722334962688608 ], [ -88.31288185019578, 13.722334962688606 ], [ -88.31288185019578, 13.708860295063744 ], [ -88.326356517820642, 13.70886029506374 ], [ -88.326356517820642, 13.695385627438879 ], [ -88.353305853070367, 13.695385627438874 ], [ -88.353305853070367, 13.70886029506374 ], [ -88.339831185445505, 13.708860295063744 ], [ -88.339831185445505, 13.722334962688608 ] ] ] } },
{ "type": "Feature", "properties": { "class_id": 3, "area_m2": 2172227.2509479844, "class_name": "Normal", "index": "MNDWI", "min_value": null, "max_value": null }, "geometry": { "type": "Polygon", "coordinates": [ [ [ -88.676697876067138, 13.789708300812933 ], [ -88.663223208442275, 13.789708300812929 ], [ -88.663223208442275, 13.776233633188067 ], [ -88.676697876067138, 13.776233633188067 ], [ -88.676697876067138, 13.789708300812933 ] ] ] } },
{ "type": "Feature", "properties": { "class_id": 3, "area_m2": 6515478.6750013819, "class_name": "Normal", "index": "MNDWI", "min_value": null, "max_value": null }, "geometry": { "type": "Polygon", "coordinates": [ [ [ -88.622799205567674, 13.816657636062667 ], [ -88.609324537942811, 13.816657636062661 ], [ -88.609324537942811, 13.803182968437795 ], [ -88.636273873192536, 13.803182968437797 ], [ -88.636273873192536, 13.830132303687527 ], [ -88.622799205567674, 13.83013230368752 ], [ -88.622799205567674, 13.816657636062667 ] ] ] } },
{ "type": "Feature", "properties": { "class_id": 3, "area_m2": 8264690822.9329634, "class_name": "Normal", "index": "MNDWI", "min_value": null, "max_value": null }, "geometry": { "type": "Polygon", "coordinates": [ [ [ -89.363905924935267, 13.910980309436717 ], [ -89.377380592560129, 13.91098030943672 ], [ -89.377380592560129, 13.924454977061588 ], [ -89.390855260184992, 13.924454977061581 ], [ -89.390855260184992, 13.937929644686443 ], [ -89.377380592560129, 13.937929644686447 ], [ -89.377380592560129, 13.964878979936184 ], [ -89.431279263059594, 13.964878979936181 ], [ -89.431279263059594, 13.978353647561047 ], [ -89.458228598309319, 13.978353647561041 ], [ -89.458228598309319, 13.964878979936181 ], [ -89.471703265934181, 13.964878979936181 ], [ -89.471703265934181, 13.951404312311311 ], [ -89.485177933559058, 13.951404312311313 ], [ -89.485177933559058, 13.924454977061584 ], [ -89.49865260118392, 13.924454977061581 ], [ -89.49865260118392, 13.937929644686449 ], [ -89.512127268808783, 13.93792964468645 ], [ -89.512127268808783, 13.964878979936181 ], [ -89.525601936433645, 13.964878979936181 ], [ -89.525601936433645, 13.978353647561041 ], [ -89.512127268808783, 13.978353647561047 ], [ -89.512127268808783, 14.005302982810772 ], [ -89.525601936433645, 14.005302982810772 ], [ -89.525601936433645, 14.018777650435641 ], [ -89.566025939308247, 14.018777650435641 ], [ -89.566025939308247, 14.045726985685366 ], [ -89.552551271683384, 14.045726985685368 ], [ -89.552551271683384, 14.059201653310234 ], [ -89.566025939308247, 14.059201653310234 ], [ -89.566025939308247, 14.072676320935106 ], [ -89.579500606933109, 14.072676320935102 ], [ -89.579500606933109, 14.059201653310234 ], [ -89.592975274557972, 14.059201653310232 ], [ -89.592975274557972, 14.072676320935102 ], [ -89.633399277432574, 14.072676320935102 ], [ -89.633399277432574, 14.099625656184836 ], [ -89.619924609807711, 14.099625656184839 ], [ -89.619924609807711, 14.1131003238097 ], [ -89.606449942182834, 14.113100323809695 ], [ -89.606449942182834, 14.099625656184832 ], [ -89.592975274557972, 14.099625656184834 ], [ -89.592975274557972, 14.113100323809695 ], [ -89.579500606933109, 14.113100323809698 ], [ -89.579500606933109, 14.126574991434564 ], [ -89.566025939308247, 14.126574991434566 ], [ -89.566025939308247, 14.166998994309157 ], [ -89.579500606933109, 14.166998994309159 ], [ -89.579500606933109, 14.180473661934025 ], [ -89.592975274557972, 14.180473661934025 ], [ -89.592975274557972, 14.140049659059427 ], [ -89.606449942182834, 14.140049659059427 ], [ -89.606449942182834, 14.180473661934027 ], [ -89.619924609807711, 14.180473661934025 ], [ -89.619924609807711, 14.153524326684289 ], [ -89.633399277432574, 14.153524326684295 ], [ -89.633399277432574, 14.140049659059423 ], [ -89.660348612682313, 14.140049659059429 ], [ -89.660348612682313, 14.153524326684295 ], [ -89.646873945057436, 14.153524326684288 ], [ -89.646873945057436, 14.166998994309159 ], [ -89.673823280307161, 14.166998994309155 ], [ -89.673823280307161, 14.180473661934023 ], [ -89.660348612682313, 14.180473661934025 ], [ -89.660348612682313, 14.193948329558886 ], [ -89.633399277432574, 14.193948329558889 ], [ -89.633399277432574, 14.207422997183757 ], [ -89.579500606933109, 14.207422997183754 ], [ -89.579500606933109, 14.193948329558889 ], [ -89.566025939308247, 14.193948329558886 ], [ -89.566025939308247, 14.207422997183752 ], [ -89.552551271683384, 14.207422997183754 ], [ -89.552551271683384, 14.220897664808616 ], [ -89.525601936433645, 14.220897664808621 ], [ -89.525601936433645, 14.234372332433486 ], [ -89.485177933559058, 14.234372332433486 ], [ -89.485177933559058, 14.261321667683216 ], [ -89.512127268808783, 14.261321667683211 ], [ -89.512127268808783, 14.288271002932946 ], [ -89.49865260118392, 14.288271002932946 ], [ -89.49865260118392, 14.301745670557809 ], [ -89.552551271683384, 14.301745670557816 ], [ -89.552551271683384, 14.315220338182669 ], [ -89.592975274557972, 14.315220338182677 ], [ -89.592975274557972, 14.342169673432402 ], [ -89.579500606933109, 14.34216967343241 ], [ -89.579500606933109, 14.355644341057268 ], [ -89.566025939308247, 14.355644341057275 ], [ -89.566025939308247, 14.369119008682137 ], [ -89.579500606933109, 14.369119008682137 ], [ -89.579500606933109, 14.409543011556734 ], [ -89.539076604058522, 14.409543011556739 ], [ -89.539076604058522, 14.382593676307 ], [ -89.525601936433645, 14.382593676306998 ], [ -89.525601936433645, 14.369119008682141 ], [ -89.512127268808783, 14.369119008682137 ], [ -89.512127268808783, 14.342169673432409 ], [ -89.49865260118392, 14.342169673432409 ], [ -89.49865260118392, 14.382593676306998 ], [ -89.512127268808783, 14.38259367630701 ], [ -89.512127268808783, 14.409543011556734 ], [ -89.485177933559058, 14.409543011556734 ], [ -89.485177933559058, 14.423017679181596 ], [ -89.444753930684456, 14.4230176791816 ], [ -89.444753930684456, 14.396068343931869 ], [ -89.417804595434731, 14.396068343931869 ], [ -89.417804595434731, 14.382593676306998 ], [ -89.390855260184992, 14.382593676306998 ], [ -89.390855260184992, 14.355644341057268 ], [ -89.336956589685542, 14.355644341057275 ], [ -89.336956589685542, 14.342169673432409 ], [ -89.350431257310419, 14.342169673432405 ], [ -89.350431257310419, 14.328695005807539 ], [ -89.363905924935267, 14.328695005807536 ], [ -89.363905924935267, 14.315220338182677 ], [ -89.336956589685542, 14.315220338182673 ], [ -89.336956589685542, 14.301745670557812 ], [ -89.323481922060665, 14.301745670557816 ], [ -89.323481922060665, 14.315220338182671 ], [ -89.310007254435803, 14.315220338182677 ], [ -89.310007254435803, 14.301745670557809 ], [ -89.29653258681094, 14.301745670557812 ], [ -89.29653258681094, 14.288271002932943 ], [ -89.283057919186078, 14.288271002932946 ], [ -89.283057919186078, 14.301745670557811 ], [ -89.229159248686628, 14.301745670557816 ], [ -89.229159248686628, 14.315220338182669 ], [ -89.215684581061751, 14.315220338182675 ], [ -89.215684581061751, 14.342169673432402 ], [ -89.188735245812012, 14.342169673432402 ], [ -89.188735245812012, 14.315220338182669 ], [ -89.161785910562287, 14.315220338182677 ], [ -89.161785910562287, 14.328695005807536 ], [ -89.148311242937424, 14.328695005807536 ], [ -89.148311242937424, 14.342169673432409 ], [ -89.134836575312562, 14.342169673432405 ], [ -89.134836575312562, 14.315220338182677 ], [ -89.148311242937424, 14.315220338182677 ], [ -89.148311242937424, 14.288271002932943 ], [ -89.161785910562287, 14.288271002932948 ], [ -89.161785910562287, 14.274796335308086 ], [ -89.175260578187149, 14.274796335308082 ], [ -89.175260578187149, 14.247847000058352 ], [ -89.202209913436889, 14.247847000058352 ], [ -89.202209913436889, 14.274796335308082 ], [ -89.215684581061751, 14.274796335308077 ], [ -89.215684581061751, 14.288271002932944 ], [ -89.229159248686628, 14.288271002932943 ], [ -89.229159248686628, 14.24784700005835 ], [ -89.215684581061751, 14.247847000058346 ], [ -89.215684581061751, 14.180473661934027 ], [ -89.161785910562287, 14.180473661934029 ], [ -89.161785910562287, 14.193948329558886 ], [ -89.148311242937424, 14.193948329558888 ], [ -89.148311242937424, 14.207422997183752 ], [ -89.107887240062837, 14.207422997183754 ], [ -89.107887240062837, 14.193948329558886 ], [ -89.09441257243796, 14.193948329558884 ], [ -89.09441257243796, 14.180473661934029 ], [ -89.053988569563359, 14.180473661934027 ], [ -89.053988569563359, 14.193948329558884 ], [ -89.040513901938496, 14.19394832955888 ], [ -89.040513901938496, 14.166998994309155 ], [ -89.027039234313634, 14.166998994309155 ], [ -89.027039234313634, 14.140049659059425 ], [ -89.013564566688771, 14.140049659059429 ], [ -89.013564566688771, 14.126574991434561 ], [ -88.986615231439046, 14.126574991434564 ], [ -88.986615231439046, 14.113100323809697 ], [ -88.973140563814169, 14.113100323809698 ], [ -88.973140563814169, 14.059201653310234 ], [ -88.959665896189307, 14.059201653310234 ], [ -88.959665896189307, 14.126574991434564 ], [ -88.973140563814169, 14.126574991434564 ], [ -88.973140563814169, 14.140049659059422 ], [ -88.946191228564444, 14.140049659059429 ], [ -88.946191228564444, 14.180473661934025 ], [ -88.932716560939582, 14.180473661934027 ], [ -88.932716560939582, 14.193948329558884 ], [ -88.946191228564444, 14.193948329558884 ], [ -88.946191228564444, 14.207422997183757 ], [ -88.905767225689843, 14.207422997183755 ], [ -88.905767225689843, 14.166998994309155 ], [ -88.932716560939582, 14.166998994309155 ], [ -88.932716560939582, 14.113100323809695 ], [ -88.946191228564444, 14.1131003238097 ], [ -88.946191228564444, 14.099625656184839 ], [ -88.91924189331472, 14.099625656184834 ], [ -88.91924189331472, 14.086150988559965 ], [ -88.905767225689843, 14.086150988559966 ], [ -88.905767225689843, 14.099625656184832 ], [ -88.89229255806498, 14.099625656184829 ], [ -88.89229255806498, 14.126574991434559 ], [ -88.91924189331472, 14.126574991434564 ], [ -88.91924189331472, 14.153524326684288 ], [ -88.905767225689843, 14.153524326684291 ], [ -88.905767225689843, 14.140049659059425 ], [ -88.878817890440118, 14.140049659059429 ], [ -88.878817890440118, 14.072676320935102 ], [ -88.865343222815255, 14.072676320935102 ], [ -88.865343222815255, 14.059201653310238 ], [ -88.89229255806498, 14.059201653310234 ], [ -88.89229255806498, 14.045726985685366 ], [ -88.905767225689843, 14.045726985685365 ], [ -88.905767225689843, 14.032252318060507 ], [ -88.865343222815255, 14.032252318060506 ], [ -88.865343222815255, 14.045726985685368 ], [ -88.851868555190393, 14.04572698568537 ], [ -88.851868555190393, 14.059201653310234 ], [ -88.838393887565516, 14.059201653310234 ], [ -88.838393887565516, 14.072676320935102 ], [ -88.851868555190393, 14.072676320935102 ], [ -88.851868555190393, 14.086150988559972 ], [ -88.824919219940654, 14.086150988559972 ], [ -88.824919219940654, 14.072676320935102 ], [ -88.771020549441189, 14.072676320935102 ], [ -88.771020549441189, 14.045726985685365 ], [ -88.757545881816327, 14.04572698568537 ], [ -88.757545881816327, 14.018777650435643 ], [ -88.744071214191464, 14.018777650435645 ], [ -88.744071214191464, 14.005302982810777 ], [ -88.784495217066066, 14.005302982810772 ], [ -88.784495217066066, 13.97835364756104 ], [ -88.824919219940654, 13.978353647561043 ], [ -88.824919219940654, 13.964878979936181 ], [ -88.757545881816327, 13.964878979936181 ], [ -88.757545881816327, 13.991828315185911 ], [ -88.71712187894174, 13.991828315185911 ], [ -88.71712187894174, 13.978353647561047 ], [ -88.730596546566602, 13.978353647561045 ], [ -88.730596546566602, 13.964878979936177 ], [ -88.690172543692, 13.964878979936183 ], [ -88.690172543692, 13.991828315185913 ], [ -88.676697876067138, 13.991828315185911 ], [ -88.676697876067138, 14.005302982810774 ], [ -88.663223208442275, 14.005302982810772 ], [ -88.663223208442275, 14.018777650435641 ], [ -88.622799205567674, 14.018777650435643 ], [ -88.622799205567674, 14.005302982810779 ], [ -88.582375202693086, 14.005302982810772 ], [ -88.582375202693086, 13.991828315185906 ], [ -88.568900535068209, 13.991828315185911 ], [ -88.568900535068209, 13.978353647561047 ], [ -88.501527196943883, 13.978353647561045 ], [ -88.501527196943883, 13.924454977061583 ], [ -88.51500186456876, 13.924454977061584 ], [ -88.51500186456876, 13.910980309436722 ], [ -88.501527196943883, 13.910980309436722 ], [ -88.501527196943883, 13.897505641811854 ], [ -88.51500186456876, 13.897505641811854 ], [ -88.51500186456876, 13.884030974186986 ], [ -88.528476532193622, 13.884030974186988 ], [ -88.528476532193622, 13.910980309436724 ], [ -88.541951199818484, 13.91098030943672 ], [ -88.541951199818484, 13.937929644686447 ], [ -88.528476532193622, 13.937929644686449 ], [ -88.528476532193622, 13.951404312311311 ], [ -88.555425867443347, 13.951404312311318 ], [ -88.555425867443347, 13.964878979936183 ], [ -88.568900535068209, 13.964878979936183 ], [ -88.568900535068209, 13.937929644686447 ], [ -88.582375202693086, 13.937929644686449 ], [ -88.582375202693086, 13.924454977061577 ], [ -88.609324537942811, 13.924454977061583 ], [ -88.609324537942811, 13.91098030943672 ], [ -88.582375202693086, 13.91098030943672 ], [ -88.582375202693086, 13.88403097418699 ], [ -88.555425867443347, 13.884030974186983 ], [ -88.555425867443347, 13.870556306562124 ], [ -88.528476532193622, 13.87055630656212 ], [ -88.528476532193622, 13.85708163893726 ], [ -88.48805252931902, 13.85708163893726 ], [ -88.48805252931902, 13.81665763606266 ], [ -88.501527196943883, 13.816657636062663 ], [ -88.501527196943883, 13.803182968437797 ], [ -88.48805252931902, 13.803182968437797 ], [ -88.48805252931902, 13.789708300812929 ], [ -88.474577861694158, 13.789708300812928 ], [ -88.474577861694158, 13.776233633188063 ], [ -88.461103194069295, 13.776233633188067 ], [ -88.461103194069295, 13.762758965563199 ], [ -88.447628526444433, 13.762758965563203 ], [ -88.447628526444433, 13.749284297938337 ], [ -88.393729855944969, 13.749284297938337 ], [ -88.393729855944969, 13.762758965563199 ], [ -88.366780520695244, 13.762758965563203 ], [ -88.366780520695244, 13.749284297938337 ], [ -88.353305853070367, 13.749284297938337 ], [ -88.353305853070367, 13.722334962688599 ], [ -88.366780520695244, 13.722334962688603 ], [ -88.366780520695244, 13.681910959814008 ], [ -88.380255188320106, 13.681910959814006 ], [ -88.380255188320106, 13.66843629218914 ], [ -88.353305853070367, 13.668436292189142 ], [ -88.353305853070367, 13.65496162456428 ], [ -88.380255188320106, 13.65496162456428 ], [ -88.380255188320106, 13.628012289314546 ], [ -88.353305853070367, 13.628012289314546 ], [ -88.353305853070367, 13.641486956939413 ], [ -88.339831185445505, 13.641486956939412 ], [ -88.339831185445505, 13.654961624564285 ], [ -88.31288185019578, 13.654961624564283 ], [ -88.31288185019578, 13.668436292189146 ], [ -88.299407182570931, 13.668436292189137 ], [ -88.299407182570931, 13.695385627438876 ], [ -88.31288185019578, 13.695385627438874 ], [ -88.31288185019578, 13.708860295063744 ], [ -88.299407182570931, 13.70886029506374 ], [ -88.299407182570931, 13.722334962688606 ], [ -88.31288185019578, 13.722334962688606 ], [ -88.31288185019578, 13.735809630313467 ], [ -88.299407182570931, 13.73580963031347 ], [ -88.299407182570931, 13.749284297938337 ], [ -88.326356517820642, 13.749284297938337 ], [ -88.326356517820642, 13.762758965563201 ], [ -88.31288185019578, 13.762758965563199 ], [ -88.31288185019578, 13.776233633188063 ], [ -88.393729855944969, 13.77623363318807 ], [ -88.393729855944969, 13.789708300812933 ], [ -88.407204523569831, 13.789708300812933 ], [ -88.407204523569831, 13.803182968437797 ], [ -88.420679191194694, 13.803182968437797 ], [ -88.420679191194694, 13.776233633188067 ], [ -88.447628526444433, 13.776233633188067 ], [ -88.447628526444433, 13.789708300812928 ], [ -88.461103194069295, 13.789708300812928 ], [ -88.461103194069295, 13.803182968437797 ], [ -88.474577861694158, 13.803182968437797 ], [ -88.474577861694158, 13.84360697131239 ], [ -88.461103194069295, 13.843606971312392 ], [ -88.461103194069295, 13.857081638937261 ], [ -88.43415385881957, 13.85708163893726 ], [ -88.43415385881957, 13.884030974186988 ], [ -88.366780520695244, 13.884030974186986 ], [ -88.366780520695244, 13.870556306562124 ], [ -88.353305853070367, 13.870556306562124 ], [ -88.353305853070367, 13.897505641811854 ], [ -88.299407182570931, 13.897505641811858 ], [ -88.299407182570931, 13.910980309436722 ], [ -88.258983179696315, 13.91098030943672 ], [ -88.258983179696315, 13.924454977061584 ], [ -88.245508512071453, 13.924454977061584 ], [ -88.245508512071453, 13.93792964468645 ], [ -88.23203384444659, 13.937929644686447 ], [ -88.23203384444659, 13.991828315185911 ], [ -88.17813517394714, 13.991828315185908 ], [ -88.17813517394714, 13.978353647561045 ], [ -88.191609841571989, 13.978353647561043 ], [ -88.191609841571989, 13.964878979936181 ], [ -88.17813517394714, 13.964878979936181 ], [ -88.17813517394714, 13.937929644686447 ], [ -88.164660506322264, 13.93792964468645 ], [ -88.164660506322264, 13.951404312311315 ], [ -88.151185838697387, 13.951404312311311 ], [ -88.151185838697387, 13.964878979936181 ], [ -88.1107618358228, 13.964878979936181 ], [ -88.1107618358228, 13.978353647561043 ], [ -88.097287168197937, 13.978353647561047 ], [ -88.097287168197937, 13.991828315185906 ], [ -88.070337832948198, 13.991828315185906 ], [ -88.070337832948198, 13.978353647561047 ], [ -88.08381250057306, 13.978353647561041 ], [ -88.08381250057306, 13.964878979936181 ], [ -88.070337832948198, 13.964878979936183 ], [ -88.070337832948198, 13.924454977061584 ], [ -88.08381250057306, 13.924454977061588 ], [ -88.08381250057306, 13.937929644686445 ], [ -88.1107618358228, 13.937929644686447 ], [ -88.1107618358228, 13.924454977061584 ], [ -88.124236503447662, 13.924454977061583 ], [ -88.124236503447662, 13.910980309436722 ], [ -88.137711171072525, 13.91098030943672 ], [ -88.137711171072525, 13.88403097418699 ], [ -88.164660506322264, 13.88403097418699 ], [ -88.164660506322264, 13.870556306562124 ], [ -88.151185838697387, 13.870556306562127 ], [ -88.151185838697387, 13.85708163893726 ], [ -88.191609841571989, 13.85708163893726 ], [ -88.191609841571989, 13.830132303687529 ], [ -88.17813517394714, 13.830132303687522 ], [ -88.17813517394714, 13.816657636062663 ], [ -88.164660506322264, 13.81665763606266 ], [ -88.164660506322264, 13.843606971312393 ], [ -88.151185838697387, 13.843606971312395 ], [ -88.151185838697387, 13.816657636062667 ], [ -88.137711171072525, 13.81665763606266 ], [ -88.137711171072525, 13.830132303687526 ], [ -88.1107618358228, 13.830132303687526 ], [ -88.1107618358228, 13.816657636062663 ], [ -88.124236503447662, 13.81665763606266 ], [ -88.124236503447662, 13.803182968437797 ], [ -88.137711171072525, 13.803182968437797 ], [ -88.137711171072525, 13.776233633188067 ], [ -88.151185838697387, 13.776233633188065 ], [ -88.151185838697387, 13.749284297938337 ], [ -88.164660506322264, 13.749284297938338 ], [ -88.164660506322264, 13.789708300812933 ], [ -88.191609841571989, 13.789708300812929 ], [ -88.191609841571989, 13.803182968437797 ], [ -88.205084509196851, 13.803182968437799 ], [ -88.205084509196851, 13.789708300812933 ], [ -88.218559176821714, 13.789708300812933 ], [ -88.218559176821714, 13.776233633188067 ], [ -88.23203384444659, 13.776233633188067 ], [ -88.23203384444659, 13.762758965563199 ], [ -88.258983179696315, 13.762758965563203 ], [ -88.258983179696315, 13.749284297938337 ], [ -88.23203384444659, 13.749284297938337 ], [ -88.23203384444659, 13.735809630313472 ], [ -88.205084509196851, 13.735809630313467 ], [ -88.205084509196851, 13.762758965563203 ], [ -88.191609841571989, 13.762758965563201 ], [ -88.191609841571989, 13.74928429793834 ], [ -88.17813517394714, 13.749284297938337 ], [ -88.17813517394714, 13.735809630313467 ], [ -88.164660506322264, 13.735809630313467 ], [ -88.164660506322264, 13.708860295063744 ], [ -88.17813517394714, 13.70886029506374 ], [ -88.17813517394714, 13.695385627438876 ], [ -88.151185838697387, 13.695385627438876 ], [ -88.151185838697387, 13.708860295063737 ], [ -88.137711171072525, 13.708860295063742 ], [ -88.137711171072525, 13.722334962688606 ], [ -88.1107618358228, 13.722334962688606 ], [ -88.1107618358228, 13.735809630313469 ], [ -88.137711171072525, 13.735809630313467 ], [ -88.137711171072525, 13.762758965563197 ], [ -88.124236503447662, 13.762758965563201 ], [ -88.124236503447662, 13.789708300812933 ], [ -88.08381250057306, 13.789708300812931 ], [ -88.08381250057306, 13.776233633188063 ], [ -88.070337832948198, 13.776233633188063 ], [ -88.070337832948198, 13.762758965563201 ], [ -88.05686316532335, 13.762758965563197 ], [ -88.05686316532335, 13.776233633188067 ], [ -88.02991383007361, 13.776233633188063 ], [ -88.02991383007361, 13.789708300812933 ], [ -87.962540491949284, 13.789708300812933 ], [ -87.962540491949284, 13.776233633188061 ], [ -87.935591156699559, 13.776233633188067 ], [ -87.935591156699559, 13.789708300812929 ], [ -87.922116489074682, 13.789708300812933 ], [ -87.922116489074682, 13.830132303687524 ], [ -87.90864182144982, 13.830132303687527 ], [ -87.90864182144982, 13.84360697131239 ], [ -87.922116489074682, 13.843606971312392 ], [ -87.922116489074682, 13.85708163893726 ], [ -87.949065824324421, 13.85708163893726 ], [ -87.949065824324421, 13.870556306562124 ], [ -87.90864182144982, 13.870556306562124 ], [ -87.90864182144982, 13.857081638937263 ], [ -87.881692486200095, 13.857081638937261 ], [ -87.881692486200095, 13.843606971312393 ], [ -87.895167153824957, 13.843606971312393 ], [ -87.895167153824957, 13.830132303687524 ], [ -87.868217818575218, 13.830132303687524 ], [ -87.868217818575218, 13.816657636062667 ], [ -87.881692486200095, 13.816657636062667 ], [ -87.881692486200095, 13.803182968437797 ], [ -87.841268483325493, 13.803182968437797 ], [ -87.841268483325493, 13.816657636062663 ], [ -87.854743150950355, 13.816657636062663 ], [ -87.854743150950355, 13.84360697131239 ], [ -87.841268483325493, 13.84360697131239 ], [ -87.841268483325493, 13.85708163893726 ], [ -87.814319148075768, 13.857081638937258 ], [ -87.814319148075768, 13.84360697131239 ], [ -87.773895145201166, 13.84360697131239 ], [ -87.773895145201166, 13.870556306562127 ], [ -87.760420477576304, 13.870556306562124 ], [ -87.760420477576304, 13.85708163893726 ], [ -87.746945809951455, 13.857081638937258 ], [ -87.746945809951455, 13.830132303687522 ], [ -87.733471142326565, 13.830132303687524 ], [ -87.733471142326565, 13.816657636062656 ], [ -87.746945809951455, 13.816657636062658 ], [ -87.746945809951455, 13.803182968437797 ], [ -87.719996474701702, 13.803182968437801 ], [ -87.719996474701702, 13.81665763606266 ], [ -87.70652180707684, 13.816657636062658 ], [ -87.70652180707684, 13.789708300812933 ], [ -87.719996474701702, 13.789708300812929 ], [ -87.719996474701702, 13.762758965563199 ], [ -87.733471142326565, 13.762758965563197 ], [ -87.733471142326565, 13.70886029506374 ], [ -87.746945809951455, 13.708860295063744 ], [ -87.746945809951455, 13.695385627438867 ], [ -87.760420477576304, 13.695385627438874 ], [ -87.760420477576304, 13.68191095981401 ], [ -87.773895145201166, 13.681910959814006 ], [ -87.773895145201166, 13.708860295063744 ], [ -87.760420477576304, 13.708860295063737 ], [ -87.760420477576304, 13.722334962688606 ], [ -87.746945809951455, 13.722334962688603 ], [ -87.746945809951455, 13.776233633188067 ], [ -87.760420477576304, 13.776233633188065 ], [ -87.760420477576304, 13.762758965563201 ], [ -87.773895145201166, 13.762758965563199 ], [ -87.773895145201166, 13.749284297938337 ], [ -87.760420477576304, 13.74928429793834 ], [ -87.760420477576304, 13.735809630313469 ], [ -87.773895145201166, 13.73580963031347 ], [ -87.773895145201166, 13.722334962688606 ], [ -87.800844480450891, 13.722334962688603 ], [ -87.800844480450891, 13.708860295063738 ], [ -87.814319148075768, 13.70886029506374 ], [ -87.814319148075768, 13.722334962688606 ], [ -87.82779381570063, 13.722334962688599 ], [ -87.82779381570063, 13.749284297938337 ], [ -87.841268483325493, 13.749284297938337 ], [ -87.841268483325493, 13.762758965563201 ], [ -87.82779381570063, 13.762758965563199 ], [ -87.82779381570063, 13.789708300812928 ], [ -87.841268483325493, 13.789708300812933 ], [ -87.841268483325493, 13.776233633188067 ], [ -87.854743150950355, 13.77623363318806 ], [ -87.854743150950355, 13.762758965563199 ], [ -87.868217818575218, 13.762758965563201 ], [ -87.868217818575218, 13.735809630313472 ], [ -87.881692486200095, 13.735809630313472 ], [ -87.881692486200095, 13.708860295063744 ], [ -87.854743150950355, 13.708860295063737 ], [ -87.854743150950355, 13.722334962688606 ], [ -87.841268483325493, 13.722334962688603 ], [ -87.841268483325493, 13.695385627438874 ], [ -87.814319148075768, 13.695385627438874 ], [ -87.814319148075768, 13.641486956939413 ], [ -87.82779381570063, 13.641486956939413 ], [ -87.82779381570063, 13.654961624564274 ], [ -87.895167153824957, 13.65496162456428 ], [ -87.895167153824957, 13.641486956939415 ], [ -87.868217818575218, 13.641486956939415 ], [ -87.868217818575218, 13.601062954064819 ], [ -87.854743150950355, 13.601062954064817 ], [ -87.854743150950355, 13.574113618815085 ], [ -87.82779381570063, 13.574113618815085 ], [ -87.82779381570063, 13.560638951190223 ], [ -87.814319148075768, 13.560638951190223 ], [ -87.814319148075768, 13.574113618815087 ], [ -87.787369812826029, 13.574113618815087 ], [ -87.787369812826029, 13.47979094544103 ], [ -87.719996474701702, 13.47979094544103 ], [ -87.719996474701702, 13.466316277816166 ], [ -87.733471142326565, 13.466316277816166 ], [ -87.733471142326565, 13.452841610191303 ], [ -87.719996474701702, 13.452841610191298 ], [ -87.719996474701702, 13.439366942566433 ], [ -87.733471142326565, 13.439366942566437 ], [ -87.733471142326565, 13.425892274941571 ], [ -87.719996474701702, 13.425892274941573 ], [ -87.719996474701702, 13.398942939691837 ], [ -87.733471142326565, 13.398942939691839 ], [ -87.733471142326565, 13.412417607316703 ], [ -87.746945809951455, 13.412417607316705 ], [ -87.746945809951455, 13.425892274941571 ], [ -87.773895145201166, 13.425892274941569 ], [ -87.773895145201166, 13.439366942566435 ], [ -87.82779381570063, 13.439366942566433 ], [ -87.82779381570063, 13.452841610191303 ], [ -87.841268483325493, 13.452841610191301 ], [ -87.841268483325493, 13.439366942566435 ], [ -87.854743150950355, 13.439366942566426 ], [ -87.854743150950355, 13.412417607316701 ], [ -87.868217818575218, 13.412417607316703 ], [ -87.868217818575218, 13.398942939691837 ], [ -87.881692486200095, 13.398942939691844 ], [ -87.881692486200095, 13.385468272066973 ], [ -87.868217818575218, 13.385468272066971 ], [ -87.868217818575218, 13.358518936817244 ], [ -87.854743150950355, 13.358518936817244 ], [ -87.854743150950355, 13.345044269192377 ], [ -87.868217818575218, 13.345044269192378 ], [ -87.868217818575218, 13.331569601567516 ], [ -87.881692486200095, 13.331569601567514 ], [ -87.881692486200095, 13.318094933942646 ], [ -87.895167153824957, 13.318094933942644 ], [ -87.895167153824957, 13.304620266317778 ], [ -87.90864182144982, 13.304620266317784 ], [ -87.90864182144982, 13.291145598692919 ], [ -87.935591156699559, 13.291145598692919 ], [ -87.935591156699559, 13.264196263443184 ], [ -87.962540491949284, 13.264196263443187 ], [ -87.962540491949284, 13.277670931068046 ], [ -87.976015159574146, 13.277670931068052 ], [ -87.976015159574146, 13.264196263443193 ], [ -87.989489827199009, 13.264196263443186 ], [ -87.989489827199009, 13.237246928193453 ], [ -88.002964494823871, 13.237246928193448 ], [ -88.002964494823871, 13.291145598692918 ], [ -88.016439162448734, 13.291145598692918 ], [ -88.016439162448734, 13.318094933942646 ], [ -88.002964494823871, 13.318094933942648 ], [ -88.002964494823871, 13.304620266317785 ], [ -87.976015159574146, 13.304620266317778 ], [ -87.976015159574146, 13.318094933942643 ], [ -87.989489827199009, 13.318094933942644 ], [ -87.989489827199009, 13.33156960156751 ], [ -88.016439162448734, 13.331569601567514 ], [ -88.016439162448734, 13.358518936817246 ], [ -88.043388497698473, 13.358518936817244 ], [ -88.043388497698473, 13.345044269192378 ], [ -88.070337832948198, 13.34504426919238 ], [ -88.070337832948198, 13.331569601567509 ], [ -88.1107618358228, 13.331569601567509 ], [ -88.1107618358228, 13.345044269192373 ], [ -88.124236503447662, 13.345044269192378 ], [ -88.124236503447662, 13.331569601567509 ], [ -88.137711171072525, 13.33156960156751 ], [ -88.137711171072525, 13.358518936817243 ], [ -88.151185838697387, 13.358518936817243 ], [ -88.151185838697387, 13.34504426919238 ], [ -88.164660506322264, 13.34504426919238 ], [ -88.164660506322264, 13.331569601567516 ], [ -88.205084509196851, 13.331569601567514 ], [ -88.205084509196851, 13.345044269192375 ], [ -88.23203384444659, 13.345044269192375 ], [ -88.23203384444659, 13.371993604442109 ], [ -88.218559176821714, 13.371993604442109 ], [ -88.218559176821714, 13.412417607316705 ], [ -88.23203384444659, 13.412417607316703 ], [ -88.23203384444659, 13.425892274941569 ], [ -88.218559176821714, 13.425892274941569 ], [ -88.218559176821714, 13.439366942566432 ], [ -88.23203384444659, 13.439366942566439 ], [ -88.23203384444659, 13.479790945441033 ], [ -88.245508512071453, 13.479790945441032 ], [ -88.245508512071453, 13.520214948315628 ], [ -88.272457847321178, 13.52021494831563 ], [ -88.272457847321178, 13.560638951190223 ], [ -88.407204523569831, 13.560638951190217 ], [ -88.407204523569831, 13.614537621689685 ], [ -88.420679191194694, 13.614537621689685 ], [ -88.420679191194694, 13.587588286439953 ], [ -88.43415385881957, 13.587588286439953 ], [ -88.43415385881957, 13.601062954064817 ], [ -88.447628526444433, 13.601062954064815 ], [ -88.447628526444433, 13.614537621689683 ], [ -88.461103194069295, 13.614537621689685 ], [ -88.461103194069295, 13.628012289314547 ], [ -88.48805252931902, 13.628012289314549 ], [ -88.48805252931902, 13.654961624564272 ], [ -88.51500186456876, 13.654961624564278 ], [ -88.51500186456876, 13.641486956939417 ], [ -88.528476532193622, 13.641486956939421 ], [ -88.528476532193622, 13.628012289314544 ], [ -88.51500186456876, 13.628012289314544 ], [ -88.51500186456876, 13.614537621689681 ], [ -88.501527196943883, 13.614537621689681 ], [ -88.501527196943883, 13.574113618815087 ], [ -88.48805252931902, 13.574113618815085 ], [ -88.48805252931902, 13.560638951190223 ], [ -88.636273873192536, 13.560638951190226 ], [ -88.636273873192536, 13.547164283565358 ], [ -88.663223208442275, 13.547164283565353 ], [ -88.663223208442275, 13.560638951190223 ], [ -88.784495217066066, 13.560638951190223 ], [ -88.784495217066066, 13.54716428356536 ], [ -88.771020549441189, 13.547164283565351 ], [ -88.771020549441189, 13.533689615940496 ], [ -88.797969884690929, 13.533689615940492 ], [ -88.797969884690929, 13.520214948315628 ], [ -88.824919219940654, 13.520214948315628 ], [ -88.824919219940654, 13.547164283565355 ], [ -88.797969884690929, 13.547164283565358 ], [ -88.797969884690929, 13.560638951190221 ], [ -89.229159248686628, 13.560638951190226 ], [ -89.229159248686628, 13.493265613065899 ], [ -89.242633916311476, 13.493265613065898 ], [ -89.242633916311476, 13.47979094544103 ], [ -89.215684581061751, 13.479790945441032 ], [ -89.215684581061751, 13.466316277816166 ], [ -89.229159248686628, 13.466316277816167 ], [ -89.229159248686628, 13.452841610191307 ], [ -89.242633916311476, 13.452841610191298 ], [ -89.242633916311476, 13.466316277816162 ], [ -89.269583251561215, 13.466316277816162 ], [ -89.269583251561215, 13.479790945441032 ], [ -89.283057919186078, 13.479790945441032 ], [ -89.283057919186078, 13.493265613065899 ], [ -89.310007254435803, 13.493265613065894 ], [ -89.310007254435803, 13.506740280690762 ], [ -89.323481922060665, 13.506740280690762 ], [ -89.323481922060665, 13.520214948315623 ], [ -89.336956589685542, 13.520214948315623 ], [ -89.336956589685542, 13.493265613065901 ], [ -89.350431257310419, 13.493265613065899 ], [ -89.350431257310419, 13.506740280690762 ], [ -89.377380592560129, 13.506740280690758 ], [ -89.377380592560129, 13.533689615940492 ], [ -89.390855260184992, 13.533689615940492 ], [ -89.390855260184992, 13.520214948315623 ], [ -89.431279263059594, 13.520214948315632 ], [ -89.431279263059594, 13.547164283565358 ], [ -89.417804595434731, 13.547164283565353 ], [ -89.417804595434731, 13.533689615940492 ], [ -89.404329927809869, 13.533689615940492 ], [ -89.404329927809869, 13.547164283565358 ], [ -89.390855260184992, 13.547164283565358 ], [ -89.390855260184992, 13.560638951190219 ], [ -89.377380592560129, 13.560638951190219 ], [ -89.377380592560129, 13.587588286439953 ], [ -89.390855260184992, 13.587588286439953 ], [ -89.390855260184992, 13.614537621689685 ], [ -89.377380592560129, 13.614537621689685 ], [ -89.377380592560129, 13.601062954064822 ], [ -89.350431257310419, 13.601062954064822 ], [ -89.350431257310419, 13.587588286439953 ], [ -89.310007254435803, 13.587588286439958 ], [ -89.310007254435803, 13.574113618815087 ], [ -89.29653258681094, 13.574113618815089 ], [ -89.29653258681094, 13.560638951190221 ], [ -89.283057919186078, 13.560638951190219 ], [ -89.283057919186078, 13.547164283565355 ], [ -89.269583251561215, 13.547164283565355 ], [ -89.269583251561215, 13.533689615940492 ], [ -89.242633916311476, 13.533689615940492 ], [ -89.242633916311476, 13.61453762168968 ], [ -89.256108583936339, 13.614537621689683 ], [ -89.256108583936339, 13.628012289314549 ], [ -89.229159248686628, 13.628012289314546 ], [ -89.229159248686628, 13.61453762168968 ], [ -89.215684581061751, 13.614537621689685 ], [ -89.215684581061751, 13.574113618815083 ], [ -89.202209913436889, 13.574113618815089 ], [ -89.202209913436889, 13.601062954064819 ], [ -89.188735245812012, 13.601062954064815 ], [ -89.188735245812012, 13.628012289314546 ], [ -89.161785910562287, 13.628012289314549 ], [ -89.161785910562287, 13.654961624564283 ], [ -89.148311242937424, 13.654961624564283 ], [ -89.148311242937424, 13.641486956939412 ], [ -89.134836575312562, 13.641486956939417 ], [ -89.134836575312562, 13.681910959814013 ], [ -89.121361907687685, 13.68191095981401 ], [ -89.121361907687685, 13.695385627438874 ], [ -89.107887240062837, 13.695385627438874 ], [ -89.107887240062837, 13.66843629218914 ], [ -89.09441257243796, 13.66843629218914 ], [ -89.09441257243796, 13.641486956939415 ], [ -89.080937904813098, 13.641486956939415 ], [ -89.080937904813098, 13.628012289314547 ], [ -89.067463237188235, 13.628012289314549 ], [ -89.067463237188235, 13.614537621689681 ], [ -89.053988569563359, 13.614537621689683 ], [ -89.053988569563359, 13.628012289314546 ], [ -89.027039234313634, 13.628012289314549 ], [ -89.027039234313634, 13.641486956939413 ], [ -89.000089899063909, 13.641486956939415 ], [ -89.000089899063909, 13.654961624564276 ], [ -88.986615231439046, 13.65496162456428 ], [ -88.986615231439046, 13.668436292189142 ], [ -89.000089899063909, 13.668436292189137 ], [ -89.000089899063909, 13.681910959814006 ], [ -88.986615231439046, 13.68191095981401 ], [ -88.986615231439046, 13.708860295063738 ], [ -89.067463237188235, 13.70886029506374 ], [ -89.067463237188235, 13.722334962688604 ], [ -89.09441257243796, 13.722334962688606 ], [ -89.09441257243796, 13.708860295063744 ], [ -89.107887240062837, 13.708860295063735 ], [ -89.107887240062837, 13.722334962688603 ], [ -89.121361907687685, 13.722334962688606 ], [ -89.121361907687685, 13.735809630313472 ], [ -89.09441257243796, 13.735809630313467 ], [ -89.09441257243796, 13.749284297938337 ], [ -89.107887240062837, 13.749284297938337 ], [ -89.107887240062837, 13.762758965563192 ], [ -89.134836575312562, 13.762758965563199 ], [ -89.134836575312562, 13.77623363318807 ], [ -89.148311242937424, 13.77623363318807 ], [ -89.148311242937424, 13.749284297938337 ], [ -89.175260578187149, 13.749284297938337 ], [ -89.175260578187149, 13.735809630313472 ], [ -89.188735245812012, 13.735809630313467 ], [ -89.188735245812012, 13.695385627438874 ], [ -89.202209913436889, 13.695385627438874 ], [ -89.202209913436889, 13.654961624564276 ], [ -89.215684581061751, 13.654961624564283 ], [ -89.215684581061751, 13.668436292189137 ], [ -89.229159248686628, 13.66843629218914 ], [ -89.229159248686628, 13.681910959814006 ], [ -89.256108583936339, 13.68191095981401 ], [ -89.256108583936339, 13.70886029506374 ], [ -89.242633916311476, 13.708860295063737 ], [ -89.242633916311476, 13.762758965563203 ], [ -89.256108583936339, 13.762758965563199 ], [ -89.256108583936339, 13.789708300812931 ], [ -89.283057919186078, 13.789708300812933 ], [ -89.283057919186078, 13.803182968437797 ], [ -89.269583251561215, 13.803182968437794 ], [ -89.269583251561215, 13.843606971312386 ], [ -89.283057919186078, 13.843606971312386 ], [ -89.283057919186078, 13.85708163893726 ], [ -89.323481922060665, 13.857081638937263 ], [ -89.323481922060665, 13.830132303687522 ], [ -89.310007254435803, 13.830132303687522 ], [ -89.310007254435803, 13.816657636062667 ], [ -89.336956589685542, 13.816657636062663 ], [ -89.336956589685542, 13.789708300812935 ], [ -89.363905924935267, 13.789708300812928 ], [ -89.363905924935267, 13.803182968437794 ], [ -89.377380592560129, 13.803182968437797 ], [ -89.377380592560129, 13.830132303687524 ], [ -89.390855260184992, 13.830132303687526 ], [ -89.390855260184992, 13.803182968437797 ], [ -89.404329927809869, 13.803182968437797 ], [ -89.404329927809869, 13.830132303687524 ], [ -89.417804595434731, 13.830132303687522 ], [ -89.417804595434731, 13.85708163893726 ], [ -89.431279263059594, 13.857081638937258 ], [ -89.431279263059594, 13.84360697131239 ], [ -89.444753930684456, 13.843606971312388 ], [ -89.444753930684456, 13.870556306562124 ], [ -89.431279263059594, 13.870556306562129 ], [ -89.431279263059594, 13.884030974186986 ], [ -89.390855260184992, 13.884030974186988 ], [ -89.390855260184992, 13.897505641811854 ], [ -89.363905924935267, 13.897505641811854 ], [ -89.363905924935267, 13.910980309436717 ] ], [ [ -89.431279263059594, 14.382593676307003 ], [ -89.431279263059594, 14.369119008682141 ], [ -89.417804595434731, 14.369119008682141 ], [ -89.417804595434731, 14.382593676306998 ], [ -89.431279263059594, 14.382593676307003 ] ], [ [ -89.283057919186078, 14.274796335308078 ], [ -89.256108583936339, 14.274796335308078 ], [ -89.256108583936339, 14.288271002932946 ], [ -89.283057919186078, 14.288271002932946 ], [ -89.283057919186078, 14.274796335308078 ] ], [ [ -89.161785910562287, 14.301745670557816 ], [ -89.175260578187149, 14.301745670557811 ], [ -89.175260578187149, 14.288271002932946 ], [ -89.161785910562287, 14.288271002932948 ], [ -89.161785910562287, 14.301745670557816 ] ], [ [ -89.013564566688771, 14.059201653310234 ], [ -89.013564566688771, 14.072676320935104 ], [ -89.067463237188235, 14.072676320935102 ], [ -89.067463237188235, 14.086150988559968 ], [ -89.09441257243796, 14.086150988559965 ], [ -89.09441257243796, 14.072676320935102 ], [ -89.107887240062837, 14.072676320935102 ], [ -89.107887240062837, 14.099625656184831 ], [ -89.121361907687685, 14.099625656184834 ], [ -89.121361907687685, 14.086150988559972 ], [ -89.134836575312562, 14.086150988559965 ], [ -89.134836575312562, 14.0726763209351 ], [ -89.148311242937424, 14.072676320935102 ], [ -89.148311242937424, 14.059201653310234 ], [ -89.121361907687685, 14.059201653310234 ], [ -89.121361907687685, 14.032252318060506 ], [ -89.080937904813098, 14.032252318060504 ], [ -89.080937904813098, 14.018777650435641 ], [ -89.067463237188235, 14.018777650435641 ], [ -89.067463237188235, 14.032252318060504 ], [ -89.053988569563359, 14.032252318060506 ], [ -89.053988569563359, 14.005302982810772 ], [ -89.040513901938496, 14.005302982810772 ], [ -89.040513901938496, 13.97835364756105 ], [ -89.027039234313634, 13.978353647561041 ], [ -89.027039234313634, 13.951404312311315 ], [ -89.013564566688771, 13.951404312311309 ], [ -89.013564566688771, 13.93792964468645 ], [ -88.986615231439046, 13.937929644686445 ], [ -88.986615231439046, 13.924454977061588 ], [ -89.000089899063909, 13.924454977061584 ], [ -89.000089899063909, 13.910980309436725 ], [ -88.973140563814169, 13.91098030943672 ], [ -88.973140563814169, 13.937929644686445 ], [ -88.946191228564444, 13.93792964468645 ], [ -88.946191228564444, 13.924454977061584 ], [ -88.932716560939582, 13.924454977061579 ], [ -88.932716560939582, 13.937929644686452 ], [ -88.91924189331472, 13.937929644686445 ], [ -88.91924189331472, 13.924454977061588 ], [ -88.905767225689843, 13.924454977061581 ], [ -88.905767225689843, 13.937929644686452 ], [ -88.89229255806498, 13.937929644686452 ], [ -88.89229255806498, 13.964878979936181 ], [ -88.932716560939582, 13.964878979936181 ], [ -88.932716560939582, 13.951404312311315 ], [ -88.959665896189307, 13.951404312311311 ], [ -88.959665896189307, 13.964878979936181 ], [ -89.000089899063909, 13.964878979936181 ], [ -89.000089899063909, 14.032252318060511 ], [ -88.986615231439046, 14.032252318060507 ], [ -88.986615231439046, 14.04572698568537 ], [ -88.973140563814169, 14.045726985685365 ], [ -88.973140563814169, 14.059201653310234 ], [ -89.013564566688771, 14.059201653310234 ] ], [ [ -88.784495217066066, 14.018777650435645 ], [ -88.797969884690929, 14.018777650435641 ], [ -88.797969884690929, 14.005302982810775 ], [ -88.784495217066066, 14.005302982810772 ], [ -88.784495217066066, 14.018777650435645 ] ], [ [ -88.851868555190393, 13.964878979936181 ], [ -88.851868555190393, 13.951404312311315 ], [ -88.824919219940654, 13.951404312311309 ], [ -88.824919219940654, 13.964878979936181 ], [ -88.851868555190393, 13.964878979936181 ] ], [ [ -88.865343222815255, 13.951404312311315 ], [ -88.865343222815255, 13.937929644686447 ], [ -88.851868555190393, 13.937929644686454 ], [ -88.851868555190393, 13.951404312311315 ], [ -88.865343222815255, 13.951404312311315 ] ], [ [ -88.878817890440118, 13.937929644686447 ], [ -88.878817890440118, 13.924454977061579 ], [ -88.865343222815255, 13.924454977061584 ], [ -88.865343222815255, 13.937929644686447 ], [ -88.878817890440118, 13.937929644686447 ] ], [ [ -88.865343222815255, 13.91098030943672 ], [ -88.851868555190393, 13.91098030943672 ], [ -88.851868555190393, 13.924454977061584 ], [ -88.865343222815255, 13.924454977061584 ], [ -88.865343222815255, 13.91098030943672 ] ], [ [ -88.541951199818484, 13.857081638937263 ], [ -88.541951199818484, 13.830132303687526 ], [ -88.528476532193622, 13.830132303687526 ], [ -88.528476532193622, 13.85708163893726 ], [ -88.541951199818484, 13.857081638937263 ] ], [ [ -88.353305853070367, 13.614537621689687 ], [ -88.339831185445505, 13.614537621689678 ], [ -88.339831185445505, 13.628012289314549 ], [ -88.353305853070367, 13.628012289314546 ], [ -88.353305853070367, 13.614537621689687 ] ], [ [ -88.28593251494604, 13.749284297938337 ], [ -88.28593251494604, 13.762758965563203 ], [ -88.272457847321178, 13.762758965563203 ], [ -88.272457847321178, 13.776233633188063 ], [ -88.28593251494604, 13.77623363318807 ], [ -88.28593251494604, 13.789708300812933 ], [ -88.299407182570931, 13.789708300812933 ], [ -88.299407182570931, 13.749284297938337 ], [ -88.28593251494604, 13.749284297938337 ] ], [ [ -88.353305853070367, 13.85708163893726 ], [ -88.339831185445505, 13.85708163893726 ], [ -88.339831185445505, 13.84360697131239 ], [ -88.31288185019578, 13.84360697131239 ], [ -88.31288185019578, 13.870556306562124 ], [ -88.353305853070367, 13.870556306562124 ], [ -88.353305853070367, 13.85708163893726 ] ], [ [ -88.205084509196851, 13.93792964468645 ], [ -88.205084509196851, 13.924454977061586 ], [ -88.17813517394714, 13.924454977061584 ], [ -88.17813517394714, 13.937929644686447 ], [ -88.205084509196851, 13.93792964468645 ] ], [ [ -88.17813517394714, 13.91098030943672 ], [ -88.164660506322264, 13.910980309436722 ], [ -88.164660506322264, 13.92445497706159 ], [ -88.17813517394714, 13.924454977061584 ], [ -88.17813517394714, 13.91098030943672 ] ], [ [ -88.151185838697387, 13.789708300812938 ], [ -88.151185838697387, 13.803182968437797 ], [ -88.164660506322264, 13.803182968437799 ], [ -88.164660506322264, 13.789708300812933 ], [ -88.151185838697387, 13.789708300812938 ] ], [ [ -88.23203384444659, 13.789708300812931 ], [ -88.245508512071453, 13.789708300812933 ], [ -88.245508512071453, 13.776233633188069 ], [ -88.23203384444659, 13.776233633188067 ], [ -88.23203384444659, 13.789708300812931 ] ], [ [ -88.05686316532335, 13.749284297938335 ], [ -88.070337832948198, 13.749284297938337 ], [ -88.070337832948198, 13.735809630313467 ], [ -88.08381250057306, 13.735809630313467 ], [ -88.08381250057306, 13.722334962688601 ], [ -88.070337832948198, 13.722334962688604 ], [ -88.070337832948198, 13.695385627438872 ], [ -88.05686316532335, 13.695385627438874 ], [ -88.05686316532335, 13.735809630313467 ], [ -88.043388497698473, 13.735809630313469 ], [ -88.043388497698473, 13.722334962688608 ], [ -88.02991383007361, 13.722334962688604 ], [ -88.02991383007361, 13.762758965563203 ], [ -88.05686316532335, 13.762758965563197 ], [ -88.05686316532335, 13.749284297938335 ] ], [ [ -88.05686316532335, 13.68191095981401 ], [ -88.070337832948198, 13.681910959814012 ], [ -88.070337832948198, 13.654961624564278 ], [ -88.1107618358228, 13.654961624564276 ], [ -88.1107618358228, 13.668436292189142 ], [ -88.124236503447662, 13.668436292189138 ], [ -88.124236503447662, 13.654961624564278 ], [ -88.137711171072525, 13.65496162456428 ], [ -88.137711171072525, 13.668436292189142 ], [ -88.164660506322264, 13.668436292189146 ], [ -88.164660506322264, 13.654961624564278 ], [ -88.17813517394714, 13.65496162456428 ], [ -88.17813517394714, 13.681910959814006 ], [ -88.191609841571989, 13.68191095981401 ], [ -88.191609841571989, 13.668436292189142 ], [ -88.205084509196851, 13.66843629218914 ], [ -88.205084509196851, 13.68191095981401 ], [ -88.23203384444659, 13.681910959814012 ], [ -88.23203384444659, 13.66843629218914 ], [ -88.245508512071453, 13.668436292189142 ], [ -88.245508512071453, 13.65496162456428 ], [ -88.258983179696315, 13.654961624564276 ], [ -88.258983179696315, 13.641486956939412 ], [ -88.28593251494604, 13.641486956939413 ], [ -88.28593251494604, 13.628012289314549 ], [ -88.245508512071453, 13.628012289314549 ], [ -88.245508512071453, 13.614537621689683 ], [ -88.272457847321178, 13.614537621689683 ], [ -88.272457847321178, 13.587588286439955 ], [ -88.245508512071453, 13.587588286439953 ], [ -88.245508512071453, 13.601062954064819 ], [ -88.218559176821714, 13.601062954064815 ], [ -88.218559176821714, 13.614537621689685 ], [ -88.205084509196851, 13.614537621689681 ], [ -88.205084509196851, 13.587588286439956 ], [ -88.218559176821714, 13.587588286439953 ], [ -88.218559176821714, 13.574113618815087 ], [ -88.205084509196851, 13.57411361881509 ], [ -88.205084509196851, 13.560638951190215 ], [ -88.191609841571989, 13.560638951190215 ], [ -88.191609841571989, 13.547164283565351 ], [ -88.17813517394714, 13.547164283565357 ], [ -88.17813517394714, 13.574113618815087 ], [ -88.191609841571989, 13.574113618815085 ], [ -88.191609841571989, 13.587588286439949 ], [ -88.164660506322264, 13.587588286439953 ], [ -88.164660506322264, 13.601062954064819 ], [ -88.151185838697387, 13.601062954064819 ], [ -88.151185838697387, 13.574113618815085 ], [ -88.1107618358228, 13.574113618815089 ], [ -88.1107618358228, 13.587588286439955 ], [ -88.097287168197937, 13.587588286439953 ], [ -88.097287168197937, 13.614537621689681 ], [ -88.08381250057306, 13.61453762168968 ], [ -88.08381250057306, 13.601062954064819 ], [ -88.05686316532335, 13.601062954064815 ], [ -88.05686316532335, 13.614537621689678 ], [ -88.043388497698473, 13.61453762168968 ], [ -88.043388497698473, 13.654961624564283 ], [ -88.002964494823871, 13.65496162456428 ], [ -88.002964494823871, 13.66843629218914 ], [ -87.989489827199009, 13.668436292189137 ], [ -87.989489827199009, 13.70886029506374 ], [ -88.002964494823871, 13.708860295063738 ], [ -88.002964494823871, 13.722334962688606 ], [ -88.016439162448734, 13.722334962688604 ], [ -88.016439162448734, 13.708860295063745 ], [ -88.02991383007361, 13.708860295063744 ], [ -88.02991383007361, 13.695385627438874 ], [ -88.05686316532335, 13.695385627438874 ], [ -88.05686316532335, 13.68191095981401 ] ], [ [ -88.28593251494604, 13.654961624564283 ], [ -88.299407182570931, 13.65496162456428 ], [ -88.299407182570931, 13.641486956939412 ], [ -88.28593251494604, 13.641486956939413 ], [ -88.28593251494604, 13.654961624564283 ] ], [ [ -88.043388497698473, 13.601062954064822 ], [ -88.02991383007361, 13.601062954064817 ], [ -88.02991383007361, 13.614537621689685 ], [ -88.043388497698473, 13.61453762168968 ], [ -88.043388497698473, 13.601062954064822 ] ], [ [ -87.976015159574146, 13.708860295063738 ], [ -87.976015159574146, 13.695385627438879 ], [ -87.949065824324421, 13.695385627438872 ], [ -87.949065824324421, 13.722334962688606 ], [ -87.962540491949284, 13.722334962688603 ], [ -87.962540491949284, 13.73580963031347 ], [ -87.989489827199009, 13.735809630313467 ], [ -87.989489827199009, 13.70886029506374 ], [ -87.976015159574146, 13.708860295063738 ] ], [ [ -87.90864182144982, 13.641486956939408 ], [ -87.90864182144982, 13.628012289314546 ], [ -87.895167153824957, 13.628012289314542 ], [ -87.895167153824957, 13.641486956939415 ], [ -87.90864182144982, 13.641486956939408 ] ], [ [ -87.922116489074682, 13.628012289314549 ], [ -87.922116489074682, 13.614537621689685 ], [ -87.935591156699559, 13.614537621689687 ], [ -87.935591156699559, 13.641486956939412 ], [ -87.949065824324421, 13.641486956939412 ], [ -87.949065824324421, 13.654961624564276 ], [ -87.976015159574146, 13.65496162456428 ], [ -87.976015159574146, 13.628012289314546 ], [ -87.989489827199009, 13.628012289314549 ], [ -87.989489827199009, 13.61453762168968 ], [ -87.976015159574146, 13.61453762168968 ], [ -87.976015159574146, 13.574113618815083 ], [ -87.949065824324421, 13.574113618815083 ], [ -87.949065824324421, 13.587588286439949 ], [ -87.962540491949284, 13.587588286439949 ], [ -87.962540491949284, 13.614537621689683 ], [ -87.949065824324421, 13.61453762168968 ], [ -87.949065824324421, 13.601062954064817 ], [ -87.935591156699559, 13.601062954064817 ], [ -87.935591156699559, 13.587588286439953 ], [ -87.922116489074682, 13.587588286439955 ], [ -87.922116489074682, 13.601062954064819 ], [ -87.90864182144982, 13.601062954064815 ], [ -87.90864182144982, 13.628012289314546 ], [ -87.922116489074682, 13.628012289314549 ] ], [ [ -87.90864182144982, 13.587588286439953 ], [ -87.881692486200095, 13.587588286439953 ], [ -87.881692486200095, 13.601062954064819 ], [ -87.90864182144982, 13.601062954064815 ], [ -87.90864182144982, 13.587588286439953 ] ], [ [ -87.854743150950355, 13.452841610191305 ], [ -87.868217818575218, 13.452841610191303 ], [ -87.868217818575218, 13.439366942566432 ], [ -87.854743150950355, 13.439366942566426 ], [ -87.854743150950355, 13.452841610191305 ] ], [ [ -87.90864182144982, 13.345044269192373 ], [ -87.895167153824957, 13.34504426919238 ], [ -87.895167153824957, 13.358518936817244 ], [ -87.90864182144982, 13.358518936817244 ], [ -87.90864182144982, 13.385468272066969 ], [ -87.935591156699559, 13.385468272066969 ], [ -87.935591156699559, 13.345044269192382 ], [ -87.922116489074682, 13.34504426919238 ], [ -87.922116489074682, 13.304620266317784 ], [ -87.90864182144982, 13.304620266317784 ], [ -87.90864182144982, 13.345044269192373 ] ], [ [ -88.151185838697387, 13.385468272066975 ], [ -88.137711171072525, 13.385468272066975 ], [ -88.137711171072525, 13.398942939691837 ], [ -88.164660506322264, 13.398942939691837 ], [ -88.164660506322264, 13.358518936817244 ], [ -88.151185838697387, 13.358518936817243 ], [ -88.151185838697387, 13.385468272066975 ] ], [ [ -88.205084509196851, 13.439366942566433 ], [ -88.205084509196851, 13.452841610191301 ], [ -88.137711171072525, 13.452841610191301 ], [ -88.137711171072525, 13.47979094544103 ], [ -88.164660506322264, 13.47979094544103 ], [ -88.164660506322264, 13.50674028069076 ], [ -88.218559176821714, 13.506740280690758 ], [ -88.218559176821714, 13.493265613065899 ], [ -88.205084509196851, 13.493265613065901 ], [ -88.205084509196851, 13.466316277816167 ], [ -88.218559176821714, 13.466316277816164 ], [ -88.218559176821714, 13.439366942566432 ], [ -88.205084509196851, 13.439366942566433 ] ], [ [ -88.51500186456876, 13.668436292189146 ], [ -88.528476532193622, 13.668436292189138 ], [ -88.528476532193622, 13.654961624564278 ], [ -88.51500186456876, 13.654961624564278 ], [ -88.51500186456876, 13.668436292189146 ] ], [ [ -88.636273873192536, 13.574113618815083 ], [ -88.649748540817413, 13.57411361881509 ], [ -88.649748540817413, 13.560638951190219 ], [ -88.636273873192536, 13.560638951190226 ], [ -88.636273873192536, 13.574113618815083 ] ], [ [ -89.350431257310419, 13.533689615940492 ], [ -89.350431257310419, 13.547164283565355 ], [ -89.377380592560129, 13.54716428356536 ], [ -89.377380592560129, 13.533689615940492 ], [ -89.350431257310419, 13.533689615940492 ] ], [ [ -89.283057919186078, 13.533689615940492 ], [ -89.283057919186078, 13.506740280690762 ], [ -89.269583251561215, 13.506740280690762 ], [ -89.269583251561215, 13.533689615940492 ], [ -89.283057919186078, 13.533689615940492 ] ], [ [ -89.363905924935267, 13.83013230368752 ], [ -89.363905924935267, 13.843606971312393 ], [ -89.377380592560129, 13.843606971312393 ], [ -89.377380592560129, 13.830132303687524 ], [ -89.363905924935267, 13.83013230368752 ] ], [ [ -89.471703265934181, 14.328695005807539 ], [ -89.471703265934181, 14.342169673432409 ], [ -89.458228598309319, 14.34216967343241 ], [ -89.458228598309319, 14.328695005807539 ], [ -89.404329927809869, 14.328695005807541 ], [ -89.404329927809869, 14.342169673432409 ], [ -89.431279263059594, 14.342169673432409 ], [ -89.431279263059594, 14.355644341057275 ], [ -89.444753930684456, 14.355644341057275 ], [ -89.444753930684456, 14.369119008682141 ], [ -89.471703265934181, 14.369119008682134 ], [ -89.471703265934181, 14.382593676307003 ], [ -89.485177933559058, 14.382593676307003 ], [ -89.485177933559058, 14.328695005807541 ], [ -89.471703265934181, 14.328695005807539 ] ], [ [ -89.485177933559058, 14.315220338182675 ], [ -89.485177933559058, 14.301745670557816 ], [ -89.471703265934181, 14.301745670557812 ], [ -89.471703265934181, 14.315220338182669 ], [ -89.485177933559058, 14.315220338182675 ] ], [ [ -89.431279263059594, 14.315220338182678 ], [ -89.431279263059594, 14.301745670557816 ], [ -89.417804595434731, 14.301745670557812 ], [ -89.417804595434731, 14.315220338182673 ], [ -89.431279263059594, 14.315220338182678 ] ], [ [ -89.471703265934181, 14.274796335308082 ], [ -89.471703265934181, 14.261321667683218 ], [ -89.458228598309319, 14.261321667683211 ], [ -89.458228598309319, 14.274796335308082 ], [ -89.471703265934181, 14.274796335308082 ] ], [ [ -89.29653258681094, 14.234372332433489 ], [ -89.29653258681094, 14.220897664808616 ], [ -89.283057919186078, 14.220897664808621 ], [ -89.283057919186078, 14.234372332433486 ], [ -89.29653258681094, 14.234372332433489 ] ], [ [ -89.242633916311476, 14.207422997183752 ], [ -89.242633916311476, 14.220897664808618 ], [ -89.256108583936339, 14.220897664808621 ], [ -89.256108583936339, 14.234372332433486 ], [ -89.269583251561215, 14.234372332433486 ], [ -89.269583251561215, 14.193948329558882 ], [ -89.256108583936339, 14.19394832955888 ], [ -89.256108583936339, 14.20742299718375 ], [ -89.242633916311476, 14.207422997183752 ] ], [ [ -89.242633916311476, 14.193948329558884 ], [ -89.229159248686628, 14.193948329558889 ], [ -89.229159248686628, 14.207422997183752 ], [ -89.242633916311476, 14.207422997183752 ], [ -89.242633916311476, 14.193948329558884 ] ], [ [ -89.336956589685542, 14.140049659059423 ], [ -89.336956589685542, 14.153524326684298 ], [ -89.310007254435803, 14.153524326684295 ], [ -89.310007254435803, 14.166998994309161 ], [ -89.29653258681094, 14.166998994309154 ], [ -89.29653258681094, 14.180473661934025 ], [ -89.310007254435803, 14.180473661934025 ], [ -89.310007254435803, 14.193948329558886 ], [ -89.323481922060665, 14.193948329558888 ], [ -89.323481922060665, 14.166998994309159 ], [ -89.363905924935267, 14.166998994309159 ], [ -89.363905924935267, 14.140049659059427 ], [ -89.336956589685542, 14.140049659059423 ] ], [ [ -89.09441257243796, 14.166998994309155 ], [ -89.09441257243796, 14.126574991434559 ], [ -89.080937904813098, 14.126574991434561 ], [ -89.080937904813098, 14.166998994309155 ], [ -89.09441257243796, 14.166998994309155 ] ], [ [ -89.053988569563359, 14.153524326684289 ], [ -89.053988569563359, 14.126574991434564 ], [ -89.040513901938496, 14.126574991434564 ], [ -89.040513901938496, 14.153524326684288 ], [ -89.053988569563359, 14.153524326684289 ] ], [ [ -89.49865260118392, 14.140049659059423 ], [ -89.512127268808783, 14.140049659059425 ], [ -89.512127268808783, 14.126574991434566 ], [ -89.552551271683384, 14.126574991434561 ], [ -89.552551271683384, 14.113100323809693 ], [ -89.512127268808783, 14.1131003238097 ], [ -89.512127268808783, 14.099625656184834 ], [ -89.485177933559058, 14.099625656184831 ], [ -89.485177933559058, 14.126574991434564 ], [ -89.49865260118392, 14.126574991434564 ], [ -89.49865260118392, 14.140049659059423 ] ], [ [ -89.566025939308247, 14.113100323809698 ], [ -89.566025939308247, 14.086150988559972 ], [ -89.552551271683384, 14.086150988559965 ], [ -89.552551271683384, 14.113100323809693 ], [ -89.566025939308247, 14.113100323809698 ] ], [ [ -89.283057919186078, 14.126574991434564 ], [ -89.283057919186078, 14.099625656184834 ], [ -89.256108583936339, 14.099625656184836 ], [ -89.256108583936339, 14.126574991434564 ], [ -89.283057919186078, 14.126574991434564 ] ], [ [ -89.229159248686628, 14.113100323809695 ], [ -89.229159248686628, 14.099625656184831 ], [ -89.202209913436889, 14.099625656184831 ], [ -89.202209913436889, 14.113100323809698 ], [ -89.229159248686628, 14.113100323809695 ] ], [ [ -89.053988569563359, 14.1131003238097 ], [ -89.053988569563359, 14.099625656184832 ], [ -89.040513901938496, 14.099625656184825 ], [ -89.040513901938496, 14.113100323809698 ], [ -89.053988569563359, 14.1131003238097 ] ], [ [ -89.027039234313634, 14.113100323809698 ], [ -89.027039234313634, 14.099625656184834 ], [ -89.000089899063909, 14.099625656184834 ], [ -89.000089899063909, 14.113100323809695 ], [ -89.027039234313634, 14.113100323809698 ] ], [ [ -89.350431257310419, 14.086150988559963 ], [ -89.350431257310419, 14.072676320935102 ], [ -89.336956589685542, 14.072676320935102 ], [ -89.336956589685542, 14.086150988559965 ], [ -89.350431257310419, 14.086150988559963 ] ], [ [ -89.29653258681094, 14.086150988559966 ], [ -89.29653258681094, 14.072676320935106 ], [ -89.283057919186078, 14.072676320935102 ], [ -89.283057919186078, 14.086150988559968 ], [ -89.29653258681094, 14.086150988559966 ] ], [ [ -89.175260578187149, 14.086150988559963 ], [ -89.175260578187149, 14.072676320935102 ], [ -89.161785910562287, 14.072676320935102 ], [ -89.161785910562287, 14.086150988559966 ], [ -89.175260578187149, 14.086150988559963 ] ], [ [ -89.539076604058522, 14.072676320935104 ], [ -89.539076604058522, 14.045726985685373 ], [ -89.525601936433645, 14.045726985685366 ], [ -89.525601936433645, 14.072676320935102 ], [ -89.539076604058522, 14.072676320935104 ] ], [ [ -89.431279263059594, 14.04572698568537 ], [ -89.431279263059594, 14.059201653310234 ], [ -89.458228598309319, 14.059201653310234 ], [ -89.458228598309319, 14.072676320935106 ], [ -89.485177933559058, 14.072676320935106 ], [ -89.485177933559058, 14.045726985685366 ], [ -89.458228598309319, 14.045726985685368 ], [ -89.458228598309319, 14.032252318060507 ], [ -89.444753930684456, 14.032252318060502 ], [ -89.444753930684456, 14.045726985685368 ], [ -89.431279263059594, 14.04572698568537 ] ], [ [ -89.256108583936339, 14.059201653310234 ], [ -89.242633916311476, 14.059201653310234 ], [ -89.242633916311476, 14.0726763209351 ], [ -89.256108583936339, 14.072676320935102 ], [ -89.256108583936339, 14.059201653310234 ] ], [ [ -89.269583251561215, 14.059201653310234 ], [ -89.269583251561215, 14.045726985685366 ], [ -89.256108583936339, 14.045726985685365 ], [ -89.256108583936339, 14.059201653310234 ], [ -89.269583251561215, 14.059201653310234 ] ], [ [ -88.932716560939582, 14.072676320935104 ], [ -88.932716560939582, 14.059201653310234 ], [ -88.91924189331472, 14.059201653310234 ], [ -88.91924189331472, 14.072676320935106 ], [ -88.932716560939582, 14.072676320935104 ] ], [ [ -89.161785910562287, 14.032252318060507 ], [ -89.161785910562287, 14.059201653310234 ], [ -89.188735245812012, 14.059201653310232 ], [ -89.188735245812012, 14.045726985685372 ], [ -89.175260578187149, 14.045726985685365 ], [ -89.175260578187149, 14.032252318060502 ], [ -89.161785910562287, 14.032252318060507 ] ], [ [ -88.838393887565516, 13.991828315185906 ], [ -88.838393887565516, 14.005302982810774 ], [ -88.865343222815255, 14.005302982810774 ], [ -88.865343222815255, 13.978353647561047 ], [ -88.851868555190393, 13.978353647561047 ], [ -88.851868555190393, 13.991828315185909 ], [ -88.838393887565516, 13.991828315185906 ] ], [ [ -89.350431257310419, 13.97835364756104 ], [ -89.350431257310419, 13.991828315185904 ], [ -89.363905924935267, 13.991828315185911 ], [ -89.363905924935267, 13.978353647561041 ], [ -89.350431257310419, 13.97835364756104 ] ], [ [ -89.350431257310419, 13.951404312311309 ], [ -89.310007254435803, 13.951404312311315 ], [ -89.310007254435803, 13.93792964468645 ], [ -89.29653258681094, 13.937929644686445 ], [ -89.29653258681094, 13.924454977061584 ], [ -89.283057919186078, 13.924454977061583 ], [ -89.283057919186078, 13.91098030943672 ], [ -89.269583251561215, 13.91098030943672 ], [ -89.269583251561215, 13.924454977061583 ], [ -89.256108583936339, 13.924454977061584 ], [ -89.256108583936339, 13.93792964468645 ], [ -89.269583251561215, 13.937929644686443 ], [ -89.269583251561215, 13.951404312311308 ], [ -89.256108583936339, 13.951404312311317 ], [ -89.256108583936339, 13.964878979936181 ], [ -89.269583251561215, 13.964878979936181 ], [ -89.269583251561215, 13.978353647561045 ], [ -89.29653258681094, 13.978353647561047 ], [ -89.29653258681094, 13.964878979936181 ], [ -89.310007254435803, 13.964878979936181 ], [ -89.310007254435803, 13.978353647561045 ], [ -89.350431257310419, 13.97835364756104 ], [ -89.350431257310419, 13.951404312311309 ] ], [ [ -89.29653258681094, 13.91098030943672 ], [ -89.29653258681094, 13.884030974186986 ], [ -89.283057919186078, 13.884030974186985 ], [ -89.283057919186078, 13.91098030943672 ], [ -89.29653258681094, 13.91098030943672 ] ], [ [ -89.283057919186078, 13.870556306562124 ], [ -89.269583251561215, 13.870556306562118 ], [ -89.269583251561215, 13.857081638937258 ], [ -89.256108583936339, 13.85708163893726 ], [ -89.256108583936339, 13.84360697131239 ], [ -89.242633916311476, 13.84360697131239 ], [ -89.242633916311476, 13.857081638937258 ], [ -89.229159248686628, 13.857081638937261 ], [ -89.229159248686628, 13.884030974186985 ], [ -89.256108583936339, 13.88403097418699 ], [ -89.256108583936339, 13.897505641811851 ], [ -89.269583251561215, 13.897505641811854 ], [ -89.269583251561215, 13.88403097418699 ], [ -89.283057919186078, 13.884030974186985 ], [ -89.283057919186078, 13.870556306562124 ] ], [ [ -89.134836575312562, 13.964878979936181 ], [ -89.121361907687685, 13.964878979936183 ], [ -89.121361907687685, 13.978353647561049 ], [ -89.134836575312562, 13.978353647561043 ], [ -89.134836575312562, 13.964878979936181 ] ], [ [ -89.161785910562287, 13.964878979936177 ], [ -89.161785910562287, 13.951404312311309 ], [ -89.148311242937424, 13.951404312311315 ], [ -89.148311242937424, 13.93792964468645 ], [ -89.134836575312562, 13.93792964468645 ], [ -89.134836575312562, 13.964878979936181 ], [ -89.161785910562287, 13.964878979936177 ] ], [ [ -88.218559176821714, 13.978353647561041 ], [ -88.218559176821714, 13.964878979936181 ], [ -88.205084509196851, 13.964878979936184 ], [ -88.205084509196851, 13.978353647561047 ], [ -88.218559176821714, 13.978353647561041 ] ], [ [ -89.229159248686628, 13.937929644686449 ], [ -89.229159248686628, 13.91098030943672 ], [ -89.175260578187149, 13.91098030943672 ], [ -89.175260578187149, 13.897505641811854 ], [ -89.161785910562287, 13.897505641811854 ], [ -89.161785910562287, 13.91098030943672 ], [ -89.148311242937424, 13.910980309436724 ], [ -89.148311242937424, 13.924454977061581 ], [ -89.161785910562287, 13.924454977061581 ], [ -89.161785910562287, 13.937929644686449 ], [ -89.188735245812012, 13.937929644686449 ], [ -89.188735245812012, 13.951404312311317 ], [ -89.215684581061751, 13.951404312311313 ], [ -89.215684581061751, 13.937929644686447 ], [ -89.229159248686628, 13.937929644686449 ] ], [ [ -89.121361907687685, 13.924454977061583 ], [ -89.121361907687685, 13.91098030943672 ], [ -89.107887240062837, 13.91098030943672 ], [ -89.107887240062837, 13.924454977061581 ], [ -89.121361907687685, 13.924454977061583 ] ], [ [ -88.730596546566602, 13.924454977061581 ], [ -88.730596546566602, 13.91098030943672 ], [ -88.71712187894174, 13.91098030943672 ], [ -88.71712187894174, 13.924454977061579 ], [ -88.730596546566602, 13.924454977061581 ] ], [ [ -89.134836575312562, 13.897505641811856 ], [ -89.134836575312562, 13.884030974186986 ], [ -89.121361907687685, 13.884030974186986 ], [ -89.121361907687685, 13.897505641811854 ], [ -89.134836575312562, 13.897505641811856 ] ], [ [ -89.067463237188235, 13.884030974186986 ], [ -89.067463237188235, 13.897505641811859 ], [ -89.09441257243796, 13.897505641811854 ], [ -89.09441257243796, 13.884030974186986 ], [ -89.067463237188235, 13.884030974186986 ] ], [ [ -89.067463237188235, 13.857081638937258 ], [ -89.040513901938496, 13.857081638937258 ], [ -89.040513901938496, 13.843606971312386 ], [ -89.000089899063909, 13.84360697131239 ], [ -89.000089899063909, 13.85708163893726 ], [ -89.013564566688771, 13.85708163893726 ], [ -89.013564566688771, 13.870556306562118 ], [ -89.040513901938496, 13.870556306562118 ], [ -89.040513901938496, 13.884030974186985 ], [ -89.067463237188235, 13.884030974186986 ], [ -89.067463237188235, 13.857081638937258 ] ], [ [ -88.973140563814169, 13.85708163893726 ], [ -88.973140563814169, 13.884030974186985 ], [ -88.986615231439046, 13.884030974186985 ], [ -88.986615231439046, 13.897505641811859 ], [ -89.000089899063909, 13.897505641811854 ], [ -89.000089899063909, 13.85708163893726 ], [ -88.973140563814169, 13.85708163893726 ] ], [ [ -89.107887240062837, 13.884030974186986 ], [ -89.107887240062837, 13.870556306562122 ], [ -89.09441257243796, 13.87055630656212 ], [ -89.09441257243796, 13.884030974186986 ], [ -89.107887240062837, 13.884030974186986 ] ], [ [ -89.09441257243796, 13.85708163893726 ], [ -89.080937904813098, 13.857081638937261 ], [ -89.080937904813098, 13.870556306562124 ], [ -89.09441257243796, 13.87055630656212 ], [ -89.09441257243796, 13.85708163893726 ] ], [ [ -88.905767225689843, 13.897505641811854 ], [ -88.905767225689843, 13.884030974186985 ], [ -88.89229255806498, 13.884030974186988 ], [ -88.89229255806498, 13.897505641811852 ], [ -88.905767225689843, 13.897505641811854 ] ], [ [ -88.218559176821714, 13.870556306562124 ], [ -88.218559176821714, 13.857081638937263 ], [ -88.205084509196851, 13.85708163893726 ], [ -88.205084509196851, 13.870556306562122 ], [ -88.17813517394714, 13.870556306562113 ], [ -88.17813517394714, 13.884030974186985 ], [ -88.218559176821714, 13.884030974186993 ], [ -88.218559176821714, 13.897505641811851 ], [ -88.23203384444659, 13.897505641811851 ], [ -88.23203384444659, 13.88403097418699 ], [ -88.245508512071453, 13.88403097418699 ], [ -88.245508512071453, 13.87055630656212 ], [ -88.218559176821714, 13.870556306562124 ] ], [ [ -88.744071214191464, 13.88403097418699 ], [ -88.744071214191464, 13.870556306562124 ], [ -88.730596546566602, 13.870556306562127 ], [ -88.730596546566602, 13.884030974186986 ], [ -88.744071214191464, 13.88403097418699 ] ], [ [ -89.175260578187149, 13.870556306562124 ], [ -89.175260578187149, 13.857081638937258 ], [ -89.161785910562287, 13.85708163893726 ], [ -89.161785910562287, 13.870556306562122 ], [ -89.175260578187149, 13.870556306562124 ] ], [ [ -88.28593251494604, 13.870556306562127 ], [ -88.28593251494604, 13.857081638937261 ], [ -88.272457847321178, 13.857081638937258 ], [ -88.272457847321178, 13.870556306562124 ], [ -88.28593251494604, 13.870556306562127 ] ], [ [ -88.905767225689843, 13.857081638937258 ], [ -88.905767225689843, 13.843606971312393 ], [ -88.89229255806498, 13.843606971312388 ], [ -88.89229255806498, 13.857081638937258 ], [ -88.905767225689843, 13.857081638937258 ] ], [ [ -88.771020549441189, 13.85708163893726 ], [ -88.771020549441189, 13.84360697131239 ], [ -88.757545881816327, 13.84360697131239 ], [ -88.757545881816327, 13.857081638937265 ], [ -88.771020549441189, 13.85708163893726 ] ], [ [ -88.730596546566602, 13.830132303687522 ], [ -88.71712187894174, 13.83013230368752 ], [ -88.71712187894174, 13.85708163893726 ], [ -88.730596546566602, 13.857081638937258 ], [ -88.730596546566602, 13.830132303687522 ] ], [ [ -88.744071214191464, 13.830132303687524 ], [ -88.744071214191464, 13.776233633188065 ], [ -88.71712187894174, 13.776233633188065 ], [ -88.71712187894174, 13.762758965563197 ], [ -88.636273873192536, 13.762758965563199 ], [ -88.636273873192536, 13.776233633188065 ], [ -88.649748540817413, 13.776233633188065 ], [ -88.649748540817413, 13.789708300812929 ], [ -88.622799205567674, 13.789708300812931 ], [ -88.622799205567674, 13.776233633188067 ], [ -88.595849870317949, 13.776233633188061 ], [ -88.595849870317949, 13.803182968437797 ], [ -88.582375202693086, 13.803182968437797 ], [ -88.582375202693086, 13.830132303687522 ], [ -88.595849870317949, 13.830132303687522 ], [ -88.595849870317949, 13.843606971312393 ], [ -88.649748540817413, 13.843606971312388 ], [ -88.649748540817413, 13.803182968437802 ], [ -88.663223208442275, 13.803182968437797 ], [ -88.663223208442275, 13.816657636062663 ], [ -88.690172543692, 13.816657636062663 ], [ -88.690172543692, 13.83013230368752 ], [ -88.703647211316863, 13.830132303687529 ], [ -88.703647211316863, 13.803182968437797 ], [ -88.71712187894174, 13.803182968437802 ], [ -88.71712187894174, 13.81665763606266 ], [ -88.730596546566602, 13.816657636062663 ], [ -88.730596546566602, 13.830132303687522 ], [ -88.744071214191464, 13.830132303687524 ] ], [ [ -89.175260578187149, 13.843606971312392 ], [ -89.175260578187149, 13.830132303687524 ], [ -89.161785910562287, 13.830132303687522 ], [ -89.161785910562287, 13.843606971312393 ], [ -89.175260578187149, 13.843606971312392 ] ], [ [ -88.23203384444659, 13.843606971312392 ], [ -88.23203384444659, 13.830132303687527 ], [ -88.218559176821714, 13.830132303687524 ], [ -88.218559176821714, 13.843606971312393 ], [ -88.23203384444659, 13.843606971312392 ] ], [ [ -89.215684581061751, 13.81665763606266 ], [ -89.215684581061751, 13.83013230368752 ], [ -89.229159248686628, 13.830132303687524 ], [ -89.229159248686628, 13.803182968437797 ], [ -89.242633916311476, 13.803182968437795 ], [ -89.242633916311476, 13.789708300812933 ], [ -89.215684581061751, 13.789708300812929 ], [ -89.215684581061751, 13.776233633188067 ], [ -89.202209913436889, 13.776233633188067 ], [ -89.202209913436889, 13.816657636062663 ], [ -89.215684581061751, 13.81665763606266 ] ], [ [ -89.242633916311476, 13.81665763606266 ], [ -89.256108583936339, 13.81665763606266 ], [ -89.256108583936339, 13.803182968437799 ], [ -89.242633916311476, 13.803182968437795 ], [ -89.242633916311476, 13.81665763606266 ] ], [ [ -88.811444552315791, 13.830132303687526 ], [ -88.811444552315791, 13.816657636062663 ], [ -88.797969884690929, 13.81665763606266 ], [ -88.797969884690929, 13.830132303687526 ], [ -88.811444552315791, 13.830132303687526 ] ], [ [ -88.838393887565516, 13.816657636062663 ], [ -88.838393887565516, 13.803182968437797 ], [ -88.824919219940654, 13.803182968437797 ], [ -88.824919219940654, 13.816657636062663 ], [ -88.838393887565516, 13.816657636062663 ] ], [ [ -88.447628526444433, 13.816657636062663 ], [ -88.447628526444433, 13.803182968437797 ], [ -88.43415385881957, 13.803182968437797 ], [ -88.43415385881957, 13.816657636062663 ], [ -88.447628526444433, 13.816657636062663 ] ], [ [ -87.90864182144982, 13.816657636062665 ], [ -87.90864182144982, 13.803182968437795 ], [ -87.895167153824957, 13.803182968437797 ], [ -87.895167153824957, 13.816657636062663 ], [ -87.90864182144982, 13.816657636062665 ] ], [ [ -87.773895145201166, 13.816657636062661 ], [ -87.773895145201166, 13.803182968437797 ], [ -87.760420477576304, 13.803182968437797 ], [ -87.760420477576304, 13.816657636062667 ], [ -87.773895145201166, 13.816657636062661 ] ], [ [ -88.865343222815255, 13.789708300812933 ], [ -88.865343222815255, 13.762758965563197 ], [ -88.851868555190393, 13.762758965563201 ], [ -88.851868555190393, 13.776233633188065 ], [ -88.838393887565516, 13.776233633188061 ], [ -88.838393887565516, 13.789708300812933 ], [ -88.865343222815255, 13.789708300812933 ] ], [ [ -88.851868555190393, 13.749284297938337 ], [ -88.838393887565516, 13.749284297938328 ], [ -88.838393887565516, 13.762758965563197 ], [ -88.851868555190393, 13.762758965563201 ], [ -88.851868555190393, 13.749284297938337 ] ], [ [ -89.175260578187149, 13.776233633188063 ], [ -89.175260578187149, 13.762758965563201 ], [ -89.161785910562287, 13.762758965563197 ], [ -89.161785910562287, 13.776233633188067 ], [ -89.175260578187149, 13.776233633188063 ] ], [ [ -88.555425867443347, 13.776233633188067 ], [ -88.555425867443347, 13.762758965563199 ], [ -88.568900535068209, 13.762758965563199 ], [ -88.568900535068209, 13.749284297938337 ], [ -88.582375202693086, 13.749284297938337 ], [ -88.582375202693086, 13.762758965563199 ], [ -88.609324537942811, 13.762758965563195 ], [ -88.609324537942811, 13.749284297938335 ], [ -88.636273873192536, 13.749284297938337 ], [ -88.636273873192536, 13.722334962688606 ], [ -88.676697876067138, 13.722334962688606 ], [ -88.676697876067138, 13.708860295063738 ], [ -88.649748540817413, 13.708860295063744 ], [ -88.649748540817413, 13.695385627438876 ], [ -88.663223208442275, 13.695385627438874 ], [ -88.663223208442275, 13.68191095981401 ], [ -88.690172543692, 13.68191095981401 ], [ -88.690172543692, 13.668436292189146 ], [ -88.676697876067138, 13.668436292189137 ], [ -88.676697876067138, 13.65496162456428 ], [ -88.663223208442275, 13.65496162456428 ], [ -88.663223208442275, 13.668436292189142 ], [ -88.622799205567674, 13.66843629218914 ], [ -88.622799205567674, 13.70886029506374 ], [ -88.609324537942811, 13.708860295063735 ], [ -88.609324537942811, 13.695385627438874 ], [ -88.582375202693086, 13.695385627438874 ], [ -88.582375202693086, 13.681910959814008 ], [ -88.528476532193622, 13.681910959814012 ], [ -88.528476532193622, 13.695385627438876 ], [ -88.568900535068209, 13.695385627438876 ], [ -88.568900535068209, 13.722334962688606 ], [ -88.582375202693086, 13.72233496268861 ], [ -88.582375202693086, 13.735809630313467 ], [ -88.541951199818484, 13.735809630313474 ], [ -88.541951199818484, 13.749284297938337 ], [ -88.528476532193622, 13.749284297938337 ], [ -88.528476532193622, 13.708860295063744 ], [ -88.51500186456876, 13.70886029506374 ], [ -88.51500186456876, 13.695385627438879 ], [ -88.501527196943883, 13.695385627438874 ], [ -88.501527196943883, 13.66843629218914 ], [ -88.461103194069295, 13.66843629218914 ], [ -88.461103194069295, 13.68191095981401 ], [ -88.43415385881957, 13.68191095981401 ], [ -88.43415385881957, 13.66843629218914 ], [ -88.447628526444433, 13.66843629218914 ], [ -88.447628526444433, 13.654961624564276 ], [ -88.420679191194694, 13.65496162456428 ], [ -88.420679191194694, 13.695385627438874 ], [ -88.447628526444433, 13.695385627438876 ], [ -88.447628526444433, 13.70886029506374 ], [ -88.48805252931902, 13.70886029506374 ], [ -88.48805252931902, 13.735809630313467 ], [ -88.51500186456876, 13.735809630313467 ], [ -88.51500186456876, 13.749284297938337 ], [ -88.501527196943883, 13.749284297938337 ], [ -88.501527196943883, 13.762758965563197 ], [ -88.51500186456876, 13.762758965563203 ], [ -88.51500186456876, 13.776233633188065 ], [ -88.528476532193622, 13.776233633188063 ], [ -88.528476532193622, 13.762758965563203 ], [ -88.541951199818484, 13.762758965563199 ], [ -88.541951199818484, 13.776233633188069 ], [ -88.555425867443347, 13.776233633188067 ] ], [ [ -88.595849870317949, 13.681910959814006 ], [ -88.595849870317949, 13.66843629218914 ], [ -88.582375202693086, 13.668436292189142 ], [ -88.582375202693086, 13.681910959814008 ], [ -88.595849870317949, 13.681910959814006 ] ], [ [ -88.420679191194694, 13.628012289314549 ], [ -88.407204523569831, 13.628012289314549 ], [ -88.407204523569831, 13.641486956939415 ], [ -88.393729855944969, 13.641486956939412 ], [ -88.393729855944969, 13.654961624564281 ], [ -88.420679191194694, 13.65496162456428 ], [ -88.420679191194694, 13.628012289314549 ] ], [ [ -88.002964494823871, 13.776233633188063 ], [ -88.002964494823871, 13.762758965563201 ], [ -87.989489827199009, 13.762758965563199 ], [ -87.989489827199009, 13.776233633188067 ], [ -88.002964494823871, 13.776233633188063 ] ], [ [ -89.229159248686628, 13.749284297938338 ], [ -89.229159248686628, 13.695385627438874 ], [ -89.215684581061751, 13.695385627438874 ], [ -89.215684581061751, 13.70886029506374 ], [ -89.202209913436889, 13.708860295063737 ], [ -89.202209913436889, 13.722334962688601 ], [ -89.215684581061751, 13.722334962688603 ], [ -89.215684581061751, 13.749284297938337 ], [ -89.229159248686628, 13.749284297938338 ] ], [ [ -88.878817890440118, 13.749284297938337 ], [ -88.878817890440118, 13.735809630313467 ], [ -88.865343222815255, 13.735809630313469 ], [ -88.865343222815255, 13.749284297938329 ], [ -88.878817890440118, 13.749284297938337 ] ], [ [ -88.474577861694158, 13.735809630313467 ], [ -88.474577861694158, 13.722334962688603 ], [ -88.461103194069295, 13.722334962688603 ], [ -88.461103194069295, 13.735809630313469 ], [ -88.474577861694158, 13.735809630313467 ] ], [ [ -88.420679191194694, 13.73580963031347 ], [ -88.420679191194694, 13.722334962688601 ], [ -88.407204523569831, 13.722334962688601 ], [ -88.407204523569831, 13.735809630313467 ], [ -88.420679191194694, 13.73580963031347 ] ], [ [ -88.784495217066066, 13.641486956939415 ], [ -88.784495217066066, 13.695385627438876 ], [ -88.797969884690929, 13.695385627438876 ], [ -88.797969884690929, 13.708860295063745 ], [ -88.811444552315791, 13.70886029506374 ], [ -88.811444552315791, 13.722334962688604 ], [ -88.824919219940654, 13.722334962688604 ], [ -88.824919219940654, 13.681910959814006 ], [ -88.838393887565516, 13.681910959814008 ], [ -88.838393887565516, 13.668436292189138 ], [ -88.824919219940654, 13.66843629218914 ], [ -88.824919219940654, 13.61453762168969 ], [ -88.811444552315791, 13.614537621689678 ], [ -88.811444552315791, 13.641486956939413 ], [ -88.784495217066066, 13.641486956939415 ] ], [ [ -88.811444552315791, 13.601062954064817 ], [ -88.797969884690929, 13.601062954064819 ], [ -88.797969884690929, 13.614537621689683 ], [ -88.811444552315791, 13.614537621689678 ], [ -88.811444552315791, 13.601062954064817 ] ], [ [ -88.838393887565516, 13.601062954064814 ], [ -88.838393887565516, 13.614537621689685 ], [ -88.865343222815255, 13.614537621689685 ], [ -88.865343222815255, 13.601062954064819 ], [ -88.851868555190393, 13.601062954064815 ], [ -88.851868555190393, 13.587588286439953 ], [ -88.811444552315791, 13.587588286439953 ], [ -88.811444552315791, 13.601062954064817 ], [ -88.838393887565516, 13.601062954064814 ] ], [ [ -88.757545881816327, 13.722334962688606 ], [ -88.757545881816327, 13.70886029506374 ], [ -88.744071214191464, 13.708860295063744 ], [ -88.744071214191464, 13.722334962688608 ], [ -88.757545881816327, 13.722334962688606 ] ], [ [ -88.703647211316863, 13.70886029506374 ], [ -88.703647211316863, 13.695385627438879 ], [ -88.690172543692, 13.695385627438876 ], [ -88.690172543692, 13.70886029506374 ], [ -88.703647211316863, 13.70886029506374 ] ], [ [ -88.28593251494604, 13.708860295063735 ], [ -88.28593251494604, 13.681910959814005 ], [ -88.272457847321178, 13.68191095981401 ], [ -88.272457847321178, 13.708860295063742 ], [ -88.28593251494604, 13.708860295063735 ] ], [ [ -88.744071214191464, 13.695385627438876 ], [ -88.744071214191464, 13.681910959814008 ], [ -88.730596546566602, 13.68191095981401 ], [ -88.730596546566602, 13.695385627438874 ], [ -88.744071214191464, 13.695385627438876 ] ], [ [ -88.905767225689843, 13.68191095981401 ], [ -88.905767225689843, 13.668436292189146 ], [ -88.89229255806498, 13.668436292189142 ], [ -88.89229255806498, 13.68191095981401 ], [ -88.905767225689843, 13.68191095981401 ] ], [ [ -89.121361907687685, 13.641486956939413 ], [ -89.121361907687685, 13.614537621689685 ], [ -89.107887240062837, 13.614537621689681 ], [ -89.107887240062837, 13.641486956939412 ], [ -89.121361907687685, 13.641486956939413 ] ], [ [ -88.946191228564444, 13.628012289314549 ], [ -88.946191228564444, 13.641486956939413 ], [ -88.986615231439046, 13.641486956939413 ], [ -88.986615231439046, 13.61453762168968 ], [ -88.959665896189307, 13.614537621689683 ], [ -88.959665896189307, 13.628012289314546 ], [ -88.946191228564444, 13.628012289314549 ] ], [ [ -88.555425867443347, 13.614537621689689 ], [ -88.541951199818484, 13.614537621689685 ], [ -88.541951199818484, 13.641486956939415 ], [ -88.555425867443347, 13.641486956939412 ], [ -88.555425867443347, 13.614537621689689 ] ], [ [ -88.568900535068209, 13.614537621689683 ], [ -88.568900535068209, 13.601062954064822 ], [ -88.555425867443347, 13.601062954064819 ], [ -88.555425867443347, 13.614537621689689 ], [ -88.568900535068209, 13.614537621689683 ] ], [ [ -88.016439162448734, 13.641486956939413 ], [ -88.016439162448734, 13.601062954064822 ], [ -88.002964494823871, 13.601062954064815 ], [ -88.002964494823871, 13.641486956939413 ], [ -88.016439162448734, 13.641486956939413 ] ], [ [ -88.905767225689843, 13.628012289314546 ], [ -88.905767225689843, 13.601062954064822 ], [ -88.89229255806498, 13.601062954064819 ], [ -88.89229255806498, 13.628012289314544 ], [ -88.905767225689843, 13.628012289314546 ] ], [ [ -88.31288185019578, 13.628012289314546 ], [ -88.31288185019578, 13.614537621689685 ], [ -88.299407182570931, 13.61453762168968 ], [ -88.299407182570931, 13.628012289314546 ], [ -88.31288185019578, 13.628012289314546 ] ], [ [ -88.946191228564444, 13.61453762168968 ], [ -88.946191228564444, 13.601062954064822 ], [ -88.91924189331472, 13.601062954064815 ], [ -88.91924189331472, 13.614537621689676 ], [ -88.946191228564444, 13.61453762168968 ] ], [ [ -89.013564566688771, 13.587588286439953 ], [ -88.986615231439046, 13.587588286439953 ], [ -88.986615231439046, 13.601062954064822 ], [ -89.013564566688771, 13.601062954064817 ], [ -89.013564566688771, 13.587588286439953 ] ], [ [ -89.027039234313634, 13.587588286439953 ], [ -89.027039234313634, 13.574113618815089 ], [ -89.013564566688771, 13.574113618815087 ], [ -89.013564566688771, 13.587588286439953 ], [ -89.027039234313634, 13.587588286439953 ] ], [ [ -88.609324537942811, 13.601062954064822 ], [ -88.609324537942811, 13.587588286439955 ], [ -88.622799205567674, 13.587588286439953 ], [ -88.622799205567674, 13.574113618815087 ], [ -88.595849870317949, 13.574113618815089 ], [ -88.595849870317949, 13.587588286439955 ], [ -88.582375202693086, 13.587588286439953 ], [ -88.582375202693086, 13.601062954064817 ], [ -88.609324537942811, 13.601062954064822 ] ], [ [ -88.339831185445505, 13.574113618815087 ], [ -88.339831185445505, 13.601062954064814 ], [ -88.366780520695244, 13.601062954064815 ], [ -88.366780520695244, 13.587588286439953 ], [ -88.353305853070367, 13.587588286439953 ], [ -88.353305853070367, 13.574113618815085 ], [ -88.339831185445505, 13.574113618815087 ] ], [ [ -88.973140563814169, 13.587588286439953 ], [ -88.973140563814169, 13.574113618815083 ], [ -88.959665896189307, 13.574113618815085 ], [ -88.959665896189307, 13.587588286439953 ], [ -88.973140563814169, 13.587588286439953 ] ], [ [ -88.946191228564444, 13.587588286439955 ], [ -88.946191228564444, 13.574113618815089 ], [ -88.932716560939582, 13.574113618815085 ], [ -88.932716560939582, 13.587588286439953 ], [ -88.946191228564444, 13.587588286439955 ] ], [ [ -88.905767225689843, 13.587588286439953 ], [ -88.905767225689843, 13.574113618815087 ], [ -88.89229255806498, 13.574113618815085 ], [ -88.89229255806498, 13.587588286439953 ], [ -88.905767225689843, 13.587588286439953 ] ], [ [ -88.043388497698473, 13.574113618815085 ], [ -88.043388497698473, 13.587588286439953 ], [ -88.05686316532335, 13.587588286439951 ], [ -88.05686316532335, 13.574113618815085 ], [ -88.043388497698473, 13.574113618815085 ] ], [ [ -88.043388497698473, 13.547164283565358 ], [ -88.002964494823871, 13.547164283565358 ], [ -88.002964494823871, 13.560638951190223 ], [ -88.02991383007361, 13.560638951190223 ], [ -88.02991383007361, 13.574113618815085 ], [ -88.043388497698473, 13.574113618815085 ], [ -88.043388497698473, 13.547164283565358 ] ], [ [ -89.350431257310419, 13.574113618815089 ], [ -89.350431257310419, 13.560638951190223 ], [ -89.336956589685542, 13.560638951190221 ], [ -89.336956589685542, 13.574113618815083 ], [ -89.350431257310419, 13.574113618815089 ] ], [ [ -89.323481922060665, 13.560638951190217 ], [ -89.323481922060665, 13.547164283565355 ], [ -89.310007254435803, 13.547164283565358 ], [ -89.310007254435803, 13.560638951190219 ], [ -89.323481922060665, 13.560638951190217 ] ], [ [ -88.097287168197937, 13.547164283565358 ], [ -88.097287168197937, 13.560638951190219 ], [ -88.1107618358228, 13.560638951190223 ], [ -88.1107618358228, 13.547164283565351 ], [ -88.097287168197937, 13.547164283565358 ] ], [ [ -88.097287168197937, 13.520214948315628 ], [ -88.1107618358228, 13.520214948315626 ], [ -88.1107618358228, 13.506740280690765 ], [ -88.08381250057306, 13.506740280690758 ], [ -88.08381250057306, 13.547164283565353 ], [ -88.097287168197937, 13.547164283565358 ], [ -88.097287168197937, 13.520214948315628 ] ], [ [ -88.124236503447662, 13.506740280690762 ], [ -88.124236503447662, 13.493265613065899 ], [ -88.1107618358228, 13.493265613065899 ], [ -88.1107618358228, 13.506740280690765 ], [ -88.124236503447662, 13.506740280690762 ] ], [ [ -88.124236503447662, 13.520214948315628 ], [ -88.137711171072525, 13.520214948315628 ], [ -88.137711171072525, 13.50674028069076 ], [ -88.124236503447662, 13.506740280690762 ], [ -88.124236503447662, 13.520214948315628 ] ], [ [ -88.070337832948198, 13.54716428356536 ], [ -88.070337832948198, 13.560638951190219 ], [ -88.08381250057306, 13.560638951190221 ], [ -88.08381250057306, 13.547164283565353 ], [ -88.070337832948198, 13.54716428356536 ] ], [ [ -87.90864182144982, 13.533689615940492 ], [ -87.895167153824957, 13.533689615940492 ], [ -87.895167153824957, 13.493265613065898 ], [ -87.881692486200095, 13.493265613065899 ], [ -87.881692486200095, 13.479790945441035 ], [ -87.854743150950355, 13.479790945441032 ], [ -87.854743150950355, 13.466316277816166 ], [ -87.82779381570063, 13.466316277816162 ], [ -87.82779381570063, 13.479790945441032 ], [ -87.841268483325493, 13.479790945441033 ], [ -87.841268483325493, 13.50674028069076 ], [ -87.868217818575218, 13.50674028069076 ], [ -87.868217818575218, 13.520214948315628 ], [ -87.82779381570063, 13.52021494831563 ], [ -87.82779381570063, 13.533689615940492 ], [ -87.841268483325493, 13.533689615940492 ], [ -87.841268483325493, 13.560638951190215 ], [ -87.895167153824957, 13.560638951190223 ], [ -87.895167153824957, 13.547164283565358 ], [ -87.90864182144982, 13.547164283565358 ], [ -87.90864182144982, 13.533689615940492 ] ], [ [ -87.895167153824957, 13.47979094544103 ], [ -87.895167153824957, 13.466316277816164 ], [ -87.881692486200095, 13.466316277816166 ], [ -87.881692486200095, 13.479790945441035 ], [ -87.895167153824957, 13.47979094544103 ] ], [ [ -88.218559176821714, 13.547164283565357 ], [ -88.218559176821714, 13.520214948315628 ], [ -88.205084509196851, 13.520214948315623 ], [ -88.205084509196851, 13.547164283565353 ], [ -88.218559176821714, 13.547164283565357 ] ], [ [ -88.17813517394714, 13.533689615940494 ], [ -88.17813517394714, 13.520214948315623 ], [ -88.164660506322264, 13.520214948315626 ], [ -88.164660506322264, 13.533689615940492 ], [ -88.17813517394714, 13.533689615940494 ] ], [ [ -88.043388497698473, 13.533689615940496 ], [ -88.043388497698473, 13.520214948315626 ], [ -88.02991383007361, 13.520214948315626 ], [ -88.02991383007361, 13.533689615940492 ], [ -88.043388497698473, 13.533689615940496 ] ], [ [ -88.02991383007361, 13.479790945441032 ], [ -88.02991383007361, 13.493265613065903 ], [ -88.043388497698473, 13.493265613065899 ], [ -88.043388497698473, 13.506740280690757 ], [ -88.070337832948198, 13.506740280690757 ], [ -88.070337832948198, 13.493265613065898 ], [ -88.08381250057306, 13.493265613065899 ], [ -88.08381250057306, 13.47979094544103 ], [ -88.02991383007361, 13.479790945441032 ] ], [ [ -88.02991383007361, 13.41241760731671 ], [ -87.989489827199009, 13.412417607316705 ], [ -87.989489827199009, 13.439366942566435 ], [ -87.976015159574146, 13.439366942566435 ], [ -87.976015159574146, 13.452841610191305 ], [ -88.002964494823871, 13.4528416101913 ], [ -88.002964494823871, 13.466316277816162 ], [ -88.016439162448734, 13.466316277816167 ], [ -88.016439162448734, 13.47979094544103 ], [ -88.02991383007361, 13.479790945441032 ], [ -88.02991383007361, 13.41241760731671 ] ], [ [ -88.002964494823871, 13.506740280690758 ], [ -88.002964494823871, 13.493265613065899 ], [ -87.989489827199009, 13.493265613065901 ], [ -87.989489827199009, 13.506740280690758 ], [ -88.002964494823871, 13.506740280690758 ] ], [ [ -88.08381250057306, 13.452841610191301 ], [ -88.08381250057306, 13.466316277816162 ], [ -88.097287168197937, 13.466316277816162 ], [ -88.097287168197937, 13.47979094544103 ], [ -88.1107618358228, 13.479790945441035 ], [ -88.1107618358228, 13.425892274941567 ], [ -88.08381250057306, 13.425892274941571 ], [ -88.08381250057306, 13.439366942566432 ], [ -88.070337832948198, 13.439366942566432 ], [ -88.070337832948198, 13.452841610191305 ], [ -88.08381250057306, 13.452841610191301 ] ], [ [ -87.787369812826029, 13.466316277816166 ], [ -87.787369812826029, 13.452841610191298 ], [ -87.773895145201166, 13.452841610191301 ], [ -87.773895145201166, 13.466316277816166 ], [ -87.787369812826029, 13.466316277816166 ] ], [ [ -87.90864182144982, 13.4528416101913 ], [ -87.90864182144982, 13.439366942566428 ], [ -87.895167153824957, 13.439366942566435 ], [ -87.895167153824957, 13.452841610191301 ], [ -87.90864182144982, 13.4528416101913 ] ], [ [ -88.070337832948198, 13.425892274941571 ], [ -88.070337832948198, 13.4124176073167 ], [ -88.043388497698473, 13.412417607316709 ], [ -88.043388497698473, 13.425892274941569 ], [ -88.070337832948198, 13.425892274941571 ] ], [ [ -87.935591156699559, 13.412417607316705 ], [ -87.935591156699559, 13.425892274941569 ], [ -87.949065824324421, 13.425892274941569 ], [ -87.949065824324421, 13.4124176073167 ], [ -87.935591156699559, 13.412417607316705 ] ], [ [ -87.935591156699559, 13.398942939691837 ], [ -87.922116489074682, 13.398942939691839 ], [ -87.922116489074682, 13.412417607316703 ], [ -87.935591156699559, 13.412417607316705 ], [ -87.935591156699559, 13.398942939691837 ] ], [ [ -88.1107618358228, 13.398942939691835 ], [ -88.1107618358228, 13.385468272066975 ], [ -88.097287168197937, 13.385468272066973 ], [ -88.097287168197937, 13.398942939691841 ], [ -88.1107618358228, 13.398942939691835 ] ], [ [ -88.016439162448734, 13.385468272066973 ], [ -88.016439162448734, 13.398942939691835 ], [ -88.02991383007361, 13.398942939691841 ], [ -88.02991383007361, 13.385468272066973 ], [ -88.016439162448734, 13.385468272066973 ] ], [ [ -88.016439162448734, 13.371993604442107 ], [ -88.002964494823871, 13.37199360444211 ], [ -88.002964494823871, 13.358518936817244 ], [ -87.989489827199009, 13.358518936817243 ], [ -87.989489827199009, 13.345044269192377 ], [ -87.962540491949284, 13.345044269192373 ], [ -87.962540491949284, 13.358518936817244 ], [ -87.976015159574146, 13.358518936817243 ], [ -87.976015159574146, 13.371993604442105 ], [ -87.989489827199009, 13.37199360444211 ], [ -87.989489827199009, 13.398942939691835 ], [ -88.002964494823871, 13.398942939691839 ], [ -88.002964494823871, 13.385468272066975 ], [ -88.016439162448734, 13.385468272066973 ], [ -88.016439162448734, 13.371993604442107 ] ], [ [ -87.962540491949284, 13.318094933942646 ], [ -87.949065824324421, 13.318094933942644 ], [ -87.949065824324421, 13.345044269192378 ], [ -87.962540491949284, 13.345044269192373 ], [ -87.962540491949284, 13.318094933942646 ] ], [ [ -87.949065824324421, 13.304620266317784 ], [ -87.935591156699559, 13.304620266317785 ], [ -87.935591156699559, 13.318094933942644 ], [ -87.949065824324421, 13.318094933942644 ], [ -87.949065824324421, 13.304620266317784 ] ], [ [ -88.043388497698473, 13.385468272066975 ], [ -88.043388497698473, 13.371993604442109 ], [ -88.02991383007361, 13.37199360444211 ], [ -88.02991383007361, 13.385468272066973 ], [ -88.043388497698473, 13.385468272066975 ] ], [ [ -87.962540491949284, 13.385468272066975 ], [ -87.962540491949284, 13.371993604442107 ], [ -87.949065824324421, 13.37199360444211 ], [ -87.949065824324421, 13.385468272066969 ], [ -87.962540491949284, 13.385468272066975 ] ], [ [ -88.191609841571989, 13.358518936817243 ], [ -88.191609841571989, 13.345044269192382 ], [ -88.17813517394714, 13.345044269192377 ], [ -88.17813517394714, 13.358518936817244 ], [ -88.191609841571989, 13.358518936817243 ] ] ] } },
{ "type": "Feature", "properties": { "class_id": 3, "area_m2": 2171020.0499972734, "class_name": "Normal", "index": "MNDWI", "min_value": null, "max_value": null }, "geometry": { "type": "Polygon", "coordinates": [ [ [ -88.501527196943883, 13.884030974186986 ], [ -88.48805252931902, 13.884030974186985 ], [ -88.48805252931902, 13.870556306562117 ], [ -88.501527196943883, 13.87055630656212 ], [ -88.501527196943883, 13.884030974186986 ] ] ] } },
{ "type": "Feature", "properties": { "class_id": 3, "area_m2": 6512187.7895257128, "class_name": "Normal", "index": "MNDWI", "min_value": null, "max_value": null }, "geometry": { "type": "Polygon", "coordinates": [ [ [ -88.582375202693086, 13.924454977061577 ], [ -88.568900535068209, 13.924454977061586 ], [ -88.568900535068209, 13.937929644686447 ], [ -88.555425867443347, 13.93792964468645 ], [ -88.555425867443347, 13.91098030943672 ], [ -88.582375202693086, 13.91098030943672 ], [ -88.582375202693086, 13.924454977061577 ] ] ] } },
{ "type": "Feature", "properties": { "class_id": 3, "area_m2": 2170340.1086422927, "class_name": "Normal", "index": "MNDWI", "min_value": null, "max_value": null }, "geometry": { "type": "Polygon", "coordinates": [ [ [ -88.71712187894174, 14.005302982810772 ], [ -88.703647211316863, 14.005302982810772 ], [ -88.703647211316863, 13.991828315185911 ], [ -88.71712187894174, 13.991828315185911 ], [ -88.71712187894174, 14.005302982810772 ] ] ] } },
{ "type": "Feature", "properties": { "class_id": 3, "area_m2": 2170244.7841920778, "class_name": "Normal", "index": "MNDWI", "min_value": null, "max_value": null }, "geometry": { "type": "Polygon", "coordinates": [ [ [ -88.730596546566602, 14.018777650435641 ], [ -88.71712187894174, 14.018777650435647 ], [ -88.71712187894174, 14.005302982810772 ], [ -88.730596546566602, 14.005302982810774 ], [ -88.730596546566602, 14.018777650435641 ] ] ] } },
{ "type": "Feature", "properties": { "class_id": 3, "area_m2": 49896353.84143614, "class_name": "Normal", "index": "MNDWI", "min_value": null, "max_value": null }, "geometry": { "type": "Polygon", "coordinates": [ [ [ -88.838393887565516, 14.113100323809695 ], [ -88.811444552315791, 14.1131003238097 ], [ -88.811444552315791, 14.126574991434564 ], [ -88.797969884690929, 14.126574991434568 ], [ -88.797969884690929, 14.140049659059425 ], [ -88.811444552315791, 14.140049659059432 ], [ -88.811444552315791, 14.153524326684293 ], [ -88.784495217066066, 14.153524326684289 ], [ -88.784495217066066, 14.140049659059425 ], [ -88.744071214191464, 14.140049659059432 ], [ -88.744071214191464, 14.126574991434564 ], [ -88.730596546566602, 14.126574991434559 ], [ -88.730596546566602, 14.099625656184834 ], [ -88.744071214191464, 14.099625656184834 ], [ -88.744071214191464, 14.086150988559968 ], [ -88.771020549441189, 14.086150988559968 ], [ -88.771020549441189, 14.099625656184831 ], [ -88.797969884690929, 14.099625656184834 ], [ -88.797969884690929, 14.086150988559968 ], [ -88.811444552315791, 14.086150988559966 ], [ -88.811444552315791, 14.099625656184834 ], [ -88.838393887565516, 14.099625656184831 ], [ -88.838393887565516, 14.113100323809695 ] ] ] } },
{ "type": "Feature", "properties": { "class_id": 3, "area_m2": 2176480.6434839214, "class_name": "Normal", "index": "MNDWI", "min_value": null, "max_value": null }, "geometry": { "type": "Polygon", "coordinates": [ [ [ -87.895167153824957, 13.156398922444264 ], [ -87.90864182144982, 13.156398922444264 ], [ -87.90864182144982, 13.169873590069125 ], [ -87.895167153824957, 13.169873590069125 ], [ -87.895167153824957, 13.156398922444264 ] ] ] } },
{ "type": "Feature", "properties": { "class_id": 3, "area_m2": 2176677.8530815993, "class_name": "Normal", "index": "MNDWI", "min_value": null, "max_value": null }, "geometry": { "type": "Polygon", "coordinates": [ [ [ -88.151185838697387, 13.183348257693996 ], [ -88.137711171072525, 13.183348257693996 ], [ -88.137711171072525, 13.169873590069129 ], [ -88.151185838697387, 13.16987359006913 ], [ -88.151185838697387, 13.183348257693996 ] ] ] } },
{ "type": "Feature", "properties": { "class_id": 3, "area_m2": 2176767.5007042862, "class_name": "Normal", "index": "MNDWI", "min_value": null, "max_value": null }, "geometry": { "type": "Polygon", "coordinates": [ [ [ -88.28593251494604, 13.196822925318855 ], [ -88.272457847321178, 13.196822925318862 ], [ -88.272457847321178, 13.183348257693996 ], [ -88.28593251494604, 13.183348257693989 ], [ -88.28593251494604, 13.196822925318855 ] ] ] } },
{ "type": "Feature", "properties": { "class_id": 3, "area_m2": 6527973.3683742061, "class_name": "Normal", "index": "MNDWI", "min_value": null, "max_value": null }, "geometry": { "type": "Polygon", "coordinates": [ [ [ -87.693047139451977, 13.183348257694 ], [ -87.719996474701702, 13.183348257693993 ], [ -87.719996474701702, 13.210297592943727 ], [ -87.70652180707684, 13.210297592943727 ], [ -87.70652180707684, 13.196822925318855 ], [ -87.693047139451977, 13.196822925318861 ], [ -87.693047139451977, 13.183348257694 ] ] ] } },
{ "type": "Feature", "properties": { "class_id": 3, "area_m2": 78341581.259755582, "class_name": "Normal", "index": "MNDWI", "min_value": null, "max_value": null }, "geometry": { "type": "Polygon", "coordinates": [ [ [ -87.922116489074682, 13.169873590069129 ], [ -88.016439162448734, 13.169873590069127 ], [ -88.016439162448734, 13.183348257693993 ], [ -88.070337832948198, 13.183348257693989 ], [ -88.070337832948198, 13.210297592943723 ], [ -88.08381250057306, 13.210297592943727 ], [ -88.08381250057306, 13.237246928193452 ], [ -88.070337832948198, 13.237246928193448 ], [ -88.070337832948198, 13.223772260568587 ], [ -88.05686316532335, 13.223772260568591 ], [ -88.05686316532335, 13.264196263443186 ], [ -88.070337832948198, 13.264196263443184 ], [ -88.070337832948198, 13.27767093106805 ], [ -88.043388497698473, 13.277670931068053 ], [ -88.043388497698473, 13.250721595818323 ], [ -88.02991383007361, 13.250721595818323 ], [ -88.02991383007361, 13.264196263443186 ], [ -88.016439162448734, 13.264196263443189 ], [ -88.016439162448734, 13.237246928193453 ], [ -88.02991383007361, 13.237246928193461 ], [ -88.02991383007361, 13.223772260568586 ], [ -88.002964494823871, 13.223772260568589 ], [ -88.002964494823871, 13.210297592943727 ], [ -88.016439162448734, 13.210297592943725 ], [ -88.016439162448734, 13.196822925318857 ], [ -87.949065824324421, 13.196822925318861 ], [ -87.949065824324421, 13.183348257693991 ], [ -87.922116489074682, 13.183348257693993 ], [ -87.922116489074682, 13.169873590069129 ] ] ] } },
{ "type": "Feature", "properties": { "class_id": 3, "area_m2": 2175753.3813317716, "class_name": "Normal", "index": "MNDWI", "min_value": null, "max_value": null }, "geometry": { "type": "Polygon", "coordinates": [ [ [ -87.773895145201166, 13.237246928193452 ], [ -87.760420477576304, 13.237246928193452 ], [ -87.760420477576304, 13.223772260568586 ], [ -87.773895145201166, 13.223772260568587 ], [ -87.773895145201166, 13.237246928193452 ] ] ] } },
{ "type": "Feature", "properties": { "class_id": 3, "area_m2": 45690744.859291494, "class_name": "Normal", "index": "MNDWI", "min_value": null, "max_value": null }, "geometry": { "type": "Polygon", "coordinates": [ [ [ -87.854743150950355, 13.223772260568584 ], [ -87.881692486200095, 13.223772260568586 ], [ -87.881692486200095, 13.210297592943727 ], [ -87.922116489074682, 13.210297592943727 ], [ -87.922116489074682, 13.264196263443186 ], [ -87.90864182144982, 13.264196263443187 ], [ -87.90864182144982, 13.291145598692919 ], [ -87.895167153824957, 13.291145598692921 ], [ -87.895167153824957, 13.277670931068053 ], [ -87.881692486200095, 13.27767093106805 ], [ -87.881692486200095, 13.264196263443187 ], [ -87.895167153824957, 13.26419626344318 ], [ -87.895167153824957, 13.237246928193455 ], [ -87.881692486200095, 13.237246928193457 ], [ -87.881692486200095, 13.250721595818323 ], [ -87.868217818575218, 13.250721595818323 ], [ -87.868217818575218, 13.264196263443184 ], [ -87.82779381570063, 13.264196263443186 ], [ -87.82779381570063, 13.237246928193448 ], [ -87.841268483325493, 13.237246928193455 ], [ -87.841268483325493, 13.250721595818327 ], [ -87.854743150950355, 13.250721595818316 ], [ -87.854743150950355, 13.223772260568584 ] ] ] } },
{ "type": "Feature", "properties": { "class_id": 3, "area_m2": 2175572.8385373182, "class_name": "Normal", "index": "MNDWI", "min_value": null, "max_value": null }, "geometry": { "type": "Polygon", "coordinates": [ [ [ -88.016439162448734, 13.277670931068053 ], [ -88.02991383007361, 13.27767093106805 ], [ -88.02991383007361, 13.291145598692918 ], [ -88.016439162448734, 13.291145598692918 ], [ -88.016439162448734, 13.277670931068053 ] ] ] } },
{ "type": "Feature", "properties": { "class_id": 3, "area_m2": 2175192.0302051497, "class_name": "Normal", "index": "MNDWI", "min_value": null, "max_value": null }, "geometry": { "type": "Polygon", "coordinates": [ [ [ -87.800844480450891, 13.304620266317787 ], [ -87.787369812826029, 13.304620266317778 ], [ -87.787369812826029, 13.291145598692918 ], [ -87.800844480450891, 13.291145598692918 ], [ -87.800844480450891, 13.304620266317787 ] ] ] } },
{ "type": "Feature", "properties": { "class_id": 3, "area_m2": 4351422.1798179299, "class_name": "Normal", "index": "MNDWI", "min_value": null, "max_value": null }, "geometry": { "type": "Polygon", "coordinates": [ [ [ -88.218559176821714, 13.304620266317785 ], [ -88.191609841571989, 13.304620266317784 ], [ -88.191609841571989, 13.291145598692918 ], [ -88.218559176821714, 13.291145598692914 ], [ -88.218559176821714, 13.304620266317785 ] ] ] } },
{ "type": "Feature", "properties": { "class_id": 3, "area_m2": 28285588.493360877, "class_name": "Normal", "index": "MNDWI", "min_value": null, "max_value": null }, "geometry": { "type": "Polygon", "coordinates": [ [ [ -88.299407182570931, 13.318094933942648 ], [ -88.272457847321178, 13.318094933942644 ], [ -88.272457847321178, 13.33156960156751 ], [ -88.258983179696315, 13.331569601567514 ], [ -88.258983179696315, 13.304620266317782 ], [ -88.245508512071453, 13.304620266317784 ], [ -88.245508512071453, 13.291145598692921 ], [ -88.23203384444659, 13.291145598692921 ], [ -88.23203384444659, 13.277670931068053 ], [ -88.205084509196851, 13.277670931068053 ], [ -88.205084509196851, 13.264196263443186 ], [ -88.245508512071453, 13.264196263443184 ], [ -88.245508512071453, 13.277670931068053 ], [ -88.272457847321178, 13.27767093106805 ], [ -88.272457847321178, 13.291145598692921 ], [ -88.28593251494604, 13.291145598692918 ], [ -88.28593251494604, 13.30462026631778 ], [ -88.299407182570931, 13.30462026631778 ], [ -88.299407182570931, 13.318094933942648 ] ] ] } },
{ "type": "Feature", "properties": { "class_id": 3, "area_m2": 2175047.5180312302, "class_name": "Normal", "index": "MNDWI", "min_value": null, "max_value": null }, "geometry": { "type": "Polygon", "coordinates": [ [ [ -87.773895145201166, 13.318094933942648 ], [ -87.760420477576304, 13.318094933942648 ], [ -87.760420477576304, 13.304620266317784 ], [ -87.773895145201166, 13.304620266317782 ], [ -87.773895145201166, 13.318094933942648 ] ] ] } },
{ "type": "Feature", "properties": { "class_id": 3, "area_m2": 2175445.6060055788, "class_name": "Normal", "index": "MNDWI", "min_value": null, "max_value": null }, "geometry": { "type": "Polygon", "coordinates": [ [ [ -88.1107618358228, 13.318094933942646 ], [ -88.097287168197937, 13.318094933942648 ], [ -88.097287168197937, 13.30462026631778 ], [ -88.1107618358228, 13.304620266317784 ], [ -88.1107618358228, 13.318094933942646 ] ] ] } },
{ "type": "Feature", "properties": { "class_id": 3, "area_m2": 2175542.4380645198, "class_name": "Normal", "index": "MNDWI", "min_value": null, "max_value": null }, "geometry": { "type": "Polygon", "coordinates": [ [ [ -88.17813517394714, 13.318094933942648 ], [ -88.164660506322264, 13.318094933942648 ], [ -88.164660506322264, 13.304620266317789 ], [ -88.17813517394714, 13.304620266317782 ], [ -88.17813517394714, 13.318094933942648 ] ] ] } },
{ "type": "Feature", "properties": { "class_id": 3, "area_m2": 2174983.5093093482, "class_name": "Normal", "index": "MNDWI", "min_value": null, "max_value": null }, "geometry": { "type": "Polygon", "coordinates": [ [ [ -87.814319148075768, 13.318094933942648 ], [ -87.82779381570063, 13.318094933942648 ], [ -87.82779381570063, 13.331569601567509 ], [ -87.814319148075768, 13.331569601567509 ], [ -87.814319148075768, 13.318094933942648 ] ] ] } },
{ "type": "Feature", "properties": { "class_id": 3, "area_m2": 2175218.8790704538, "class_name": "Normal", "index": "MNDWI", "min_value": null, "max_value": null }, "geometry": { "type": "Polygon", "coordinates": [ [ [ -88.02991383007361, 13.331569601567512 ], [ -88.016439162448734, 13.331569601567514 ], [ -88.016439162448734, 13.318094933942646 ], [ -88.02991383007361, 13.318094933942646 ], [ -88.02991383007361, 13.331569601567512 ] ] ] } },
{ "type": "Feature", "properties": { "class_id": 3, "area_m2": 2175346.3877026741, "class_name": "Normal", "index": "MNDWI", "min_value": null, "max_value": null }, "geometry": { "type": "Polygon", "coordinates": [ [ [ -88.124236503447662, 13.331569601567509 ], [ -88.1107618358228, 13.331569601567509 ], [ -88.1107618358228, 13.318094933942646 ], [ -88.124236503447662, 13.318094933942648 ], [ -88.124236503447662, 13.331569601567509 ] ] ] } },
{ "type": "Feature", "properties": { "class_id": 3, "area_m2": 4350789.4127165107, "class_name": "Normal", "index": "MNDWI", "min_value": null, "max_value": null }, "geometry": { "type": "Polygon", "coordinates": [ [ [ -88.164660506322264, 13.331569601567516 ], [ -88.137711171072525, 13.33156960156751 ], [ -88.137711171072525, 13.318094933942644 ], [ -88.164660506322264, 13.318094933942648 ], [ -88.164660506322264, 13.331569601567516 ] ] ] } },
{ "type": "Feature", "properties": { "class_id": 3, "area_m2": 2175485.1439612536, "class_name": "Normal", "index": "MNDWI", "min_value": null, "max_value": null }, "geometry": { "type": "Polygon", "coordinates": [ [ [ -88.218559176821714, 13.331569601567509 ], [ -88.205084509196851, 13.331569601567514 ], [ -88.205084509196851, 13.318094933942641 ], [ -88.218559176821714, 13.318094933942648 ], [ -88.218559176821714, 13.331569601567509 ] ] ] } },
{ "type": "Feature", "properties": { "class_id": 3, "area_m2": 2174561.6547351209, "class_name": "Normal", "index": "MNDWI", "min_value": null, "max_value": null }, "geometry": { "type": "Polygon", "coordinates": [ [ [ -87.760420477576304, 13.371993604442109 ], [ -87.746945809951455, 13.371993604442107 ], [ -87.746945809951455, 13.358518936817244 ], [ -87.760420477576304, 13.358518936817243 ], [ -87.760420477576304, 13.371993604442109 ] ] ] } },
{ "type": "Feature", "properties": { "class_id": 3, "area_m2": 2174456.0594204129, "class_name": "Normal", "index": "MNDWI", "min_value": null, "max_value": null }, "geometry": { "type": "Polygon", "coordinates": [ [ [ -87.760420477576304, 13.371993604442109 ], [ -87.773895145201166, 13.371993604442109 ], [ -87.773895145201166, 13.385468272066969 ], [ -87.760420477576304, 13.385468272066971 ], [ -87.760420477576304, 13.371993604442109 ] ] ] } },
{ "type": "Feature", "properties": { "class_id": 3, "area_m2": 2174258.8028783426, "class_name": "Normal", "index": "MNDWI", "min_value": null, "max_value": null }, "geometry": { "type": "Polygon", "coordinates": [ [ [ -87.800844480450891, 13.398942939691837 ], [ -87.814319148075768, 13.398942939691835 ], [ -87.814319148075768, 13.412417607316701 ], [ -87.800844480450891, 13.412417607316705 ], [ -87.800844480450891, 13.398942939691837 ] ] ] } },
{ "type": "Feature", "properties": { "class_id": 3, "area_m2": 2173251.4026164659, "class_name": "Normal", "index": "MNDWI", "min_value": null, "max_value": null }, "geometry": { "type": "Polygon", "coordinates": [ [ [ -87.760420477576304, 13.520214948315624 ], [ -87.746945809951455, 13.520214948315624 ], [ -87.746945809951455, 13.506740280690758 ], [ -87.760420477576304, 13.506740280690757 ], [ -87.760420477576304, 13.520214948315624 ] ] ] } },
{ "type": "Feature", "properties": { "class_id": 3, "area_m2": 4347434.6798298322, "class_name": "Normal", "index": "MNDWI", "min_value": null, "max_value": null }, "geometry": { "type": "Polygon", "coordinates": [ [ [ -88.31288185019578, 13.547164283565351 ], [ -88.28593251494604, 13.547164283565358 ], [ -88.28593251494604, 13.533689615940498 ], [ -88.31288185019578, 13.533689615940492 ], [ -88.31288185019578, 13.547164283565351 ] ] ] } },
{ "type": "Feature", "properties": { "class_id": 3, "area_m2": 10862964.333172502, "class_name": "Normal", "index": "MNDWI", "min_value": null, "max_value": null }, "geometry": { "type": "Polygon", "coordinates": [ [ [ -87.82779381570063, 13.587588286439953 ], [ -87.841268483325493, 13.587588286439955 ], [ -87.841268483325493, 13.61453762168968 ], [ -87.814319148075768, 13.614537621689678 ], [ -87.814319148075768, 13.574113618815087 ], [ -87.82779381570063, 13.574113618815085 ], [ -87.82779381570063, 13.587588286439953 ] ] ] } },
{ "type": "Feature", "properties": { "class_id": 3, "area_m2": 6517471.3543131398, "class_name": "Normal", "index": "MNDWI", "min_value": null, "max_value": null }, "geometry": { "type": "Polygon", "coordinates": [ [ [ -87.773895145201166, 13.587588286439956 ], [ -87.787369812826029, 13.587588286439953 ], [ -87.787369812826029, 13.614537621689681 ], [ -87.760420477576304, 13.614537621689685 ], [ -87.760420477576304, 13.601062954064817 ], [ -87.773895145201166, 13.601062954064815 ], [ -87.773895145201166, 13.587588286439956 ] ] ] } },
{ "type": "Feature", "properties": { "class_id": 3, "area_m2": 6516953.0616286593, "class_name": "Normal", "index": "MNDWI", "min_value": null, "max_value": null }, "geometry": { "type": "Polygon", "coordinates": [ [ [ -87.841268483325493, 13.61453762168968 ], [ -87.854743150950355, 13.614537621689685 ], [ -87.854743150950355, 13.641486956939413 ], [ -87.82779381570063, 13.641486956939413 ], [ -87.82779381570063, 13.628012289314546 ], [ -87.841268483325493, 13.628012289314549 ], [ -87.841268483325493, 13.61453762168968 ] ] ] } },
{ "type": "Feature", "properties": { "class_id": 3, "area_m2": 17375538.28825739, "class_name": "Normal", "index": "MNDWI", "min_value": null, "max_value": null }, "geometry": { "type": "Polygon", "coordinates": [ [ [ -87.746945809951455, 13.641486956939412 ], [ -87.787369812826029, 13.641486956939415 ], [ -87.787369812826029, 13.65496162456428 ], [ -87.800844480450891, 13.654961624564278 ], [ -87.800844480450891, 13.681910959814006 ], [ -87.773895145201166, 13.681910959814006 ], [ -87.773895145201166, 13.668436292189142 ], [ -87.760420477576304, 13.66843629218914 ], [ -87.760420477576304, 13.65496162456428 ], [ -87.746945809951455, 13.654961624564283 ], [ -87.746945809951455, 13.641486956939412 ] ] ] } },
{ "type": "Feature", "properties": { "class_id": 3, "area_m2": 2171846.9241310018, "class_name": "Normal", "index": "MNDWI", "min_value": null, "max_value": null }, "geometry": { "type": "Polygon", "coordinates": [ [ [ -88.002964494823871, 13.695385627438876 ], [ -88.016439162448734, 13.695385627438872 ], [ -88.016439162448734, 13.708860295063745 ], [ -88.002964494823871, 13.708860295063738 ], [ -88.002964494823871, 13.695385627438876 ] ] ] } },
{ "type": "Feature", "properties": { "class_id": 3, "area_m2": 2170783.6490950868, "class_name": "Normal", "index": "MNDWI", "min_value": null, "max_value": null }, "geometry": { "type": "Polygon", "coordinates": [ [ [ -88.043388497698473, 13.830132303687527 ], [ -88.02991383007361, 13.830132303687522 ], [ -88.02991383007361, 13.816657636062663 ], [ -88.043388497698473, 13.816657636062663 ], [ -88.043388497698473, 13.830132303687527 ] ] ] } },
{ "type": "Feature", "properties": { "class_id": 3, "area_m2": 4341692.9183496665, "class_name": "Normal", "index": "MNDWI", "min_value": null, "max_value": null }, "geometry": { "type": "Polygon", "coordinates": [ [ [ -88.097287168197937, 13.83013230368752 ], [ -88.070337832948198, 13.830132303687527 ], [ -88.070337832948198, 13.81665763606266 ], [ -88.097287168197937, 13.816657636062667 ], [ -88.097287168197937, 13.83013230368752 ] ] ] } },
{ "type": "Feature", "properties": { "class_id": 3, "area_m2": 36900484.821414851, "class_name": "Normal", "index": "MNDWI", "min_value": null, "max_value": null }, "geometry": { "type": "Polygon", "coordinates": [ [ [ -88.002964494823871, 13.84360697131239 ], [ -88.016439162448734, 13.84360697131239 ], [ -88.016439162448734, 13.87055630656212 ], [ -87.989489827199009, 13.870556306562124 ], [ -87.989489827199009, 13.84360697131239 ], [ -87.976015159574146, 13.843606971312386 ], [ -87.976015159574146, 13.857081638937258 ], [ -87.949065824324421, 13.85708163893726 ], [ -87.949065824324421, 13.830132303687522 ], [ -87.935591156699559, 13.830132303687526 ], [ -87.935591156699559, 13.816657636062669 ], [ -87.949065824324421, 13.816657636062663 ], [ -87.949065824324421, 13.789708300812933 ], [ -87.962540491949284, 13.789708300812933 ], [ -87.962540491949284, 13.803182968437795 ], [ -87.989489827199009, 13.803182968437799 ], [ -87.989489827199009, 13.830132303687522 ], [ -88.002964494823871, 13.830132303687522 ], [ -88.002964494823871, 13.84360697131239 ] ], [ [ -87.976015159574146, 13.83013230368752 ], [ -87.976015159574146, 13.816657636062667 ], [ -87.962540491949284, 13.816657636062656 ], [ -87.962540491949284, 13.83013230368752 ], [ -87.976015159574146, 13.83013230368752 ] ] ] } },
{ "type": "Feature", "properties": { "class_id": 3, "area_m2": 2170678.7103409693, "class_name": "Normal", "index": "MNDWI", "min_value": null, "max_value": null }, "geometry": { "type": "Polygon", "coordinates": [ [ [ -88.05686316532335, 13.843606971312392 ], [ -88.043388497698473, 13.84360697131239 ], [ -88.043388497698473, 13.830132303687527 ], [ -88.05686316532335, 13.830132303687522 ], [ -88.05686316532335, 13.843606971312392 ] ] ] } },
{ "type": "Feature", "properties": { "class_id": 3, "area_m2": 2170538.369371376, "class_name": "Normal", "index": "MNDWI", "min_value": null, "max_value": null }, "geometry": { "type": "Polygon", "coordinates": [ [ [ -88.043388497698473, 13.85708163893726 ], [ -88.02991383007361, 13.85708163893726 ], [ -88.02991383007361, 13.84360697131239 ], [ -88.043388497698473, 13.84360697131239 ], [ -88.043388497698473, 13.85708163893726 ] ] ] } },
{ "type": "Feature", "properties": { "class_id": 3, "area_m2": 2170685.8673240822, "class_name": "Normal", "index": "MNDWI", "min_value": null, "max_value": null }, "geometry": { "type": "Polygon", "coordinates": [ [ [ -88.151185838697387, 13.85708163893726 ], [ -88.137711171072525, 13.85708163893726 ], [ -88.137711171072525, 13.84360697131239 ], [ -88.151185838697387, 13.843606971312395 ], [ -88.151185838697387, 13.85708163893726 ] ] ] } },
{ "type": "Feature", "properties": { "class_id": 3, "area_m2": 6510878.2854713369, "class_name": "Normal", "index": "MNDWI", "min_value": null, "max_value": null }, "geometry": { "type": "Polygon", "coordinates": [ [ [ -88.016439162448734, 13.87055630656212 ], [ -88.05686316532335, 13.870556306562124 ], [ -88.05686316532335, 13.88403097418699 ], [ -88.016439162448734, 13.884030974186986 ], [ -88.016439162448734, 13.87055630656212 ] ] ] } },
{ "type": "Feature", "properties": { "class_id": 3, "area_m2": 2170068.572167831, "class_name": "Normal", "index": "MNDWI", "min_value": null, "max_value": null }, "geometry": { "type": "Polygon", "coordinates": [ [ [ -87.962540491949284, 13.897505641811854 ], [ -87.949065824324421, 13.897505641811852 ], [ -87.949065824324421, 13.884030974186985 ], [ -87.962540491949284, 13.884030974186986 ], [ -87.962540491949284, 13.897505641811854 ] ] ] } },
{ "type": "Feature", "properties": { "class_id": 3, "area_m2": 10848658.208096458, "class_name": "Normal", "index": "MNDWI", "min_value": null, "max_value": null }, "geometry": { "type": "Polygon", "coordinates": [ [ [ -87.841268483325493, 13.897505641811854 ], [ -87.881692486200095, 13.897505641811851 ], [ -87.881692486200095, 13.93792964468645 ], [ -87.868217818575218, 13.937929644686449 ], [ -87.868217818575218, 13.910980309436724 ], [ -87.841268483325493, 13.91098030943672 ], [ -87.841268483325493, 13.897505641811854 ] ] ] } },
{ "type": "Feature", "properties": { "class_id": 3, "area_m2": 4339139.6954649258, "class_name": "Normal", "index": "MNDWI", "min_value": null, "max_value": null }, "geometry": { "type": "Polygon", "coordinates": [ [ [ -87.854743150950355, 13.937929644686447 ], [ -87.82779381570063, 13.937929644686443 ], [ -87.82779381570063, 13.924454977061583 ], [ -87.854743150950355, 13.924454977061579 ], [ -87.854743150950355, 13.937929644686447 ] ] ] } },
{ "type": "Feature", "properties": { "class_id": 3, "area_m2": 2169595.4887046674, "class_name": "Normal", "index": "MNDWI", "min_value": null, "max_value": null }, "geometry": { "type": "Polygon", "coordinates": [ [ [ -88.164660506322264, 13.978353647561047 ], [ -88.151185838697387, 13.978353647561041 ], [ -88.151185838697387, 13.964878979936181 ], [ -88.164660506322264, 13.964878979936181 ], [ -88.164660506322264, 13.978353647561047 ] ] ] } },
{ "type": "Feature", "properties": { "class_id": 3, "area_m2": 2169413.9793518349, "class_name": "Normal", "index": "MNDWI", "min_value": null, "max_value": null }, "geometry": { "type": "Polygon", "coordinates": [ [ [ -88.1107618358228, 13.991828315185911 ], [ -88.1107618358228, 13.978353647561043 ], [ -88.124236503447662, 13.97835364756105 ], [ -88.124236503447662, 13.991828315185911 ], [ -88.1107618358228, 13.991828315185911 ] ] ] } },
{ "type": "Feature", "properties": { "class_id": 3, "area_m2": 2169271.224708274, "class_name": "Normal", "index": "MNDWI", "min_value": null, "max_value": null }, "geometry": { "type": "Polygon", "coordinates": [ [ [ -88.1107618358228, 13.991828315185911 ], [ -88.1107618358228, 14.005302982810777 ], [ -88.097287168197937, 14.005302982810777 ], [ -88.097287168197937, 13.991828315185906 ], [ -88.1107618358228, 13.991828315185911 ] ] ] } },
{ "type": "Feature", "properties": { "class_id": 4, "area_m2": 2177724.0293194735, "class_name": "Alto", "index": "MNDWI", "min_value": null, "max_value": null }, "geometry": { "type": "Polygon", "coordinates": [ [ [ -89.808569956555814, 13.533689615940492 ], [ -89.795095288930952, 13.533689615940492 ], [ -89.795095288930952, 13.520214948315628 ], [ -89.808569956555814, 13.520214948315628 ], [ -89.808569956555814, 13.533689615940492 ] ] ] } },
{ "type": "Feature", "properties": { "class_id": 4, "area_m2": 2177457.3059215993, "class_name": "Alto", "index": "MNDWI", "min_value": null, "max_value": null }, "geometry": { "type": "Polygon", "coordinates": [ [ [ -89.835519291805554, 13.574113618815089 ], [ -89.822044624180691, 13.574113618815085 ], [ -89.822044624180691, 13.560638951190215 ], [ -89.835519291805554, 13.560638951190219 ], [ -89.835519291805554, 13.574113618815089 ] ] ] } },
{ "type": "Feature", "properties": { "class_id": 4, "area_m2": 6530020.8941783998, "class_name": "Alto", "index": "MNDWI", "min_value": null, "max_value": null }, "geometry": { "type": "Polygon", "coordinates": [ [ [ -89.795095288930952, 13.628012289314546 ], [ -89.808569956555814, 13.628012289314542 ], [ -89.808569956555814, 13.654961624564276 ], [ -89.781620621306104, 13.654961624564278 ], [ -89.781620621306104, 13.641486956939413 ], [ -89.795095288930952, 13.641486956939415 ], [ -89.795095288930952, 13.628012289314546 ] ] ] } },
{ "type": "Feature", "properties": { "class_id": 4, "area_m2": 2176032.5782742277, "class_name": "Alto", "index": "MNDWI", "min_value": null, "max_value": null }, "geometry": { "type": "Polygon", "coordinates": [ [ [ -89.741196618431488, 13.695385627438876 ], [ -89.727721950806625, 13.695385627438874 ], [ -89.727721950806625, 13.68191095981401 ], [ -89.741196618431488, 13.681910959814006 ], [ -89.741196618431488, 13.695385627438876 ] ] ] } },
{ "type": "Feature", "properties": { "class_id": 4, "area_m2": 6528681.5405584304, "class_name": "Alto", "index": "MNDWI", "min_value": null, "max_value": null }, "geometry": { "type": "Polygon", "coordinates": [ [ [ -89.822044624180691, 13.695385627438876 ], [ -89.808569956555814, 13.695385627438872 ], [ -89.808569956555814, 13.70886029506374 ], [ -89.795095288930952, 13.70886029506374 ], [ -89.795095288930952, 13.681910959814008 ], [ -89.822044624180691, 13.681910959814006 ], [ -89.822044624180691, 13.695385627438876 ] ] ] } },
{ "type": "Feature", "properties": { "class_id": 4, "area_m2": 2175559.0493545728, "class_name": "Alto", "index": "MNDWI", "min_value": null, "max_value": null }, "geometry": { "type": "Polygon", "coordinates": [ [ [ -89.673823280307161, 13.722334962688608 ], [ -89.660348612682313, 13.722334962688603 ], [ -89.660348612682313, 13.70886029506374 ], [ -89.673823280307161, 13.708860295063737 ], [ -89.673823280307161, 13.722334962688608 ] ] ] } },
{ "type": "Feature", "properties": { "class_id": 4, "area_m2": 2175741.9651825153, "class_name": "Alto", "index": "MNDWI", "min_value": null, "max_value": null }, "geometry": { "type": "Polygon", "coordinates": [ [ [ -89.727721950806625, 13.722334962688603 ], [ -89.714247283181763, 13.722334962688603 ], [ -89.714247283181763, 13.708860295063744 ], [ -89.727721950806625, 13.708860295063733 ], [ -89.727721950806625, 13.722334962688603 ] ] ] } },
{ "type": "Feature", "properties": { "class_id": 4, "area_m2": 2175975.7852141359, "class_name": "Alto", "index": "MNDWI", "min_value": null, "max_value": null }, "geometry": { "type": "Polygon", "coordinates": [ [ [ -89.795095288930952, 13.722334962688606 ], [ -89.781620621306104, 13.722334962688601 ], [ -89.781620621306104, 13.708860295063744 ], [ -89.795095288930952, 13.70886029506374 ], [ -89.795095288930952, 13.722334962688606 ] ] ] } },
{ "type": "Feature", "properties": { "class_id": 4, "area_m2": 2176263.962804947, "class_name": "Alto", "index": "MNDWI", "min_value": null, "max_value": null }, "geometry": { "type": "Polygon", "coordinates": [ [ [ -89.875943294680141, 13.722334962688603 ], [ -89.862468627055279, 13.722334962688604 ], [ -89.862468627055279, 13.708860295063737 ], [ -89.875943294680141, 13.70886029506374 ], [ -89.875943294680141, 13.722334962688603 ] ] ] } },
{ "type": "Feature", "properties": { "class_id": 4, "area_m2": 2176916.7854893017, "class_name": "Alto", "index": "MNDWI", "min_value": null, "max_value": null }, "geometry": { "type": "Polygon", "coordinates": [ [ [ -90.051113973803396, 13.722334962688601 ], [ -90.037639306178534, 13.722334962688606 ], [ -90.037639306178534, 13.708860295063737 ], [ -90.051113973803396, 13.70886029506374 ], [ -90.051113973803396, 13.722334962688601 ] ] ] } },
{ "type": "Feature", "properties": { "class_id": 4, "area_m2": 6528718.7306298418, "class_name": "Alto", "index": "MNDWI", "min_value": null, "max_value": null }, "geometry": { "type": "Polygon", "coordinates": [ [ [ -89.916367297554743, 13.73580963031347 ], [ -89.875943294680141, 13.735809630313467 ], [ -89.875943294680141, 13.722334962688603 ], [ -89.916367297554743, 13.72233496268861 ], [ -89.916367297554743, 13.73580963031347 ] ] ] } },
{ "type": "Feature", "properties": { "class_id": 4, "area_m2": 2175314.3460220662, "class_name": "Alto", "index": "MNDWI", "min_value": null, "max_value": null }, "geometry": { "type": "Polygon", "coordinates": [ [ [ -89.673823280307161, 13.749284297938337 ], [ -89.660348612682313, 13.749284297938333 ], [ -89.660348612682313, 13.73580963031347 ], [ -89.673823280307161, 13.735809630313469 ], [ -89.673823280307161, 13.749284297938337 ] ] ] } },
{ "type": "Feature", "properties": { "class_id": 4, "area_m2": 13060496.159445006, "class_name": "Alto", "index": "MNDWI", "min_value": null, "max_value": null }, "geometry": { "type": "Polygon", "coordinates": [ [ [ -90.078063309053121, 13.735809630313472 ], [ -90.091537976677984, 13.735809630313469 ], [ -90.091537976677984, 13.762758965563197 ], [ -90.10501264430286, 13.762758965563195 ], [ -90.10501264430286, 13.776233633188063 ], [ -90.078063309053121, 13.776233633188063 ], [ -90.078063309053121, 13.749284297938337 ], [ -90.064588641428259, 13.74928429793834 ], [ -90.064588641428259, 13.722334962688606 ], [ -90.078063309053121, 13.722334962688604 ], [ -90.078063309053121, 13.735809630313472 ] ] ] } },
{ "type": "Feature", "properties": { "class_id": 4, "area_m2": 2175069.1698077698, "class_name": "Alto", "index": "MNDWI", "min_value": null, "max_value": null }, "geometry": { "type": "Polygon", "coordinates": [ [ [ -89.673823280307161, 13.776233633188067 ], [ -89.660348612682313, 13.77623363318806 ], [ -89.660348612682313, 13.762758965563197 ], [ -89.673823280307161, 13.762758965563197 ], [ -89.673823280307161, 13.776233633188067 ] ] ] } },
{ "type": "Feature", "properties": { "class_id": 4, "area_m2": 2174991.7492995029, "class_name": "Alto", "index": "MNDWI", "min_value": null, "max_value": null }, "geometry": { "type": "Polygon", "coordinates": [ [ [ -89.687297947932038, 13.789708300812931 ], [ -89.673823280307161, 13.789708300812933 ], [ -89.673823280307161, 13.776233633188067 ], [ -89.687297947932038, 13.776233633188067 ], [ -89.687297947932038, 13.789708300812931 ] ] ] } },
{ "type": "Feature", "properties": { "class_id": 4, "area_m2": 4351843.9473869568, "class_name": "Alto", "index": "MNDWI", "min_value": null, "max_value": null }, "geometry": { "type": "Polygon", "coordinates": [ [ [ -89.95679130042933, 13.789708300812933 ], [ -89.929841965179605, 13.789708300812933 ], [ -89.929841965179605, 13.776233633188067 ], [ -89.95679130042933, 13.77623363318807 ], [ -89.95679130042933, 13.789708300812933 ] ] ] } },
{ "type": "Feature", "properties": { "class_id": 4, "area_m2": 26100992.829878774, "class_name": "Alto", "index": "MNDWI", "min_value": null, "max_value": null }, "geometry": { "type": "Polygon", "coordinates": [ [ [ -89.768145953681227, 13.789708300812929 ], [ -89.754671286056364, 13.789708300812933 ], [ -89.754671286056364, 13.830132303687527 ], [ -89.741196618431488, 13.830132303687522 ], [ -89.741196618431488, 13.816657636062663 ], [ -89.727721950806625, 13.816657636062663 ], [ -89.727721950806625, 13.803182968437797 ], [ -89.7007726155569, 13.803182968437797 ], [ -89.7007726155569, 13.776233633188067 ], [ -89.714247283181763, 13.776233633188067 ], [ -89.714247283181763, 13.789708300812933 ], [ -89.727721950806625, 13.789708300812928 ], [ -89.727721950806625, 13.776233633188063 ], [ -89.741196618431488, 13.776233633188067 ], [ -89.741196618431488, 13.762758965563197 ], [ -89.754671286056364, 13.762758965563195 ], [ -89.754671286056364, 13.776233633188067 ], [ -89.768145953681227, 13.77623363318807 ], [ -89.768145953681227, 13.789708300812929 ] ] ] } },
{ "type": "Feature", "properties": { "class_id": 4, "area_m2": 2175287.2306553232, "class_name": "Alto", "index": "MNDWI", "min_value": null, "max_value": null }, "geometry": { "type": "Polygon", "coordinates": [ [ [ -89.808569956555814, 13.803182968437797 ], [ -89.795095288930952, 13.803182968437797 ], [ -89.795095288930952, 13.789708300812929 ], [ -89.808569956555814, 13.789708300812929 ], [ -89.808569956555814, 13.803182968437797 ] ] ] } },
{ "type": "Feature", "properties": { "class_id": 4, "area_m2": 2175527.704933709, "class_name": "Alto", "index": "MNDWI", "min_value": null, "max_value": null }, "geometry": { "type": "Polygon", "coordinates": [ [ [ -89.875943294680141, 13.803182968437797 ], [ -89.862468627055279, 13.803182968437797 ], [ -89.862468627055279, 13.789708300812928 ], [ -89.875943294680141, 13.789708300812933 ], [ -89.875943294680141, 13.803182968437797 ] ] ] } },
{ "type": "Feature", "properties": { "class_id": 4, "area_m2": 2174791.4070481756, "class_name": "Alto", "index": "MNDWI", "min_value": null, "max_value": null }, "geometry": { "type": "Polygon", "coordinates": [ [ [ -89.7007726155569, 13.81665763606266 ], [ -89.687297947932038, 13.816657636062665 ], [ -89.687297947932038, 13.803182968437797 ], [ -89.7007726155569, 13.803182968437797 ], [ -89.7007726155569, 13.81665763606266 ] ] ] } },
{ "type": "Feature", "properties": { "class_id": 4, "area_m2": 2175307.7184680481, "class_name": "Alto", "index": "MNDWI", "min_value": null, "max_value": null }, "geometry": { "type": "Polygon", "coordinates": [ [ [ -89.848993959430416, 13.816657636062663 ], [ -89.835519291805554, 13.816657636062663 ], [ -89.835519291805554, 13.803182968437797 ], [ -89.848993959430416, 13.803182968437797 ], [ -89.848993959430416, 13.816657636062663 ] ] ] } },
{ "type": "Feature", "properties": { "class_id": 4, "area_m2": 4350733.2187435431, "class_name": "Alto", "index": "MNDWI", "min_value": null, "max_value": null }, "geometry": { "type": "Polygon", "coordinates": [ [ [ -89.916367297554743, 13.843606971312392 ], [ -89.902892629929894, 13.843606971312388 ], [ -89.902892629929894, 13.816657636062663 ], [ -89.916367297554743, 13.816657636062663 ], [ -89.916367297554743, 13.843606971312392 ] ] ] } },
{ "type": "Feature", "properties": { "class_id": 4, "area_m2": 2174937.6879270263, "class_name": "Alto", "index": "MNDWI", "min_value": null, "max_value": null }, "geometry": { "type": "Polygon", "coordinates": [ [ [ -89.848993959430416, 13.857081638937258 ], [ -89.835519291805554, 13.85708163893726 ], [ -89.835519291805554, 13.843606971312392 ], [ -89.848993959430416, 13.843606971312392 ], [ -89.848993959430416, 13.857081638937258 ] ] ] } },
{ "type": "Feature", "properties": { "class_id": 4, "area_m2": 6523888.2567050643, "class_name": "Alto", "index": "MNDWI", "min_value": null, "max_value": null }, "geometry": { "type": "Polygon", "coordinates": [ [ [ -89.822044624180691, 13.870556306562124 ], [ -89.808569956555814, 13.870556306562124 ], [ -89.808569956555814, 13.884030974186981 ], [ -89.795095288930952, 13.884030974186985 ], [ -89.795095288930952, 13.857081638937258 ], [ -89.822044624180691, 13.85708163893726 ], [ -89.822044624180691, 13.870556306562124 ] ] ] } },
{ "type": "Feature", "properties": { "class_id": 4, "area_m2": 2174050.8195393998, "class_name": "Alto", "index": "MNDWI", "min_value": null, "max_value": null }, "geometry": { "type": "Polygon", "coordinates": [ [ [ -89.7007726155569, 13.897505641811856 ], [ -89.687297947932038, 13.897505641811852 ], [ -89.687297947932038, 13.88403097418699 ], [ -89.7007726155569, 13.884030974186995 ], [ -89.7007726155569, 13.897505641811856 ] ] ] } },
{ "type": "Feature", "properties": { "class_id": 4, "area_m2": 2174281.8187949802, "class_name": "Alto", "index": "MNDWI", "min_value": null, "max_value": null }, "geometry": { "type": "Polygon", "coordinates": [ [ [ -89.768145953681227, 13.897505641811851 ], [ -89.754671286056364, 13.897505641811854 ], [ -89.754671286056364, 13.884030974186988 ], [ -89.768145953681227, 13.88403097418699 ], [ -89.768145953681227, 13.897505641811851 ] ] ] } },
{ "type": "Feature", "properties": { "class_id": 4, "area_m2": 2174375.8251548889, "class_name": "Alto", "index": "MNDWI", "min_value": null, "max_value": null }, "geometry": { "type": "Polygon", "coordinates": [ [ [ -89.795095288930952, 13.897505641811852 ], [ -89.781620621306104, 13.897505641811851 ], [ -89.781620621306104, 13.88403097418699 ], [ -89.795095288930952, 13.884030974186985 ], [ -89.795095288930952, 13.897505641811852 ] ] ] } },
{ "type": "Feature", "properties": { "class_id": 4, "area_m2": 2174859.6349117877, "class_name": "Alto", "index": "MNDWI", "min_value": null, "max_value": null }, "geometry": { "type": "Polygon", "coordinates": [ [ [ -89.929841965179605, 13.897505641811854 ], [ -89.916367297554743, 13.897505641811851 ], [ -89.916367297554743, 13.884030974186986 ], [ -89.929841965179605, 13.88403097418699 ], [ -89.929841965179605, 13.897505641811854 ] ] ] } },
{ "type": "Feature", "properties": { "class_id": 4, "area_m2": 2174959.1535601872, "class_name": "Alto", "index": "MNDWI", "min_value": null, "max_value": null }, "geometry": { "type": "Polygon", "coordinates": [ [ [ -89.95679130042933, 13.897505641811859 ], [ -89.943316632804468, 13.897505641811854 ], [ -89.943316632804468, 13.884030974186986 ], [ -89.95679130042933, 13.884030974186986 ], [ -89.95679130042933, 13.897505641811859 ] ] ] } },
{ "type": "Feature", "properties": { "class_id": 4, "area_m2": 19566833.964639284, "class_name": "Alto", "index": "MNDWI", "min_value": null, "max_value": null }, "geometry": { "type": "Polygon", "coordinates": [ [ [ -89.714247283181763, 13.88403097418699 ], [ -89.7007726155569, 13.884030974186995 ], [ -89.7007726155569, 13.870556306562127 ], [ -89.741196618431488, 13.870556306562122 ], [ -89.741196618431488, 13.897505641811851 ], [ -89.727721950806625, 13.897505641811851 ], [ -89.727721950806625, 13.91098030943672 ], [ -89.741196618431488, 13.91098030943672 ], [ -89.741196618431488, 13.924454977061584 ], [ -89.7007726155569, 13.924454977061588 ], [ -89.7007726155569, 13.91098030943672 ], [ -89.714247283181763, 13.91098030943672 ], [ -89.714247283181763, 13.88403097418699 ] ] ] } },
{ "type": "Feature", "properties": { "class_id": 4, "area_m2": 8697864.4760988746, "class_name": "Alto", "index": "MNDWI", "min_value": null, "max_value": null }, "geometry": { "type": "Polygon", "coordinates": [ [ [ -89.862468627055279, 13.924454977061584 ], [ -89.848993959430416, 13.924454977061583 ], [ -89.848993959430416, 13.91098030943672 ], [ -89.835519291805554, 13.91098030943672 ], [ -89.835519291805554, 13.897505641811851 ], [ -89.848993959430416, 13.897505641811854 ], [ -89.848993959430416, 13.884030974186986 ], [ -89.862468627055279, 13.884030974186986 ], [ -89.862468627055279, 13.924454977061584 ] ] ] } },
{ "type": "Feature", "properties": { "class_id": 4, "area_m2": 2174033.9302736423, "class_name": "Alto", "index": "MNDWI", "min_value": null, "max_value": null }, "geometry": { "type": "Polygon", "coordinates": [ [ [ -89.768145953681227, 13.924454977061584 ], [ -89.754671286056364, 13.924454977061583 ], [ -89.754671286056364, 13.91098030943672 ], [ -89.768145953681227, 13.91098030943672 ], [ -89.768145953681227, 13.924454977061584 ] ] ] } },
{ "type": "Feature", "properties": { "class_id": 4, "area_m2": 8700010.1868191268, "class_name": "Alto", "index": "MNDWI", "min_value": null, "max_value": null }, "geometry": { "type": "Polygon", "coordinates": [ [ [ -90.037639306178534, 13.91098030943672 ], [ -90.024164638553657, 13.91098030943672 ], [ -90.024164638553657, 13.937929644686447 ], [ -90.010689970928794, 13.937929644686449 ], [ -90.010689970928794, 13.897505641811854 ], [ -90.037639306178534, 13.897505641811851 ], [ -90.037639306178534, 13.91098030943672 ] ] ] } },
{ "type": "Feature", "properties": { "class_id": 4, "area_m2": 2173956.6725778095, "class_name": "Alto", "index": "MNDWI", "min_value": null, "max_value": null }, "geometry": { "type": "Polygon", "coordinates": [ [ [ -89.781620621306104, 13.937929644686447 ], [ -89.768145953681227, 13.937929644686443 ], [ -89.768145953681227, 13.924454977061584 ], [ -89.781620621306104, 13.924454977061588 ], [ -89.781620621306104, 13.937929644686447 ] ] ] } },
{ "type": "Feature", "properties": { "class_id": 4, "area_m2": 2174146.4225916346, "class_name": "Alto", "index": "MNDWI", "min_value": null, "max_value": null }, "geometry": { "type": "Polygon", "coordinates": [ [ [ -89.835519291805554, 13.93792964468645 ], [ -89.822044624180691, 13.937929644686449 ], [ -89.822044624180691, 13.924454977061577 ], [ -89.835519291805554, 13.924454977061579 ], [ -89.835519291805554, 13.93792964468645 ] ] ] } },
{ "type": "Feature", "properties": { "class_id": 4, "area_m2": 13048248.25823798, "class_name": "Alto", "index": "MNDWI", "min_value": null, "max_value": null }, "geometry": { "type": "Polygon", "coordinates": [ [ [ -89.983740635679069, 13.910980309436717 ], [ -89.997215303303932, 13.91098030943672 ], [ -89.997215303303932, 13.937929644686449 ], [ -90.010689970928794, 13.937929644686449 ], [ -90.010689970928794, 13.951404312311311 ], [ -89.983740635679069, 13.951404312311315 ], [ -89.983740635679069, 13.937929644686445 ], [ -89.95679130042933, 13.937929644686449 ], [ -89.95679130042933, 13.924454977061584 ], [ -89.983740635679069, 13.924454977061574 ], [ -89.983740635679069, 13.910980309436717 ] ] ] } },
{ "type": "Feature", "properties": { "class_id": 4, "area_m2": 2173926.8241717522, "class_name": "Alto", "index": "MNDWI", "min_value": null, "max_value": null }, "geometry": { "type": "Polygon", "coordinates": [ [ [ -89.808569956555814, 13.951404312311311 ], [ -89.795095288930952, 13.951404312311306 ], [ -89.795095288930952, 13.937929644686443 ], [ -89.808569956555814, 13.937929644686449 ], [ -89.808569956555814, 13.951404312311311 ] ] ] } },
{ "type": "Feature", "properties": { "class_id": 4, "area_m2": 2174462.4306926019, "class_name": "Alto", "index": "MNDWI", "min_value": null, "max_value": null }, "geometry": { "type": "Polygon", "coordinates": [ [ [ -89.95679130042933, 13.951404312311311 ], [ -89.943316632804468, 13.951404312311315 ], [ -89.943316632804468, 13.93792964468645 ], [ -89.95679130042933, 13.937929644686449 ], [ -89.95679130042933, 13.951404312311311 ] ] ] } },
{ "type": "Feature", "properties": { "class_id": 4, "area_m2": 2174140.0091295135, "class_name": "Alto", "index": "MNDWI", "min_value": null, "max_value": null }, "geometry": { "type": "Polygon", "coordinates": [ [ [ -89.902892629929894, 13.964878979936181 ], [ -89.889417962305018, 13.964878979936181 ], [ -89.889417962305018, 13.951404312311315 ], [ -89.902892629929894, 13.951404312311309 ], [ -89.902892629929894, 13.964878979936181 ] ] ] } },
{ "type": "Feature", "properties": { "class_id": 4, "area_m2": 2173490.1249837568, "class_name": "Alto", "index": "MNDWI", "min_value": null, "max_value": null }, "geometry": { "type": "Polygon", "coordinates": [ [ [ -89.754671286056364, 13.978353647561047 ], [ -89.741196618431488, 13.978353647561043 ], [ -89.741196618431488, 13.964878979936181 ], [ -89.754671286056364, 13.964878979936181 ], [ -89.754671286056364, 13.978353647561047 ] ] ] } },
{ "type": "Feature", "properties": { "class_id": 4, "area_m2": 10870148.292577039, "class_name": "Alto", "index": "MNDWI", "min_value": null, "max_value": null }, "geometry": { "type": "Polygon", "coordinates": [ [ [ -89.943316632804468, 13.991828315185913 ], [ -89.929841965179605, 13.991828315185908 ], [ -89.929841965179605, 14.005302982810772 ], [ -89.916367297554743, 14.005302982810774 ], [ -89.916367297554743, 13.964878979936181 ], [ -89.943316632804468, 13.964878979936186 ], [ -89.943316632804468, 13.991828315185913 ] ] ] } },
{ "type": "Feature", "properties": { "class_id": 4, "area_m2": 121717287.5180714, "class_name": "Alto", "index": "MNDWI", "min_value": null, "max_value": null }, "geometry": { "type": "Polygon", "coordinates": [ [ [ -89.768145953681227, 13.978353647561043 ], [ -89.768145953681227, 13.964878979936181 ], [ -89.781620621306104, 13.964878979936181 ], [ -89.781620621306104, 13.978353647561045 ], [ -89.808569956555814, 13.97835364756104 ], [ -89.808569956555814, 13.991828315185911 ], [ -89.822044624180691, 13.991828315185913 ], [ -89.822044624180691, 13.964878979936181 ], [ -89.808569956555814, 13.964878979936183 ], [ -89.808569956555814, 13.951404312311311 ], [ -89.848993959430416, 13.951404312311311 ], [ -89.848993959430416, 13.964878979936181 ], [ -89.889417962305018, 13.964878979936181 ], [ -89.889417962305018, 13.978353647561045 ], [ -89.902892629929894, 13.978353647561038 ], [ -89.902892629929894, 14.032252318060504 ], [ -89.889417962305018, 14.032252318060506 ], [ -89.889417962305018, 14.045726985685366 ], [ -89.862468627055279, 14.045726985685372 ], [ -89.862468627055279, 14.059201653310234 ], [ -89.808569956555814, 14.059201653310234 ], [ -89.808569956555814, 14.045726985685372 ], [ -89.781620621306104, 14.04572698568537 ], [ -89.781620621306104, 14.032252318060502 ], [ -89.795095288930952, 14.032252318060502 ], [ -89.795095288930952, 14.018777650435643 ], [ -89.808569956555814, 14.018777650435641 ], [ -89.808569956555814, 14.00530298281077 ], [ -89.727721950806625, 14.005302982810772 ], [ -89.727721950806625, 13.978353647561047 ], [ -89.741196618431488, 13.978353647561043 ], [ -89.741196618431488, 13.991828315185913 ], [ -89.754671286056364, 13.991828315185911 ], [ -89.754671286056364, 13.978353647561047 ], [ -89.768145953681227, 13.978353647561043 ] ], [ [ -89.875943294680141, 13.978353647561041 ], [ -89.875943294680141, 13.991828315185906 ], [ -89.889417962305018, 13.991828315185911 ], [ -89.889417962305018, 13.978353647561045 ], [ -89.875943294680141, 13.978353647561041 ] ], [ [ -89.862468627055279, 14.032252318060504 ], [ -89.822044624180691, 14.032252318060509 ], [ -89.822044624180691, 14.045726985685365 ], [ -89.862468627055279, 14.045726985685372 ], [ -89.862468627055279, 14.032252318060504 ] ] ] } },
{ "type": "Feature", "properties": { "class_id": 4, "area_m2": 2171974.993864262, "class_name": "Alto", "index": "MNDWI", "min_value": null, "max_value": null }, "geometry": { "type": "Polygon", "coordinates": [ [ [ -89.714247283181763, 14.126574991434564 ], [ -89.7007726155569, 14.126574991434564 ], [ -89.7007726155569, 14.113100323809698 ], [ -89.714247283181763, 14.113100323809698 ], [ -89.714247283181763, 14.126574991434564 ] ] ] } },
{ "type": "Feature", "properties": { "class_id": 4, "area_m2": 6514627.0936036166, "class_name": "Alto", "index": "MNDWI", "min_value": null, "max_value": null }, "geometry": { "type": "Polygon", "coordinates": [ [ [ -89.673823280307161, 14.153524326684289 ], [ -89.687297947932038, 14.153524326684289 ], [ -89.687297947932038, 14.166998994309159 ], [ -89.660348612682313, 14.166998994309157 ], [ -89.660348612682313, 14.140049659059429 ], [ -89.673823280307161, 14.140049659059429 ], [ -89.673823280307161, 14.153524326684289 ] ] ] } },
{ "type": "Feature", "properties": { "class_id": 4, "area_m2": 6529779.033232511, "class_name": "Alto", "index": "MNDWI", "min_value": null, "max_value": null }, "geometry": { "type": "Polygon", "coordinates": [ [ [ -89.363905924935267, 13.493265613065901 ], [ -89.377380592560129, 13.493265613065899 ], [ -89.377380592560129, 13.506740280690758 ], [ -89.350431257310419, 13.506740280690762 ], [ -89.350431257310419, 13.479790945441032 ], [ -89.363905924935267, 13.479790945441032 ], [ -89.363905924935267, 13.493265613065901 ] ] ] } },
{ "type": "Feature", "properties": { "class_id": 4, "area_m2": 4353815.8030948816, "class_name": "Alto", "index": "MNDWI", "min_value": null, "max_value": null }, "geometry": { "type": "Polygon", "coordinates": [ [ [ -89.49865260118392, 13.506740280690762 ], [ -89.471703265934181, 13.506740280690757 ], [ -89.471703265934181, 13.493265613065898 ], [ -89.49865260118392, 13.493265613065899 ], [ -89.49865260118392, 13.506740280690762 ] ] ] } },
{ "type": "Feature", "properties": { "class_id": 4, "area_m2": 2177067.1980948709, "class_name": "Alto", "index": "MNDWI", "min_value": null, "max_value": null }, "geometry": { "type": "Polygon", "coordinates": [ [ [ -89.579500606933109, 13.520214948315623 ], [ -89.566025939308247, 13.520214948315626 ], [ -89.566025939308247, 13.50674028069076 ], [ -89.579500606933109, 13.506740280690762 ], [ -89.579500606933109, 13.520214948315623 ] ] ] } },
{ "type": "Feature", "properties": { "class_id": 4, "area_m2": 4354025.3848928856, "class_name": "Alto", "index": "MNDWI", "min_value": null, "max_value": null }, "geometry": { "type": "Polygon", "coordinates": [ [ [ -89.579500606933109, 13.520214948315623 ], [ -89.606449942182834, 13.520214948315623 ], [ -89.606449942182834, 13.533689615940492 ], [ -89.579500606933109, 13.533689615940494 ], [ -89.579500606933109, 13.520214948315623 ] ] ] } },
{ "type": "Feature", "properties": { "class_id": 4, "area_m2": 4352351.2490824824, "class_name": "Alto", "index": "MNDWI", "min_value": null, "max_value": null }, "geometry": { "type": "Polygon", "coordinates": [ [ [ -89.377380592560129, 13.54716428356536 ], [ -89.350431257310419, 13.547164283565355 ], [ -89.350431257310419, 13.533689615940492 ], [ -89.377380592560129, 13.533689615940492 ], [ -89.377380592560129, 13.54716428356536 ] ] ] } },
{ "type": "Feature", "properties": { "class_id": 4, "area_m2": 2176317.6419001166, "class_name": "Alto", "index": "MNDWI", "min_value": null, "max_value": null }, "geometry": { "type": "Polygon", "coordinates": [ [ [ -89.417804595434731, 13.547164283565353 ], [ -89.404329927809869, 13.547164283565358 ], [ -89.404329927809869, 13.533689615940492 ], [ -89.417804595434731, 13.533689615940492 ], [ -89.417804595434731, 13.547164283565353 ] ] ] } },
{ "type": "Feature", "properties": { "class_id": 4, "area_m2": 2175874.2640416706, "class_name": "Alto", "index": "MNDWI", "min_value": null, "max_value": null }, "geometry": { "type": "Polygon", "coordinates": [ [ [ -89.350431257310419, 13.574113618815089 ], [ -89.336956589685542, 13.574113618815083 ], [ -89.336956589685542, 13.560638951190221 ], [ -89.350431257310419, 13.560638951190223 ], [ -89.350431257310419, 13.574113618815089 ] ] ] } },
{ "type": "Feature", "properties": { "class_id": 4, "area_m2": 102273341.63090748, "class_name": "Alto", "index": "MNDWI", "min_value": null, "max_value": null }, "geometry": { "type": "Polygon", "coordinates": [ [ [ -89.404329927809869, 13.50674028069076 ], [ -89.404329927809869, 13.493265613065898 ], [ -89.458228598309319, 13.493265613065903 ], [ -89.458228598309319, 13.520214948315628 ], [ -89.444753930684456, 13.520214948315628 ], [ -89.444753930684456, 13.533689615940492 ], [ -89.458228598309319, 13.533689615940496 ], [ -89.458228598309319, 13.560638951190219 ], [ -89.431279263059594, 13.560638951190219 ], [ -89.431279263059594, 13.601062954064819 ], [ -89.444753930684456, 13.601062954064822 ], [ -89.444753930684456, 13.61453762168968 ], [ -89.458228598309319, 13.61453762168968 ], [ -89.458228598309319, 13.641486956939412 ], [ -89.444753930684456, 13.641486956939413 ], [ -89.444753930684456, 13.628012289314544 ], [ -89.431279263059594, 13.628012289314549 ], [ -89.431279263059594, 13.641486956939413 ], [ -89.377380592560129, 13.641486956939412 ], [ -89.377380592560129, 13.628012289314546 ], [ -89.350431257310419, 13.628012289314549 ], [ -89.350431257310419, 13.601062954064822 ], [ -89.377380592560129, 13.601062954064822 ], [ -89.377380592560129, 13.614537621689685 ], [ -89.390855260184992, 13.614537621689685 ], [ -89.390855260184992, 13.587588286439953 ], [ -89.377380592560129, 13.587588286439953 ], [ -89.377380592560129, 13.560638951190219 ], [ -89.390855260184992, 13.560638951190219 ], [ -89.390855260184992, 13.547164283565358 ], [ -89.404329927809869, 13.547164283565358 ], [ -89.404329927809869, 13.560638951190223 ], [ -89.417804595434731, 13.560638951190217 ], [ -89.417804595434731, 13.547164283565353 ], [ -89.431279263059594, 13.547164283565358 ], [ -89.431279263059594, 13.520214948315632 ], [ -89.390855260184992, 13.520214948315623 ], [ -89.390855260184992, 13.533689615940492 ], [ -89.377380592560129, 13.533689615940492 ], [ -89.377380592560129, 13.506740280690758 ], [ -89.404329927809869, 13.50674028069076 ] ], [ [ -89.390855260184992, 13.628012289314549 ], [ -89.404329927809869, 13.628012289314546 ], [ -89.404329927809869, 13.614537621689681 ], [ -89.390855260184992, 13.614537621689685 ], [ -89.390855260184992, 13.628012289314549 ] ] ] } },
{ "type": "Feature", "properties": { "class_id": 4, "area_m2": 2176376.6781940875, "class_name": "Alto", "index": "MNDWI", "min_value": null, "max_value": null }, "geometry": { "type": "Polygon", "coordinates": [ [ [ -89.552551271683384, 13.587588286439953 ], [ -89.539076604058522, 13.587588286439953 ], [ -89.539076604058522, 13.57411361881509 ], [ -89.552551271683384, 13.574113618815087 ], [ -89.552551271683384, 13.587588286439953 ] ] ] } },
{ "type": "Feature", "properties": { "class_id": 4, "area_m2": 4351225.3686896479, "class_name": "Alto", "index": "MNDWI", "min_value": null, "max_value": null }, "geometry": { "type": "Polygon", "coordinates": [ [ [ -89.350431257310419, 13.601062954064822 ], [ -89.323481922060665, 13.601062954064817 ], [ -89.323481922060665, 13.587588286439953 ], [ -89.350431257310419, 13.587588286439953 ], [ -89.350431257310419, 13.601062954064822 ] ] ] } },
{ "type": "Feature", "properties": { "class_id": 4, "area_m2": 15222751.808682716, "class_name": "Alto", "index": "MNDWI", "min_value": null, "max_value": null }, "geometry": { "type": "Polygon", "coordinates": [ [ [ -89.404329927809869, 13.735809630313472 ], [ -89.336956589685542, 13.735809630313474 ], [ -89.336956589685542, 13.722334962688606 ], [ -89.350431257310419, 13.722334962688604 ], [ -89.350431257310419, 13.708860295063737 ], [ -89.377380592560129, 13.708860295063744 ], [ -89.377380592560129, 13.722334962688604 ], [ -89.404329927809869, 13.722334962688606 ], [ -89.404329927809869, 13.735809630313472 ] ] ] } },
{ "type": "Feature", "properties": { "class_id": 4, "area_m2": 6524338.7965049893, "class_name": "Alto", "index": "MNDWI", "min_value": null, "max_value": null }, "geometry": { "type": "Polygon", "coordinates": [ [ [ -89.458228598309319, 13.722334962688603 ], [ -89.444753930684456, 13.722334962688606 ], [ -89.444753930684456, 13.735809630313469 ], [ -89.431279263059594, 13.735809630313469 ], [ -89.431279263059594, 13.708860295063744 ], [ -89.458228598309319, 13.70886029506374 ], [ -89.458228598309319, 13.722334962688603 ] ] ] } },
{ "type": "Feature", "properties": { "class_id": 4, "area_m2": 4349033.0496615255, "class_name": "Alto", "index": "MNDWI", "min_value": null, "max_value": null }, "geometry": { "type": "Polygon", "coordinates": [ [ [ -89.431279263059594, 13.749284297938337 ], [ -89.404329927809869, 13.749284297938337 ], [ -89.404329927809869, 13.735809630313472 ], [ -89.431279263059594, 13.735809630313469 ], [ -89.431279263059594, 13.749284297938337 ] ] ] } },
{ "type": "Feature", "properties": { "class_id": 4, "area_m2": 2174455.8334915466, "class_name": "Alto", "index": "MNDWI", "min_value": null, "max_value": null }, "geometry": { "type": "Polygon", "coordinates": [ [ [ -89.431279263059594, 13.749284297938337 ], [ -89.444753930684456, 13.749284297938337 ], [ -89.444753930684456, 13.762758965563199 ], [ -89.431279263059594, 13.762758965563203 ], [ -89.431279263059594, 13.749284297938337 ] ] ] } },
{ "type": "Feature", "properties": { "class_id": 4, "area_m2": 2175101.785291139, "class_name": "Alto", "index": "MNDWI", "min_value": null, "max_value": null }, "geometry": { "type": "Polygon", "coordinates": [ [ [ -89.646873945057436, 13.762758965563203 ], [ -89.633399277432574, 13.762758965563203 ], [ -89.633399277432574, 13.74928429793834 ], [ -89.646873945057436, 13.749284297938337 ], [ -89.646873945057436, 13.762758965563203 ] ] ] } },
{ "type": "Feature", "properties": { "class_id": 4, "area_m2": 6522013.4513135031, "class_name": "Alto", "index": "MNDWI", "min_value": null, "max_value": null }, "geometry": { "type": "Polygon", "coordinates": [ [ [ -89.350431257310419, 13.776233633188067 ], [ -89.363905924935267, 13.776233633188061 ], [ -89.363905924935267, 13.789708300812928 ], [ -89.336956589685542, 13.789708300812935 ], [ -89.336956589685542, 13.762758965563197 ], [ -89.350431257310419, 13.762758965563199 ], [ -89.350431257310419, 13.776233633188067 ] ] ] } },
{ "type": "Feature", "properties": { "class_id": 4, "area_m2": 2173764.6968561378, "class_name": "Alto", "index": "MNDWI", "min_value": null, "max_value": null }, "geometry": { "type": "Polygon", "coordinates": [ [ [ -89.336956589685542, 13.803182968437799 ], [ -89.323481922060665, 13.803182968437797 ], [ -89.323481922060665, 13.789708300812933 ], [ -89.336956589685542, 13.789708300812935 ], [ -89.336956589685542, 13.803182968437799 ] ] ] } },
{ "type": "Feature", "properties": { "class_id": 4, "area_m2": 10870410.579903737, "class_name": "Alto", "index": "MNDWI", "min_value": null, "max_value": null }, "geometry": { "type": "Polygon", "coordinates": [ [ [ -89.444753930684456, 13.776233633188061 ], [ -89.458228598309319, 13.776233633188069 ], [ -89.458228598309319, 13.803182968437797 ], [ -89.444753930684456, 13.803182968437797 ], [ -89.444753930684456, 13.816657636062658 ], [ -89.431279263059594, 13.816657636062661 ], [ -89.431279263059594, 13.803182968437797 ], [ -89.417804595434731, 13.803182968437797 ], [ -89.417804595434731, 13.789708300812933 ], [ -89.444753930684456, 13.789708300812933 ], [ -89.444753930684456, 13.776233633188061 ] ] ] } },
{ "type": "Feature", "properties": { "class_id": 4, "area_m2": 2174255.0340517214, "class_name": "Alto", "index": "MNDWI", "min_value": null, "max_value": null }, "geometry": { "type": "Polygon", "coordinates": [ [ [ -89.485177933559058, 13.803182968437797 ], [ -89.485177933559058, 13.789708300812928 ], [ -89.49865260118392, 13.789708300812931 ], [ -89.49865260118392, 13.803182968437797 ], [ -89.485177933559058, 13.803182968437797 ] ] ] } },
{ "type": "Feature", "properties": { "class_id": 4, "area_m2": 13043271.286976619, "class_name": "Alto", "index": "MNDWI", "min_value": null, "max_value": null }, "geometry": { "type": "Polygon", "coordinates": [ [ [ -89.404329927809869, 13.803182968437797 ], [ -89.390855260184992, 13.803182968437797 ], [ -89.390855260184992, 13.830132303687526 ], [ -89.377380592560129, 13.830132303687524 ], [ -89.377380592560129, 13.803182968437797 ], [ -89.363905924935267, 13.803182968437794 ], [ -89.363905924935267, 13.789708300812928 ], [ -89.390855260184992, 13.789708300812931 ], [ -89.390855260184992, 13.776233633188069 ], [ -89.404329927809869, 13.776233633188067 ], [ -89.404329927809869, 13.803182968437797 ] ] ] } },
{ "type": "Feature", "properties": { "class_id": 4, "area_m2": 2174090.0148426928, "class_name": "Alto", "index": "MNDWI", "min_value": null, "max_value": null }, "geometry": { "type": "Polygon", "coordinates": [ [ [ -89.471703265934181, 13.803182968437794 ], [ -89.485177933559058, 13.803182968437797 ], [ -89.485177933559058, 13.816657636062658 ], [ -89.471703265934181, 13.816657636062663 ], [ -89.471703265934181, 13.803182968437794 ] ] ] } },
{ "type": "Feature", "properties": { "class_id": 4, "area_m2": 4347642.7150073741, "class_name": "Alto", "index": "MNDWI", "min_value": null, "max_value": null }, "geometry": { "type": "Polygon", "coordinates": [ [ [ -89.417804595434731, 13.830132303687522 ], [ -89.404329927809869, 13.830132303687524 ], [ -89.404329927809869, 13.803182968437797 ], [ -89.417804595434731, 13.803182968437797 ], [ -89.417804595434731, 13.830132303687522 ] ] ] } },
{ "type": "Feature", "properties": { "class_id": 4, "area_m2": 2173515.3130099387, "class_name": "Alto", "index": "MNDWI", "min_value": null, "max_value": null }, "geometry": { "type": "Polygon", "coordinates": [ [ [ -89.377380592560129, 13.843606971312393 ], [ -89.363905924935267, 13.843606971312393 ], [ -89.363905924935267, 13.83013230368752 ], [ -89.377380592560129, 13.830132303687524 ], [ -89.377380592560129, 13.843606971312393 ] ] ] } },
{ "type": "Feature", "properties": { "class_id": 4, "area_m2": 2173729.6765490314, "class_name": "Alto", "index": "MNDWI", "min_value": null, "max_value": null }, "geometry": { "type": "Polygon", "coordinates": [ [ [ -89.566025939308247, 13.88403097418699 ], [ -89.552551271683384, 13.884030974186985 ], [ -89.552551271683384, 13.870556306562124 ], [ -89.566025939308247, 13.870556306562127 ], [ -89.566025939308247, 13.88403097418699 ] ] ] } },
{ "type": "Feature", "properties": { "class_id": 4, "area_m2": 4347350.2634572713, "class_name": "Alto", "index": "MNDWI", "min_value": null, "max_value": null }, "geometry": { "type": "Polygon", "coordinates": [ [ [ -89.606449942182834, 13.91098030943672 ], [ -89.592975274557972, 13.91098030943672 ], [ -89.592975274557972, 13.88403097418699 ], [ -89.606449942182834, 13.884030974186985 ], [ -89.606449942182834, 13.91098030943672 ] ] ] } },
{ "type": "Feature", "properties": { "class_id": 4, "area_m2": 8694854.5787227023, "class_name": "Alto", "index": "MNDWI", "min_value": null, "max_value": null }, "geometry": { "type": "Polygon", "coordinates": [ [ [ -89.660348612682313, 13.924454977061583 ], [ -89.619924609807711, 13.924454977061584 ], [ -89.619924609807711, 13.910980309436722 ], [ -89.633399277432574, 13.91098030943672 ], [ -89.633399277432574, 13.897505641811854 ], [ -89.646873945057436, 13.897505641811851 ], [ -89.646873945057436, 13.910980309436724 ], [ -89.660348612682313, 13.910980309436722 ], [ -89.660348612682313, 13.924454977061583 ] ] ] } },
{ "type": "Feature", "properties": { "class_id": 4, "area_m2": 2173241.1873496156, "class_name": "Alto", "index": "MNDWI", "min_value": null, "max_value": null }, "geometry": { "type": "Polygon", "coordinates": [ [ [ -89.606449942182834, 13.951404312311315 ], [ -89.592975274557972, 13.951404312311315 ], [ -89.592975274557972, 13.937929644686454 ], [ -89.606449942182834, 13.937929644686454 ], [ -89.606449942182834, 13.951404312311315 ] ] ] } },
{ "type": "Feature", "properties": { "class_id": 4, "area_m2": 23898497.56235379, "class_name": "Alto", "index": "MNDWI", "min_value": null, "max_value": null }, "geometry": { "type": "Polygon", "coordinates": [ [ [ -89.512127268808783, 13.978353647561047 ], [ -89.525601936433645, 13.978353647561041 ], [ -89.525601936433645, 13.964878979936181 ], [ -89.539076604058522, 13.964878979936181 ], [ -89.539076604058522, 13.97835364756104 ], [ -89.552551271683384, 13.97835364756105 ], [ -89.552551271683384, 13.991828315185911 ], [ -89.566025939308247, 13.991828315185908 ], [ -89.566025939308247, 14.018777650435641 ], [ -89.525601936433645, 14.018777650435641 ], [ -89.525601936433645, 14.005302982810772 ], [ -89.512127268808783, 14.005302982810772 ], [ -89.512127268808783, 13.978353647561047 ] ] ] } },
{ "type": "Feature", "properties": { "class_id": 4, "area_m2": 15202553.689393967, "class_name": "Alto", "index": "MNDWI", "min_value": null, "max_value": null }, "geometry": { "type": "Polygon", "coordinates": [ [ [ -89.444753930684456, 14.032252318060502 ], [ -89.458228598309319, 14.032252318060507 ], [ -89.458228598309319, 14.045726985685368 ], [ -89.485177933559058, 14.045726985685366 ], [ -89.485177933559058, 14.072676320935106 ], [ -89.458228598309319, 14.072676320935106 ], [ -89.458228598309319, 14.059201653310234 ], [ -89.431279263059594, 14.059201653310234 ], [ -89.431279263059594, 14.04572698568537 ], [ -89.444753930684456, 14.045726985685368 ], [ -89.444753930684456, 14.032252318060502 ] ] ] } },
{ "type": "Feature", "properties": { "class_id": 4, "area_m2": 2172466.2803814309, "class_name": "Alto", "index": "MNDWI", "min_value": null, "max_value": null }, "geometry": { "type": "Polygon", "coordinates": [ [ [ -89.673823280307161, 14.059201653310234 ], [ -89.660348612682313, 14.059201653310232 ], [ -89.660348612682313, 14.045726985685366 ], [ -89.673823280307161, 14.045726985685366 ], [ -89.673823280307161, 14.059201653310234 ] ] ] } },
{ "type": "Feature", "properties": { "class_id": 4, "area_m2": 4343928.7704413338, "class_name": "Alto", "index": "MNDWI", "min_value": null, "max_value": null }, "geometry": { "type": "Polygon", "coordinates": [ [ [ -89.539076604058522, 14.072676320935104 ], [ -89.525601936433645, 14.072676320935102 ], [ -89.525601936433645, 14.045726985685366 ], [ -89.539076604058522, 14.045726985685373 ], [ -89.539076604058522, 14.072676320935104 ] ] ] } },
{ "type": "Feature", "properties": { "class_id": 4, "area_m2": 193347647.92264634, "class_name": "Alto", "index": "MNDWI", "min_value": null, "max_value": null }, "geometry": { "type": "Polygon", "coordinates": [ [ [ -89.592975274557972, 13.991828315185909 ], [ -89.592975274557972, 14.005302982810772 ], [ -89.619924609807711, 14.005302982810772 ], [ -89.619924609807711, 13.991828315185909 ], [ -89.646873945057436, 13.991828315185908 ], [ -89.646873945057436, 13.978353647561047 ], [ -89.660348612682313, 13.978353647561041 ], [ -89.660348612682313, 13.964878979936181 ], [ -89.619924609807711, 13.964878979936181 ], [ -89.619924609807711, 13.951404312311315 ], [ -89.633399277432574, 13.951404312311309 ], [ -89.633399277432574, 13.937929644686454 ], [ -89.660348612682313, 13.937929644686449 ], [ -89.660348612682313, 13.951404312311309 ], [ -89.687297947932038, 13.951404312311309 ], [ -89.687297947932038, 13.937929644686447 ], [ -89.7007726155569, 13.937929644686449 ], [ -89.7007726155569, 14.005302982810772 ], [ -89.727721950806625, 14.005302982810772 ], [ -89.727721950806625, 14.032252318060502 ], [ -89.741196618431488, 14.032252318060507 ], [ -89.741196618431488, 14.045726985685366 ], [ -89.714247283181763, 14.045726985685368 ], [ -89.714247283181763, 14.059201653310234 ], [ -89.741196618431488, 14.059201653310234 ], [ -89.741196618431488, 14.072676320935102 ], [ -89.727721950806625, 14.072676320935102 ], [ -89.727721950806625, 14.099625656184834 ], [ -89.714247283181763, 14.099625656184829 ], [ -89.714247283181763, 14.072676320935102 ], [ -89.7007726155569, 14.072676320935102 ], [ -89.7007726155569, 14.086150988559966 ], [ -89.687297947932038, 14.086150988559965 ], [ -89.687297947932038, 14.099625656184829 ], [ -89.660348612682313, 14.099625656184834 ], [ -89.660348612682313, 14.140049659059429 ], [ -89.633399277432574, 14.140049659059423 ], [ -89.633399277432574, 14.126574991434564 ], [ -89.606449942182834, 14.12657499143457 ], [ -89.606449942182834, 14.140049659059427 ], [ -89.592975274557972, 14.140049659059427 ], [ -89.592975274557972, 14.180473661934025 ], [ -89.579500606933109, 14.180473661934025 ], [ -89.579500606933109, 14.166998994309159 ], [ -89.566025939308247, 14.166998994309157 ], [ -89.566025939308247, 14.126574991434566 ], [ -89.579500606933109, 14.126574991434564 ], [ -89.579500606933109, 14.113100323809698 ], [ -89.592975274557972, 14.113100323809695 ], [ -89.592975274557972, 14.099625656184834 ], [ -89.606449942182834, 14.099625656184832 ], [ -89.606449942182834, 14.113100323809695 ], [ -89.619924609807711, 14.1131003238097 ], [ -89.619924609807711, 14.099625656184839 ], [ -89.633399277432574, 14.099625656184836 ], [ -89.633399277432574, 14.072676320935102 ], [ -89.673823280307161, 14.072676320935102 ], [ -89.673823280307161, 14.059201653310234 ], [ -89.7007726155569, 14.059201653310234 ], [ -89.7007726155569, 14.032252318060507 ], [ -89.673823280307161, 14.032252318060511 ], [ -89.673823280307161, 14.018777650435641 ], [ -89.660348612682313, 14.018777650435641 ], [ -89.660348612682313, 14.005302982810772 ], [ -89.646873945057436, 14.005302982810772 ], [ -89.646873945057436, 14.032252318060504 ], [ -89.619924609807711, 14.032252318060504 ], [ -89.619924609807711, 14.059201653310234 ], [ -89.606449942182834, 14.059201653310232 ], [ -89.606449942182834, 14.072676320935102 ], [ -89.592975274557972, 14.072676320935102 ], [ -89.592975274557972, 14.059201653310232 ], [ -89.579500606933109, 14.059201653310234 ], [ -89.579500606933109, 14.072676320935102 ], [ -89.566025939308247, 14.072676320935106 ], [ -89.566025939308247, 14.059201653310234 ], [ -89.552551271683384, 14.059201653310234 ], [ -89.552551271683384, 14.045726985685368 ], [ -89.566025939308247, 14.045726985685366 ], [ -89.566025939308247, 14.018777650435641 ], [ -89.579500606933109, 14.018777650435641 ], [ -89.579500606933109, 13.991828315185908 ], [ -89.592975274557972, 13.991828315185909 ] ], [ [ -89.633399277432574, 14.113100323809697 ], [ -89.646873945057436, 14.113100323809698 ], [ -89.646873945057436, 14.099625656184831 ], [ -89.633399277432574, 14.099625656184836 ], [ -89.633399277432574, 14.113100323809697 ] ], [ [ -89.619924609807711, 14.018777650435641 ], [ -89.606449942182834, 14.018777650435641 ], [ -89.606449942182834, 14.032252318060507 ], [ -89.619924609807711, 14.032252318060504 ], [ -89.619924609807711, 14.018777650435641 ] ], [ [ -89.579500606933109, 14.032252318060507 ], [ -89.579500606933109, 14.04572698568537 ], [ -89.606449942182834, 14.045726985685373 ], [ -89.606449942182834, 14.032252318060507 ], [ -89.579500606933109, 14.032252318060507 ] ], [ [ -89.687297947932038, 13.991828315185911 ], [ -89.687297947932038, 13.978353647561045 ], [ -89.673823280307161, 13.978353647561047 ], [ -89.673823280307161, 13.991828315185911 ], [ -89.687297947932038, 13.991828315185911 ] ] ] } },
{ "type": "Feature", "properties": { "class_id": 4, "area_m2": 2171737.1185389371, "class_name": "Alto", "index": "MNDWI", "min_value": null, "max_value": null }, "geometry": { "type": "Polygon", "coordinates": [ [ [ -89.566025939308247, 14.099625656184834 ], [ -89.552551271683384, 14.099625656184836 ], [ -89.552551271683384, 14.086150988559965 ], [ -89.566025939308247, 14.086150988559972 ], [ -89.566025939308247, 14.099625656184834 ] ] ] } },
{ "type": "Feature", "properties": { "class_id": 4, "area_m2": 17370766.38300642, "class_name": "Alto", "index": "MNDWI", "min_value": null, "max_value": null }, "geometry": { "type": "Polygon", "coordinates": [ [ [ -89.512127268808783, 14.1131003238097 ], [ -89.552551271683384, 14.113100323809693 ], [ -89.552551271683384, 14.126574991434561 ], [ -89.512127268808783, 14.126574991434566 ], [ -89.512127268808783, 14.140049659059425 ], [ -89.49865260118392, 14.140049659059423 ], [ -89.49865260118392, 14.126574991434564 ], [ -89.485177933559058, 14.126574991434564 ], [ -89.485177933559058, 14.099625656184831 ], [ -89.512127268808783, 14.099625656184834 ], [ -89.512127268808783, 14.1131003238097 ] ] ] } },
{ "type": "Feature", "properties": { "class_id": 4, "area_m2": 2170772.7792253825, "class_name": "Alto", "index": "MNDWI", "min_value": null, "max_value": null }, "geometry": { "type": "Polygon", "coordinates": [ [ [ -89.579500606933109, 14.207422997183754 ], [ -89.566025939308247, 14.207422997183752 ], [ -89.566025939308247, 14.193948329558886 ], [ -89.579500606933109, 14.193948329558889 ], [ -89.579500606933109, 14.207422997183754 ] ] ] } },
{ "type": "Feature", "properties": { "class_id": 4, "area_m2": 6510402.2585996659, "class_name": "Alto", "index": "MNDWI", "min_value": null, "max_value": null }, "geometry": { "type": "Polygon", "coordinates": [ [ [ -89.525601936433645, 14.247847000058346 ], [ -89.512127268808783, 14.247847000058352 ], [ -89.512127268808783, 14.261321667683211 ], [ -89.49865260118392, 14.261321667683211 ], [ -89.49865260118392, 14.234372332433486 ], [ -89.525601936433645, 14.234372332433486 ], [ -89.525601936433645, 14.247847000058346 ] ] ] } },
{ "type": "Feature", "properties": { "class_id": 4, "area_m2": 2169799.6731244959, "class_name": "Alto", "index": "MNDWI", "min_value": null, "max_value": null }, "geometry": { "type": "Polygon", "coordinates": [ [ [ -89.471703265934181, 14.274796335308082 ], [ -89.458228598309319, 14.274796335308082 ], [ -89.458228598309319, 14.261321667683211 ], [ -89.471703265934181, 14.261321667683218 ], [ -89.471703265934181, 14.274796335308082 ] ] ] } },
{ "type": "Feature", "properties": { "class_id": 4, "area_m2": 2170052.9117340036, "class_name": "Alto", "index": "MNDWI", "min_value": null, "max_value": null }, "geometry": { "type": "Polygon", "coordinates": [ [ [ -89.552551271683384, 14.274796335308078 ], [ -89.539076604058522, 14.274796335308084 ], [ -89.539076604058522, 14.261321667683216 ], [ -89.552551271683384, 14.261321667683214 ], [ -89.552551271683384, 14.274796335308078 ] ] ] } },
{ "type": "Feature", "properties": { "class_id": 4, "area_m2": 2169671.0651368275, "class_name": "Alto", "index": "MNDWI", "min_value": null, "max_value": null }, "geometry": { "type": "Polygon", "coordinates": [ [ [ -89.512127268808783, 14.301745670557811 ], [ -89.49865260118392, 14.301745670557809 ], [ -89.49865260118392, 14.288271002932946 ], [ -89.512127268808783, 14.288271002932946 ], [ -89.512127268808783, 14.301745670557811 ] ] ] } },
{ "type": "Feature", "properties": { "class_id": 4, "area_m2": 2169294.7877595085, "class_name": "Alto", "index": "MNDWI", "min_value": null, "max_value": null }, "geometry": { "type": "Polygon", "coordinates": [ [ [ -89.431279263059594, 14.315220338182678 ], [ -89.417804595434731, 14.315220338182673 ], [ -89.417804595434731, 14.301745670557812 ], [ -89.431279263059594, 14.301745670557816 ], [ -89.431279263059594, 14.315220338182678 ] ] ] } },
{ "type": "Feature", "properties": { "class_id": 4, "area_m2": 2169204.9978653211, "class_name": "Alto", "index": "MNDWI", "min_value": null, "max_value": null }, "geometry": { "type": "Polygon", "coordinates": [ [ [ -89.485177933559058, 14.342169673432409 ], [ -89.471703265934181, 14.342169673432409 ], [ -89.471703265934181, 14.328695005807539 ], [ -89.485177933559058, 14.328695005807541 ], [ -89.485177933559058, 14.342169673432409 ] ] ] } },
{ "type": "Feature", "properties": { "class_id": 4, "area_m2": 23858267.856348082, "class_name": "Alto", "index": "MNDWI", "min_value": null, "max_value": null }, "geometry": { "type": "Polygon", "coordinates": [ [ [ -89.471703265934181, 14.369119008682134 ], [ -89.444753930684456, 14.369119008682141 ], [ -89.444753930684456, 14.355644341057275 ], [ -89.431279263059594, 14.355644341057275 ], [ -89.431279263059594, 14.342169673432409 ], [ -89.404329927809869, 14.342169673432409 ], [ -89.404329927809869, 14.328695005807541 ], [ -89.458228598309319, 14.328695005807539 ], [ -89.458228598309319, 14.34216967343241 ], [ -89.471703265934181, 14.342169673432409 ], [ -89.471703265934181, 14.355644341057275 ], [ -89.485177933559058, 14.355644341057275 ], [ -89.485177933559058, 14.382593676307003 ], [ -89.471703265934181, 14.382593676307003 ], [ -89.471703265934181, 14.369119008682134 ] ] ] } },
{ "type": "Feature", "properties": { "class_id": 4, "area_m2": 10844890.109090799, "class_name": "Alto", "index": "MNDWI", "min_value": null, "max_value": null }, "geometry": { "type": "Polygon", "coordinates": [ [ [ -89.525601936433645, 14.396068343931864 ], [ -89.512127268808783, 14.396068343931869 ], [ -89.512127268808783, 14.38259367630701 ], [ -89.49865260118392, 14.382593676306998 ], [ -89.49865260118392, 14.342169673432409 ], [ -89.512127268808783, 14.342169673432409 ], [ -89.512127268808783, 14.369119008682137 ], [ -89.525601936433645, 14.369119008682141 ], [ -89.525601936433645, 14.396068343931864 ] ] ] } },
{ "type": "Feature", "properties": { "class_id": 4, "area_m2": 2168656.8563667103, "class_name": "Alto", "index": "MNDWI", "min_value": null, "max_value": null }, "geometry": { "type": "Polygon", "coordinates": [ [ [ -89.431279263059594, 14.382593676307003 ], [ -89.417804595434731, 14.382593676306998 ], [ -89.417804595434731, 14.369119008682141 ], [ -89.431279263059594, 14.369119008682141 ], [ -89.431279263059594, 14.382593676307003 ] ] ] } },
{ "type": "Feature", "properties": { "class_id": 4, "area_m2": 2176899.1302285674, "class_name": "Alto", "index": "MNDWI", "min_value": null, "max_value": null }, "geometry": { "type": "Polygon", "coordinates": [ [ [ -89.027039234313634, 13.358518936817244 ], [ -89.013564566688771, 13.358518936817248 ], [ -89.013564566688771, 13.345044269192375 ], [ -89.027039234313634, 13.345044269192378 ], [ -89.027039234313634, 13.358518936817244 ] ] ] } },
{ "type": "Feature", "properties": { "class_id": 4, "area_m2": 759388632.55638087, "class_name": "Alto", "index": "MNDWI", "min_value": null, "max_value": null }, "geometry": { "type": "Polygon", "coordinates": [ [ [ -89.229159248686628, 13.452841610191307 ], [ -89.229159248686628, 13.466316277816167 ], [ -89.215684581061751, 13.466316277816166 ], [ -89.215684581061751, 13.479790945441032 ], [ -89.242633916311476, 13.47979094544103 ], [ -89.242633916311476, 13.493265613065898 ], [ -89.229159248686628, 13.493265613065899 ], [ -89.229159248686628, 13.560638951190226 ], [ -89.107887240062837, 13.560638951190221 ], [ -89.107887240062837, 13.520214948315621 ], [ -89.121361907687685, 13.520214948315621 ], [ -89.121361907687685, 13.479790945441035 ], [ -89.107887240062837, 13.47979094544103 ], [ -89.107887240062837, 13.506740280690764 ], [ -89.080937904813098, 13.506740280690758 ], [ -89.080937904813098, 13.533689615940492 ], [ -89.09441257243796, 13.533689615940489 ], [ -89.09441257243796, 13.560638951190217 ], [ -88.932716560939582, 13.560638951190223 ], [ -88.932716560939582, 13.547164283565355 ], [ -88.91924189331472, 13.547164283565358 ], [ -88.91924189331472, 13.560638951190219 ], [ -88.797969884690929, 13.560638951190221 ], [ -88.797969884690929, 13.547164283565358 ], [ -88.824919219940654, 13.547164283565355 ], [ -88.824919219940654, 13.520214948315628 ], [ -88.797969884690929, 13.520214948315628 ], [ -88.797969884690929, 13.506740280690762 ], [ -88.784495217066066, 13.506740280690757 ], [ -88.784495217066066, 13.493265613065898 ], [ -88.757545881816327, 13.493265613065898 ], [ -88.757545881816327, 13.46631627781616 ], [ -88.771020549441189, 13.466316277816162 ], [ -88.771020549441189, 13.479790945441033 ], [ -88.797969884690929, 13.479790945441035 ], [ -88.797969884690929, 13.466316277816169 ], [ -88.811444552315791, 13.466316277816162 ], [ -88.811444552315791, 13.439366942566433 ], [ -88.824919219940654, 13.439366942566432 ], [ -88.824919219940654, 13.425892274941571 ], [ -88.865343222815255, 13.425892274941567 ], [ -88.865343222815255, 13.412417607316705 ], [ -88.89229255806498, 13.412417607316703 ], [ -88.89229255806498, 13.398942939691839 ], [ -88.905767225689843, 13.398942939691839 ], [ -88.905767225689843, 13.358518936817243 ], [ -88.89229255806498, 13.358518936817243 ], [ -88.89229255806498, 13.345044269192373 ], [ -88.91924189331472, 13.345044269192378 ], [ -88.91924189331472, 13.331569601567514 ], [ -88.932716560939582, 13.33156960156751 ], [ -88.932716560939582, 13.318094933942646 ], [ -88.946191228564444, 13.318094933942648 ], [ -88.946191228564444, 13.34504426919238 ], [ -88.959665896189307, 13.345044269192378 ], [ -88.959665896189307, 13.331569601567509 ], [ -88.973140563814169, 13.331569601567509 ], [ -88.973140563814169, 13.345044269192378 ], [ -88.986615231439046, 13.345044269192378 ], [ -88.986615231439046, 13.358518936817244 ], [ -89.000089899063909, 13.358518936817246 ], [ -89.000089899063909, 13.371993604442109 ], [ -88.986615231439046, 13.37199360444211 ], [ -88.986615231439046, 13.385468272066969 ], [ -89.013564566688771, 13.385468272066968 ], [ -89.013564566688771, 13.371993604442109 ], [ -89.027039234313634, 13.371993604442114 ], [ -89.027039234313634, 13.385468272066975 ], [ -89.040513901938496, 13.385468272066969 ], [ -89.040513901938496, 13.358518936817241 ], [ -89.067463237188235, 13.358518936817241 ], [ -89.067463237188235, 13.371993604442109 ], [ -89.080937904813098, 13.371993604442109 ], [ -89.080937904813098, 13.385468272066975 ], [ -89.107887240062837, 13.385468272066969 ], [ -89.107887240062837, 13.398942939691841 ], [ -89.134836575312562, 13.398942939691839 ], [ -89.134836575312562, 13.412417607316701 ], [ -89.161785910562287, 13.412417607316707 ], [ -89.161785910562287, 13.425892274941571 ], [ -89.188735245812012, 13.425892274941567 ], [ -89.188735245812012, 13.439366942566433 ], [ -89.202209913436889, 13.439366942566432 ], [ -89.202209913436889, 13.452841610191301 ], [ -89.229159248686628, 13.452841610191307 ] ], [ [ -88.946191228564444, 13.547164283565353 ], [ -88.946191228564444, 13.533689615940492 ], [ -88.959665896189307, 13.533689615940492 ], [ -88.959665896189307, 13.520214948315626 ], [ -88.91924189331472, 13.520214948315623 ], [ -88.91924189331472, 13.533689615940494 ], [ -88.932716560939582, 13.533689615940492 ], [ -88.932716560939582, 13.547164283565355 ], [ -88.946191228564444, 13.547164283565353 ] ], [ [ -89.040513901938496, 13.398942939691832 ], [ -89.053988569563359, 13.398942939691841 ], [ -89.053988569563359, 13.385468272066975 ], [ -89.040513901938496, 13.385468272066969 ], [ -89.040513901938496, 13.398942939691832 ] ], [ [ -89.188735245812012, 13.547164283565353 ], [ -89.188735245812012, 13.533689615940492 ], [ -89.175260578187149, 13.533689615940492 ], [ -89.175260578187149, 13.547164283565358 ], [ -89.188735245812012, 13.547164283565353 ] ], [ [ -88.986615231439046, 13.547164283565357 ], [ -88.986615231439046, 13.533689615940494 ], [ -88.973140563814169, 13.533689615940496 ], [ -88.973140563814169, 13.547164283565353 ], [ -88.986615231439046, 13.547164283565357 ] ], [ [ -89.175260578187149, 13.520214948315621 ], [ -89.175260578187149, 13.506740280690758 ], [ -89.134836575312562, 13.506740280690757 ], [ -89.134836575312562, 13.520214948315621 ], [ -89.175260578187149, 13.520214948315621 ] ], [ [ -89.053988569563359, 13.506740280690758 ], [ -89.053988569563359, 13.479790945441032 ], [ -89.040513901938496, 13.47979094544103 ], [ -89.040513901938496, 13.506740280690762 ], [ -89.053988569563359, 13.506740280690758 ] ], [ [ -88.91924189331472, 13.47979094544103 ], [ -88.905767225689843, 13.47979094544103 ], [ -88.905767225689843, 13.506740280690757 ], [ -88.91924189331472, 13.506740280690765 ], [ -88.91924189331472, 13.47979094544103 ] ], [ [ -88.946191228564444, 13.47979094544103 ], [ -88.946191228564444, 13.466316277816166 ], [ -88.91924189331472, 13.466316277816162 ], [ -88.91924189331472, 13.47979094544103 ], [ -88.946191228564444, 13.47979094544103 ] ], [ [ -88.838393887565516, 13.506740280690762 ], [ -88.838393887565516, 13.493265613065892 ], [ -88.824919219940654, 13.493265613065899 ], [ -88.824919219940654, 13.506740280690762 ], [ -88.838393887565516, 13.506740280690762 ] ], [ [ -88.878817890440118, 13.493265613065898 ], [ -88.878817890440118, 13.479790945441032 ], [ -88.865343222815255, 13.47979094544103 ], [ -88.865343222815255, 13.493265613065898 ], [ -88.878817890440118, 13.493265613065898 ] ], [ [ -89.148311242937424, 13.466316277816164 ], [ -89.148311242937424, 13.452841610191303 ], [ -89.121361907687685, 13.452841610191305 ], [ -89.121361907687685, 13.466316277816162 ], [ -89.148311242937424, 13.466316277816164 ] ], [ [ -89.107887240062837, 13.466316277816164 ], [ -89.107887240062837, 13.452841610191305 ], [ -89.09441257243796, 13.452841610191307 ], [ -89.09441257243796, 13.466316277816162 ], [ -89.107887240062837, 13.466316277816164 ] ], [ [ -89.013564566688771, 13.425892274941562 ], [ -89.013564566688771, 13.412417607316701 ], [ -88.973140563814169, 13.412417607316707 ], [ -88.973140563814169, 13.425892274941567 ], [ -88.932716560939582, 13.425892274941569 ], [ -88.932716560939582, 13.439366942566428 ], [ -88.973140563814169, 13.439366942566428 ], [ -88.973140563814169, 13.452841610191301 ], [ -89.013564566688771, 13.452841610191298 ], [ -89.013564566688771, 13.439366942566435 ], [ -89.027039234313634, 13.439366942566432 ], [ -89.027039234313634, 13.425892274941571 ], [ -89.013564566688771, 13.425892274941562 ] ], [ [ -89.121361907687685, 13.439366942566439 ], [ -89.121361907687685, 13.425892274941571 ], [ -89.107887240062837, 13.425892274941569 ], [ -89.107887240062837, 13.439366942566433 ], [ -89.121361907687685, 13.439366942566439 ] ], [ [ -88.91924189331472, 13.425892274941571 ], [ -88.91924189331472, 13.412417607316705 ], [ -88.905767225689843, 13.412417607316703 ], [ -88.905767225689843, 13.425892274941569 ], [ -88.91924189331472, 13.425892274941571 ] ], [ [ -89.080937904813098, 13.412417607316701 ], [ -89.080937904813098, 13.398942939691841 ], [ -89.067463237188235, 13.398942939691839 ], [ -89.067463237188235, 13.4124176073167 ], [ -89.080937904813098, 13.412417607316701 ] ], [ [ -88.973140563814169, 13.371993604442109 ], [ -88.973140563814169, 13.358518936817241 ], [ -88.959665896189307, 13.358518936817239 ], [ -88.959665896189307, 13.371993604442109 ], [ -88.973140563814169, 13.371993604442109 ] ] ] } },
{ "type": "Feature", "properties": { "class_id": 4, "area_m2": 10881862.56375833, "class_name": "Alto", "index": "MNDWI", "min_value": null, "max_value": null }, "geometry": { "type": "Polygon", "coordinates": [ [ [ -89.323481922060665, 13.506740280690762 ], [ -89.310007254435803, 13.506740280690762 ], [ -89.310007254435803, 13.493265613065894 ], [ -89.283057919186078, 13.493265613065899 ], [ -89.283057919186078, 13.479790945441032 ], [ -89.336956589685542, 13.479790945441032 ], [ -89.336956589685542, 13.493265613065901 ], [ -89.323481922060665, 13.493265613065898 ], [ -89.323481922060665, 13.506740280690762 ] ] ] } },
{ "type": "Feature", "properties": { "class_id": 4, "area_m2": 4352199.5112839155, "class_name": "Alto", "index": "MNDWI", "min_value": null, "max_value": null }, "geometry": { "type": "Polygon", "coordinates": [ [ [ -89.283057919186078, 13.533689615940492 ], [ -89.269583251561215, 13.533689615940492 ], [ -89.269583251561215, 13.506740280690762 ], [ -89.283057919186078, 13.506740280690762 ], [ -89.283057919186078, 13.533689615940492 ] ] ] } },
{ "type": "Feature", "properties": { "class_id": 4, "area_m2": 2174728.4434369057, "class_name": "Alto", "index": "MNDWI", "min_value": null, "max_value": null }, "geometry": { "type": "Polygon", "coordinates": [ [ [ -88.973140563814169, 13.587588286439953 ], [ -88.959665896189307, 13.587588286439953 ], [ -88.959665896189307, 13.574113618815085 ], [ -88.973140563814169, 13.574113618815083 ], [ -88.973140563814169, 13.587588286439953 ] ] ] } },
{ "type": "Feature", "properties": { "class_id": 4, "area_m2": 2174863.8497176254, "class_name": "Alto", "index": "MNDWI", "min_value": null, "max_value": null }, "geometry": { "type": "Polygon", "coordinates": [ [ [ -89.013564566688771, 13.587588286439953 ], [ -89.013564566688771, 13.574113618815087 ], [ -89.027039234313634, 13.574113618815089 ], [ -89.027039234313634, 13.587588286439953 ], [ -89.013564566688771, 13.587588286439953 ] ] ] } },
{ "type": "Feature", "properties": { "class_id": 4, "area_m2": 4349383.8400133215, "class_name": "Alto", "index": "MNDWI", "min_value": null, "max_value": null }, "geometry": { "type": "Polygon", "coordinates": [ [ [ -89.013564566688771, 13.587588286439953 ], [ -89.013564566688771, 13.601062954064817 ], [ -88.986615231439046, 13.601062954064822 ], [ -88.986615231439046, 13.587588286439953 ], [ -89.013564566688771, 13.587588286439953 ] ] ] } },
{ "type": "Feature", "properties": { "class_id": 4, "area_m2": 2175475.0804731208, "class_name": "Alto", "index": "MNDWI", "min_value": null, "max_value": null }, "geometry": { "type": "Polygon", "coordinates": [ [ [ -89.29653258681094, 13.601062954064819 ], [ -89.283057919186078, 13.601062954064824 ], [ -89.283057919186078, 13.587588286439953 ], [ -89.29653258681094, 13.587588286439951 ], [ -89.29653258681094, 13.601062954064819 ] ] ] } },
{ "type": "Feature", "properties": { "class_id": 4, "area_m2": 10875771.311325546, "class_name": "Alto", "index": "MNDWI", "min_value": null, "max_value": null }, "geometry": { "type": "Polygon", "coordinates": [ [ [ -89.202209913436889, 13.628012289314546 ], [ -89.188735245812012, 13.628012289314546 ], [ -89.188735245812012, 13.601062954064815 ], [ -89.202209913436889, 13.601062954064819 ], [ -89.202209913436889, 13.574113618815089 ], [ -89.215684581061751, 13.574113618815083 ], [ -89.215684581061751, 13.614537621689685 ], [ -89.202209913436889, 13.614537621689683 ], [ -89.202209913436889, 13.628012289314546 ] ] ] } },
{ "type": "Feature", "properties": { "class_id": 4, "area_m2": 2175276.7303542127, "class_name": "Alto", "index": "MNDWI", "min_value": null, "max_value": null }, "geometry": { "type": "Polygon", "coordinates": [ [ [ -89.269583251561215, 13.614537621689678 ], [ -89.256108583936339, 13.614537621689683 ], [ -89.256108583936339, 13.601062954064822 ], [ -89.269583251561215, 13.601062954064812 ], [ -89.269583251561215, 13.614537621689678 ] ] ] } },
{ "type": "Feature", "properties": { "class_id": 4, "area_m2": 2174605.0533920396, "class_name": "Alto", "index": "MNDWI", "min_value": null, "max_value": null }, "geometry": { "type": "Polygon", "coordinates": [ [ [ -89.067463237188235, 13.628012289314549 ], [ -89.053988569563359, 13.628012289314546 ], [ -89.053988569563359, 13.614537621689683 ], [ -89.067463237188235, 13.614537621689681 ], [ -89.067463237188235, 13.628012289314549 ] ] ] } },
{ "type": "Feature", "properties": { "class_id": 4, "area_m2": 4349372.3894131808, "class_name": "Alto", "index": "MNDWI", "min_value": null, "max_value": null }, "geometry": { "type": "Polygon", "coordinates": [ [ [ -89.121361907687685, 13.641486956939413 ], [ -89.107887240062837, 13.641486956939412 ], [ -89.107887240062837, 13.614537621689681 ], [ -89.121361907687685, 13.614537621689685 ], [ -89.121361907687685, 13.641486956939413 ] ] ] } },
{ "type": "Feature", "properties": { "class_id": 4, "area_m2": 2174518.9871581225, "class_name": "Alto", "index": "MNDWI", "min_value": null, "max_value": null }, "geometry": { "type": "Polygon", "coordinates": [ [ [ -89.080937904813098, 13.641486956939415 ], [ -89.067463237188235, 13.641486956939413 ], [ -89.067463237188235, 13.628012289314549 ], [ -89.080937904813098, 13.628012289314547 ], [ -89.080937904813098, 13.641486956939415 ] ] ] } },
{ "type": "Feature", "properties": { "class_id": 4, "area_m2": 2175034.3477399992, "class_name": "Alto", "index": "MNDWI", "min_value": null, "max_value": null }, "geometry": { "type": "Polygon", "coordinates": [ [ [ -89.269583251561215, 13.641486956939412 ], [ -89.256108583936339, 13.641486956939412 ], [ -89.256108583936339, 13.628012289314549 ], [ -89.269583251561215, 13.628012289314549 ], [ -89.269583251561215, 13.641486956939412 ] ] ] } },
{ "type": "Feature", "properties": { "class_id": 4, "area_m2": 4350419.2212261101, "class_name": "Alto", "index": "MNDWI", "min_value": null, "max_value": null }, "geometry": { "type": "Polygon", "coordinates": [ [ [ -89.336956589685542, 13.641486956939412 ], [ -89.310007254435803, 13.641486956939412 ], [ -89.310007254435803, 13.628012289314547 ], [ -89.336956589685542, 13.628012289314549 ], [ -89.336956589685542, 13.641486956939412 ] ] ] } },
{ "type": "Feature", "properties": { "class_id": 4, "area_m2": 15221394.161050111, "class_name": "Alto", "index": "MNDWI", "min_value": null, "max_value": null }, "geometry": { "type": "Polygon", "coordinates": [ [ [ -89.067463237188235, 13.654961624564276 ], [ -89.000089899063909, 13.654961624564276 ], [ -89.000089899063909, 13.641486956939415 ], [ -89.027039234313634, 13.641486956939413 ], [ -89.027039234313634, 13.628012289314549 ], [ -89.053988569563359, 13.628012289314546 ], [ -89.053988569563359, 13.641486956939415 ], [ -89.067463237188235, 13.641486956939413 ], [ -89.067463237188235, 13.654961624564276 ] ] ] } },
{ "type": "Feature", "properties": { "class_id": 4, "area_m2": 6523070.805874438, "class_name": "Alto", "index": "MNDWI", "min_value": null, "max_value": null }, "geometry": { "type": "Polygon", "coordinates": [ [ [ -89.09441257243796, 13.66843629218914 ], [ -89.067463237188235, 13.668436292189142 ], [ -89.067463237188235, 13.654961624564276 ], [ -89.080937904813098, 13.654961624564276 ], [ -89.080937904813098, 13.641486956939415 ], [ -89.09441257243796, 13.641486956939415 ], [ -89.09441257243796, 13.66843629218914 ] ] ] } },
{ "type": "Feature", "properties": { "class_id": 4, "area_m2": 2174069.2791632316, "class_name": "Alto", "index": "MNDWI", "min_value": null, "max_value": null }, "geometry": { "type": "Polygon", "coordinates": [ [ [ -89.000089899063909, 13.668436292189137 ], [ -88.986615231439046, 13.668436292189142 ], [ -88.986615231439046, 13.65496162456428 ], [ -89.000089899063909, 13.654961624564276 ], [ -89.000089899063909, 13.668436292189137 ] ] ] } },
{ "type": "Feature", "properties": { "class_id": 4, "area_m2": 2173981.7239744831, "class_name": "Alto", "index": "MNDWI", "min_value": null, "max_value": null }, "geometry": { "type": "Polygon", "coordinates": [ [ [ -89.000089899063909, 13.668436292189137 ], [ -89.013564566688771, 13.668436292189142 ], [ -89.013564566688771, 13.68191095981401 ], [ -89.000089899063909, 13.681910959814006 ], [ -89.000089899063909, 13.668436292189137 ] ] ] } },
{ "type": "Feature", "properties": { "class_id": 4, "area_m2": 2174708.4018230638, "class_name": "Alto", "index": "MNDWI", "min_value": null, "max_value": null }, "geometry": { "type": "Polygon", "coordinates": [ [ [ -89.283057919186078, 13.681910959814008 ], [ -89.269583251561215, 13.681910959814012 ], [ -89.269583251561215, 13.668436292189146 ], [ -89.283057919186078, 13.668436292189142 ], [ -89.283057919186078, 13.681910959814008 ] ] ] } },
{ "type": "Feature", "properties": { "class_id": 4, "area_m2": 2174175.7152621993, "class_name": "Alto", "index": "MNDWI", "min_value": null, "max_value": null }, "geometry": { "type": "Polygon", "coordinates": [ [ [ -89.134836575312562, 13.695385627438874 ], [ -89.121361907687685, 13.695385627438874 ], [ -89.121361907687685, 13.68191095981401 ], [ -89.134836575312562, 13.681910959814013 ], [ -89.134836575312562, 13.695385627438874 ] ] ] } },
{ "type": "Feature", "properties": { "class_id": 4, "area_m2": 2174090.1449742438, "class_name": "Alto", "index": "MNDWI", "min_value": null, "max_value": null }, "geometry": { "type": "Polygon", "coordinates": [ [ [ -89.134836575312562, 13.708860295063744 ], [ -89.134836575312562, 13.695385627438874 ], [ -89.148311242937424, 13.695385627438876 ], [ -89.148311242937424, 13.70886029506374 ], [ -89.134836575312562, 13.708860295063744 ] ] ] } },
{ "type": "Feature", "properties": { "class_id": 4, "area_m2": 100008825.39673065, "class_name": "Alto", "index": "MNDWI", "min_value": null, "max_value": null }, "geometry": { "type": "Polygon", "coordinates": [ [ [ -89.188735245812012, 13.735809630313467 ], [ -89.175260578187149, 13.735809630313472 ], [ -89.175260578187149, 13.749284297938337 ], [ -89.148311242937424, 13.749284297938337 ], [ -89.148311242937424, 13.77623363318807 ], [ -89.134836575312562, 13.77623363318807 ], [ -89.134836575312562, 13.762758965563199 ], [ -89.107887240062837, 13.762758965563192 ], [ -89.107887240062837, 13.749284297938337 ], [ -89.09441257243796, 13.749284297938337 ], [ -89.09441257243796, 13.735809630313467 ], [ -89.121361907687685, 13.735809630313472 ], [ -89.121361907687685, 13.722334962688606 ], [ -89.107887240062837, 13.722334962688603 ], [ -89.107887240062837, 13.708860295063735 ], [ -89.09441257243796, 13.708860295063744 ], [ -89.09441257243796, 13.722334962688606 ], [ -89.067463237188235, 13.722334962688604 ], [ -89.067463237188235, 13.70886029506374 ], [ -89.080937904813098, 13.708860295063744 ], [ -89.080937904813098, 13.681910959814005 ], [ -89.09441257243796, 13.681910959814006 ], [ -89.09441257243796, 13.66843629218914 ], [ -89.107887240062837, 13.66843629218914 ], [ -89.107887240062837, 13.695385627438874 ], [ -89.121361907687685, 13.695385627438874 ], [ -89.121361907687685, 13.708860295063742 ], [ -89.134836575312562, 13.708860295063744 ], [ -89.134836575312562, 13.722334962688603 ], [ -89.148311242937424, 13.722334962688601 ], [ -89.148311242937424, 13.70886029506374 ], [ -89.161785910562287, 13.708860295063737 ], [ -89.161785910562287, 13.695385627438874 ], [ -89.175260578187149, 13.695385627438874 ], [ -89.175260578187149, 13.681910959814006 ], [ -89.161785910562287, 13.681910959814013 ], [ -89.161785910562287, 13.668436292189142 ], [ -89.148311242937424, 13.668436292189142 ], [ -89.148311242937424, 13.681910959814006 ], [ -89.134836575312562, 13.681910959814013 ], [ -89.134836575312562, 13.641486956939417 ], [ -89.148311242937424, 13.641486956939412 ], [ -89.148311242937424, 13.654961624564283 ], [ -89.161785910562287, 13.654961624564283 ], [ -89.161785910562287, 13.628012289314549 ], [ -89.188735245812012, 13.628012289314546 ], [ -89.188735245812012, 13.64148695693941 ], [ -89.202209913436889, 13.641486956939412 ], [ -89.202209913436889, 13.695385627438874 ], [ -89.188735245812012, 13.695385627438874 ], [ -89.188735245812012, 13.735809630313467 ] ], [ [ -89.188735245812012, 13.681910959814006 ], [ -89.188735245812012, 13.668436292189137 ], [ -89.175260578187149, 13.668436292189146 ], [ -89.175260578187149, 13.681910959814006 ], [ -89.188735245812012, 13.681910959814006 ] ] ] } },
{ "type": "Feature", "properties": { "class_id": 4, "area_m2": 10870580.327650471, "class_name": "Alto", "index": "MNDWI", "min_value": null, "max_value": null }, "geometry": { "type": "Polygon", "coordinates": [ [ [ -89.229159248686628, 13.749284297938338 ], [ -89.215684581061751, 13.749284297938337 ], [ -89.215684581061751, 13.722334962688603 ], [ -89.202209913436889, 13.722334962688601 ], [ -89.202209913436889, 13.708860295063737 ], [ -89.215684581061751, 13.70886029506374 ], [ -89.215684581061751, 13.695385627438874 ], [ -89.229159248686628, 13.695385627438874 ], [ -89.229159248686628, 13.749284297938338 ] ] ] } },
{ "type": "Feature", "properties": { "class_id": 4, "area_m2": 2173552.498039444, "class_name": "Alto", "index": "MNDWI", "min_value": null, "max_value": null }, "geometry": { "type": "Polygon", "coordinates": [ [ [ -89.175260578187149, 13.776233633188063 ], [ -89.161785910562287, 13.776233633188067 ], [ -89.161785910562287, 13.762758965563197 ], [ -89.175260578187149, 13.762758965563201 ], [ -89.175260578187149, 13.776233633188063 ] ] ] } },
{ "type": "Feature", "properties": { "class_id": 4, "area_m2": 2172692.4955128585, "class_name": "Alto", "index": "MNDWI", "min_value": null, "max_value": null }, "geometry": { "type": "Polygon", "coordinates": [ [ [ -89.175260578187149, 13.870556306562124 ], [ -89.161785910562287, 13.870556306562122 ], [ -89.161785910562287, 13.85708163893726 ], [ -89.175260578187149, 13.857081638937258 ], [ -89.175260578187149, 13.870556306562124 ] ] ] } },
{ "type": "Feature", "properties": { "class_id": 4, "area_m2": 19555819.563418321, "class_name": "Alto", "index": "MNDWI", "min_value": null, "max_value": null }, "geometry": { "type": "Polygon", "coordinates": [ [ [ -89.256108583936339, 13.88403097418699 ], [ -89.229159248686628, 13.884030974186985 ], [ -89.229159248686628, 13.857081638937261 ], [ -89.242633916311476, 13.857081638937258 ], [ -89.242633916311476, 13.84360697131239 ], [ -89.256108583936339, 13.84360697131239 ], [ -89.256108583936339, 13.85708163893726 ], [ -89.269583251561215, 13.857081638937258 ], [ -89.269583251561215, 13.870556306562118 ], [ -89.283057919186078, 13.870556306562124 ], [ -89.283057919186078, 13.884030974186985 ], [ -89.269583251561215, 13.88403097418699 ], [ -89.269583251561215, 13.897505641811854 ], [ -89.256108583936339, 13.897505641811851 ], [ -89.256108583936339, 13.88403097418699 ] ] ] } },
{ "type": "Feature", "properties": { "class_id": 4, "area_m2": 4345446.7265628278, "class_name": "Alto", "index": "MNDWI", "min_value": null, "max_value": null }, "geometry": { "type": "Polygon", "coordinates": [ [ [ -89.29653258681094, 13.91098030943672 ], [ -89.283057919186078, 13.91098030943672 ], [ -89.283057919186078, 13.884030974186985 ], [ -89.29653258681094, 13.884030974186986 ], [ -89.29653258681094, 13.91098030943672 ] ] ] } },
{ "type": "Feature", "properties": { "class_id": 4, "area_m2": 2172053.5872739013, "class_name": "Alto", "index": "MNDWI", "min_value": null, "max_value": null }, "geometry": { "type": "Polygon", "coordinates": [ [ [ -89.121361907687685, 13.924454977061583 ], [ -89.107887240062837, 13.924454977061581 ], [ -89.107887240062837, 13.91098030943672 ], [ -89.121361907687685, 13.91098030943672 ], [ -89.121361907687685, 13.924454977061583 ] ] ] } },
{ "type": "Feature", "properties": { "class_id": 4, "area_m2": 30410186.201626588, "class_name": "Alto", "index": "MNDWI", "min_value": null, "max_value": null }, "geometry": { "type": "Polygon", "coordinates": [ [ [ -89.188735245812012, 13.937929644686449 ], [ -89.161785910562287, 13.937929644686449 ], [ -89.161785910562287, 13.924454977061581 ], [ -89.148311242937424, 13.924454977061581 ], [ -89.148311242937424, 13.910980309436724 ], [ -89.161785910562287, 13.91098030943672 ], [ -89.161785910562287, 13.897505641811854 ], [ -89.175260578187149, 13.897505641811854 ], [ -89.175260578187149, 13.91098030943672 ], [ -89.229159248686628, 13.91098030943672 ], [ -89.229159248686628, 13.937929644686449 ], [ -89.215684581061751, 13.937929644686447 ], [ -89.215684581061751, 13.951404312311313 ], [ -89.188735245812012, 13.951404312311317 ], [ -89.188735245812012, 13.937929644686449 ] ] ] } },
{ "type": "Feature", "properties": { "class_id": 4, "area_m2": 2171369.4574624645, "class_name": "Alto", "index": "MNDWI", "min_value": null, "max_value": null }, "geometry": { "type": "Polygon", "coordinates": [ [ [ -89.000089899063909, 13.964878979936181 ], [ -88.986615231439046, 13.964878979936181 ], [ -88.986615231439046, 13.951404312311315 ], [ -89.000089899063909, 13.951404312311315 ], [ -89.000089899063909, 13.964878979936181 ] ] ] } },
{ "type": "Feature", "properties": { "class_id": 4, "area_m2": 2172088.927504153, "class_name": "Alto", "index": "MNDWI", "min_value": null, "max_value": null }, "geometry": { "type": "Polygon", "coordinates": [ [ [ -89.269583251561215, 13.964878979936181 ], [ -89.256108583936339, 13.964878979936181 ], [ -89.256108583936339, 13.951404312311317 ], [ -89.269583251561215, 13.951404312311308 ], [ -89.269583251561215, 13.964878979936181 ] ] ] } },
{ "type": "Feature", "properties": { "class_id": 4, "area_m2": 2171279.1794280163, "class_name": "Alto", "index": "MNDWI", "min_value": null, "max_value": null }, "geometry": { "type": "Polygon", "coordinates": [ [ [ -89.013564566688771, 13.978353647561041 ], [ -89.000089899063909, 13.978353647561045 ], [ -89.000089899063909, 13.964878979936181 ], [ -89.013564566688771, 13.964878979936181 ], [ -89.013564566688771, 13.978353647561041 ] ] ] } },
{ "type": "Feature", "properties": { "class_id": 4, "area_m2": 4344044.8334821509, "class_name": "Alto", "index": "MNDWI", "min_value": null, "max_value": null }, "geometry": { "type": "Polygon", "coordinates": [ [ [ -89.29653258681094, 13.978353647561047 ], [ -89.269583251561215, 13.978353647561045 ], [ -89.269583251561215, 13.964878979936181 ], [ -89.29653258681094, 13.964878979936181 ], [ -89.29653258681094, 13.978353647561047 ] ] ] } },
{ "type": "Feature", "properties": { "class_id": 4, "area_m2": 2171223.2476237966, "class_name": "Alto", "index": "MNDWI", "min_value": null, "max_value": null }, "geometry": { "type": "Polygon", "coordinates": [ [ [ -89.040513901938496, 13.991828315185908 ], [ -89.027039234313634, 13.991828315185913 ], [ -89.027039234313634, 13.978353647561041 ], [ -89.040513901938496, 13.97835364756105 ], [ -89.040513901938496, 13.991828315185908 ] ] ] } },
{ "type": "Feature", "properties": { "class_id": 4, "area_m2": 4341643.9855189435, "class_name": "Alto", "index": "MNDWI", "min_value": null, "max_value": null }, "geometry": { "type": "Polygon", "coordinates": [ [ [ -89.053988569563359, 14.045726985685366 ], [ -89.040513901938496, 14.045726985685368 ], [ -89.040513901938496, 14.018777650435641 ], [ -89.053988569563359, 14.018777650435641 ], [ -89.053988569563359, 14.045726985685366 ] ] ] } },
{ "type": "Feature", "properties": { "class_id": 4, "area_m2": 4340097.7978094853, "class_name": "Alto", "index": "MNDWI", "min_value": null, "max_value": null }, "geometry": { "type": "Polygon", "coordinates": [ [ [ -89.027039234313634, 14.113100323809698 ], [ -89.000089899063909, 14.113100323809695 ], [ -89.000089899063909, 14.099625656184834 ], [ -89.027039234313634, 14.099625656184834 ], [ -89.027039234313634, 14.113100323809698 ] ] ] } },
{ "type": "Feature", "properties": { "class_id": 4, "area_m2": 4339641.4373732209, "class_name": "Alto", "index": "MNDWI", "min_value": null, "max_value": null }, "geometry": { "type": "Polygon", "coordinates": [ [ [ -89.053988569563359, 14.153524326684289 ], [ -89.040513901938496, 14.153524326684288 ], [ -89.040513901938496, 14.126574991434564 ], [ -89.053988569563359, 14.126574991434564 ], [ -89.053988569563359, 14.153524326684289 ] ] ] } },
{ "type": "Feature", "properties": { "class_id": 4, "area_m2": 10845406.963333815, "class_name": "Alto", "index": "MNDWI", "min_value": null, "max_value": null }, "geometry": { "type": "Polygon", "coordinates": [ [ [ -89.202209913436889, 14.247847000058352 ], [ -89.229159248686628, 14.24784700005835 ], [ -89.229159248686628, 14.288271002932943 ], [ -89.215684581061751, 14.288271002932944 ], [ -89.215684581061751, 14.274796335308077 ], [ -89.202209913436889, 14.274796335308082 ], [ -89.202209913436889, 14.247847000058352 ] ] ] } },
{ "type": "Feature", "properties": { "class_id": 4, "area_m2": 4336084.1536042858, "class_name": "Alto", "index": "MNDWI", "min_value": null, "max_value": null }, "geometry": { "type": "Polygon", "coordinates": [ [ [ -89.148311242937424, 14.369119008682134 ], [ -89.134836575312562, 14.369119008682137 ], [ -89.134836575312562, 14.342169673432405 ], [ -89.148311242937424, 14.342169673432409 ], [ -89.148311242937424, 14.369119008682134 ] ] ] } },
{ "type": "Feature", "properties": { "class_id": 4, "area_m2": 4335778.1341861645, "class_name": "Alto", "index": "MNDWI", "min_value": null, "max_value": null }, "geometry": { "type": "Polygon", "coordinates": [ [ [ -89.121361907687685, 14.355644341057275 ], [ -89.121361907687685, 14.369119008682141 ], [ -89.09441257243796, 14.369119008682141 ], [ -89.09441257243796, 14.355644341057271 ], [ -89.121361907687685, 14.355644341057275 ] ] ] } },
{ "type": "Feature", "properties": { "class_id": 4, "area_m2": 2167708.4570860621, "class_name": "Alto", "index": "MNDWI", "min_value": null, "max_value": null }, "geometry": { "type": "Polygon", "coordinates": [ [ [ -89.080937904813098, 14.382593676307003 ], [ -89.080937904813098, 14.369119008682141 ], [ -89.09441257243796, 14.369119008682141 ], [ -89.09441257243796, 14.382593676307003 ], [ -89.080937904813098, 14.382593676307003 ] ] ] } },
{ "type": "Feature", "properties": { "class_id": 4, "area_m2": 2167615.8896005661, "class_name": "Alto", "index": "MNDWI", "min_value": null, "max_value": null }, "geometry": { "type": "Polygon", "coordinates": [ [ [ -89.107887240062837, 14.396068343931869 ], [ -89.09441257243796, 14.396068343931876 ], [ -89.09441257243796, 14.382593676307003 ], [ -89.107887240062837, 14.382593676306998 ], [ -89.107887240062837, 14.396068343931869 ] ] ] } },
{ "type": "Feature", "properties": { "class_id": 4, "area_m2": 2167523.4188581975, "class_name": "Alto", "index": "MNDWI", "min_value": null, "max_value": null }, "geometry": { "type": "Polygon", "coordinates": [ [ [ -89.107887240062837, 14.396068343931869 ], [ -89.121361907687685, 14.396068343931869 ], [ -89.121361907687685, 14.409543011556734 ], [ -89.107887240062837, 14.409543011556734 ], [ -89.107887240062837, 14.396068343931869 ] ] ] } },
{ "type": "Feature", "properties": { "class_id": 4, "area_m2": 2177055.7287232145, "class_name": "Alto", "index": "MNDWI", "min_value": null, "max_value": null }, "geometry": { "type": "Polygon", "coordinates": [ [ [ -88.690172543692, 13.250721595818323 ], [ -88.676697876067138, 13.25072159581832 ], [ -88.676697876067138, 13.237246928193452 ], [ -88.690172543692, 13.237246928193457 ], [ -88.690172543692, 13.250721595818323 ] ] ] } },
{ "type": "Feature", "properties": { "class_id": 4, "area_m2": 8709090.3665381353, "class_name": "Alto", "index": "MNDWI", "min_value": null, "max_value": null }, "geometry": { "type": "Polygon", "coordinates": [ [ [ -88.797969884690929, 13.25072159581832 ], [ -88.824919219940654, 13.250721595818321 ], [ -88.824919219940654, 13.264196263443189 ], [ -88.784495217066066, 13.264196263443186 ], [ -88.784495217066066, 13.237246928193452 ], [ -88.797969884690929, 13.237246928193453 ], [ -88.797969884690929, 13.25072159581832 ] ] ] } },
{ "type": "Feature", "properties": { "class_id": 4, "area_m2": 28300855.874245808, "class_name": "Alto", "index": "MNDWI", "min_value": null, "max_value": null }, "geometry": { "type": "Polygon", "coordinates": [ [ [ -88.757545881816327, 13.277670931068055 ], [ -88.771020549441189, 13.277670931068055 ], [ -88.771020549441189, 13.291145598692916 ], [ -88.757545881816327, 13.291145598692918 ], [ -88.757545881816327, 13.304620266317787 ], [ -88.744071214191464, 13.304620266317784 ], [ -88.744071214191464, 13.291145598692918 ], [ -88.730596546566602, 13.291145598692918 ], [ -88.730596546566602, 13.27767093106805 ], [ -88.71712187894174, 13.277670931068053 ], [ -88.71712187894174, 13.250721595818328 ], [ -88.703647211316863, 13.25072159581832 ], [ -88.703647211316863, 13.237246928193455 ], [ -88.71712187894174, 13.237246928193453 ], [ -88.71712187894174, 13.223772260568587 ], [ -88.730596546566602, 13.223772260568586 ], [ -88.730596546566602, 13.237246928193453 ], [ -88.744071214191464, 13.237246928193452 ], [ -88.744071214191464, 13.264196263443187 ], [ -88.757545881816327, 13.264196263443186 ], [ -88.757545881816327, 13.277670931068055 ] ] ] } },
{ "type": "Feature", "properties": { "class_id": 4, "area_m2": 6530290.3131895177, "class_name": "Alto", "index": "MNDWI", "min_value": null, "max_value": null }, "geometry": { "type": "Polygon", "coordinates": [ [ [ -88.676697876067138, 13.27767093106805 ], [ -88.636273873192536, 13.277670931068048 ], [ -88.636273873192536, 13.264196263443186 ], [ -88.676697876067138, 13.264196263443184 ], [ -88.676697876067138, 13.27767093106805 ] ] ] } },
{ "type": "Feature", "properties": { "class_id": 4, "area_m2": 2176849.0081726671, "class_name": "Alto", "index": "MNDWI", "min_value": null, "max_value": null }, "geometry": { "type": "Polygon", "coordinates": [ [ [ -88.703647211316863, 13.277670931068055 ], [ -88.690172543692, 13.277670931068053 ], [ -88.690172543692, 13.264196263443187 ], [ -88.703647211316863, 13.264196263443186 ], [ -88.703647211316863, 13.277670931068055 ] ] ] } },
{ "type": "Feature", "properties": { "class_id": 4, "area_m2": 2176868.3352113524, "class_name": "Alto", "index": "MNDWI", "min_value": null, "max_value": null }, "geometry": { "type": "Polygon", "coordinates": [ [ [ -88.91924189331472, 13.331569601567514 ], [ -88.905767225689843, 13.331569601567509 ], [ -88.905767225689843, 13.318094933942648 ], [ -88.91924189331472, 13.318094933942643 ], [ -88.91924189331472, 13.331569601567514 ] ] ] } },
{ "type": "Feature", "properties": { "class_id": 4, "area_m2": 2176168.218657935, "class_name": "Alto", "index": "MNDWI", "min_value": null, "max_value": null }, "geometry": { "type": "Polygon", "coordinates": [ [ [ -88.771020549441189, 13.371993604442112 ], [ -88.757545881816327, 13.371993604442107 ], [ -88.757545881816327, 13.358518936817244 ], [ -88.771020549441189, 13.358518936817244 ], [ -88.771020549441189, 13.371993604442112 ] ] ] } },
{ "type": "Feature", "properties": { "class_id": 4, "area_m2": 2176352.553312473, "class_name": "Alto", "index": "MNDWI", "min_value": null, "max_value": null }, "geometry": { "type": "Polygon", "coordinates": [ [ [ -88.851868555190393, 13.371993604442114 ], [ -88.838393887565516, 13.371993604442109 ], [ -88.838393887565516, 13.358518936817243 ], [ -88.851868555190393, 13.35851893681725 ], [ -88.851868555190393, 13.371993604442114 ] ] ] } },
{ "type": "Feature", "properties": { "class_id": 4, "area_m2": 2176109.9400544092, "class_name": "Alto", "index": "MNDWI", "min_value": null, "max_value": null }, "geometry": { "type": "Polygon", "coordinates": [ [ [ -88.797969884690929, 13.385468272066975 ], [ -88.784495217066066, 13.385468272066968 ], [ -88.784495217066066, 13.371993604442109 ], [ -88.797969884690929, 13.371993604442109 ], [ -88.797969884690929, 13.385468272066975 ] ] ] } },
{ "type": "Feature", "properties": { "class_id": 4, "area_m2": 6528986.5968962545, "class_name": "Alto", "index": "MNDWI", "min_value": null, "max_value": null }, "geometry": { "type": "Polygon", "coordinates": [ [ [ -88.89229255806498, 13.398942939691839 ], [ -88.878817890440118, 13.398942939691837 ], [ -88.878817890440118, 13.358518936817244 ], [ -88.89229255806498, 13.358518936817243 ], [ -88.89229255806498, 13.398942939691839 ] ] ] } },
{ "type": "Feature", "properties": { "class_id": 4, "area_m2": 2175635.514475185, "class_name": "Alto", "index": "MNDWI", "min_value": null, "max_value": null }, "geometry": { "type": "Polygon", "coordinates": [ [ [ -88.690172543692, 13.412417607316701 ], [ -88.676697876067138, 13.412417607316705 ], [ -88.676697876067138, 13.398942939691837 ], [ -88.690172543692, 13.398942939691841 ], [ -88.690172543692, 13.412417607316701 ] ] ] } },
{ "type": "Feature", "properties": { "class_id": 4, "area_m2": 2175664.1270414745, "class_name": "Alto", "index": "MNDWI", "min_value": null, "max_value": null }, "geometry": { "type": "Polygon", "coordinates": [ [ [ -88.811444552315791, 13.439366942566433 ], [ -88.797969884690929, 13.439366942566437 ], [ -88.797969884690929, 13.425892274941573 ], [ -88.811444552315791, 13.425892274941571 ], [ -88.811444552315791, 13.439366942566433 ] ] ] } },
{ "type": "Feature", "properties": { "class_id": 4, "area_m2": 2175364.7134892312, "class_name": "Alto", "index": "MNDWI", "min_value": null, "max_value": null }, "geometry": { "type": "Polygon", "coordinates": [ [ [ -88.730596546566602, 13.452841610191301 ], [ -88.71712187894174, 13.452841610191301 ], [ -88.71712187894174, 13.439366942566435 ], [ -88.730596546566602, 13.439366942566435 ], [ -88.730596546566602, 13.452841610191301 ] ] ] } },
{ "type": "Feature", "properties": { "class_id": 4, "area_m2": 2174564.3489200468, "class_name": "Alto", "index": "MNDWI", "min_value": null, "max_value": null }, "geometry": { "type": "Polygon", "coordinates": [ [ [ -88.905767225689843, 13.587588286439953 ], [ -88.89229255806498, 13.587588286439953 ], [ -88.89229255806498, 13.574113618815085 ], [ -88.905767225689843, 13.574113618815087 ], [ -88.905767225689843, 13.587588286439953 ] ] ] } },
{ "type": "Feature", "properties": { "class_id": 4, "area_m2": 2174662.1172676682, "class_name": "Alto", "index": "MNDWI", "min_value": null, "max_value": null }, "geometry": { "type": "Polygon", "coordinates": [ [ [ -88.946191228564444, 13.587588286439955 ], [ -88.932716560939582, 13.587588286439953 ], [ -88.932716560939582, 13.574113618815085 ], [ -88.946191228564444, 13.574113618815089 ], [ -88.946191228564444, 13.587588286439955 ] ] ] } },
{ "type": "Feature", "properties": { "class_id": 4, "area_m2": 10871161.354082398, "class_name": "Alto", "index": "MNDWI", "min_value": null, "max_value": null }, "geometry": { "type": "Polygon", "coordinates": [ [ [ -88.865343222815255, 13.614537621689685 ], [ -88.838393887565516, 13.614537621689685 ], [ -88.838393887565516, 13.601062954064814 ], [ -88.811444552315791, 13.601062954064817 ], [ -88.811444552315791, 13.587588286439953 ], [ -88.851868555190393, 13.587588286439953 ], [ -88.851868555190393, 13.601062954064815 ], [ -88.865343222815255, 13.601062954064819 ], [ -88.865343222815255, 13.614537621689685 ] ] ] } },
{ "type": "Feature", "properties": { "class_id": 4, "area_m2": 2174102.7412054413, "class_name": "Alto", "index": "MNDWI", "min_value": null, "max_value": null }, "geometry": { "type": "Polygon", "coordinates": [ [ [ -88.811444552315791, 13.614537621689678 ], [ -88.797969884690929, 13.614537621689683 ], [ -88.797969884690929, 13.601062954064819 ], [ -88.811444552315791, 13.601062954064817 ], [ -88.811444552315791, 13.614537621689678 ] ] ] } },
{ "type": "Feature", "properties": { "class_id": 4, "area_m2": 4348808.2398524685, "class_name": "Alto", "index": "MNDWI", "min_value": null, "max_value": null }, "geometry": { "type": "Polygon", "coordinates": [ [ [ -88.946191228564444, 13.61453762168968 ], [ -88.91924189331472, 13.614537621689676 ], [ -88.91924189331472, 13.601062954064815 ], [ -88.946191228564444, 13.601062954064822 ], [ -88.946191228564444, 13.61453762168968 ] ] ] } },
{ "type": "Feature", "properties": { "class_id": 4, "area_m2": 4348524.4972570604, "class_name": "Alto", "index": "MNDWI", "min_value": null, "max_value": null }, "geometry": { "type": "Polygon", "coordinates": [ [ [ -88.905767225689843, 13.628012289314546 ], [ -88.89229255806498, 13.628012289314544 ], [ -88.89229255806498, 13.601062954064819 ], [ -88.905767225689843, 13.601062954064822 ], [ -88.905767225689843, 13.628012289314546 ] ] ] } },
{ "type": "Feature", "properties": { "class_id": 4, "area_m2": 10871667.788586089, "class_name": "Alto", "index": "MNDWI", "min_value": null, "max_value": null }, "geometry": { "type": "Polygon", "coordinates": [ [ [ -88.959665896189307, 13.614537621689683 ], [ -88.986615231439046, 13.61453762168968 ], [ -88.986615231439046, 13.641486956939413 ], [ -88.946191228564444, 13.641486956939413 ], [ -88.946191228564444, 13.628012289314549 ], [ -88.959665896189307, 13.628012289314546 ], [ -88.959665896189307, 13.614537621689683 ] ] ] } },
{ "type": "Feature", "properties": { "class_id": 4, "area_m2": 39123769.774436548, "class_name": "Alto", "index": "MNDWI", "min_value": null, "max_value": null }, "geometry": { "type": "Polygon", "coordinates": [ [ [ -88.811444552315791, 13.70886029506374 ], [ -88.797969884690929, 13.708860295063745 ], [ -88.797969884690929, 13.695385627438876 ], [ -88.784495217066066, 13.695385627438876 ], [ -88.784495217066066, 13.641486956939415 ], [ -88.811444552315791, 13.641486956939413 ], [ -88.811444552315791, 13.614537621689678 ], [ -88.824919219940654, 13.61453762168969 ], [ -88.824919219940654, 13.66843629218914 ], [ -88.838393887565516, 13.668436292189138 ], [ -88.838393887565516, 13.681910959814008 ], [ -88.824919219940654, 13.681910959814006 ], [ -88.824919219940654, 13.722334962688604 ], [ -88.811444552315791, 13.722334962688604 ], [ -88.811444552315791, 13.70886029506374 ] ] ] } },
{ "type": "Feature", "properties": { "class_id": 4, "area_m2": 2173716.7356378864, "class_name": "Alto", "index": "MNDWI", "min_value": null, "max_value": null }, "geometry": { "type": "Polygon", "coordinates": [ [ [ -88.905767225689843, 13.68191095981401 ], [ -88.89229255806498, 13.68191095981401 ], [ -88.89229255806498, 13.668436292189142 ], [ -88.905767225689843, 13.668436292189146 ], [ -88.905767225689843, 13.68191095981401 ] ] ] } },
{ "type": "Feature", "properties": { "class_id": 4, "area_m2": 2173043.8591869082, "class_name": "Alto", "index": "MNDWI", "min_value": null, "max_value": null }, "geometry": { "type": "Polygon", "coordinates": [ [ [ -88.878817890440118, 13.749284297938337 ], [ -88.865343222815255, 13.749284297938329 ], [ -88.865343222815255, 13.735809630313469 ], [ -88.878817890440118, 13.735809630313467 ], [ -88.878817890440118, 13.749284297938337 ] ] ] } },
{ "type": "Feature", "properties": { "class_id": 4, "area_m2": 2172858.7472903905, "class_name": "Alto", "index": "MNDWI", "min_value": null, "max_value": null }, "geometry": { "type": "Polygon", "coordinates": [ [ [ -88.851868555190393, 13.762758965563201 ], [ -88.838393887565516, 13.762758965563197 ], [ -88.838393887565516, 13.749284297938328 ], [ -88.851868555190393, 13.749284297938337 ], [ -88.851868555190393, 13.762758965563201 ] ] ] } },
{ "type": "Feature", "properties": { "class_id": 4, "area_m2": 6518078.8167122416, "class_name": "Alto", "index": "MNDWI", "min_value": null, "max_value": null }, "geometry": { "type": "Polygon", "coordinates": [ [ [ -88.851868555190393, 13.762758965563201 ], [ -88.865343222815255, 13.762758965563197 ], [ -88.865343222815255, 13.789708300812933 ], [ -88.838393887565516, 13.789708300812933 ], [ -88.838393887565516, 13.776233633188061 ], [ -88.851868555190393, 13.776233633188065 ], [ -88.851868555190393, 13.762758965563201 ] ] ] } },
{ "type": "Feature", "properties": { "class_id": 4, "area_m2": 91224660.970830709, "class_name": "Alto", "index": "MNDWI", "min_value": null, "max_value": null }, "geometry": { "type": "Polygon", "coordinates": [ [ [ -88.595849870317949, 13.830132303687522 ], [ -88.582375202693086, 13.830132303687522 ], [ -88.582375202693086, 13.803182968437797 ], [ -88.595849870317949, 13.803182968437797 ], [ -88.595849870317949, 13.776233633188061 ], [ -88.622799205567674, 13.776233633188067 ], [ -88.622799205567674, 13.789708300812931 ], [ -88.649748540817413, 13.789708300812929 ], [ -88.649748540817413, 13.776233633188065 ], [ -88.636273873192536, 13.776233633188065 ], [ -88.636273873192536, 13.762758965563199 ], [ -88.71712187894174, 13.762758965563197 ], [ -88.71712187894174, 13.776233633188065 ], [ -88.744071214191464, 13.776233633188065 ], [ -88.744071214191464, 13.830132303687524 ], [ -88.730596546566602, 13.830132303687522 ], [ -88.730596546566602, 13.816657636062663 ], [ -88.71712187894174, 13.81665763606266 ], [ -88.71712187894174, 13.803182968437802 ], [ -88.703647211316863, 13.803182968437797 ], [ -88.703647211316863, 13.830132303687529 ], [ -88.690172543692, 13.83013230368752 ], [ -88.690172543692, 13.816657636062663 ], [ -88.663223208442275, 13.816657636062663 ], [ -88.663223208442275, 13.803182968437797 ], [ -88.649748540817413, 13.803182968437802 ], [ -88.649748540817413, 13.843606971312388 ], [ -88.595849870317949, 13.843606971312393 ], [ -88.595849870317949, 13.830132303687522 ] ], [ [ -88.703647211316863, 13.776233633188065 ], [ -88.703647211316863, 13.789708300812929 ], [ -88.71712187894174, 13.789708300812929 ], [ -88.71712187894174, 13.776233633188065 ], [ -88.703647211316863, 13.776233633188065 ] ], [ [ -88.622799205567674, 13.816657636062667 ], [ -88.622799205567674, 13.83013230368752 ], [ -88.636273873192536, 13.830132303687527 ], [ -88.636273873192536, 13.803182968437797 ], [ -88.609324537942811, 13.803182968437795 ], [ -88.609324537942811, 13.816657636062661 ], [ -88.622799205567674, 13.816657636062667 ] ], [ [ -88.676697876067138, 13.789708300812933 ], [ -88.676697876067138, 13.776233633188067 ], [ -88.663223208442275, 13.776233633188067 ], [ -88.663223208442275, 13.789708300812929 ], [ -88.676697876067138, 13.789708300812933 ] ] ] } },
{ "type": "Feature", "properties": { "class_id": 4, "area_m2": 2172337.9381211158, "class_name": "Alto", "index": "MNDWI", "min_value": null, "max_value": null }, "geometry": { "type": "Polygon", "coordinates": [ [ [ -88.838393887565516, 13.816657636062663 ], [ -88.824919219940654, 13.816657636062663 ], [ -88.824919219940654, 13.803182968437797 ], [ -88.838393887565516, 13.803182968437797 ], [ -88.838393887565516, 13.816657636062663 ] ] ] } },
{ "type": "Feature", "properties": { "class_id": 4, "area_m2": 2172153.6793775959, "class_name": "Alto", "index": "MNDWI", "min_value": null, "max_value": null }, "geometry": { "type": "Polygon", "coordinates": [ [ [ -88.811444552315791, 13.830132303687526 ], [ -88.797969884690929, 13.830132303687526 ], [ -88.797969884690929, 13.81665763606266 ], [ -88.811444552315791, 13.816657636062663 ], [ -88.811444552315791, 13.830132303687526 ] ] ] } },
{ "type": "Feature", "properties": { "class_id": 4, "area_m2": 4343580.5061334353, "class_name": "Alto", "index": "MNDWI", "min_value": null, "max_value": null }, "geometry": { "type": "Polygon", "coordinates": [ [ [ -88.730596546566602, 13.857081638937258 ], [ -88.71712187894174, 13.85708163893726 ], [ -88.71712187894174, 13.83013230368752 ], [ -88.730596546566602, 13.830132303687522 ], [ -88.730596546566602, 13.857081638937258 ] ] ] } },
{ "type": "Feature", "properties": { "class_id": 4, "area_m2": 2171817.3495720029, "class_name": "Alto", "index": "MNDWI", "min_value": null, "max_value": null }, "geometry": { "type": "Polygon", "coordinates": [ [ [ -88.771020549441189, 13.85708163893726 ], [ -88.757545881816327, 13.857081638937265 ], [ -88.757545881816327, 13.84360697131239 ], [ -88.771020549441189, 13.84360697131239 ], [ -88.771020549441189, 13.85708163893726 ] ] ] } },
{ "type": "Feature", "properties": { "class_id": 4, "area_m2": 2172127.2677552248, "class_name": "Alto", "index": "MNDWI", "min_value": null, "max_value": null }, "geometry": { "type": "Polygon", "coordinates": [ [ [ -88.905767225689843, 13.857081638937258 ], [ -88.89229255806498, 13.857081638937258 ], [ -88.89229255806498, 13.843606971312388 ], [ -88.905767225689843, 13.843606971312393 ], [ -88.905767225689843, 13.857081638937258 ] ] ] } },
{ "type": "Feature", "properties": { "class_id": 4, "area_m2": 2171757.6385040544, "class_name": "Alto", "index": "MNDWI", "min_value": null, "max_value": null }, "geometry": { "type": "Polygon", "coordinates": [ [ [ -88.905767225689843, 13.897505641811854 ], [ -88.89229255806498, 13.897505641811852 ], [ -88.89229255806498, 13.884030974186988 ], [ -88.905767225689843, 13.884030974186985 ], [ -88.905767225689843, 13.897505641811854 ] ] ] } },
{ "type": "Feature", "properties": { "class_id": 4, "area_m2": 2171112.5387963005, "class_name": "Alto", "index": "MNDWI", "min_value": null, "max_value": null }, "geometry": { "type": "Polygon", "coordinates": [ [ [ -88.730596546566602, 13.924454977061581 ], [ -88.71712187894174, 13.924454977061579 ], [ -88.71712187894174, 13.91098030943672 ], [ -88.730596546566602, 13.91098030943672 ], [ -88.730596546566602, 13.924454977061581 ] ] ] } },
{ "type": "Feature", "properties": { "class_id": 4, "area_m2": 2171415.3372080149, "class_name": "Alto", "index": "MNDWI", "min_value": null, "max_value": null }, "geometry": { "type": "Polygon", "coordinates": [ [ [ -88.865343222815255, 13.924454977061584 ], [ -88.851868555190393, 13.924454977061584 ], [ -88.851868555190393, 13.91098030943672 ], [ -88.865343222815255, 13.91098030943672 ], [ -88.865343222815255, 13.924454977061584 ] ] ] } },
{ "type": "Feature", "properties": { "class_id": 4, "area_m2": 2171323.2030145484, "class_name": "Alto", "index": "MNDWI", "min_value": null, "max_value": null }, "geometry": { "type": "Polygon", "coordinates": [ [ [ -88.878817890440118, 13.937929644686447 ], [ -88.865343222815255, 13.937929644686447 ], [ -88.865343222815255, 13.924454977061584 ], [ -88.878817890440118, 13.924454977061579 ], [ -88.878817890440118, 13.937929644686447 ] ] ] } },
{ "type": "Feature", "properties": { "class_id": 4, "area_m2": 2171419.1641208539, "class_name": "Alto", "index": "MNDWI", "min_value": null, "max_value": null }, "geometry": { "type": "Polygon", "coordinates": [ [ [ -88.91924189331472, 13.937929644686445 ], [ -88.905767225689843, 13.937929644686452 ], [ -88.905767225689843, 13.924454977061581 ], [ -88.91924189331472, 13.924454977061588 ], [ -88.91924189331472, 13.937929644686445 ] ] ] } },
{ "type": "Feature", "properties": { "class_id": 4, "area_m2": 2171167.8904402331, "class_name": "Alto", "index": "MNDWI", "min_value": null, "max_value": null }, "geometry": { "type": "Polygon", "coordinates": [ [ [ -88.865343222815255, 13.951404312311315 ], [ -88.851868555190393, 13.951404312311315 ], [ -88.851868555190393, 13.937929644686454 ], [ -88.865343222815255, 13.937929644686447 ], [ -88.865343222815255, 13.951404312311315 ] ] ] } },
{ "type": "Feature", "properties": { "class_id": 4, "area_m2": 2171360.4642647449, "class_name": "Alto", "index": "MNDWI", "min_value": null, "max_value": null }, "geometry": { "type": "Polygon", "coordinates": [ [ [ -88.946191228564444, 13.951404312311315 ], [ -88.932716560939582, 13.951404312311315 ], [ -88.932716560939582, 13.937929644686452 ], [ -88.946191228564444, 13.93792964468645 ], [ -88.946191228564444, 13.951404312311315 ] ] ] } },
{ "type": "Feature", "properties": { "class_id": 4, "area_m2": 2170981.636601822, "class_name": "Alto", "index": "MNDWI", "min_value": null, "max_value": null }, "geometry": { "type": "Polygon", "coordinates": [ [ [ -88.838393887565516, 13.964878979936181 ], [ -88.824919219940654, 13.964878979936181 ], [ -88.824919219940654, 13.951404312311309 ], [ -88.838393887565516, 13.951404312311309 ], [ -88.838393887565516, 13.964878979936181 ] ] ] } },
{ "type": "Feature", "properties": { "class_id": 4, "area_m2": 2171139.2330329865, "class_name": "Alto", "index": "MNDWI", "min_value": null, "max_value": null }, "geometry": { "type": "Polygon", "coordinates": [ [ [ -88.905767225689843, 13.964878979936181 ], [ -88.89229255806498, 13.964878979936181 ], [ -88.89229255806498, 13.951404312311315 ], [ -88.905767225689843, 13.951404312311309 ], [ -88.905767225689843, 13.964878979936181 ] ] ] } },
{ "type": "Feature", "properties": { "class_id": 4, "area_m2": 2170705.7659174455, "class_name": "Alto", "index": "MNDWI", "min_value": null, "max_value": null }, "geometry": { "type": "Polygon", "coordinates": [ [ [ -88.771020549441189, 13.97835364756105 ], [ -88.757545881816327, 13.978353647561047 ], [ -88.757545881816327, 13.964878979936181 ], [ -88.771020549441189, 13.964878979936181 ], [ -88.771020549441189, 13.97835364756105 ] ] ] } },
{ "type": "Feature", "properties": { "class_id": 4, "area_m2": 17358409.730054177, "class_name": "Alto", "index": "MNDWI", "min_value": null, "max_value": null }, "geometry": { "type": "Polygon", "coordinates": [ [ [ -88.91924189331472, 14.099625656184834 ], [ -88.946191228564444, 14.099625656184839 ], [ -88.946191228564444, 14.1131003238097 ], [ -88.932716560939582, 14.113100323809695 ], [ -88.932716560939582, 14.126574991434563 ], [ -88.89229255806498, 14.126574991434559 ], [ -88.89229255806498, 14.099625656184829 ], [ -88.905767225689843, 14.099625656184832 ], [ -88.905767225689843, 14.086150988559966 ], [ -88.91924189331472, 14.086150988559965 ], [ -88.91924189331472, 14.099625656184834 ] ] ] } },
{ "type": "Feature", "properties": { "class_id": 4, "area_m2": 2169113.1541186073, "class_name": "Alto", "index": "MNDWI", "min_value": null, "max_value": null }, "geometry": { "type": "Polygon", "coordinates": [ [ [ -88.784495217066066, 14.153524326684289 ], [ -88.771020549441189, 14.153524326684291 ], [ -88.771020549441189, 14.140049659059423 ], [ -88.784495217066066, 14.140049659059425 ], [ -88.784495217066066, 14.153524326684289 ] ] ] } },
{ "type": "Feature", "properties": { "class_id": 4, "area_m2": 13014968.289171768, "class_name": "Alto", "index": "MNDWI", "min_value": null, "max_value": null }, "geometry": { "type": "Polygon", "coordinates": [ [ [ -88.89229255806498, 14.153524326684288 ], [ -88.932716560939582, 14.153524326684293 ], [ -88.932716560939582, 14.166998994309155 ], [ -88.905767225689843, 14.166998994309155 ], [ -88.905767225689843, 14.193948329558893 ], [ -88.89229255806498, 14.193948329558889 ], [ -88.89229255806498, 14.180473661934025 ], [ -88.878817890440118, 14.180473661934025 ], [ -88.878817890440118, 14.166998994309154 ], [ -88.89229255806498, 14.166998994309155 ], [ -88.89229255806498, 14.153524326684288 ] ] ] } },
{ "type": "Feature", "properties": { "class_id": 4, "area_m2": 4354399.9896733165, "class_name": "Alto", "index": "MNDWI", "min_value": null, "max_value": null }, "geometry": { "type": "Polygon", "coordinates": [ [ [ -88.474577861694158, 13.183348257693996 ], [ -88.447628526444433, 13.183348257693996 ], [ -88.447628526444433, 13.169873590069129 ], [ -88.474577861694158, 13.169873590069134 ], [ -88.474577861694158, 13.183348257693996 ] ] ] } },
{ "type": "Feature", "properties": { "class_id": 4, "area_m2": 2177145.9112009546, "class_name": "Alto", "index": "MNDWI", "min_value": null, "max_value": null }, "geometry": { "type": "Polygon", "coordinates": [ [ [ -88.501527196943883, 13.196822925318855 ], [ -88.48805252931902, 13.196822925318857 ], [ -88.48805252931902, 13.183348257693991 ], [ -88.501527196943883, 13.183348257693996 ], [ -88.501527196943883, 13.196822925318855 ] ] ] } },
{ "type": "Feature", "properties": { "class_id": 4, "area_m2": 2177197.3549133781, "class_name": "Alto", "index": "MNDWI", "min_value": null, "max_value": null }, "geometry": { "type": "Polygon", "coordinates": [ [ [ -88.528476532193622, 13.196822925318859 ], [ -88.51500186456876, 13.196822925318861 ], [ -88.51500186456876, 13.183348257693993 ], [ -88.528476532193622, 13.183348257693993 ], [ -88.528476532193622, 13.196822925318859 ] ] ] } },
{ "type": "Feature", "properties": { "class_id": 4, "area_m2": 2176668.1291263411, "class_name": "Alto", "index": "MNDWI", "min_value": null, "max_value": null }, "geometry": { "type": "Polygon", "coordinates": [ [ [ -88.366780520695244, 13.223772260568587 ], [ -88.353305853070367, 13.223772260568586 ], [ -88.353305853070367, 13.210297592943725 ], [ -88.366780520695244, 13.210297592943725 ], [ -88.366780520695244, 13.223772260568587 ] ] ] } },
{ "type": "Feature", "properties": { "class_id": 4, "area_m2": 4353171.694443211, "class_name": "Alto", "index": "MNDWI", "min_value": null, "max_value": null }, "geometry": { "type": "Polygon", "coordinates": [ [ [ -88.393729855944969, 13.237246928193452 ], [ -88.366780520695244, 13.237246928193452 ], [ -88.366780520695244, 13.223772260568587 ], [ -88.393729855944969, 13.223772260568591 ], [ -88.393729855944969, 13.237246928193452 ] ] ] } },
{ "type": "Feature", "properties": { "class_id": 4, "area_m2": 2176794.054738278, "class_name": "Alto", "index": "MNDWI", "min_value": null, "max_value": null }, "geometry": { "type": "Polygon", "coordinates": [ [ [ -88.501527196943883, 13.237246928193453 ], [ -88.48805252931902, 13.237246928193452 ], [ -88.48805252931902, 13.223772260568591 ], [ -88.501527196943883, 13.223772260568587 ], [ -88.501527196943883, 13.237246928193453 ] ] ] } },
{ "type": "Feature", "properties": { "class_id": 4, "area_m2": 47894121.819855727, "class_name": "Alto", "index": "MNDWI", "min_value": null, "max_value": null }, "geometry": { "type": "Polygon", "coordinates": [ [ [ -88.541951199818484, 13.223772260568587 ], [ -88.568900535068209, 13.223772260568589 ], [ -88.568900535068209, 13.196822925318864 ], [ -88.582375202693086, 13.196822925318862 ], [ -88.582375202693086, 13.210297592943725 ], [ -88.595849870317949, 13.210297592943723 ], [ -88.595849870317949, 13.223772260568589 ], [ -88.609324537942811, 13.223772260568587 ], [ -88.609324537942811, 13.210297592943727 ], [ -88.649748540817413, 13.21029759294373 ], [ -88.649748540817413, 13.223772260568589 ], [ -88.676697876067138, 13.223772260568591 ], [ -88.676697876067138, 13.237246928193452 ], [ -88.636273873192536, 13.237246928193455 ], [ -88.636273873192536, 13.250721595818318 ], [ -88.609324537942811, 13.250721595818318 ], [ -88.609324537942811, 13.264196263443187 ], [ -88.582375202693086, 13.264196263443186 ], [ -88.582375202693086, 13.250721595818318 ], [ -88.568900535068209, 13.250721595818323 ], [ -88.568900535068209, 13.237246928193457 ], [ -88.541951199818484, 13.237246928193453 ], [ -88.541951199818484, 13.223772260568587 ] ], [ [ -88.582375202693086, 13.223772260568591 ], [ -88.582375202693086, 13.237246928193453 ], [ -88.595849870317949, 13.237246928193452 ], [ -88.595849870317949, 13.223772260568589 ], [ -88.582375202693086, 13.223772260568591 ] ] ] } },
{ "type": "Feature", "properties": { "class_id": 4, "area_m2": 2176651.1734779389, "class_name": "Alto", "index": "MNDWI", "min_value": null, "max_value": null }, "geometry": { "type": "Polygon", "coordinates": [ [ [ -88.48805252931902, 13.250721595818323 ], [ -88.474577861694158, 13.25072159581832 ], [ -88.474577861694158, 13.237246928193457 ], [ -88.48805252931902, 13.237246928193452 ], [ -88.48805252931902, 13.250721595818323 ] ] ] } },
{ "type": "Feature", "properties": { "class_id": 4, "area_m2": 478744136.86471391, "class_name": "Alto", "index": "MNDWI", "min_value": null, "max_value": null }, "geometry": { "type": "Polygon", "coordinates": [ [ [ -88.272457847321178, 13.318094933942644 ], [ -88.299407182570931, 13.318094933942648 ], [ -88.299407182570931, 13.30462026631778 ], [ -88.28593251494604, 13.30462026631778 ], [ -88.28593251494604, 13.291145598692918 ], [ -88.272457847321178, 13.291145598692921 ], [ -88.272457847321178, 13.27767093106805 ], [ -88.245508512071453, 13.277670931068053 ], [ -88.245508512071453, 13.264196263443184 ], [ -88.205084509196851, 13.264196263443186 ], [ -88.205084509196851, 13.277670931068053 ], [ -88.23203384444659, 13.277670931068053 ], [ -88.23203384444659, 13.291145598692921 ], [ -88.245508512071453, 13.291145598692921 ], [ -88.245508512071453, 13.304620266317784 ], [ -88.218559176821714, 13.304620266317785 ], [ -88.218559176821714, 13.291145598692914 ], [ -88.191609841571989, 13.291145598692918 ], [ -88.191609841571989, 13.304620266317784 ], [ -88.164660506322264, 13.304620266317789 ], [ -88.164660506322264, 13.318094933942648 ], [ -88.137711171072525, 13.318094933942644 ], [ -88.137711171072525, 13.33156960156751 ], [ -88.124236503447662, 13.331569601567509 ], [ -88.124236503447662, 13.318094933942648 ], [ -88.1107618358228, 13.318094933942646 ], [ -88.1107618358228, 13.304620266317784 ], [ -88.097287168197937, 13.30462026631778 ], [ -88.097287168197937, 13.318094933942648 ], [ -88.08381250057306, 13.318094933942646 ], [ -88.08381250057306, 13.291145598692916 ], [ -88.05686316532335, 13.291145598692919 ], [ -88.05686316532335, 13.277670931068053 ], [ -88.070337832948198, 13.27767093106805 ], [ -88.070337832948198, 13.264196263443184 ], [ -88.05686316532335, 13.264196263443186 ], [ -88.05686316532335, 13.223772260568591 ], [ -88.070337832948198, 13.223772260568587 ], [ -88.070337832948198, 13.237246928193448 ], [ -88.08381250057306, 13.237246928193452 ], [ -88.08381250057306, 13.210297592943727 ], [ -88.070337832948198, 13.210297592943723 ], [ -88.070337832948198, 13.183348257693989 ], [ -88.016439162448734, 13.183348257693993 ], [ -88.016439162448734, 13.169873590069127 ], [ -88.137711171072525, 13.169873590069129 ], [ -88.137711171072525, 13.183348257693996 ], [ -88.151185838697387, 13.183348257693996 ], [ -88.151185838697387, 13.16987359006913 ], [ -88.299407182570931, 13.169873590069125 ], [ -88.299407182570931, 13.183348257693998 ], [ -88.326356517820642, 13.183348257693993 ], [ -88.326356517820642, 13.169873590069129 ], [ -88.353305853070367, 13.16987359006913 ], [ -88.353305853070367, 13.196822925318861 ], [ -88.339831185445505, 13.196822925318857 ], [ -88.339831185445505, 13.23724692819345 ], [ -88.353305853070367, 13.237246928193453 ], [ -88.353305853070367, 13.264196263443187 ], [ -88.366780520695244, 13.264196263443189 ], [ -88.366780520695244, 13.250721595818323 ], [ -88.380255188320106, 13.250721595818325 ], [ -88.380255188320106, 13.291145598692921 ], [ -88.353305853070367, 13.291145598692918 ], [ -88.353305853070367, 13.331569601567514 ], [ -88.28593251494604, 13.331569601567512 ], [ -88.28593251494604, 13.345044269192377 ], [ -88.272457847321178, 13.345044269192378 ], [ -88.272457847321178, 13.358518936817244 ], [ -88.23203384444659, 13.358518936817244 ], [ -88.23203384444659, 13.345044269192375 ], [ -88.205084509196851, 13.345044269192375 ], [ -88.205084509196851, 13.331569601567514 ], [ -88.245508512071453, 13.331569601567507 ], [ -88.245508512071453, 13.345044269192373 ], [ -88.258983179696315, 13.345044269192378 ], [ -88.258983179696315, 13.331569601567514 ], [ -88.272457847321178, 13.33156960156751 ], [ -88.272457847321178, 13.318094933942644 ] ], [ [ -88.31288185019578, 13.304620266317784 ], [ -88.31288185019578, 13.318094933942648 ], [ -88.326356517820642, 13.318094933942648 ], [ -88.326356517820642, 13.30462026631778 ], [ -88.339831185445505, 13.30462026631778 ], [ -88.339831185445505, 13.277670931068053 ], [ -88.326356517820642, 13.277670931068055 ], [ -88.326356517820642, 13.291145598692914 ], [ -88.299407182570931, 13.291145598692916 ], [ -88.299407182570931, 13.30462026631778 ], [ -88.31288185019578, 13.304620266317784 ] ], [ [ -88.258983179696315, 13.223772260568595 ], [ -88.258983179696315, 13.210297592943725 ], [ -88.245508512071453, 13.210297592943727 ], [ -88.245508512071453, 13.223772260568586 ], [ -88.258983179696315, 13.223772260568595 ] ], [ [ -88.28593251494604, 13.196822925318855 ], [ -88.28593251494604, 13.183348257693989 ], [ -88.272457847321178, 13.183348257693996 ], [ -88.272457847321178, 13.196822925318862 ], [ -88.28593251494604, 13.196822925318855 ] ] ] } },
{ "type": "Feature", "properties": { "class_id": 4, "area_m2": 2176008.9595626867, "class_name": "Alto", "index": "MNDWI", "min_value": null, "max_value": null }, "geometry": { "type": "Polygon", "coordinates": [ [ [ -88.380255188320106, 13.291145598692921 ], [ -88.393729855944969, 13.291145598692918 ], [ -88.393729855944969, 13.304620266317782 ], [ -88.380255188320106, 13.304620266317784 ], [ -88.380255188320106, 13.291145598692921 ] ] ] } },
{ "type": "Feature", "properties": { "class_id": 4, "area_m2": 2175290.3640379184, "class_name": "Alto", "index": "MNDWI", "min_value": null, "max_value": null }, "geometry": { "type": "Polygon", "coordinates": [ [ [ -88.08381250057306, 13.331569601567509 ], [ -88.070337832948198, 13.331569601567509 ], [ -88.070337832948198, 13.318094933942646 ], [ -88.08381250057306, 13.318094933942646 ], [ -88.08381250057306, 13.331569601567509 ] ] ] } },
{ "type": "Feature", "properties": { "class_id": 4, "area_m2": 2175228.1443213983, "class_name": "Alto", "index": "MNDWI", "min_value": null, "max_value": null }, "geometry": { "type": "Polygon", "coordinates": [ [ [ -88.124236503447662, 13.345044269192378 ], [ -88.1107618358228, 13.345044269192373 ], [ -88.1107618358228, 13.331569601567509 ], [ -88.124236503447662, 13.331569601567509 ], [ -88.124236503447662, 13.345044269192378 ] ] ] } },
{ "type": "Feature", "properties": { "class_id": 4, "area_m2": 6525648.391355074, "class_name": "Alto", "index": "MNDWI", "min_value": null, "max_value": null }, "geometry": { "type": "Polygon", "coordinates": [ [ [ -88.164660506322264, 13.34504426919238 ], [ -88.151185838697387, 13.34504426919238 ], [ -88.151185838697387, 13.358518936817243 ], [ -88.137711171072525, 13.358518936817243 ], [ -88.137711171072525, 13.33156960156751 ], [ -88.164660506322264, 13.331569601567516 ], [ -88.164660506322264, 13.34504426919238 ] ] ] } },
{ "type": "Feature", "properties": { "class_id": 4, "area_m2": 2175207.714189047, "class_name": "Alto", "index": "MNDWI", "min_value": null, "max_value": null }, "geometry": { "type": "Polygon", "coordinates": [ [ [ -88.191609841571989, 13.358518936817243 ], [ -88.17813517394714, 13.358518936817244 ], [ -88.17813517394714, 13.345044269192377 ], [ -88.191609841571989, 13.345044269192382 ], [ -88.191609841571989, 13.358518936817243 ] ] ] } },
{ "type": "Feature", "properties": { "class_id": 4, "area_m2": 2175376.3387426389, "class_name": "Alto", "index": "MNDWI", "min_value": null, "max_value": null }, "geometry": { "type": "Polygon", "coordinates": [ [ [ -88.299407182570931, 13.358518936817244 ], [ -88.28593251494604, 13.358518936817244 ], [ -88.28593251494604, 13.345044269192377 ], [ -88.299407182570931, 13.345044269192378 ], [ -88.299407182570931, 13.358518936817244 ] ] ] } },
{ "type": "Feature", "properties": { "class_id": 4, "area_m2": 2175563.1184163704, "class_name": "Alto", "index": "MNDWI", "min_value": null, "max_value": null }, "geometry": { "type": "Polygon", "coordinates": [ [ [ -88.474577861694158, 13.371993604442109 ], [ -88.461103194069295, 13.37199360444211 ], [ -88.461103194069295, 13.358518936817246 ], [ -88.474577861694158, 13.358518936817241 ], [ -88.474577861694158, 13.371993604442109 ] ] ] } },
{ "type": "Feature", "properties": { "class_id": 4, "area_m2": 2174901.5373799996, "class_name": "Alto", "index": "MNDWI", "min_value": null, "max_value": null }, "geometry": { "type": "Polygon", "coordinates": [ [ [ -88.299407182570931, 13.412417607316709 ], [ -88.28593251494604, 13.412417607316707 ], [ -88.28593251494604, 13.398942939691832 ], [ -88.299407182570931, 13.398942939691835 ], [ -88.299407182570931, 13.412417607316709 ] ] ] } },
{ "type": "Feature", "properties": { "class_id": 4, "area_m2": 1350750448.6725407, "class_name": "Alto", "index": "MNDWI", "min_value": null, "max_value": null }, "geometry": { "type": "Polygon", "coordinates": [ [ [ -88.447628526444433, 13.601062954064815 ], [ -88.43415385881957, 13.601062954064817 ], [ -88.43415385881957, 13.587588286439953 ], [ -88.420679191194694, 13.587588286439953 ], [ -88.420679191194694, 13.614537621689685 ], [ -88.407204523569831, 13.614537621689685 ], [ -88.407204523569831, 13.560638951190217 ], [ -88.272457847321178, 13.560638951190223 ], [ -88.272457847321178, 13.52021494831563 ], [ -88.245508512071453, 13.520214948315628 ], [ -88.245508512071453, 13.479790945441032 ], [ -88.23203384444659, 13.479790945441033 ], [ -88.23203384444659, 13.439366942566439 ], [ -88.245508512071453, 13.439366942566435 ], [ -88.245508512071453, 13.425892274941571 ], [ -88.23203384444659, 13.425892274941569 ], [ -88.23203384444659, 13.412417607316703 ], [ -88.218559176821714, 13.412417607316705 ], [ -88.218559176821714, 13.371993604442109 ], [ -88.258983179696315, 13.371993604442109 ], [ -88.258983179696315, 13.385468272066975 ], [ -88.272457847321178, 13.385468272066976 ], [ -88.272457847321178, 13.398942939691839 ], [ -88.258983179696315, 13.398942939691839 ], [ -88.258983179696315, 13.412417607316709 ], [ -88.272457847321178, 13.412417607316709 ], [ -88.272457847321178, 13.466316277816166 ], [ -88.28593251494604, 13.466316277816164 ], [ -88.28593251494604, 13.47979094544103 ], [ -88.272457847321178, 13.47979094544103 ], [ -88.272457847321178, 13.493265613065899 ], [ -88.299407182570931, 13.493265613065899 ], [ -88.299407182570931, 13.466316277816162 ], [ -88.31288185019578, 13.466316277816164 ], [ -88.31288185019578, 13.425892274941571 ], [ -88.326356517820642, 13.425892274941573 ], [ -88.326356517820642, 13.37199360444211 ], [ -88.353305853070367, 13.37199360444211 ], [ -88.353305853070367, 13.412417607316701 ], [ -88.366780520695244, 13.4124176073167 ], [ -88.366780520695244, 13.318094933942643 ], [ -88.43415385881957, 13.318094933942646 ], [ -88.43415385881957, 13.304620266317784 ], [ -88.420679191194694, 13.30462026631778 ], [ -88.420679191194694, 13.291145598692918 ], [ -88.43415385881957, 13.291145598692916 ], [ -88.43415385881957, 13.264196263443186 ], [ -88.447628526444433, 13.264196263443184 ], [ -88.447628526444433, 13.250721595818325 ], [ -88.43415385881957, 13.250721595818318 ], [ -88.43415385881957, 13.237246928193453 ], [ -88.420679191194694, 13.237246928193455 ], [ -88.420679191194694, 13.250721595818323 ], [ -88.407204523569831, 13.250721595818321 ], [ -88.407204523569831, 13.223772260568591 ], [ -88.393729855944969, 13.223772260568591 ], [ -88.393729855944969, 13.196822925318857 ], [ -88.380255188320106, 13.196822925318861 ], [ -88.380255188320106, 13.169873590069129 ], [ -88.407204523569831, 13.169873590069127 ], [ -88.407204523569831, 13.196822925318859 ], [ -88.420679191194694, 13.196822925318864 ], [ -88.420679191194694, 13.169873590069123 ], [ -88.43415385881957, 13.16987359006913 ], [ -88.43415385881957, 13.223772260568587 ], [ -88.461103194069295, 13.223772260568586 ], [ -88.461103194069295, 13.196822925318854 ], [ -88.474577861694158, 13.196822925318861 ], [ -88.474577861694158, 13.210297592943727 ], [ -88.48805252931902, 13.210297592943727 ], [ -88.48805252931902, 13.223772260568591 ], [ -88.474577861694158, 13.223772260568586 ], [ -88.474577861694158, 13.237246928193457 ], [ -88.461103194069295, 13.237246928193455 ], [ -88.461103194069295, 13.264196263443187 ], [ -88.501527196943883, 13.264196263443184 ], [ -88.501527196943883, 13.250721595818323 ], [ -88.528476532193622, 13.250721595818323 ], [ -88.528476532193622, 13.264196263443187 ], [ -88.541951199818484, 13.264196263443193 ], [ -88.541951199818484, 13.250721595818323 ], [ -88.555425867443347, 13.25072159581832 ], [ -88.555425867443347, 13.277670931068055 ], [ -88.528476532193622, 13.27767093106805 ], [ -88.528476532193622, 13.291145598692919 ], [ -88.541951199818484, 13.291145598692912 ], [ -88.541951199818484, 13.304620266317784 ], [ -88.568900535068209, 13.30462026631778 ], [ -88.568900535068209, 13.291145598692918 ], [ -88.582375202693086, 13.291145598692918 ], [ -88.582375202693086, 13.277670931068052 ], [ -88.636273873192536, 13.277670931068048 ], [ -88.636273873192536, 13.291145598692919 ], [ -88.595849870317949, 13.291145598692914 ], [ -88.595849870317949, 13.304620266317785 ], [ -88.649748540817413, 13.304620266317784 ], [ -88.649748540817413, 13.318094933942644 ], [ -88.663223208442275, 13.318094933942648 ], [ -88.663223208442275, 13.331569601567514 ], [ -88.676697876067138, 13.331569601567514 ], [ -88.676697876067138, 13.318094933942648 ], [ -88.690172543692, 13.318094933942648 ], [ -88.690172543692, 13.331569601567518 ], [ -88.71712187894174, 13.331569601567512 ], [ -88.71712187894174, 13.358518936817244 ], [ -88.730596546566602, 13.358518936817244 ], [ -88.730596546566602, 13.345044269192382 ], [ -88.744071214191464, 13.345044269192378 ], [ -88.744071214191464, 13.331569601567516 ], [ -88.757545881816327, 13.331569601567514 ], [ -88.757545881816327, 13.318094933942644 ], [ -88.771020549441189, 13.318094933942644 ], [ -88.771020549441189, 13.291145598692916 ], [ -88.784495217066066, 13.291145598692918 ], [ -88.784495217066066, 13.304620266317784 ], [ -88.797969884690929, 13.304620266317787 ], [ -88.797969884690929, 13.291145598692918 ], [ -88.824919219940654, 13.291145598692914 ], [ -88.824919219940654, 13.264196263443189 ], [ -88.851868555190393, 13.264196263443186 ], [ -88.851868555190393, 13.277670931068055 ], [ -88.838393887565516, 13.277670931068053 ], [ -88.838393887565516, 13.291145598692918 ], [ -88.905767225689843, 13.291145598692916 ], [ -88.905767225689843, 13.304620266317778 ], [ -88.89229255806498, 13.304620266317784 ], [ -88.89229255806498, 13.318094933942648 ], [ -88.878817890440118, 13.318094933942648 ], [ -88.878817890440118, 13.331569601567512 ], [ -88.89229255806498, 13.33156960156751 ], [ -88.89229255806498, 13.345044269192373 ], [ -88.865343222815255, 13.345044269192378 ], [ -88.865343222815255, 13.358518936817244 ], [ -88.851868555190393, 13.35851893681725 ], [ -88.851868555190393, 13.345044269192377 ], [ -88.838393887565516, 13.345044269192378 ], [ -88.838393887565516, 13.33156960156751 ], [ -88.824919219940654, 13.331569601567516 ], [ -88.824919219940654, 13.318094933942648 ], [ -88.784495217066066, 13.318094933942643 ], [ -88.784495217066066, 13.331569601567514 ], [ -88.797969884690929, 13.331569601567512 ], [ -88.797969884690929, 13.345044269192378 ], [ -88.757545881816327, 13.345044269192375 ], [ -88.757545881816327, 13.358518936817244 ], [ -88.744071214191464, 13.358518936817244 ], [ -88.744071214191464, 13.385468272066975 ], [ -88.676697876067138, 13.385468272066975 ], [ -88.676697876067138, 13.371993604442109 ], [ -88.663223208442275, 13.37199360444211 ], [ -88.663223208442275, 13.385468272066969 ], [ -88.649748540817413, 13.385468272066975 ], [ -88.649748540817413, 13.398942939691841 ], [ -88.663223208442275, 13.398942939691841 ], [ -88.663223208442275, 13.412417607316701 ], [ -88.676697876067138, 13.412417607316705 ], [ -88.676697876067138, 13.439366942566433 ], [ -88.690172543692, 13.43936694256643 ], [ -88.690172543692, 13.466316277816171 ], [ -88.71712187894174, 13.466316277816164 ], [ -88.71712187894174, 13.479790945441035 ], [ -88.703647211316863, 13.47979094544103 ], [ -88.703647211316863, 13.493265613065898 ], [ -88.690172543692, 13.493265613065901 ], [ -88.690172543692, 13.506740280690762 ], [ -88.730596546566602, 13.506740280690753 ], [ -88.730596546566602, 13.533689615940492 ], [ -88.744071214191464, 13.533689615940492 ], [ -88.744071214191464, 13.547164283565353 ], [ -88.757545881816327, 13.547164283565358 ], [ -88.757545881816327, 13.506740280690765 ], [ -88.784495217066066, 13.506740280690757 ], [ -88.784495217066066, 13.520214948315626 ], [ -88.797969884690929, 13.520214948315628 ], [ -88.797969884690929, 13.533689615940492 ], [ -88.771020549441189, 13.533689615940496 ], [ -88.771020549441189, 13.547164283565351 ], [ -88.784495217066066, 13.54716428356536 ], [ -88.784495217066066, 13.560638951190223 ], [ -88.663223208442275, 13.560638951190223 ], [ -88.663223208442275, 13.547164283565353 ], [ -88.636273873192536, 13.547164283565358 ], [ -88.636273873192536, 13.560638951190226 ], [ -88.48805252931902, 13.560638951190223 ], [ -88.48805252931902, 13.574113618815085 ], [ -88.501527196943883, 13.574113618815087 ], [ -88.501527196943883, 13.614537621689681 ], [ -88.51500186456876, 13.614537621689681 ], [ -88.51500186456876, 13.628012289314544 ], [ -88.528476532193622, 13.628012289314544 ], [ -88.528476532193622, 13.641486956939421 ], [ -88.51500186456876, 13.641486956939417 ], [ -88.51500186456876, 13.654961624564278 ], [ -88.48805252931902, 13.654961624564272 ], [ -88.48805252931902, 13.628012289314549 ], [ -88.461103194069295, 13.628012289314547 ], [ -88.461103194069295, 13.614537621689685 ], [ -88.447628526444433, 13.614537621689683 ], [ -88.447628526444433, 13.601062954064815 ] ], [ [ -88.501527196943883, 13.304620266317784 ], [ -88.51500186456876, 13.30462026631778 ], [ -88.51500186456876, 13.264196263443184 ], [ -88.501527196943883, 13.264196263443184 ], [ -88.501527196943883, 13.304620266317784 ] ], [ [ -88.528476532193622, 13.304620266317778 ], [ -88.528476532193622, 13.318094933942648 ], [ -88.541951199818484, 13.318094933942646 ], [ -88.541951199818484, 13.304620266317784 ], [ -88.528476532193622, 13.304620266317778 ] ], [ [ -88.51500186456876, 13.318094933942648 ], [ -88.51500186456876, 13.331569601567514 ], [ -88.501527196943883, 13.331569601567514 ], [ -88.501527196943883, 13.345044269192375 ], [ -88.528476532193622, 13.345044269192375 ], [ -88.528476532193622, 13.318094933942648 ], [ -88.51500186456876, 13.318094933942648 ] ], [ [ -88.461103194069295, 13.345044269192378 ], [ -88.461103194069295, 13.358518936817246 ], [ -88.447628526444433, 13.358518936817244 ], [ -88.447628526444433, 13.371993604442109 ], [ -88.420679191194694, 13.371993604442109 ], [ -88.420679191194694, 13.358518936817243 ], [ -88.393729855944969, 13.358518936817244 ], [ -88.393729855944969, 13.331569601567514 ], [ -88.380255188320106, 13.331569601567514 ], [ -88.380255188320106, 13.398942939691837 ], [ -88.393729855944969, 13.398942939691841 ], [ -88.393729855944969, 13.385468272066969 ], [ -88.420679191194694, 13.385468272066971 ], [ -88.420679191194694, 13.398942939691837 ], [ -88.43415385881957, 13.398942939691837 ], [ -88.43415385881957, 13.412417607316705 ], [ -88.447628526444433, 13.412417607316705 ], [ -88.447628526444433, 13.398942939691837 ], [ -88.474577861694158, 13.398942939691832 ], [ -88.474577861694158, 13.385468272066969 ], [ -88.51500186456876, 13.385468272066969 ], [ -88.51500186456876, 13.358518936817244 ], [ -88.501527196943883, 13.358518936817246 ], [ -88.501527196943883, 13.345044269192375 ], [ -88.461103194069295, 13.345044269192378 ] ], [ [ -88.649748540817413, 13.331569601567514 ], [ -88.649748540817413, 13.345044269192375 ], [ -88.663223208442275, 13.345044269192382 ], [ -88.663223208442275, 13.331569601567514 ], [ -88.649748540817413, 13.331569601567514 ] ], [ [ -88.663223208442275, 13.358518936817244 ], [ -88.649748540817413, 13.358518936817246 ], [ -88.649748540817413, 13.37199360444211 ], [ -88.663223208442275, 13.37199360444211 ], [ -88.663223208442275, 13.358518936817244 ] ], [ [ -88.676697876067138, 13.547164283565353 ], [ -88.676697876067138, 13.533689615940494 ], [ -88.663223208442275, 13.533689615940494 ], [ -88.663223208442275, 13.547164283565353 ], [ -88.676697876067138, 13.547164283565353 ] ], [ [ -88.461103194069295, 13.560638951190223 ], [ -88.461103194069295, 13.547164283565358 ], [ -88.43415385881957, 13.547164283565358 ], [ -88.43415385881957, 13.560638951190221 ], [ -88.461103194069295, 13.560638951190223 ] ], [ [ -88.43415385881957, 13.533689615940492 ], [ -88.420679191194694, 13.533689615940494 ], [ -88.420679191194694, 13.547164283565353 ], [ -88.43415385881957, 13.547164283565358 ], [ -88.43415385881957, 13.533689615940492 ] ], [ [ -88.353305853070367, 13.520214948315623 ], [ -88.353305853070367, 13.547164283565355 ], [ -88.366780520695244, 13.547164283565349 ], [ -88.366780520695244, 13.520214948315626 ], [ -88.353305853070367, 13.520214948315623 ] ], [ [ -88.28593251494604, 13.533689615940498 ], [ -88.28593251494604, 13.547164283565358 ], [ -88.31288185019578, 13.547164283565351 ], [ -88.31288185019578, 13.533689615940492 ], [ -88.28593251494604, 13.533689615940498 ] ], [ [ -88.636273873192536, 13.520214948315624 ], [ -88.636273873192536, 13.533689615940492 ], [ -88.649748540817413, 13.533689615940492 ], [ -88.649748540817413, 13.520214948315628 ], [ -88.636273873192536, 13.520214948315624 ] ], [ [ -88.541951199818484, 13.506740280690762 ], [ -88.541951199818484, 13.520214948315626 ], [ -88.555425867443347, 13.520214948315624 ], [ -88.555425867443347, 13.506740280690762 ], [ -88.541951199818484, 13.506740280690762 ] ], [ [ -88.663223208442275, 13.466316277816164 ], [ -88.663223208442275, 13.506740280690762 ], [ -88.676697876067138, 13.506740280690762 ], [ -88.676697876067138, 13.466316277816162 ], [ -88.663223208442275, 13.466316277816164 ] ], [ [ -88.595849870317949, 13.47979094544103 ], [ -88.595849870317949, 13.493265613065899 ], [ -88.609324537942811, 13.493265613065898 ], [ -88.609324537942811, 13.47979094544103 ], [ -88.595849870317949, 13.47979094544103 ] ], [ [ -88.582375202693086, 13.493265613065899 ], [ -88.582375202693086, 13.479790945441032 ], [ -88.568900535068209, 13.47979094544103 ], [ -88.568900535068209, 13.493265613065898 ], [ -88.582375202693086, 13.493265613065899 ] ], [ [ -88.568900535068209, 13.466316277816166 ], [ -88.555425867443347, 13.466316277816162 ], [ -88.555425867443347, 13.452841610191305 ], [ -88.541951199818484, 13.452841610191301 ], [ -88.541951199818484, 13.47979094544103 ], [ -88.568900535068209, 13.47979094544103 ], [ -88.568900535068209, 13.466316277816166 ] ], [ [ -88.474577861694158, 13.493265613065898 ], [ -88.48805252931902, 13.493265613065898 ], [ -88.48805252931902, 13.47979094544103 ], [ -88.474577861694158, 13.47979094544103 ], [ -88.474577861694158, 13.493265613065898 ] ], [ [ -88.501527196943883, 13.479790945441026 ], [ -88.501527196943883, 13.466316277816166 ], [ -88.48805252931902, 13.466316277816162 ], [ -88.48805252931902, 13.47979094544103 ], [ -88.501527196943883, 13.479790945441026 ] ], [ [ -88.48805252931902, 13.439366942566432 ], [ -88.474577861694158, 13.439366942566432 ], [ -88.474577861694158, 13.452841610191305 ], [ -88.461103194069295, 13.452841610191303 ], [ -88.461103194069295, 13.466316277816166 ], [ -88.48805252931902, 13.466316277816162 ], [ -88.48805252931902, 13.439366942566432 ] ], [ [ -88.43415385881957, 13.439366942566435 ], [ -88.43415385881957, 13.466316277816167 ], [ -88.447628526444433, 13.466316277816164 ], [ -88.447628526444433, 13.439366942566435 ], [ -88.43415385881957, 13.439366942566435 ] ], [ [ -88.353305853070367, 13.439366942566428 ], [ -88.353305853070367, 13.452841610191301 ], [ -88.380255188320106, 13.4528416101913 ], [ -88.380255188320106, 13.43936694256643 ], [ -88.353305853070367, 13.439366942566428 ] ], [ [ -88.555425867443347, 13.412417607316705 ], [ -88.555425867443347, 13.439366942566435 ], [ -88.568900535068209, 13.439366942566435 ], [ -88.568900535068209, 13.412417607316705 ], [ -88.555425867443347, 13.412417607316705 ] ], [ [ -88.48805252931902, 13.398942939691841 ], [ -88.48805252931902, 13.4124176073167 ], [ -88.501527196943883, 13.412417607316701 ], [ -88.501527196943883, 13.398942939691837 ], [ -88.48805252931902, 13.398942939691841 ] ], [ [ -88.609324537942811, 13.371993604442107 ], [ -88.609324537942811, 13.385468272066976 ], [ -88.622799205567674, 13.385468272066973 ], [ -88.622799205567674, 13.371993604442107 ], [ -88.609324537942811, 13.371993604442107 ] ], [ [ -88.582375202693086, 13.358518936817239 ], [ -88.582375202693086, 13.371993604442109 ], [ -88.595849870317949, 13.371993604442105 ], [ -88.595849870317949, 13.358518936817241 ], [ -88.582375202693086, 13.358518936817239 ] ], [ [ -88.541951199818484, 13.345044269192375 ], [ -88.541951199818484, 13.35851893681725 ], [ -88.555425867443347, 13.358518936817244 ], [ -88.555425867443347, 13.345044269192382 ], [ -88.541951199818484, 13.345044269192375 ] ], [ [ -88.609324537942811, 13.318094933942643 ], [ -88.609324537942811, 13.331569601567509 ], [ -88.622799205567674, 13.331569601567509 ], [ -88.622799205567674, 13.318094933942641 ], [ -88.609324537942811, 13.318094933942643 ] ], [ [ -88.48805252931902, 13.331569601567509 ], [ -88.48805252931902, 13.318094933942644 ], [ -88.461103194069295, 13.318094933942648 ], [ -88.461103194069295, 13.331569601567509 ], [ -88.48805252931902, 13.331569601567509 ] ], [ [ -88.461103194069295, 13.291145598692918 ], [ -88.474577861694158, 13.291145598692918 ], [ -88.474577861694158, 13.304620266317782 ], [ -88.48805252931902, 13.304620266317778 ], [ -88.48805252931902, 13.277670931068053 ], [ -88.447628526444433, 13.27767093106805 ], [ -88.447628526444433, 13.318094933942644 ], [ -88.461103194069295, 13.318094933942648 ], [ -88.461103194069295, 13.291145598692918 ] ] ] } },
{ "type": "Feature", "properties": { "class_id": 4, "area_m2": 2174556.4252006463, "class_name": "Alto", "index": "MNDWI", "min_value": null, "max_value": null }, "geometry": { "type": "Polygon", "coordinates": [ [ [ -88.218559176821714, 13.439366942566432 ], [ -88.218559176821714, 13.425892274941569 ], [ -88.23203384444659, 13.425892274941569 ], [ -88.23203384444659, 13.439366942566439 ], [ -88.218559176821714, 13.439366942566432 ] ] ] } },
{ "type": "Feature", "properties": { "class_id": 4, "area_m2": 15219342.717164107, "class_name": "Alto", "index": "MNDWI", "min_value": null, "max_value": null }, "geometry": { "type": "Polygon", "coordinates": [ [ [ -88.08381250057306, 13.452841610191301 ], [ -88.070337832948198, 13.452841610191305 ], [ -88.070337832948198, 13.439366942566432 ], [ -88.08381250057306, 13.439366942566432 ], [ -88.08381250057306, 13.425892274941571 ], [ -88.097287168197937, 13.425892274941569 ], [ -88.097287168197937, 13.439366942566435 ], [ -88.1107618358228, 13.439366942566439 ], [ -88.1107618358228, 13.479790945441035 ], [ -88.097287168197937, 13.47979094544103 ], [ -88.097287168197937, 13.466316277816162 ], [ -88.08381250057306, 13.466316277816162 ], [ -88.08381250057306, 13.452841610191301 ] ] ] } },
{ "type": "Feature", "properties": { "class_id": 4, "area_m2": 39133554.488178723, "class_name": "Alto", "index": "MNDWI", "min_value": null, "max_value": null }, "geometry": { "type": "Polygon", "coordinates": [ [ [ -88.164660506322264, 13.47979094544103 ], [ -88.137711171072525, 13.47979094544103 ], [ -88.137711171072525, 13.452841610191301 ], [ -88.205084509196851, 13.452841610191301 ], [ -88.205084509196851, 13.439366942566433 ], [ -88.218559176821714, 13.439366942566432 ], [ -88.218559176821714, 13.466316277816164 ], [ -88.205084509196851, 13.466316277816167 ], [ -88.205084509196851, 13.47979094544103 ], [ -88.191609841571989, 13.47979094544103 ], [ -88.191609841571989, 13.493265613065899 ], [ -88.218559176821714, 13.493265613065899 ], [ -88.218559176821714, 13.506740280690758 ], [ -88.164660506322264, 13.50674028069076 ], [ -88.164660506322264, 13.47979094544103 ] ] ] } },
{ "type": "Feature", "properties": { "class_id": 4, "area_m2": 13042256.023853838, "class_name": "Alto", "index": "MNDWI", "min_value": null, "max_value": null }, "geometry": { "type": "Polygon", "coordinates": [ [ [ -88.070337832948198, 13.506740280690757 ], [ -88.043388497698473, 13.506740280690757 ], [ -88.043388497698473, 13.493265613065899 ], [ -88.02991383007361, 13.493265613065903 ], [ -88.02991383007361, 13.479790945441032 ], [ -88.08381250057306, 13.47979094544103 ], [ -88.08381250057306, 13.493265613065899 ], [ -88.070337832948198, 13.493265613065898 ], [ -88.070337832948198, 13.506740280690757 ] ] ] } },
{ "type": "Feature", "properties": { "class_id": 4, "area_m2": 2173402.8780385121, "class_name": "Alto", "index": "MNDWI", "min_value": null, "max_value": null }, "geometry": { "type": "Polygon", "coordinates": [ [ [ -88.097287168197937, 13.547164283565358 ], [ -88.08381250057306, 13.547164283565353 ], [ -88.08381250057306, 13.533689615940489 ], [ -88.097287168197937, 13.533689615940492 ], [ -88.097287168197937, 13.547164283565358 ] ] ] } },
{ "type": "Feature", "properties": { "class_id": 4, "area_m2": 2173005.5155690531, "class_name": "Alto", "index": "MNDWI", "min_value": null, "max_value": null }, "geometry": { "type": "Polygon", "coordinates": [ [ [ -88.31288185019578, 13.628012289314546 ], [ -88.299407182570931, 13.628012289314546 ], [ -88.299407182570931, 13.61453762168968 ], [ -88.31288185019578, 13.614537621689685 ], [ -88.31288185019578, 13.628012289314546 ] ] ] } },
{ "type": "Feature", "properties": { "class_id": 4, "area_m2": 2173072.9983692993, "class_name": "Alto", "index": "MNDWI", "min_value": null, "max_value": null }, "geometry": { "type": "Polygon", "coordinates": [ [ [ -88.353305853070367, 13.628012289314546 ], [ -88.339831185445505, 13.628012289314549 ], [ -88.339831185445505, 13.614537621689678 ], [ -88.353305853070367, 13.614537621689687 ], [ -88.353305853070367, 13.628012289314546 ] ] ] } },
{ "type": "Feature", "properties": { "class_id": 4, "area_m2": 4346761.6038996652, "class_name": "Alto", "index": "MNDWI", "min_value": null, "max_value": null }, "geometry": { "type": "Polygon", "coordinates": [ [ [ -88.555425867443347, 13.641486956939412 ], [ -88.541951199818484, 13.641486956939415 ], [ -88.541951199818484, 13.614537621689685 ], [ -88.555425867443347, 13.614537621689689 ], [ -88.555425867443347, 13.641486956939412 ] ] ] } },
{ "type": "Feature", "properties": { "class_id": 4, "area_m2": 2173026.0257479674, "class_name": "Alto", "index": "MNDWI", "min_value": null, "max_value": null }, "geometry": { "type": "Polygon", "coordinates": [ [ [ -88.528476532193622, 13.668436292189138 ], [ -88.51500186456876, 13.668436292189146 ], [ -88.51500186456876, 13.654961624564278 ], [ -88.528476532193622, 13.654961624564278 ], [ -88.528476532193622, 13.668436292189138 ] ] ] } },
{ "type": "Feature", "properties": { "class_id": 4, "area_m2": 6518120.5191477425, "class_name": "Alto", "index": "MNDWI", "min_value": null, "max_value": null }, "geometry": { "type": "Polygon", "coordinates": [ [ [ -88.48805252931902, 13.70886029506374 ], [ -88.474577861694158, 13.708860295063738 ], [ -88.474577861694158, 13.66843629218914 ], [ -88.48805252931902, 13.66843629218914 ], [ -88.48805252931902, 13.70886029506374 ] ] ] } },
{ "type": "Feature", "properties": { "class_id": 4, "area_m2": 2172156.857002595, "class_name": "Alto", "index": "MNDWI", "min_value": null, "max_value": null }, "geometry": { "type": "Polygon", "coordinates": [ [ [ -88.31288185019578, 13.722334962688606 ], [ -88.299407182570931, 13.722334962688606 ], [ -88.299407182570931, 13.70886029506374 ], [ -88.31288185019578, 13.708860295063744 ], [ -88.31288185019578, 13.722334962688606 ] ] ] } },
{ "type": "Feature", "properties": { "class_id": 4, "area_m2": 2172317.0525330789, "class_name": "Alto", "index": "MNDWI", "min_value": null, "max_value": null }, "geometry": { "type": "Polygon", "coordinates": [ [ [ -88.474577861694158, 13.735809630313467 ], [ -88.461103194069295, 13.735809630313469 ], [ -88.461103194069295, 13.722334962688603 ], [ -88.474577861694158, 13.722334962688603 ], [ -88.474577861694158, 13.735809630313467 ] ] ] } },
{ "type": "Feature", "properties": { "class_id": 4, "area_m2": 28233083.966498744, "class_name": "Alto", "index": "MNDWI", "min_value": null, "max_value": null }, "geometry": { "type": "Polygon", "coordinates": [ [ [ -88.151185838697387, 13.776233633188065 ], [ -88.137711171072525, 13.776233633188067 ], [ -88.137711171072525, 13.735809630313467 ], [ -88.1107618358228, 13.735809630313469 ], [ -88.1107618358228, 13.722334962688606 ], [ -88.137711171072525, 13.722334962688606 ], [ -88.137711171072525, 13.708860295063742 ], [ -88.151185838697387, 13.708860295063737 ], [ -88.151185838697387, 13.695385627438876 ], [ -88.17813517394714, 13.695385627438876 ], [ -88.17813517394714, 13.70886029506374 ], [ -88.164660506322264, 13.708860295063744 ], [ -88.164660506322264, 13.735809630313467 ], [ -88.17813517394714, 13.735809630313467 ], [ -88.17813517394714, 13.749284297938337 ], [ -88.151185838697387, 13.749284297938337 ], [ -88.151185838697387, 13.776233633188065 ] ] ] } },
{ "type": "Feature", "properties": { "class_id": 4, "area_m2": 128155134.93722658, "class_name": "Alto", "index": "MNDWI", "min_value": null, "max_value": null }, "geometry": { "type": "Polygon", "coordinates": [ [ [ -88.326356517820642, 13.749284297938337 ], [ -88.299407182570931, 13.749284297938337 ], [ -88.299407182570931, 13.73580963031347 ], [ -88.31288185019578, 13.735809630313467 ], [ -88.31288185019578, 13.722334962688606 ], [ -88.339831185445505, 13.722334962688608 ], [ -88.339831185445505, 13.708860295063744 ], [ -88.353305853070367, 13.70886029506374 ], [ -88.353305853070367, 13.695385627438874 ], [ -88.326356517820642, 13.695385627438879 ], [ -88.326356517820642, 13.70886029506374 ], [ -88.31288185019578, 13.708860295063744 ], [ -88.31288185019578, 13.695385627438874 ], [ -88.299407182570931, 13.695385627438876 ], [ -88.299407182570931, 13.668436292189137 ], [ -88.31288185019578, 13.668436292189146 ], [ -88.31288185019578, 13.654961624564283 ], [ -88.339831185445505, 13.654961624564285 ], [ -88.339831185445505, 13.641486956939412 ], [ -88.353305853070367, 13.641486956939413 ], [ -88.353305853070367, 13.628012289314546 ], [ -88.380255188320106, 13.628012289314546 ], [ -88.380255188320106, 13.65496162456428 ], [ -88.353305853070367, 13.65496162456428 ], [ -88.353305853070367, 13.668436292189142 ], [ -88.366780520695244, 13.66843629218914 ], [ -88.366780520695244, 13.722334962688603 ], [ -88.353305853070367, 13.722334962688599 ], [ -88.353305853070367, 13.749284297938337 ], [ -88.366780520695244, 13.749284297938337 ], [ -88.366780520695244, 13.762758965563203 ], [ -88.393729855944969, 13.762758965563199 ], [ -88.393729855944969, 13.749284297938337 ], [ -88.447628526444433, 13.749284297938337 ], [ -88.447628526444433, 13.762758965563203 ], [ -88.461103194069295, 13.762758965563199 ], [ -88.461103194069295, 13.776233633188067 ], [ -88.474577861694158, 13.776233633188063 ], [ -88.474577861694158, 13.789708300812928 ], [ -88.48805252931902, 13.789708300812929 ], [ -88.48805252931902, 13.803182968437797 ], [ -88.501527196943883, 13.803182968437797 ], [ -88.501527196943883, 13.816657636062663 ], [ -88.48805252931902, 13.81665763606266 ], [ -88.48805252931902, 13.85708163893726 ], [ -88.474577861694158, 13.85708163893726 ], [ -88.474577861694158, 13.803182968437797 ], [ -88.461103194069295, 13.803182968437797 ], [ -88.461103194069295, 13.789708300812928 ], [ -88.447628526444433, 13.789708300812928 ], [ -88.447628526444433, 13.776233633188067 ], [ -88.420679191194694, 13.776233633188067 ], [ -88.420679191194694, 13.803182968437797 ], [ -88.407204523569831, 13.803182968437797 ], [ -88.407204523569831, 13.789708300812933 ], [ -88.393729855944969, 13.789708300812933 ], [ -88.393729855944969, 13.77623363318807 ], [ -88.31288185019578, 13.776233633188063 ], [ -88.31288185019578, 13.762758965563199 ], [ -88.326356517820642, 13.762758965563201 ], [ -88.326356517820642, 13.749284297938337 ] ] ] } },
{ "type": "Feature", "properties": { "class_id": 4, "area_m2": 4342808.626337559, "class_name": "Alto", "index": "MNDWI", "min_value": null, "max_value": null }, "geometry": { "type": "Polygon", "coordinates": [ [ [ -88.541951199818484, 13.857081638937263 ], [ -88.528476532193622, 13.85708163893726 ], [ -88.528476532193622, 13.830132303687526 ], [ -88.541951199818484, 13.830132303687526 ], [ -88.541951199818484, 13.857081638937263 ] ] ] } },
{ "type": "Feature", "properties": { "class_id": 4, "area_m2": 10854690.036508214, "class_name": "Alto", "index": "MNDWI", "min_value": null, "max_value": null }, "geometry": { "type": "Polygon", "coordinates": [ [ [ -88.339831185445505, 13.85708163893726 ], [ -88.353305853070367, 13.85708163893726 ], [ -88.353305853070367, 13.870556306562124 ], [ -88.31288185019578, 13.870556306562124 ], [ -88.31288185019578, 13.84360697131239 ], [ -88.339831185445505, 13.84360697131239 ], [ -88.339831185445505, 13.85708163893726 ] ] ] } },
{ "type": "Feature", "properties": { "class_id": 4, "area_m2": 47759444.447078295, "class_name": "Alto", "index": "MNDWI", "min_value": null, "max_value": null }, "geometry": { "type": "Polygon", "coordinates": [ [ [ -88.528476532193622, 13.87055630656212 ], [ -88.555425867443347, 13.870556306562124 ], [ -88.555425867443347, 13.884030974186983 ], [ -88.582375202693086, 13.88403097418699 ], [ -88.582375202693086, 13.91098030943672 ], [ -88.555425867443347, 13.91098030943672 ], [ -88.555425867443347, 13.93792964468645 ], [ -88.568900535068209, 13.937929644686447 ], [ -88.568900535068209, 13.964878979936183 ], [ -88.555425867443347, 13.964878979936183 ], [ -88.555425867443347, 13.951404312311318 ], [ -88.528476532193622, 13.951404312311311 ], [ -88.528476532193622, 13.937929644686449 ], [ -88.541951199818484, 13.937929644686447 ], [ -88.541951199818484, 13.91098030943672 ], [ -88.528476532193622, 13.910980309436724 ], [ -88.528476532193622, 13.884030974186988 ], [ -88.51500186456876, 13.884030974186986 ], [ -88.51500186456876, 13.897505641811854 ], [ -88.501527196943883, 13.897505641811854 ], [ -88.501527196943883, 13.87055630656212 ], [ -88.48805252931902, 13.870556306562117 ], [ -88.48805252931902, 13.85708163893726 ], [ -88.528476532193622, 13.85708163893726 ], [ -88.528476532193622, 13.87055630656212 ] ] ] } },
{ "type": "Feature", "properties": { "class_id": 4, "area_m2": 4341692.1548291985, "class_name": "Alto", "index": "MNDWI", "min_value": null, "max_value": null }, "geometry": { "type": "Polygon", "coordinates": [ [ [ -88.609324537942811, 13.924454977061583 ], [ -88.582375202693086, 13.924454977061577 ], [ -88.582375202693086, 13.91098030943672 ], [ -88.609324537942811, 13.91098030943672 ], [ -88.609324537942811, 13.924454977061583 ] ] ] } },
{ "type": "Feature", "properties": { "class_id": 4, "area_m2": 4340032.3048378397, "class_name": "Alto", "index": "MNDWI", "min_value": null, "max_value": null }, "geometry": { "type": "Polygon", "coordinates": [ [ [ -88.205084509196851, 13.93792964468645 ], [ -88.17813517394714, 13.937929644686447 ], [ -88.17813517394714, 13.924454977061584 ], [ -88.205084509196851, 13.924454977061586 ], [ -88.205084509196851, 13.93792964468645 ] ] ] } },
{ "type": "Feature", "properties": { "class_id": 4, "area_m2": 2170682.2669632472, "class_name": "Alto", "index": "MNDWI", "min_value": null, "max_value": null }, "geometry": { "type": "Polygon", "coordinates": [ [ [ -88.582375202693086, 13.937929644686449 ], [ -88.568900535068209, 13.937929644686447 ], [ -88.568900535068209, 13.924454977061586 ], [ -88.582375202693086, 13.924454977061577 ], [ -88.582375202693086, 13.937929644686449 ] ] ] } },
{ "type": "Feature", "properties": { "class_id": 4, "area_m2": 4340094.3148238612, "class_name": "Alto", "index": "MNDWI", "min_value": null, "max_value": null }, "geometry": { "type": "Polygon", "coordinates": [ [ [ -88.258983179696315, 13.951404312311311 ], [ -88.245508512071453, 13.951404312311309 ], [ -88.245508512071453, 13.924454977061584 ], [ -88.258983179696315, 13.924454977061584 ], [ -88.258983179696315, 13.951404312311311 ] ] ] } },
{ "type": "Feature", "properties": { "class_id": 4, "area_m2": 6509375.763738174, "class_name": "Alto", "index": "MNDWI", "min_value": null, "max_value": null }, "geometry": { "type": "Polygon", "coordinates": [ [ [ -88.164660506322264, 13.93792964468645 ], [ -88.17813517394714, 13.937929644686447 ], [ -88.17813517394714, 13.964878979936181 ], [ -88.151185838697387, 13.964878979936181 ], [ -88.151185838697387, 13.951404312311311 ], [ -88.164660506322264, 13.951404312311315 ], [ -88.164660506322264, 13.93792964468645 ] ] ] } },
{ "type": "Feature", "properties": { "class_id": 4, "area_m2": 2169482.3065519328, "class_name": "Alto", "index": "MNDWI", "min_value": null, "max_value": null }, "geometry": { "type": "Polygon", "coordinates": [ [ [ -88.08381250057306, 13.978353647561041 ], [ -88.070337832948198, 13.978353647561047 ], [ -88.070337832948198, 13.964878979936183 ], [ -88.08381250057306, 13.964878979936181 ], [ -88.08381250057306, 13.978353647561041 ] ] ] } },
{ "type": "Feature", "properties": { "class_id": 4, "area_m2": 2169635.0375349103, "class_name": "Alto", "index": "MNDWI", "min_value": null, "max_value": null }, "geometry": { "type": "Polygon", "coordinates": [ [ [ -88.191609841571989, 13.978353647561043 ], [ -88.17813517394714, 13.978353647561045 ], [ -88.17813517394714, 13.964878979936181 ], [ -88.191609841571989, 13.964878979936181 ], [ -88.191609841571989, 13.978353647561043 ] ] ] } },
{ "type": "Feature", "properties": { "class_id": 4, "area_m2": 10847370.444868404, "class_name": "Alto", "index": "MNDWI", "min_value": null, "max_value": null }, "geometry": { "type": "Polygon", "coordinates": [ [ [ -88.1107618358228, 13.964878979936181 ], [ -88.151185838697387, 13.964878979936181 ], [ -88.151185838697387, 13.991828315185911 ], [ -88.124236503447662, 13.991828315185911 ], [ -88.124236503447662, 13.97835364756105 ], [ -88.1107618358228, 13.978353647561043 ], [ -88.1107618358228, 13.964878979936181 ] ] ] } },
{ "type": "Feature", "properties": { "class_id": 4, "area_m2": 2169395.2327827672, "class_name": "Alto", "index": "MNDWI", "min_value": null, "max_value": null }, "geometry": { "type": "Polygon", "coordinates": [ [ [ -88.1107618358228, 13.991828315185911 ], [ -88.097287168197937, 13.991828315185906 ], [ -88.097287168197937, 13.978353647561047 ], [ -88.1107618358228, 13.978353647561043 ], [ -88.1107618358228, 13.991828315185911 ] ] ] } },
{ "type": "Feature", "properties": { "class_id": 4, "area_m2": 10882641.227497427, "class_name": "Alto", "index": "MNDWI", "min_value": null, "max_value": null }, "geometry": { "type": "Polygon", "coordinates": [ [ [ -87.976015159574146, 13.169873590069129 ], [ -87.90864182144982, 13.169873590069125 ], [ -87.90864182144982, 13.156398922444264 ], [ -87.976015159574146, 13.156398922444264 ], [ -87.976015159574146, 13.169873590069129 ] ] ] } },
{ "type": "Feature", "properties": { "class_id": 4, "area_m2": 4352330.2708965037, "class_name": "Alto", "index": "MNDWI", "min_value": null, "max_value": null }, "geometry": { "type": "Polygon", "coordinates": [ [ [ -87.719996474701702, 13.183348257693993 ], [ -87.693047139451977, 13.183348257694 ], [ -87.693047139451977, 13.169873590069125 ], [ -87.719996474701702, 13.169873590069129 ], [ -87.719996474701702, 13.183348257693993 ] ] ] } },
{ "type": "Feature", "properties": { "class_id": 4, "area_m2": 2176294.1101616276, "class_name": "Alto", "index": "MNDWI", "min_value": null, "max_value": null }, "geometry": { "type": "Polygon", "coordinates": [ [ [ -87.949065824324421, 13.196822925318861 ], [ -87.935591156699559, 13.196822925318859 ], [ -87.935591156699559, 13.183348257693993 ], [ -87.949065824324421, 13.183348257693991 ], [ -87.949065824324421, 13.196822925318861 ] ] ] } },
{ "type": "Feature", "properties": { "class_id": 4, "area_m2": 4352016.0149223171, "class_name": "Alto", "index": "MNDWI", "min_value": null, "max_value": null }, "geometry": { "type": "Polygon", "coordinates": [ [ [ -87.733471142326565, 13.210297592943723 ], [ -87.719996474701702, 13.210297592943727 ], [ -87.719996474701702, 13.183348257693993 ], [ -87.733471142326565, 13.183348257693998 ], [ -87.733471142326565, 13.210297592943723 ] ] ] } },
{ "type": "Feature", "properties": { "class_id": 4, "area_m2": 2176145.4239274571, "class_name": "Alto", "index": "MNDWI", "min_value": null, "max_value": null }, "geometry": { "type": "Polygon", "coordinates": [ [ [ -87.922116489074682, 13.210297592943727 ], [ -87.90864182144982, 13.210297592943723 ], [ -87.90864182144982, 13.196822925318861 ], [ -87.922116489074682, 13.196822925318861 ], [ -87.922116489074682, 13.210297592943727 ] ] ] } },
{ "type": "Feature", "properties": { "class_id": 4, "area_m2": 2175870.6128831008, "class_name": "Alto", "index": "MNDWI", "min_value": null, "max_value": null }, "geometry": { "type": "Polygon", "coordinates": [ [ [ -87.773895145201166, 13.223772260568587 ], [ -87.760420477576304, 13.223772260568586 ], [ -87.760420477576304, 13.210297592943723 ], [ -87.773895145201166, 13.210297592943725 ], [ -87.773895145201166, 13.223772260568587 ] ] ] } },
{ "type": "Feature", "properties": { "class_id": 4, "area_m2": 2175982.5263770754, "class_name": "Alto", "index": "MNDWI", "min_value": null, "max_value": null }, "geometry": { "type": "Polygon", "coordinates": [ [ [ -87.881692486200095, 13.223772260568586 ], [ -87.868217818575218, 13.223772260568587 ], [ -87.868217818575218, 13.210297592943725 ], [ -87.881692486200095, 13.210297592943727 ], [ -87.881692486200095, 13.223772260568586 ] ] ] } },
{ "type": "Feature", "properties": { "class_id": 4, "area_m2": 2175740.4278840451, "class_name": "Alto", "index": "MNDWI", "min_value": null, "max_value": null }, "geometry": { "type": "Polygon", "coordinates": [ [ [ -87.760420477576304, 13.237246928193452 ], [ -87.746945809951455, 13.237246928193452 ], [ -87.746945809951455, 13.223772260568586 ], [ -87.760420477576304, 13.223772260568586 ], [ -87.760420477576304, 13.237246928193452 ] ] ] } },
{ "type": "Feature", "properties": { "class_id": 4, "area_m2": 2175636.0319630066, "class_name": "Alto", "index": "MNDWI", "min_value": null, "max_value": null }, "geometry": { "type": "Polygon", "coordinates": [ [ [ -87.760420477576304, 13.237246928193452 ], [ -87.773895145201166, 13.237246928193452 ], [ -87.773895145201166, 13.250721595818318 ], [ -87.760420477576304, 13.25072159581832 ], [ -87.760420477576304, 13.237246928193452 ] ] ] } },
{ "type": "Feature", "properties": { "class_id": 4, "area_m2": 91385651.787012964, "class_name": "Alto", "index": "MNDWI", "min_value": null, "max_value": null }, "geometry": { "type": "Polygon", "coordinates": [ [ [ -87.90864182144982, 13.264196263443187 ], [ -87.922116489074682, 13.264196263443186 ], [ -87.922116489074682, 13.210297592943727 ], [ -87.949065824324421, 13.210297592943725 ], [ -87.949065824324421, 13.196822925318861 ], [ -88.016439162448734, 13.196822925318857 ], [ -88.016439162448734, 13.210297592943725 ], [ -88.002964494823871, 13.210297592943727 ], [ -88.002964494823871, 13.223772260568589 ], [ -88.02991383007361, 13.223772260568586 ], [ -88.02991383007361, 13.237246928193461 ], [ -88.016439162448734, 13.237246928193453 ], [ -88.016439162448734, 13.264196263443189 ], [ -88.02991383007361, 13.264196263443186 ], [ -88.02991383007361, 13.250721595818323 ], [ -88.043388497698473, 13.250721595818323 ], [ -88.043388497698473, 13.291145598692918 ], [ -88.02991383007361, 13.291145598692918 ], [ -88.02991383007361, 13.27767093106805 ], [ -88.016439162448734, 13.277670931068053 ], [ -88.016439162448734, 13.291145598692918 ], [ -88.002964494823871, 13.291145598692918 ], [ -88.002964494823871, 13.237246928193448 ], [ -87.989489827199009, 13.237246928193453 ], [ -87.989489827199009, 13.264196263443186 ], [ -87.976015159574146, 13.264196263443193 ], [ -87.976015159574146, 13.277670931068052 ], [ -87.962540491949284, 13.277670931068046 ], [ -87.962540491949284, 13.264196263443187 ], [ -87.935591156699559, 13.264196263443184 ], [ -87.935591156699559, 13.291145598692919 ], [ -87.90864182144982, 13.291145598692919 ], [ -87.90864182144982, 13.264196263443187 ] ] ] } },
{ "type": "Feature", "properties": { "class_id": 4, "area_m2": 2175257.6167478915, "class_name": "Alto", "index": "MNDWI", "min_value": null, "max_value": null }, "geometry": { "type": "Polygon", "coordinates": [ [ [ -87.746945809951455, 13.291145598692918 ], [ -87.733471142326565, 13.291145598692918 ], [ -87.733471142326565, 13.27767093106805 ], [ -87.746945809951455, 13.27767093106805 ], [ -87.746945809951455, 13.291145598692918 ] ] ] } },
{ "type": "Feature", "properties": { "class_id": 4, "area_m2": 84836068.17728214, "class_name": "Alto", "index": "MNDWI", "min_value": null, "max_value": null }, "geometry": { "type": "Polygon", "coordinates": [ [ [ -87.868217818575218, 13.250721595818323 ], [ -87.881692486200095, 13.250721595818323 ], [ -87.881692486200095, 13.237246928193457 ], [ -87.895167153824957, 13.237246928193455 ], [ -87.895167153824957, 13.26419626344318 ], [ -87.881692486200095, 13.264196263443187 ], [ -87.881692486200095, 13.27767093106805 ], [ -87.895167153824957, 13.277670931068053 ], [ -87.895167153824957, 13.291145598692921 ], [ -87.90864182144982, 13.291145598692919 ], [ -87.90864182144982, 13.304620266317784 ], [ -87.895167153824957, 13.304620266317778 ], [ -87.895167153824957, 13.318094933942644 ], [ -87.881692486200095, 13.318094933942646 ], [ -87.881692486200095, 13.331569601567514 ], [ -87.868217818575218, 13.331569601567516 ], [ -87.868217818575218, 13.345044269192378 ], [ -87.841268483325493, 13.345044269192377 ], [ -87.841268483325493, 13.331569601567512 ], [ -87.82779381570063, 13.331569601567509 ], [ -87.82779381570063, 13.318094933942648 ], [ -87.800844480450891, 13.318094933942648 ], [ -87.800844480450891, 13.291145598692918 ], [ -87.787369812826029, 13.291145598692918 ], [ -87.787369812826029, 13.277670931068053 ], [ -87.800844480450891, 13.277670931068055 ], [ -87.800844480450891, 13.264196263443187 ], [ -87.814319148075768, 13.264196263443187 ], [ -87.814319148075768, 13.25072159581832 ], [ -87.82779381570063, 13.25072159581832 ], [ -87.82779381570063, 13.264196263443186 ], [ -87.868217818575218, 13.264196263443184 ], [ -87.868217818575218, 13.250721595818323 ] ] ] } },
{ "type": "Feature", "properties": { "class_id": 4, "area_m2": 2175454.9698818862, "class_name": "Alto", "index": "MNDWI", "min_value": null, "max_value": null }, "geometry": { "type": "Polygon", "coordinates": [ [ [ -88.02991383007361, 13.304620266317785 ], [ -88.016439162448734, 13.304620266317784 ], [ -88.016439162448734, 13.291145598692918 ], [ -88.02991383007361, 13.291145598692918 ], [ -88.02991383007361, 13.304620266317785 ] ] ] } },
{ "type": "Feature", "properties": { "class_id": 4, "area_m2": 6525298.2570229061, "class_name": "Alto", "index": "MNDWI", "min_value": null, "max_value": null }, "geometry": { "type": "Polygon", "coordinates": [ [ [ -87.773895145201166, 13.304620266317782 ], [ -87.760420477576304, 13.304620266317784 ], [ -87.760420477576304, 13.318094933942648 ], [ -87.746945809951455, 13.318094933942646 ], [ -87.746945809951455, 13.291145598692918 ], [ -87.773895145201166, 13.291145598692923 ], [ -87.773895145201166, 13.304620266317782 ] ] ] } },
{ "type": "Feature", "properties": { "class_id": 4, "area_m2": 2175236.6238191258, "class_name": "Alto", "index": "MNDWI", "min_value": null, "max_value": null }, "geometry": { "type": "Polygon", "coordinates": [ [ [ -87.949065824324421, 13.318094933942644 ], [ -87.935591156699559, 13.318094933942644 ], [ -87.935591156699559, 13.304620266317785 ], [ -87.949065824324421, 13.304620266317784 ], [ -87.949065824324421, 13.318094933942644 ] ] ] } },
{ "type": "Feature", "properties": { "class_id": 4, "area_m2": 8700974.5809181202, "class_name": "Alto", "index": "MNDWI", "min_value": null, "max_value": null }, "geometry": { "type": "Polygon", "coordinates": [ [ [ -88.016439162448734, 13.331569601567514 ], [ -87.989489827199009, 13.33156960156751 ], [ -87.989489827199009, 13.318094933942644 ], [ -87.976015159574146, 13.318094933942643 ], [ -87.976015159574146, 13.304620266317778 ], [ -88.002964494823871, 13.304620266317785 ], [ -88.002964494823871, 13.318094933942648 ], [ -88.016439162448734, 13.318094933942646 ], [ -88.016439162448734, 13.331569601567514 ] ] ] } },
{ "type": "Feature", "properties": { "class_id": 4, "area_m2": 2175236.4060563836, "class_name": "Alto", "index": "MNDWI", "min_value": null, "max_value": null }, "geometry": { "type": "Polygon", "coordinates": [ [ [ -88.043388497698473, 13.33156960156751 ], [ -88.02991383007361, 13.331569601567512 ], [ -88.02991383007361, 13.318094933942646 ], [ -88.043388497698473, 13.318094933942648 ], [ -88.043388497698473, 13.33156960156751 ] ] ] } },
{ "type": "Feature", "properties": { "class_id": 4, "area_m2": 4350151.1047512554, "class_name": "Alto", "index": "MNDWI", "min_value": null, "max_value": null }, "geometry": { "type": "Polygon", "coordinates": [ [ [ -87.962540491949284, 13.345044269192373 ], [ -87.949065824324421, 13.345044269192378 ], [ -87.949065824324421, 13.318094933942644 ], [ -87.962540491949284, 13.318094933942646 ], [ -87.962540491949284, 13.345044269192373 ] ] ] } },
{ "type": "Feature", "properties": { "class_id": 4, "area_m2": 21748579.402563717, "class_name": "Alto", "index": "MNDWI", "min_value": null, "max_value": null }, "geometry": { "type": "Polygon", "coordinates": [ [ [ -87.90864182144982, 13.304620266317784 ], [ -87.922116489074682, 13.304620266317784 ], [ -87.922116489074682, 13.34504426919238 ], [ -87.935591156699559, 13.345044269192382 ], [ -87.935591156699559, 13.385468272066969 ], [ -87.90864182144982, 13.385468272066969 ], [ -87.90864182144982, 13.358518936817244 ], [ -87.895167153824957, 13.358518936817244 ], [ -87.895167153824957, 13.34504426919238 ], [ -87.90864182144982, 13.345044269192373 ], [ -87.90864182144982, 13.304620266317784 ] ] ] } },
{ "type": "Feature", "properties": { "class_id": 4, "area_m2": 15223465.60820543, "class_name": "Alto", "index": "MNDWI", "min_value": null, "max_value": null }, "geometry": { "type": "Polygon", "coordinates": [ [ [ -87.989489827199009, 13.37199360444211 ], [ -87.976015159574146, 13.371993604442105 ], [ -87.976015159574146, 13.358518936817243 ], [ -87.962540491949284, 13.358518936817244 ], [ -87.962540491949284, 13.345044269192373 ], [ -87.989489827199009, 13.345044269192377 ], [ -87.989489827199009, 13.358518936817243 ], [ -88.002964494823871, 13.358518936817244 ], [ -88.002964494823871, 13.37199360444211 ], [ -88.016439162448734, 13.371993604442107 ], [ -88.016439162448734, 13.385468272066973 ], [ -88.002964494823871, 13.385468272066975 ], [ -88.002964494823871, 13.398942939691839 ], [ -87.989489827199009, 13.398942939691835 ], [ -87.989489827199009, 13.37199360444211 ] ] ] } },
{ "type": "Feature", "properties": { "class_id": 4, "area_m2": 2174469.2184286141, "class_name": "Alto", "index": "MNDWI", "min_value": null, "max_value": null }, "geometry": { "type": "Polygon", "coordinates": [ [ [ -87.787369812826029, 13.385468272066968 ], [ -87.773895145201166, 13.385468272066969 ], [ -87.773895145201166, 13.371993604442109 ], [ -87.787369812826029, 13.37199360444211 ], [ -87.787369812826029, 13.385468272066968 ] ] ] } },
{ "type": "Feature", "properties": { "class_id": 4, "area_m2": 2174552.986380449, "class_name": "Alto", "index": "MNDWI", "min_value": null, "max_value": null }, "geometry": { "type": "Polygon", "coordinates": [ [ [ -87.868217818575218, 13.385468272066971 ], [ -87.854743150950355, 13.385468272066969 ], [ -87.854743150950355, 13.37199360444211 ], [ -87.868217818575218, 13.37199360444211 ], [ -87.868217818575218, 13.385468272066971 ] ] ] } },
{ "type": "Feature", "properties": { "class_id": 4, "area_m2": 2174661.1470247889, "class_name": "Alto", "index": "MNDWI", "min_value": null, "max_value": null }, "geometry": { "type": "Polygon", "coordinates": [ [ [ -87.962540491949284, 13.385468272066975 ], [ -87.949065824324421, 13.385468272066969 ], [ -87.949065824324421, 13.37199360444211 ], [ -87.962540491949284, 13.371993604442107 ], [ -87.962540491949284, 13.385468272066975 ] ] ] } },
{ "type": "Feature", "properties": { "class_id": 4, "area_m2": 2174626.5901993611, "class_name": "Alto", "index": "MNDWI", "min_value": null, "max_value": null }, "geometry": { "type": "Polygon", "coordinates": [ [ [ -88.02991383007361, 13.398942939691841 ], [ -88.016439162448734, 13.398942939691835 ], [ -88.016439162448734, 13.385468272066973 ], [ -88.02991383007361, 13.385468272066973 ], [ -88.02991383007361, 13.398942939691841 ] ] ] } },
{ "type": "Feature", "properties": { "class_id": 4, "area_m2": 2174391.6318639168, "class_name": "Alto", "index": "MNDWI", "min_value": null, "max_value": null }, "geometry": { "type": "Polygon", "coordinates": [ [ [ -87.935591156699559, 13.412417607316705 ], [ -87.922116489074682, 13.412417607316703 ], [ -87.922116489074682, 13.398942939691839 ], [ -87.935591156699559, 13.398942939691837 ], [ -87.935591156699559, 13.412417607316705 ] ] ] } },
{ "type": "Feature", "properties": { "class_id": 4, "area_m2": 2174288.6244298494, "class_name": "Alto", "index": "MNDWI", "min_value": null, "max_value": null }, "geometry": { "type": "Polygon", "coordinates": [ [ [ -87.949065824324421, 13.425892274941569 ], [ -87.935591156699559, 13.425892274941569 ], [ -87.935591156699559, 13.412417607316705 ], [ -87.949065824324421, 13.4124176073167 ], [ -87.949065824324421, 13.425892274941569 ] ] ] } },
{ "type": "Feature", "properties": { "class_id": 4, "area_m2": 2173958.5025479561, "class_name": "Alto", "index": "MNDWI", "min_value": null, "max_value": null }, "geometry": { "type": "Polygon", "coordinates": [ [ [ -87.868217818575218, 13.452841610191303 ], [ -87.854743150950355, 13.452841610191305 ], [ -87.854743150950355, 13.439366942566426 ], [ -87.868217818575218, 13.439366942566432 ], [ -87.868217818575218, 13.452841610191303 ] ] ] } },
{ "type": "Feature", "properties": { "class_id": 4, "area_m2": 2174003.4437612509, "class_name": "Alto", "index": "MNDWI", "min_value": null, "max_value": null }, "geometry": { "type": "Polygon", "coordinates": [ [ [ -87.90864182144982, 13.4528416101913 ], [ -87.895167153824957, 13.452841610191301 ], [ -87.895167153824957, 13.439366942566435 ], [ -87.90864182144982, 13.439366942566428 ], [ -87.90864182144982, 13.4528416101913 ] ] ] } },
{ "type": "Feature", "properties": { "class_id": 4, "area_m2": 28264068.977590147, "class_name": "Alto", "index": "MNDWI", "min_value": null, "max_value": null }, "geometry": { "type": "Polygon", "coordinates": [ [ [ -87.976015159574146, 13.439366942566435 ], [ -87.989489827199009, 13.439366942566435 ], [ -87.989489827199009, 13.412417607316705 ], [ -88.02991383007361, 13.41241760731671 ], [ -88.02991383007361, 13.479790945441032 ], [ -88.016439162448734, 13.47979094544103 ], [ -88.016439162448734, 13.466316277816167 ], [ -88.002964494823871, 13.466316277816162 ], [ -88.002964494823871, 13.4528416101913 ], [ -87.976015159574146, 13.452841610191305 ], [ -87.976015159574146, 13.439366942566435 ] ] ] } },
{ "type": "Feature", "properties": { "class_id": 4, "area_m2": 2173749.6064570677, "class_name": "Alto", "index": "MNDWI", "min_value": null, "max_value": null }, "geometry": { "type": "Polygon", "coordinates": [ [ [ -87.895167153824957, 13.47979094544103 ], [ -87.881692486200095, 13.479790945441035 ], [ -87.881692486200095, 13.466316277816166 ], [ -87.895167153824957, 13.466316277816164 ], [ -87.895167153824957, 13.47979094544103 ] ] ] } },
{ "type": "Feature", "properties": { "class_id": 4, "area_m2": 21734312.991094559, "class_name": "Alto", "index": "MNDWI", "min_value": null, "max_value": null }, "geometry": { "type": "Polygon", "coordinates": [ [ [ -87.787369812826029, 13.506740280690765 ], [ -87.719996474701702, 13.506740280690762 ], [ -87.719996474701702, 13.47979094544103 ], [ -87.787369812826029, 13.47979094544103 ], [ -87.787369812826029, 13.506740280690765 ] ] ] } },
{ "type": "Feature", "properties": { "class_id": 4, "area_m2": 2173638.5119992672, "class_name": "Alto", "index": "MNDWI", "min_value": null, "max_value": null }, "geometry": { "type": "Polygon", "coordinates": [ [ [ -88.002964494823871, 13.506740280690758 ], [ -87.989489827199009, 13.506740280690758 ], [ -87.989489827199009, 13.493265613065901 ], [ -88.002964494823871, 13.493265613065899 ], [ -88.002964494823871, 13.506740280690758 ] ] ] } },
{ "type": "Feature", "properties": { "class_id": 4, "area_m2": 54333126.654036216, "class_name": "Alto", "index": "MNDWI", "min_value": null, "max_value": null }, "geometry": { "type": "Polygon", "coordinates": [ [ [ -87.895167153824957, 13.533689615940492 ], [ -87.90864182144982, 13.533689615940492 ], [ -87.90864182144982, 13.547164283565358 ], [ -87.895167153824957, 13.547164283565358 ], [ -87.895167153824957, 13.560638951190223 ], [ -87.841268483325493, 13.560638951190215 ], [ -87.841268483325493, 13.533689615940492 ], [ -87.82779381570063, 13.533689615940492 ], [ -87.82779381570063, 13.52021494831563 ], [ -87.868217818575218, 13.520214948315628 ], [ -87.868217818575218, 13.50674028069076 ], [ -87.841268483325493, 13.50674028069076 ], [ -87.841268483325493, 13.479790945441033 ], [ -87.82779381570063, 13.479790945441032 ], [ -87.82779381570063, 13.466316277816162 ], [ -87.854743150950355, 13.466316277816166 ], [ -87.854743150950355, 13.479790945441032 ], [ -87.881692486200095, 13.479790945441035 ], [ -87.881692486200095, 13.493265613065899 ], [ -87.895167153824957, 13.493265613065898 ], [ -87.895167153824957, 13.533689615940492 ] ] ] } },
{ "type": "Feature", "properties": { "class_id": 4, "area_m2": 2173175.8344371947, "class_name": "Alto", "index": "MNDWI", "min_value": null, "max_value": null }, "geometry": { "type": "Polygon", "coordinates": [ [ [ -88.016439162448734, 13.560638951190226 ], [ -88.002964494823871, 13.560638951190223 ], [ -88.002964494823871, 13.547164283565358 ], [ -88.016439162448734, 13.547164283565358 ], [ -88.016439162448734, 13.560638951190226 ] ] ] } },
{ "type": "Feature", "properties": { "class_id": 4, "area_m2": 2170795.4170917561, "class_name": "Alto", "index": "MNDWI", "min_value": null, "max_value": null }, "geometry": { "type": "Polygon", "coordinates": [ [ [ -87.719996474701702, 13.789708300812929 ], [ -87.70652180707684, 13.789708300812933 ], [ -87.70652180707684, 13.776233633188069 ], [ -87.719996474701702, 13.776233633188067 ], [ -87.719996474701702, 13.789708300812929 ] ] ] } },
{ "type": "Feature", "properties": { "class_id": 4, "area_m2": 2170943.623024106, "class_name": "Alto", "index": "MNDWI", "min_value": null, "max_value": null }, "geometry": { "type": "Polygon", "coordinates": [ [ [ -87.976015159574146, 13.803182968437797 ], [ -87.962540491949284, 13.803182968437795 ], [ -87.962540491949284, 13.789708300812933 ], [ -87.976015159574146, 13.789708300812933 ], [ -87.976015159574146, 13.803182968437797 ] ] ] } },
{ "type": "Feature", "properties": { "class_id": 4, "area_m2": 4341138.7370113665, "class_name": "Alto", "index": "MNDWI", "min_value": null, "max_value": null }, "geometry": { "type": "Polygon", "coordinates": [ [ [ -87.746945809951455, 13.816657636062658 ], [ -87.719996474701702, 13.81665763606266 ], [ -87.719996474701702, 13.803182968437801 ], [ -87.746945809951455, 13.803182968437797 ], [ -87.746945809951455, 13.816657636062658 ] ] ] } },
{ "type": "Feature", "properties": { "class_id": 4, "area_m2": 2170601.0366777428, "class_name": "Alto", "index": "MNDWI", "min_value": null, "max_value": null }, "geometry": { "type": "Polygon", "coordinates": [ [ [ -87.773895145201166, 13.816657636062661 ], [ -87.760420477576304, 13.816657636062667 ], [ -87.760420477576304, 13.803182968437797 ], [ -87.773895145201166, 13.803182968437797 ], [ -87.773895145201166, 13.816657636062661 ] ] ] } },
{ "type": "Feature", "properties": { "class_id": 4, "area_m2": 21706439.096269, "class_name": "Alto", "index": "MNDWI", "min_value": null, "max_value": null }, "geometry": { "type": "Polygon", "coordinates": [ [ [ -87.922116489074682, 13.789708300812933 ], [ -87.949065824324421, 13.789708300812933 ], [ -87.949065824324421, 13.816657636062663 ], [ -87.935591156699559, 13.816657636062669 ], [ -87.935591156699559, 13.830132303687526 ], [ -87.949065824324421, 13.830132303687522 ], [ -87.949065824324421, 13.85708163893726 ], [ -87.922116489074682, 13.85708163893726 ], [ -87.922116489074682, 13.843606971312392 ], [ -87.90864182144982, 13.84360697131239 ], [ -87.90864182144982, 13.830132303687527 ], [ -87.922116489074682, 13.830132303687524 ], [ -87.922116489074682, 13.789708300812933 ] ] ] } },
{ "type": "Feature", "properties": { "class_id": 4, "area_m2": 2169714.7265570969, "class_name": "Alto", "index": "MNDWI", "min_value": null, "max_value": null }, "geometry": { "type": "Polygon", "coordinates": [ [ [ -87.854743150950355, 13.91098030943672 ], [ -87.868217818575218, 13.910980309436724 ], [ -87.868217818575218, 13.924454977061584 ], [ -87.854743150950355, 13.924454977061579 ], [ -87.854743150950355, 13.91098030943672 ] ] ] } },
{ "type": "Feature", "properties": { "class_id": 5, "area_m2": 2176596.6902107731, "class_name": "Muy Alto", "index": "MNDWI", "min_value": null, "max_value": null }, "geometry": { "type": "Polygon", "coordinates": [ [ [ -89.350431257310419, 13.493265613065899 ], [ -89.336956589685542, 13.493265613065901 ], [ -89.336956589685542, 13.479790945441032 ], [ -89.350431257310419, 13.479790945441032 ], [ -89.350431257310419, 13.493265613065899 ] ] ] } },
{ "type": "Feature", "properties": { "class_id": 5, "area_m2": 4353235.1412018035, "class_name": "Muy Alto", "index": "MNDWI", "min_value": null, "max_value": null }, "geometry": { "type": "Polygon", "coordinates": [ [ [ -89.404329927809869, 13.50674028069076 ], [ -89.377380592560129, 13.506740280690758 ], [ -89.377380592560129, 13.493265613065899 ], [ -89.404329927809869, 13.493265613065898 ], [ -89.404329927809869, 13.50674028069076 ] ] ] } },
{ "type": "Feature", "properties": { "class_id": 5, "area_m2": 2175653.9723967463, "class_name": "Muy Alto", "index": "MNDWI", "min_value": null, "max_value": null }, "geometry": { "type": "Polygon", "coordinates": [ [ [ -89.188735245812012, 13.547164283565353 ], [ -89.175260578187149, 13.547164283565358 ], [ -89.175260578187149, 13.533689615940492 ], [ -89.188735245812012, 13.533689615940492 ], [ -89.188735245812012, 13.547164283565353 ] ] ] } },
{ "type": "Feature", "properties": { "class_id": 5, "area_m2": 2175551.3362948364, "class_name": "Muy Alto", "index": "MNDWI", "min_value": null, "max_value": null }, "geometry": { "type": "Polygon", "coordinates": [ [ [ -89.390855260184992, 13.614537621689685 ], [ -89.404329927809869, 13.614537621689681 ], [ -89.404329927809869, 13.628012289314546 ], [ -89.390855260184992, 13.628012289314549 ], [ -89.390855260184992, 13.614537621689685 ] ] ] } },
{ "type": "Feature", "properties": { "class_id": 5, "area_m2": 2174443.626309562, "class_name": "Muy Alto", "index": "MNDWI", "min_value": null, "max_value": null }, "geometry": { "type": "Polygon", "coordinates": [ [ [ -89.175260578187149, 13.668436292189146 ], [ -89.188735245812012, 13.668436292189137 ], [ -89.188735245812012, 13.681910959814006 ], [ -89.175260578187149, 13.681910959814006 ], [ -89.175260578187149, 13.668436292189146 ] ] ] } },
{ "type": "Feature", "properties": { "class_id": 5, "area_m2": 10871241.961880708, "class_name": "Muy Alto", "index": "MNDWI", "min_value": null, "max_value": null }, "geometry": { "type": "Polygon", "coordinates": [ [ [ -89.161785910562287, 13.708860295063737 ], [ -89.148311242937424, 13.70886029506374 ], [ -89.148311242937424, 13.695385627438876 ], [ -89.134836575312562, 13.695385627438874 ], [ -89.134836575312562, 13.681910959814013 ], [ -89.148311242937424, 13.681910959814006 ], [ -89.148311242937424, 13.668436292189142 ], [ -89.161785910562287, 13.668436292189142 ], [ -89.161785910562287, 13.681910959814013 ], [ -89.175260578187149, 13.681910959814006 ], [ -89.175260578187149, 13.695385627438874 ], [ -89.161785910562287, 13.695385627438874 ], [ -89.161785910562287, 13.708860295063737 ] ] ] } },
{ "type": "Feature", "properties": { "class_id": 5, "area_m2": 2176312.7980554285, "class_name": "Muy Alto", "index": "MNDWI", "min_value": null, "max_value": null }, "geometry": { "type": "Polygon", "coordinates": [ [ [ -89.875943294680141, 13.70886029506374 ], [ -89.889417962305018, 13.70886029506374 ], [ -89.889417962305018, 13.722334962688606 ], [ -89.875943294680141, 13.722334962688603 ], [ -89.875943294680141, 13.70886029506374 ] ] ] } },
{ "type": "Feature", "properties": { "class_id": 5, "area_m2": 2176968.6154395444, "class_name": "Muy Alto", "index": "MNDWI", "min_value": null, "max_value": null }, "geometry": { "type": "Polygon", "coordinates": [ [ [ -90.051113973803396, 13.70886029506374 ], [ -90.064588641428259, 13.70886029506374 ], [ -90.064588641428259, 13.722334962688606 ], [ -90.051113973803396, 13.722334962688601 ], [ -90.051113973803396, 13.70886029506374 ] ] ] } },
{ "type": "Feature", "properties": { "class_id": 5, "area_m2": 2176141.548963502, "class_name": "Muy Alto", "index": "MNDWI", "min_value": null, "max_value": null }, "geometry": { "type": "Polygon", "coordinates": [ [ [ -89.875943294680141, 13.735809630313467 ], [ -89.862468627055279, 13.735809630313465 ], [ -89.862468627055279, 13.722334962688604 ], [ -89.875943294680141, 13.722334962688603 ], [ -89.875943294680141, 13.735809630313467 ] ] ] } },
{ "type": "Feature", "properties": { "class_id": 5, "area_m2": 2174374.7623357023, "class_name": "Muy Alto", "index": "MNDWI", "min_value": null, "max_value": null }, "geometry": { "type": "Polygon", "coordinates": [ [ [ -89.444753930684456, 13.762758965563199 ], [ -89.458228598309319, 13.762758965563203 ], [ -89.458228598309319, 13.776233633188069 ], [ -89.444753930684456, 13.776233633188061 ], [ -89.444753930684456, 13.762758965563199 ] ] ] } },
{ "type": "Feature", "properties": { "class_id": 5, "area_m2": 2175576.4896497191, "class_name": "Muy Alto", "index": "MNDWI", "min_value": null, "max_value": null }, "geometry": { "type": "Polygon", "coordinates": [ [ [ -89.875943294680141, 13.789708300812933 ], [ -89.889417962305018, 13.789708300812933 ], [ -89.889417962305018, 13.803182968437797 ], [ -89.875943294680141, 13.803182968437797 ], [ -89.875943294680141, 13.789708300812933 ] ] ] } },
{ "type": "Feature", "properties": { "class_id": 5, "area_m2": 2175724.2238639276, "class_name": "Muy Alto", "index": "MNDWI", "min_value": null, "max_value": null }, "geometry": { "type": "Polygon", "coordinates": [ [ [ -89.916367297554743, 13.803182968437797 ], [ -89.916367297554743, 13.789708300812935 ], [ -89.929841965179605, 13.789708300812933 ], [ -89.929841965179605, 13.803182968437797 ], [ -89.916367297554743, 13.803182968437797 ] ] ] } },
{ "type": "Feature", "properties": { "class_id": 5, "area_m2": 4351054.0139219258, "class_name": "Muy Alto", "index": "MNDWI", "min_value": null, "max_value": null }, "geometry": { "type": "Polygon", "coordinates": [ [ [ -89.916367297554743, 13.803182968437797 ], [ -89.916367297554743, 13.816657636062663 ], [ -89.889417962305018, 13.816657636062658 ], [ -89.889417962305018, 13.803182968437797 ], [ -89.916367297554743, 13.803182968437797 ] ] ] } },
{ "type": "Feature", "properties": { "class_id": 5, "area_m2": 4349698.0314099053, "class_name": "Muy Alto", "index": "MNDWI", "min_value": null, "max_value": null }, "geometry": { "type": "Polygon", "coordinates": [ [ [ -89.875943294680141, 13.884030974186983 ], [ -89.862468627055279, 13.884030974186986 ], [ -89.862468627055279, 13.857081638937261 ], [ -89.875943294680141, 13.857081638937258 ], [ -89.875943294680141, 13.884030974186983 ] ] ] } },
{ "type": "Feature", "properties": { "class_id": 5, "area_m2": 6521981.1781547712, "class_name": "Muy Alto", "index": "MNDWI", "min_value": null, "max_value": null }, "geometry": { "type": "Polygon", "coordinates": [ [ [ -89.633399277432574, 13.857081638937256 ], [ -89.646873945057436, 13.857081638937258 ], [ -89.646873945057436, 13.897505641811851 ], [ -89.633399277432574, 13.897505641811854 ], [ -89.633399277432574, 13.857081638937256 ] ] ] } },
{ "type": "Feature", "properties": { "class_id": 5, "area_m2": 2174358.9187643337, "class_name": "Muy Alto", "index": "MNDWI", "min_value": null, "max_value": null }, "geometry": { "type": "Polygon", "coordinates": [ [ [ -89.741196618431488, 13.870556306562122 ], [ -89.754671286056364, 13.870556306562115 ], [ -89.754671286056364, 13.884030974186988 ], [ -89.741196618431488, 13.88403097418699 ], [ -89.741196618431488, 13.870556306562122 ] ] ] } },
{ "type": "Feature", "properties": { "class_id": 5, "area_m2": 2174499.608484162, "class_name": "Muy Alto", "index": "MNDWI", "min_value": null, "max_value": null }, "geometry": { "type": "Polygon", "coordinates": [ [ [ -89.795095288930952, 13.884030974186985 ], [ -89.781620621306104, 13.88403097418699 ], [ -89.781620621306104, 13.87055630656212 ], [ -89.795095288930952, 13.870556306562122 ], [ -89.795095288930952, 13.884030974186985 ] ] ] } },
{ "type": "Feature", "properties": { "class_id": 5, "area_m2": 2174594.5497069554, "class_name": "Muy Alto", "index": "MNDWI", "min_value": null, "max_value": null }, "geometry": { "type": "Polygon", "coordinates": [ [ [ -89.808569956555814, 13.870556306562124 ], [ -89.822044624180691, 13.870556306562124 ], [ -89.822044624180691, 13.884030974186983 ], [ -89.808569956555814, 13.884030974186981 ], [ -89.808569956555814, 13.870556306562124 ] ] ] } },
{ "type": "Feature", "properties": { "class_id": 5, "area_m2": 2173926.9746505255, "class_name": "Muy Alto", "index": "MNDWI", "min_value": null, "max_value": null }, "geometry": { "type": "Polygon", "coordinates": [ [ [ -89.687297947932038, 13.897505641811852 ], [ -89.7007726155569, 13.897505641811856 ], [ -89.7007726155569, 13.91098030943672 ], [ -89.687297947932038, 13.91098030943672 ], [ -89.687297947932038, 13.897505641811852 ] ] ] } },
{ "type": "Feature", "properties": { "class_id": 5, "area_m2": 2174064.8616702119, "class_name": "Muy Alto", "index": "MNDWI", "min_value": null, "max_value": null }, "geometry": { "type": "Polygon", "coordinates": [ [ [ -89.741196618431488, 13.91098030943672 ], [ -89.727721950806625, 13.91098030943672 ], [ -89.727721950806625, 13.897505641811851 ], [ -89.741196618431488, 13.897505641811851 ], [ -89.741196618431488, 13.91098030943672 ] ] ] } },
{ "type": "Feature", "properties": { "class_id": 5, "area_m2": 4347041.5612211134, "class_name": "Muy Alto", "index": "MNDWI", "min_value": null, "max_value": null }, "geometry": { "type": "Polygon", "coordinates": [ [ [ -89.633399277432574, 13.924454977061584 ], [ -89.660348612682313, 13.924454977061583 ], [ -89.660348612682313, 13.937929644686449 ], [ -89.633399277432574, 13.937929644686454 ], [ -89.633399277432574, 13.924454977061584 ] ] ] } },
{ "type": "Feature", "properties": { "class_id": 5, "area_m2": 2174788.4784509283, "class_name": "Muy Alto", "index": "MNDWI", "min_value": null, "max_value": null }, "geometry": { "type": "Polygon", "coordinates": [ [ [ -89.997215303303932, 13.92445497706159 ], [ -90.010689970928794, 13.924454977061584 ], [ -90.010689970928794, 13.937929644686449 ], [ -89.997215303303932, 13.937929644686449 ], [ -89.997215303303932, 13.92445497706159 ] ] ] } },
{ "type": "Feature", "properties": { "class_id": 5, "area_m2": 63034601.702690482, "class_name": "Muy Alto", "index": "MNDWI", "min_value": null, "max_value": null }, "geometry": { "type": "Polygon", "coordinates": [ [ [ -89.795095288930952, 13.951404312311306 ], [ -89.808569956555814, 13.951404312311311 ], [ -89.808569956555814, 13.97835364756104 ], [ -89.781620621306104, 13.978353647561045 ], [ -89.781620621306104, 13.964878979936181 ], [ -89.768145953681227, 13.964878979936181 ], [ -89.768145953681227, 13.978353647561043 ], [ -89.754671286056364, 13.978353647561047 ], [ -89.754671286056364, 13.964878979936181 ], [ -89.741196618431488, 13.964878979936181 ], [ -89.741196618431488, 13.978353647561043 ], [ -89.727721950806625, 13.978353647561047 ], [ -89.727721950806625, 14.005302982810772 ], [ -89.7007726155569, 14.005302982810772 ], [ -89.7007726155569, 13.924454977061588 ], [ -89.714247283181763, 13.924454977061584 ], [ -89.714247283181763, 13.93792964468645 ], [ -89.727721950806625, 13.93792964468645 ], [ -89.727721950806625, 13.924454977061584 ], [ -89.768145953681227, 13.924454977061584 ], [ -89.768145953681227, 13.937929644686443 ], [ -89.795095288930952, 13.937929644686443 ], [ -89.795095288930952, 13.951404312311306 ] ] ] } },
{ "type": "Feature", "properties": { "class_id": 5, "area_m2": 2173365.5388773885, "class_name": "Muy Alto", "index": "MNDWI", "min_value": null, "max_value": null }, "geometry": { "type": "Polygon", "coordinates": [ [ [ -89.754671286056364, 13.978353647561047 ], [ -89.754671286056364, 13.991828315185911 ], [ -89.741196618431488, 13.991828315185913 ], [ -89.741196618431488, 13.978353647561043 ], [ -89.754671286056364, 13.978353647561047 ] ] ] } },
{ "type": "Feature", "properties": { "class_id": 5, "area_m2": 2172537.8979637795, "class_name": "Muy Alto", "index": "MNDWI", "min_value": null, "max_value": null }, "geometry": { "type": "Polygon", "coordinates": [ [ [ -89.619924609807711, 14.032252318060504 ], [ -89.606449942182834, 14.032252318060507 ], [ -89.606449942182834, 14.018777650435641 ], [ -89.619924609807711, 14.018777650435641 ], [ -89.619924609807711, 14.032252318060504 ] ] ] } },
{ "type": "Feature", "properties": { "class_id": 5, "area_m2": 36933347.294328183, "class_name": "Muy Alto", "index": "MNDWI", "min_value": null, "max_value": null }, "geometry": { "type": "Polygon", "coordinates": [ [ [ -89.660348612682313, 14.059201653310232 ], [ -89.673823280307161, 14.059201653310234 ], [ -89.673823280307161, 14.072676320935102 ], [ -89.606449942182834, 14.072676320935102 ], [ -89.606449942182834, 14.059201653310232 ], [ -89.619924609807711, 14.059201653310234 ], [ -89.619924609807711, 14.032252318060504 ], [ -89.646873945057436, 14.032252318060504 ], [ -89.646873945057436, 14.005302982810772 ], [ -89.660348612682313, 14.005302982810772 ], [ -89.660348612682313, 14.018777650435641 ], [ -89.673823280307161, 14.018777650435641 ], [ -89.673823280307161, 14.032252318060511 ], [ -89.7007726155569, 14.032252318060507 ], [ -89.7007726155569, 14.045726985685366 ], [ -89.660348612682313, 14.045726985685366 ], [ -89.660348612682313, 14.059201653310232 ] ] ] } },
{ "type": "Feature", "properties": { "class_id": 5, "area_m2": 4345342.9557125634, "class_name": "Muy Alto", "index": "MNDWI", "min_value": null, "max_value": null }, "geometry": { "type": "Polygon", "coordinates": [ [ [ -89.714247283181763, 14.045726985685368 ], [ -89.741196618431488, 14.045726985685366 ], [ -89.741196618431488, 14.059201653310234 ], [ -89.714247283181763, 14.059201653310234 ], [ -89.714247283181763, 14.045726985685368 ] ] ] } },
{ "type": "Feature", "properties": { "class_id": 5, "area_m2": 2171677.5654125386, "class_name": "Muy Alto", "index": "MNDWI", "min_value": null, "max_value": null }, "geometry": { "type": "Polygon", "coordinates": [ [ [ -89.7007726155569, 14.153524326684296 ], [ -89.687297947932038, 14.153524326684289 ], [ -89.687297947932038, 14.140049659059429 ], [ -89.7007726155569, 14.140049659059429 ], [ -89.7007726155569, 14.153524326684296 ] ] ] } },
{ "type": "Feature", "properties": { "class_id": 5, "area_m2": 13019932.59822947, "class_name": "Muy Alto", "index": "MNDWI", "min_value": null, "max_value": null }, "geometry": { "type": "Polygon", "coordinates": [ [ [ -89.512127268808783, 14.247847000058352 ], [ -89.539076604058522, 14.24784700005835 ], [ -89.539076604058522, 14.288271002932948 ], [ -89.512127268808783, 14.288271002932946 ], [ -89.512127268808783, 14.247847000058352 ] ] ] } },
{ "type": "Feature", "properties": { "class_id": 5, "area_m2": 2169077.3818693524, "class_name": "Muy Alto", "index": "MNDWI", "min_value": null, "max_value": null }, "geometry": { "type": "Polygon", "coordinates": [ [ [ -89.471703265934181, 14.342169673432409 ], [ -89.485177933559058, 14.342169673432409 ], [ -89.485177933559058, 14.355644341057275 ], [ -89.471703265934181, 14.355644341057275 ], [ -89.471703265934181, 14.342169673432409 ] ] ] } },
{ "type": "Feature", "properties": { "class_id": 5, "area_m2": 6531787.0000152374, "class_name": "Muy Alto", "index": "MNDWI", "min_value": null, "max_value": null }, "geometry": { "type": "Polygon", "coordinates": [ [ [ -88.690172543692, 13.223772260568587 ], [ -88.649748540817413, 13.223772260568589 ], [ -88.649748540817413, 13.21029759294373 ], [ -88.690172543692, 13.210297592943723 ], [ -88.690172543692, 13.223772260568587 ] ] ] } },
{ "type": "Feature", "properties": { "class_id": 5, "area_m2": 2177323.3193854988, "class_name": "Muy Alto", "index": "MNDWI", "min_value": null, "max_value": null }, "geometry": { "type": "Polygon", "coordinates": [ [ [ -88.797969884690929, 13.237246928193453 ], [ -88.811444552315791, 13.237246928193453 ], [ -88.811444552315791, 13.25072159581832 ], [ -88.797969884690929, 13.25072159581832 ], [ -88.797969884690929, 13.237246928193453 ] ] ] } },
{ "type": "Feature", "properties": { "class_id": 5, "area_m2": 23948844.872393709, "class_name": "Muy Alto", "index": "MNDWI", "min_value": null, "max_value": null }, "geometry": { "type": "Polygon", "coordinates": [ [ [ -88.757545881816327, 13.264196263443186 ], [ -88.744071214191464, 13.264196263443187 ], [ -88.744071214191464, 13.237246928193452 ], [ -88.730596546566602, 13.237246928193453 ], [ -88.730596546566602, 13.223772260568586 ], [ -88.757545881816327, 13.223772260568591 ], [ -88.757545881816327, 13.237246928193453 ], [ -88.784495217066066, 13.237246928193452 ], [ -88.784495217066066, 13.264196263443186 ], [ -88.797969884690929, 13.264196263443187 ], [ -88.797969884690929, 13.277670931068055 ], [ -88.757545881816327, 13.277670931068055 ], [ -88.757545881816327, 13.264196263443186 ] ] ] } },
{ "type": "Feature", "properties": { "class_id": 5, "area_m2": 2177000.5939314049, "class_name": "Muy Alto", "index": "MNDWI", "min_value": null, "max_value": null }, "geometry": { "type": "Polygon", "coordinates": [ [ [ -88.824919219940654, 13.291145598692914 ], [ -88.811444552315791, 13.291145598692914 ], [ -88.811444552315791, 13.277670931068053 ], [ -88.824919219940654, 13.277670931068053 ], [ -88.824919219940654, 13.291145598692914 ] ] ] } },
{ "type": "Feature", "properties": { "class_id": 5, "area_m2": 2176820.9920568638, "class_name": "Muy Alto", "index": "MNDWI", "min_value": null, "max_value": null }, "geometry": { "type": "Polygon", "coordinates": [ [ [ -88.784495217066066, 13.291145598692918 ], [ -88.797969884690929, 13.291145598692918 ], [ -88.797969884690929, 13.304620266317787 ], [ -88.784495217066066, 13.304620266317784 ], [ -88.784495217066066, 13.291145598692918 ] ] ] } },
{ "type": "Feature", "properties": { "class_id": 5, "area_m2": 8707679.5925519057, "class_name": "Muy Alto", "index": "MNDWI", "min_value": null, "max_value": null }, "geometry": { "type": "Polygon", "coordinates": [ [ [ -88.91924189331472, 13.318094933942643 ], [ -88.89229255806498, 13.318094933942648 ], [ -88.89229255806498, 13.304620266317784 ], [ -88.932716560939582, 13.304620266317784 ], [ -88.932716560939582, 13.33156960156751 ], [ -88.91924189331472, 13.331569601567514 ], [ -88.91924189331472, 13.318094933942643 ] ] ] } },
{ "type": "Feature", "properties": { "class_id": 5, "area_m2": 4353815.6410138495, "class_name": "Muy Alto", "index": "MNDWI", "min_value": null, "max_value": null }, "geometry": { "type": "Polygon", "coordinates": [ [ [ -88.959665896189307, 13.345044269192378 ], [ -88.946191228564444, 13.34504426919238 ], [ -88.946191228564444, 13.318094933942648 ], [ -88.959665896189307, 13.318094933942643 ], [ -88.959665896189307, 13.345044269192378 ] ] ] } },
{ "type": "Feature", "properties": { "class_id": 5, "area_m2": 17414307.529048588, "class_name": "Muy Alto", "index": "MNDWI", "min_value": null, "max_value": null }, "geometry": { "type": "Polygon", "coordinates": [ [ [ -89.027039234313634, 13.371993604442114 ], [ -89.013564566688771, 13.371993604442109 ], [ -89.013564566688771, 13.385468272066968 ], [ -88.986615231439046, 13.385468272066969 ], [ -88.986615231439046, 13.37199360444211 ], [ -89.000089899063909, 13.371993604442109 ], [ -89.000089899063909, 13.358518936817246 ], [ -88.986615231439046, 13.358518936817244 ], [ -88.986615231439046, 13.345044269192378 ], [ -88.973140563814169, 13.345044269192378 ], [ -88.973140563814169, 13.331569601567509 ], [ -89.000089899063909, 13.331569601567509 ], [ -89.000089899063909, 13.345044269192377 ], [ -89.013564566688771, 13.345044269192375 ], [ -89.013564566688771, 13.358518936817248 ], [ -89.027039234313634, 13.358518936817244 ], [ -89.027039234313634, 13.371993604442114 ] ] ] } },
{ "type": "Feature", "properties": { "class_id": 5, "area_m2": 2176644.5803520973, "class_name": "Muy Alto", "index": "MNDWI", "min_value": null, "max_value": null }, "geometry": { "type": "Polygon", "coordinates": [ [ [ -88.959665896189307, 13.358518936817239 ], [ -88.973140563814169, 13.358518936817241 ], [ -88.973140563814169, 13.371993604442109 ], [ -88.959665896189307, 13.371993604442109 ], [ -88.959665896189307, 13.358518936817239 ] ] ] } },
{ "type": "Feature", "properties": { "class_id": 5, "area_m2": 4352603.3701051231, "class_name": "Muy Alto", "index": "MNDWI", "min_value": null, "max_value": null }, "geometry": { "type": "Polygon", "coordinates": [ [ [ -88.905767225689843, 13.398942939691839 ], [ -88.89229255806498, 13.398942939691839 ], [ -88.89229255806498, 13.37199360444211 ], [ -88.905767225689843, 13.371993604442109 ], [ -88.905767225689843, 13.398942939691839 ] ] ] } },
{ "type": "Feature", "properties": { "class_id": 5, "area_m2": 2176611.686111399, "class_name": "Muy Alto", "index": "MNDWI", "min_value": null, "max_value": null }, "geometry": { "type": "Polygon", "coordinates": [ [ [ -89.040513901938496, 13.385468272066969 ], [ -89.053988569563359, 13.385468272066975 ], [ -89.053988569563359, 13.398942939691841 ], [ -89.040513901938496, 13.398942939691832 ], [ -89.040513901938496, 13.385468272066969 ] ] ] } },
{ "type": "Feature", "properties": { "class_id": 5, "area_m2": 2176430.9481369187, "class_name": "Muy Alto", "index": "MNDWI", "min_value": null, "max_value": null }, "geometry": { "type": "Polygon", "coordinates": [ [ [ -89.107887240062837, 13.425892274941569 ], [ -89.121361907687685, 13.425892274941571 ], [ -89.121361907687685, 13.439366942566439 ], [ -89.107887240062837, 13.439366942566433 ], [ -89.107887240062837, 13.425892274941569 ] ] ] } },
{ "type": "Feature", "properties": { "class_id": 5, "area_m2": 4351214.9329550629, "class_name": "Muy Alto", "index": "MNDWI", "min_value": null, "max_value": null }, "geometry": { "type": "Polygon", "coordinates": [ [ [ -88.946191228564444, 13.47979094544103 ], [ -88.91924189331472, 13.47979094544103 ], [ -88.91924189331472, 13.466316277816162 ], [ -88.946191228564444, 13.466316277816166 ], [ -88.946191228564444, 13.47979094544103 ] ] ] } },
{ "type": "Feature", "properties": { "class_id": 5, "area_m2": 2174751.5067159147, "class_name": "Muy Alto", "index": "MNDWI", "min_value": null, "max_value": null }, "geometry": { "type": "Polygon", "coordinates": [ [ [ -88.595849870317949, 13.47979094544103 ], [ -88.609324537942811, 13.47979094544103 ], [ -88.609324537942811, 13.493265613065898 ], [ -88.595849870317949, 13.493265613065899 ], [ -88.595849870317949, 13.47979094544103 ] ] ] } },
{ "type": "Feature", "properties": { "class_id": 5, "area_m2": 2175342.0742986207, "class_name": "Muy Alto", "index": "MNDWI", "min_value": null, "max_value": null }, "geometry": { "type": "Polygon", "coordinates": [ [ [ -88.865343222815255, 13.47979094544103 ], [ -88.878817890440118, 13.479790945441032 ], [ -88.878817890440118, 13.493265613065898 ], [ -88.865343222815255, 13.493265613065898 ], [ -88.865343222815255, 13.47979094544103 ] ] ] } },
{ "type": "Feature", "properties": { "class_id": 5, "area_m2": 4350757.1875142157, "class_name": "Muy Alto", "index": "MNDWI", "min_value": null, "max_value": null }, "geometry": { "type": "Polygon", "coordinates": [ [ [ -88.91924189331472, 13.506740280690765 ], [ -88.905767225689843, 13.506740280690757 ], [ -88.905767225689843, 13.47979094544103 ], [ -88.91924189331472, 13.47979094544103 ], [ -88.91924189331472, 13.506740280690765 ] ] ] } },
{ "type": "Feature", "properties": { "class_id": 5, "area_m2": 19580534.299270067, "class_name": "Muy Alto", "index": "MNDWI", "min_value": null, "max_value": null }, "geometry": { "type": "Polygon", "coordinates": [ [ [ -89.09441257243796, 13.533689615940489 ], [ -89.080937904813098, 13.533689615940492 ], [ -89.080937904813098, 13.506740280690758 ], [ -89.107887240062837, 13.506740280690764 ], [ -89.107887240062837, 13.47979094544103 ], [ -89.121361907687685, 13.479790945441035 ], [ -89.121361907687685, 13.520214948315621 ], [ -89.107887240062837, 13.520214948315621 ], [ -89.107887240062837, 13.560638951190221 ], [ -89.09441257243796, 13.560638951190217 ], [ -89.09441257243796, 13.533689615940489 ] ] ] } },
{ "type": "Feature", "properties": { "class_id": 5, "area_m2": 2174474.4514119094, "class_name": "Muy Alto", "index": "MNDWI", "min_value": null, "max_value": null }, "geometry": { "type": "Polygon", "coordinates": [ [ [ -88.649748540817413, 13.533689615940492 ], [ -88.636273873192536, 13.533689615940492 ], [ -88.636273873192536, 13.520214948315624 ], [ -88.649748540817413, 13.520214948315628 ], [ -88.649748540817413, 13.533689615940492 ] ] ] } },
{ "type": "Feature", "properties": { "class_id": 5, "area_m2": 6525211.4865581095, "class_name": "Muy Alto", "index": "MNDWI", "min_value": null, "max_value": null }, "geometry": { "type": "Polygon", "coordinates": [ [ [ -88.91924189331472, 13.533689615940494 ], [ -88.91924189331472, 13.520214948315623 ], [ -88.946191228564444, 13.52021494831563 ], [ -88.946191228564444, 13.547164283565353 ], [ -88.932716560939582, 13.547164283565355 ], [ -88.932716560939582, 13.533689615940492 ], [ -88.91924189331472, 13.533689615940494 ] ] ] } },
{ "type": "Feature", "properties": { "class_id": 5, "area_m2": 2174870.434074861, "class_name": "Muy Alto", "index": "MNDWI", "min_value": null, "max_value": null }, "geometry": { "type": "Polygon", "coordinates": [ [ [ -88.91924189331472, 13.560638951190219 ], [ -88.91924189331472, 13.547164283565358 ], [ -88.932716560939582, 13.547164283565355 ], [ -88.932716560939582, 13.560638951190223 ], [ -88.91924189331472, 13.560638951190219 ] ] ] } },
{ "type": "Feature", "properties": { "class_id": 5, "area_m2": 2174397.7067546919, "class_name": "Muy Alto", "index": "MNDWI", "min_value": null, "max_value": null }, "geometry": { "type": "Polygon", "coordinates": [ [ [ -89.080937904813098, 13.654961624564276 ], [ -89.067463237188235, 13.654961624564276 ], [ -89.067463237188235, 13.641486956939413 ], [ -89.080937904813098, 13.641486956939415 ], [ -89.080937904813098, 13.654961624564276 ] ] ] } },
{ "type": "Feature", "properties": { "class_id": 5, "area_m2": 2174103.2107508015, "class_name": "Muy Alto", "index": "MNDWI", "min_value": null, "max_value": null }, "geometry": { "type": "Polygon", "coordinates": [ [ [ -89.000089899063909, 13.654961624564276 ], [ -89.013564566688771, 13.654961624564283 ], [ -89.013564566688771, 13.668436292189142 ], [ -89.000089899063909, 13.668436292189137 ], [ -89.000089899063909, 13.654961624564276 ] ] ] } },
{ "type": "Feature", "properties": { "class_id": 5, "area_m2": 2173968.2439389923, "class_name": "Muy Alto", "index": "MNDWI", "min_value": null, "max_value": null }, "geometry": { "type": "Polygon", "coordinates": [ [ [ -89.134836575312562, 13.708860295063744 ], [ -89.148311242937424, 13.70886029506374 ], [ -89.148311242937424, 13.722334962688601 ], [ -89.134836575312562, 13.722334962688603 ], [ -89.134836575312562, 13.708860295063744 ] ] ] } },
{ "type": "Feature", "properties": { "class_id": 5, "area_m2": 2172313.1027068691, "class_name": "Muy Alto", "index": "MNDWI", "min_value": null, "max_value": null }, "geometry": { "type": "Polygon", "coordinates": [ [ [ -88.71712187894174, 13.789708300812929 ], [ -88.703647211316863, 13.789708300812929 ], [ -88.703647211316863, 13.776233633188065 ], [ -88.71712187894174, 13.776233633188065 ], [ -88.71712187894174, 13.789708300812929 ] ] ] } },
{ "type": "Feature", "properties": { "class_id": 5, "area_m2": 2171484.2801824799, "class_name": "Muy Alto", "index": "MNDWI", "min_value": null, "max_value": null }, "geometry": { "type": "Polygon", "coordinates": [ [ [ -88.946191228564444, 13.924454977061584 ], [ -88.946191228564444, 13.93792964468645 ], [ -88.932716560939582, 13.937929644686452 ], [ -88.932716560939582, 13.924454977061579 ], [ -88.946191228564444, 13.924454977061584 ] ] ] } },
{ "type": "Feature", "properties": { "class_id": 5, "area_m2": 10856072.754187625, "class_name": "Muy Alto", "index": "MNDWI", "min_value": null, "max_value": null }, "geometry": { "type": "Polygon", "coordinates": [ [ [ -88.905767225689843, 13.964878979936181 ], [ -88.905767225689843, 13.951404312311309 ], [ -88.89229255806498, 13.951404312311315 ], [ -88.89229255806498, 13.937929644686452 ], [ -88.932716560939582, 13.937929644686452 ], [ -88.932716560939582, 13.964878979936181 ], [ -88.905767225689843, 13.964878979936181 ] ] ] } },
{ "type": "Feature", "properties": { "class_id": 5, "area_m2": 10852910.27859175, "class_name": "Muy Alto", "index": "MNDWI", "min_value": null, "max_value": null }, "geometry": { "type": "Polygon", "coordinates": [ [ [ -88.784495217066066, 14.005302982810772 ], [ -88.757545881816327, 14.005302982810777 ], [ -88.757545881816327, 13.978353647561047 ], [ -88.771020549441189, 13.97835364756105 ], [ -88.771020549441189, 13.964878979936181 ], [ -88.784495217066066, 13.964878979936181 ], [ -88.784495217066066, 14.005302982810772 ] ] ] } },
{ "type": "Feature", "properties": { "class_id": 5, "area_m2": 54274213.247821651, "class_name": "Muy Alto", "index": "MNDWI", "min_value": null, "max_value": null }, "geometry": { "type": "Polygon", "coordinates": [ [ [ -88.973140563814169, 13.951404312311315 ], [ -88.946191228564444, 13.951404312311315 ], [ -88.946191228564444, 13.93792964468645 ], [ -89.013564566688771, 13.93792964468645 ], [ -89.013564566688771, 13.951404312311309 ], [ -89.027039234313634, 13.951404312311315 ], [ -89.027039234313634, 13.991828315185913 ], [ -89.040513901938496, 13.991828315185908 ], [ -89.040513901938496, 14.072676320935102 ], [ -89.013564566688771, 14.072676320935104 ], [ -89.013564566688771, 14.045726985685366 ], [ -89.000089899063909, 14.045726985685366 ], [ -89.000089899063909, 14.005302982810777 ], [ -89.013564566688771, 14.005302982810774 ], [ -89.013564566688771, 13.964878979936181 ], [ -89.000089899063909, 13.964878979936181 ], [ -89.000089899063909, 13.951404312311315 ], [ -88.986615231439046, 13.951404312311315 ], [ -88.986615231439046, 13.964878979936181 ], [ -88.973140563814169, 13.964878979936181 ], [ -88.973140563814169, 13.951404312311315 ] ] ] } },
{ "type": "Feature", "properties": { "class_id": 5, "area_m2": 2167836.1080201711, "class_name": "Muy Alto", "index": "MNDWI", "min_value": null, "max_value": null }, "geometry": { "type": "Polygon", "coordinates": [ [ [ -89.09441257243796, 14.369119008682141 ], [ -89.080937904813098, 14.369119008682141 ], [ -89.080937904813098, 14.355644341057275 ], [ -89.09441257243796, 14.355644341057271 ], [ -89.09441257243796, 14.369119008682141 ] ] ] } },
{ "type": "Feature", "properties": { "class_id": 5, "area_m2": 8671332.3457891233, "class_name": "Muy Alto", "index": "MNDWI", "min_value": null, "max_value": null }, "geometry": { "type": "Polygon", "coordinates": [ [ [ -89.148311242937424, 14.382593676307003 ], [ -89.134836575312562, 14.382593676307003 ], [ -89.134836575312562, 14.396068343931868 ], [ -89.121361907687685, 14.396068343931869 ], [ -89.121361907687685, 14.355644341057275 ], [ -89.134836575312562, 14.355644341057275 ], [ -89.134836575312562, 14.369119008682137 ], [ -89.148311242937424, 14.369119008682134 ], [ -89.148311242937424, 14.382593676307003 ] ] ] } },
{ "type": "Feature", "properties": { "class_id": 5, "area_m2": 2176577.0472470755, "class_name": "Muy Alto", "index": "MNDWI", "min_value": null, "max_value": null }, "geometry": { "type": "Polygon", "coordinates": [ [ [ -87.976015159574146, 13.156398922444264 ], [ -87.989489827199009, 13.156398922444264 ], [ -87.989489827199009, 13.16987359006913 ], [ -87.976015159574146, 13.169873590069129 ], [ -87.976015159574146, 13.156398922444264 ] ] ] } },
{ "type": "Feature", "properties": { "class_id": 5, "area_m2": 6530748.2216896489, "class_name": "Muy Alto", "index": "MNDWI", "min_value": null, "max_value": null }, "geometry": { "type": "Polygon", "coordinates": [ [ [ -88.245508512071453, 13.169873590069127 ], [ -88.205084509196851, 13.169873590069129 ], [ -88.205084509196851, 13.15639892244427 ], [ -88.245508512071453, 13.156398922444264 ], [ -88.245508512071453, 13.169873590069127 ] ] ] } },
{ "type": "Feature", "properties": { "class_id": 5, "area_m2": 4353879.5907111643, "class_name": "Muy Alto", "index": "MNDWI", "min_value": null, "max_value": null }, "geometry": { "type": "Polygon", "coordinates": [ [ [ -88.299407182570931, 13.169873590069125 ], [ -88.326356517820642, 13.169873590069129 ], [ -88.326356517820642, 13.183348257693993 ], [ -88.299407182570931, 13.183348257693998 ], [ -88.299407182570931, 13.169873590069125 ] ] ] } },
{ "type": "Feature", "properties": { "class_id": 5, "area_m2": 8707890.6234057266, "class_name": "Muy Alto", "index": "MNDWI", "min_value": null, "max_value": null }, "geometry": { "type": "Polygon", "coordinates": [ [ [ -88.353305853070367, 13.16987359006913 ], [ -88.380255188320106, 13.169873590069129 ], [ -88.380255188320106, 13.196822925318861 ], [ -88.353305853070367, 13.196822925318861 ], [ -88.353305853070367, 13.16987359006913 ] ] ] } },
{ "type": "Feature", "properties": { "class_id": 5, "area_m2": 2177223.4220678951, "class_name": "Muy Alto", "index": "MNDWI", "min_value": null, "max_value": null }, "geometry": { "type": "Polygon", "coordinates": [ [ [ -88.528476532193622, 13.196822925318859 ], [ -88.528476532193622, 13.183348257693993 ], [ -88.541951199818484, 13.183348257693995 ], [ -88.541951199818484, 13.196822925318864 ], [ -88.528476532193622, 13.196822925318859 ] ] ] } },
{ "type": "Feature", "properties": { "class_id": 5, "area_m2": 43541887.265585095, "class_name": "Muy Alto", "index": "MNDWI", "min_value": null, "max_value": null }, "geometry": { "type": "Polygon", "coordinates": [ [ [ -88.48805252931902, 13.196822925318857 ], [ -88.528476532193622, 13.196822925318859 ], [ -88.528476532193622, 13.210297592943723 ], [ -88.568900535068209, 13.210297592943727 ], [ -88.568900535068209, 13.223772260568589 ], [ -88.48805252931902, 13.223772260568591 ], [ -88.48805252931902, 13.210297592943727 ], [ -88.474577861694158, 13.210297592943727 ], [ -88.474577861694158, 13.196822925318861 ], [ -88.461103194069295, 13.196822925318854 ], [ -88.461103194069295, 13.223772260568586 ], [ -88.43415385881957, 13.223772260568587 ], [ -88.43415385881957, 13.16987359006913 ], [ -88.447628526444433, 13.169873590069129 ], [ -88.447628526444433, 13.183348257693996 ], [ -88.474577861694158, 13.183348257693996 ], [ -88.474577861694158, 13.169873590069134 ], [ -88.48805252931902, 13.169873590069125 ], [ -88.48805252931902, 13.196822925318857 ] ] ] } },
{ "type": "Feature", "properties": { "class_id": 5, "area_m2": 4352338.2727905251, "class_name": "Muy Alto", "index": "MNDWI", "min_value": null, "max_value": null }, "geometry": { "type": "Polygon", "coordinates": [ [ [ -87.922116489074682, 13.196822925318861 ], [ -87.949065824324421, 13.196822925318861 ], [ -87.949065824324421, 13.210297592943725 ], [ -87.922116489074682, 13.210297592943727 ], [ -87.922116489074682, 13.196822925318861 ] ] ] } },
{ "type": "Feature", "properties": { "class_id": 5, "area_m2": 4354452.8551369635, "class_name": "Muy Alto", "index": "MNDWI", "min_value": null, "max_value": null }, "geometry": { "type": "Polygon", "coordinates": [ [ [ -88.609324537942811, 13.210297592943727 ], [ -88.582375202693086, 13.210297592943725 ], [ -88.582375202693086, 13.196822925318862 ], [ -88.609324537942811, 13.196822925318857 ], [ -88.609324537942811, 13.210297592943727 ] ] ] } },
{ "type": "Feature", "properties": { "class_id": 5, "area_m2": 2176490.0266822884, "class_name": "Muy Alto", "index": "MNDWI", "min_value": null, "max_value": null }, "geometry": { "type": "Polygon", "coordinates": [ [ [ -88.258983179696315, 13.223772260568595 ], [ -88.245508512071453, 13.223772260568586 ], [ -88.245508512071453, 13.210297592943727 ], [ -88.258983179696315, 13.210297592943725 ], [ -88.258983179696315, 13.223772260568595 ] ] ] } },
{ "type": "Feature", "properties": { "class_id": 5, "area_m2": 2176978.0453205081, "class_name": "Muy Alto", "index": "MNDWI", "min_value": null, "max_value": null }, "geometry": { "type": "Polygon", "coordinates": [ [ [ -88.595849870317949, 13.237246928193452 ], [ -88.582375202693086, 13.237246928193453 ], [ -88.582375202693086, 13.223772260568591 ], [ -88.595849870317949, 13.223772260568589 ], [ -88.595849870317949, 13.237246928193452 ] ] ] } },
{ "type": "Feature", "properties": { "class_id": 5, "area_m2": 69656990.109124854, "class_name": "Muy Alto", "index": "MNDWI", "min_value": null, "max_value": null }, "geometry": { "type": "Polygon", "coordinates": [ [ [ -88.528476532193622, 13.250721595818323 ], [ -88.501527196943883, 13.250721595818323 ], [ -88.501527196943883, 13.264196263443184 ], [ -88.461103194069295, 13.264196263443187 ], [ -88.461103194069295, 13.250721595818323 ], [ -88.48805252931902, 13.250721595818323 ], [ -88.48805252931902, 13.237246928193452 ], [ -88.568900535068209, 13.237246928193457 ], [ -88.568900535068209, 13.250721595818323 ], [ -88.582375202693086, 13.250721595818318 ], [ -88.582375202693086, 13.264196263443186 ], [ -88.609324537942811, 13.264196263443187 ], [ -88.609324537942811, 13.250721595818318 ], [ -88.636273873192536, 13.250721595818318 ], [ -88.636273873192536, 13.237246928193455 ], [ -88.676697876067138, 13.237246928193452 ], [ -88.676697876067138, 13.25072159581832 ], [ -88.690172543692, 13.250721595818323 ], [ -88.690172543692, 13.237246928193457 ], [ -88.703647211316863, 13.237246928193455 ], [ -88.703647211316863, 13.25072159581832 ], [ -88.71712187894174, 13.250721595818328 ], [ -88.71712187894174, 13.277670931068053 ], [ -88.703647211316863, 13.277670931068055 ], [ -88.703647211316863, 13.264196263443186 ], [ -88.690172543692, 13.264196263443187 ], [ -88.690172543692, 13.277670931068053 ], [ -88.676697876067138, 13.27767093106805 ], [ -88.676697876067138, 13.264196263443184 ], [ -88.636273873192536, 13.264196263443186 ], [ -88.636273873192536, 13.277670931068048 ], [ -88.555425867443347, 13.277670931068055 ], [ -88.555425867443347, 13.25072159581832 ], [ -88.541951199818484, 13.250721595818323 ], [ -88.541951199818484, 13.264196263443193 ], [ -88.528476532193622, 13.264196263443187 ], [ -88.528476532193622, 13.250721595818323 ] ] ] } },
{ "type": "Feature", "properties": { "class_id": 5, "area_m2": 26105047.530826408, "class_name": "Muy Alto", "index": "MNDWI", "min_value": null, "max_value": null }, "geometry": { "type": "Polygon", "coordinates": [ [ [ -88.070337832948198, 13.331569601567509 ], [ -88.043388497698473, 13.33156960156751 ], [ -88.043388497698473, 13.318094933942648 ], [ -88.016439162448734, 13.318094933942646 ], [ -88.016439162448734, 13.304620266317784 ], [ -88.02991383007361, 13.304620266317785 ], [ -88.02991383007361, 13.291145598692918 ], [ -88.043388497698473, 13.291145598692918 ], [ -88.043388497698473, 13.277670931068053 ], [ -88.05686316532335, 13.277670931068053 ], [ -88.05686316532335, 13.291145598692919 ], [ -88.08381250057306, 13.291145598692916 ], [ -88.08381250057306, 13.318094933942646 ], [ -88.070337832948198, 13.318094933942646 ], [ -88.070337832948198, 13.331569601567509 ] ] ] } },
{ "type": "Feature", "properties": { "class_id": 5, "area_m2": 2175429.7777941003, "class_name": "Muy Alto", "index": "MNDWI", "min_value": null, "max_value": null }, "geometry": { "type": "Polygon", "coordinates": [ [ [ -88.258983179696315, 13.345044269192378 ], [ -88.245508512071453, 13.345044269192373 ], [ -88.245508512071453, 13.331569601567507 ], [ -88.258983179696315, 13.331569601567514 ], [ -88.258983179696315, 13.345044269192378 ] ] ] } },
{ "type": "Feature", "properties": { "class_id": 5, "area_m2": 39152320.89776589, "class_name": "Muy Alto", "index": "MNDWI", "min_value": null, "max_value": null }, "geometry": { "type": "Polygon", "coordinates": [ [ [ -88.31288185019578, 13.371993604442109 ], [ -88.326356517820642, 13.37199360444211 ], [ -88.326356517820642, 13.398942939691841 ], [ -88.28593251494604, 13.398942939691832 ], [ -88.28593251494604, 13.412417607316707 ], [ -88.258983179696315, 13.412417607316709 ], [ -88.258983179696315, 13.398942939691839 ], [ -88.272457847321178, 13.398942939691839 ], [ -88.272457847321178, 13.385468272066976 ], [ -88.258983179696315, 13.385468272066975 ], [ -88.258983179696315, 13.371993604442109 ], [ -88.23203384444659, 13.371993604442109 ], [ -88.23203384444659, 13.358518936817244 ], [ -88.272457847321178, 13.358518936817244 ], [ -88.272457847321178, 13.345044269192378 ], [ -88.28593251494604, 13.345044269192377 ], [ -88.28593251494604, 13.358518936817244 ], [ -88.31288185019578, 13.358518936817248 ], [ -88.31288185019578, 13.371993604442109 ] ] ] } },
{ "type": "Feature", "properties": { "class_id": 5, "area_m2": 6525399.2703353735, "class_name": "Muy Alto", "index": "MNDWI", "min_value": null, "max_value": null }, "geometry": { "type": "Polygon", "coordinates": [ [ [ -88.353305853070367, 13.37199360444211 ], [ -88.366780520695244, 13.371993604442107 ], [ -88.366780520695244, 13.4124176073167 ], [ -88.353305853070367, 13.412417607316701 ], [ -88.353305853070367, 13.37199360444211 ] ] ] } },
{ "type": "Feature", "properties": { "class_id": 5, "area_m2": 4350416.7248623418, "class_name": "Muy Alto", "index": "MNDWI", "min_value": null, "max_value": null }, "geometry": { "type": "Polygon", "coordinates": [ [ [ -88.568900535068209, 13.439366942566435 ], [ -88.555425867443347, 13.439366942566435 ], [ -88.555425867443347, 13.412417607316705 ], [ -88.568900535068209, 13.412417607316705 ], [ -88.568900535068209, 13.439366942566435 ] ] ] } },
{ "type": "Feature", "properties": { "class_id": 5, "area_m2": 2174378.2626438541, "class_name": "Muy Alto", "index": "MNDWI", "min_value": null, "max_value": null }, "geometry": { "type": "Polygon", "coordinates": [ [ [ -88.097287168197937, 13.425892274941569 ], [ -88.1107618358228, 13.425892274941567 ], [ -88.1107618358228, 13.439366942566439 ], [ -88.097287168197937, 13.439366942566435 ], [ -88.097287168197937, 13.425892274941569 ] ] ] } },
{ "type": "Feature", "properties": { "class_id": 5, "area_m2": 2174577.3674355568, "class_name": "Muy Alto", "index": "MNDWI", "min_value": null, "max_value": null }, "geometry": { "type": "Polygon", "coordinates": [ [ [ -88.23203384444659, 13.425892274941569 ], [ -88.245508512071453, 13.425892274941571 ], [ -88.245508512071453, 13.439366942566435 ], [ -88.23203384444659, 13.439366942566439 ], [ -88.23203384444659, 13.425892274941569 ] ] ] } },
{ "type": "Feature", "properties": { "class_id": 5, "area_m2": 4349337.1185007961, "class_name": "Muy Alto", "index": "MNDWI", "min_value": null, "max_value": null }, "geometry": { "type": "Polygon", "coordinates": [ [ [ -88.380255188320106, 13.4528416101913 ], [ -88.353305853070367, 13.452841610191301 ], [ -88.353305853070367, 13.439366942566428 ], [ -88.380255188320106, 13.43936694256643 ], [ -88.380255188320106, 13.4528416101913 ] ] ] } },
{ "type": "Feature", "properties": { "class_id": 5, "area_m2": 4349480.047806873, "class_name": "Muy Alto", "index": "MNDWI", "min_value": null, "max_value": null }, "geometry": { "type": "Polygon", "coordinates": [ [ [ -88.43415385881957, 13.439366942566435 ], [ -88.447628526444433, 13.439366942566435 ], [ -88.447628526444433, 13.466316277816164 ], [ -88.43415385881957, 13.466316277816167 ], [ -88.43415385881957, 13.439366942566435 ] ] ] } },
{ "type": "Feature", "properties": { "class_id": 5, "area_m2": 6524410.6342773233, "class_name": "Muy Alto", "index": "MNDWI", "min_value": null, "max_value": null }, "geometry": { "type": "Polygon", "coordinates": [ [ [ -88.461103194069295, 13.452841610191303 ], [ -88.474577861694158, 13.452841610191305 ], [ -88.474577861694158, 13.439366942566432 ], [ -88.48805252931902, 13.439366942566432 ], [ -88.48805252931902, 13.466316277816162 ], [ -88.461103194069295, 13.466316277816166 ], [ -88.461103194069295, 13.452841610191303 ] ] ] } },
{ "type": "Feature", "properties": { "class_id": 5, "area_m2": 6524503.4066985948, "class_name": "Muy Alto", "index": "MNDWI", "min_value": null, "max_value": null }, "geometry": { "type": "Polygon", "coordinates": [ [ [ -88.568900535068209, 13.47979094544103 ], [ -88.541951199818484, 13.47979094544103 ], [ -88.541951199818484, 13.452841610191301 ], [ -88.555425867443347, 13.452841610191305 ], [ -88.555425867443347, 13.466316277816162 ], [ -88.568900535068209, 13.466316277816166 ], [ -88.568900535068209, 13.47979094544103 ] ] ] } },
{ "type": "Feature", "properties": { "class_id": 5, "area_m2": 2174660.6243446567, "class_name": "Muy Alto", "index": "MNDWI", "min_value": null, "max_value": null }, "geometry": { "type": "Polygon", "coordinates": [ [ [ -88.48805252931902, 13.466316277816162 ], [ -88.501527196943883, 13.466316277816166 ], [ -88.501527196943883, 13.479790945441026 ], [ -88.48805252931902, 13.47979094544103 ], [ -88.48805252931902, 13.466316277816162 ] ] ] } },
{ "type": "Feature", "properties": { "class_id": 5, "area_m2": 2174037.6986465701, "class_name": "Muy Alto", "index": "MNDWI", "min_value": null, "max_value": null }, "geometry": { "type": "Polygon", "coordinates": [ [ [ -88.191609841571989, 13.47979094544103 ], [ -88.205084509196851, 13.47979094544103 ], [ -88.205084509196851, 13.493265613065901 ], [ -88.191609841571989, 13.493265613065899 ], [ -88.191609841571989, 13.47979094544103 ] ] ] } },
{ "type": "Feature", "properties": { "class_id": 5, "area_m2": 2174515.6966376887, "class_name": "Muy Alto", "index": "MNDWI", "min_value": null, "max_value": null }, "geometry": { "type": "Polygon", "coordinates": [ [ [ -88.48805252931902, 13.493265613065898 ], [ -88.474577861694158, 13.493265613065898 ], [ -88.474577861694158, 13.47979094544103 ], [ -88.48805252931902, 13.47979094544103 ], [ -88.48805252931902, 13.493265613065898 ] ] ] } },
{ "type": "Feature", "properties": { "class_id": 5, "area_m2": 2174697.4987997231, "class_name": "Muy Alto", "index": "MNDWI", "min_value": null, "max_value": null }, "geometry": { "type": "Polygon", "coordinates": [ [ [ -88.568900535068209, 13.47979094544103 ], [ -88.582375202693086, 13.479790945441032 ], [ -88.582375202693086, 13.493265613065899 ], [ -88.568900535068209, 13.493265613065898 ], [ -88.568900535068209, 13.47979094544103 ] ] ] } },
{ "type": "Feature", "properties": { "class_id": 5, "area_m2": 2174404.7318932945, "class_name": "Muy Alto", "index": "MNDWI", "min_value": null, "max_value": null }, "geometry": { "type": "Polygon", "coordinates": [ [ [ -88.541951199818484, 13.506740280690762 ], [ -88.555425867443347, 13.506740280690762 ], [ -88.555425867443347, 13.520214948315624 ], [ -88.541951199818484, 13.520214948315626 ], [ -88.541951199818484, 13.506740280690762 ] ] ] } },
{ "type": "Feature", "properties": { "class_id": 5, "area_m2": 2173937.1841737423, "class_name": "Muy Alto", "index": "MNDWI", "min_value": null, "max_value": null }, "geometry": { "type": "Polygon", "coordinates": [ [ [ -88.43415385881957, 13.547164283565358 ], [ -88.420679191194694, 13.547164283565353 ], [ -88.420679191194694, 13.533689615940494 ], [ -88.43415385881957, 13.533689615940492 ], [ -88.43415385881957, 13.547164283565358 ] ] ] } },
{ "type": "Feature", "properties": { "class_id": 5, "area_m2": 4347707.2609069105, "class_name": "Muy Alto", "index": "MNDWI", "min_value": null, "max_value": null }, "geometry": { "type": "Polygon", "coordinates": [ [ [ -88.43415385881957, 13.547164283565358 ], [ -88.461103194069295, 13.547164283565358 ], [ -88.461103194069295, 13.560638951190223 ], [ -88.43415385881957, 13.560638951190221 ], [ -88.43415385881957, 13.547164283565358 ] ] ] } },
{ "type": "Feature", "properties": { "class_id": 5, "area_m2": 8690911.4643383026, "class_name": "Muy Alto", "index": "MNDWI", "min_value": null, "max_value": null }, "geometry": { "type": "Polygon", "coordinates": [ [ [ -88.48805252931902, 13.66843629218914 ], [ -88.501527196943883, 13.66843629218914 ], [ -88.501527196943883, 13.695385627438874 ], [ -88.51500186456876, 13.695385627438879 ], [ -88.51500186456876, 13.70886029506374 ], [ -88.48805252931902, 13.70886029506374 ], [ -88.48805252931902, 13.66843629218914 ] ] ] } }
]
}
