{
"type": "FeatureCollection",
"name": "anomaly_2026_Q1_May_Jul_NDDI",
"crs": { "type": "name", "properties": { "name": "urn:ogc:def:crs:OGC:1.3:CRS84" } },
"features": [
{ "type": "Feature", "properties": { "class_id": 1, "area_m2": 435243.41778686008, "class_name": "Muy bajo", "index": "NDDI", "min_value": null, "max_value": null }, "geometry": { "type": "Polygon", "coordinates": [ [ [ -89.640121016, 13.51880064 ], [ -89.649609224, 13.513700176 ], [ -89.649609224, 13.51880064 ], [ -89.640121016, 13.51880064 ] ] ] } },
{ "type": "Feature", "properties": { "class_id": 1, "area_m2": 72542.808748679847, "class_name": "Muy bajo", "index": "NDDI", "min_value": null, "max_value": null }, "geometry": { "type": "Polygon", "coordinates": [ [ [ -89.673329744, 13.521350872 ], [ -89.678073848, 13.51880064 ], [ -89.678073848, 13.521350872 ], [ -89.673329744, 13.521350872 ] ] ] } },
{ "type": "Feature", "properties": { "class_id": 1, "area_m2": 435258.33206242055, "class_name": "Muy bajo", "index": "NDDI", "min_value": null, "max_value": null }, "geometry": { "type": "Polygon", "coordinates": [ [ [ -89.678073848, 13.521350872 ], [ -89.687562056, 13.521350872 ], [ -89.687562056, 13.526451336 ], [ -89.678073848, 13.523901104 ], [ -89.678073848, 13.521350872 ] ] ] } },
{ "type": "Feature", "properties": { "class_id": 1, "area_m2": 290168.8162791197, "class_name": "Muy bajo", "index": "NDDI", "min_value": null, "max_value": null }, "geometry": { "type": "Polygon", "coordinates": [ [ [ -89.872582112, 13.600408064 ], [ -89.88207032, 13.600408064 ], [ -89.88207032, 13.602958296 ], [ -89.872582112, 13.602958296 ], [ -89.872582112, 13.600408064 ] ] ] } },
{ "type": "Feature", "properties": { "class_id": 1, "area_m2": 435256.02636031015, "class_name": "Muy bajo", "index": "NDDI", "min_value": null, "max_value": null }, "geometry": { "type": "Polygon", "coordinates": [ [ [ -89.901046736, 13.610608992 ], [ -89.886814424, 13.610608992 ], [ -89.891558528000019, 13.605508528 ], [ -89.901046736, 13.610608992 ] ] ] } },
{ "type": "Feature", "properties": { "class_id": 1, "area_m2": 580350.10735891573, "class_name": "Muy bajo", "index": "NDDI", "min_value": null, "max_value": null }, "geometry": { "type": "Polygon", "coordinates": [ [ [ -89.910534944, 13.610608992 ], [ -89.920023152, 13.60805876 ], [ -89.920023152, 13.613159224 ], [ -89.910534944, 13.615709456 ], [ -89.910534944, 13.610608992 ] ] ] } },
{ "type": "Feature", "properties": { "class_id": 1, "area_m2": 435214.73102664552, "class_name": "Muy bajo", "index": "NDDI", "min_value": null, "max_value": null }, "geometry": { "type": "Polygon", "coordinates": [ [ [ -89.920023152, 13.641211776 ], [ -89.90579084, 13.641211776 ], [ -89.910534944, 13.636111312 ], [ -89.920023152, 13.641211776 ] ] ] } },
{ "type": "Feature", "properties": { "class_id": 1, "area_m2": 72540.770666504657, "class_name": "Muy bajo", "index": "NDDI", "min_value": null, "max_value": null }, "geometry": { "type": "Polygon", "coordinates": [ [ [ -89.972208296, 13.643762008 ], [ -89.967464192, 13.643762008 ], [ -89.967464192, 13.641211776 ], [ -89.972208296, 13.643762008 ] ] ] } },
{ "type": "Feature", "properties": { "class_id": 1, "area_m2": 72539.70679716079, "class_name": "Muy bajo", "index": "NDDI", "min_value": null, "max_value": null }, "geometry": { "type": "Polygon", "coordinates": [ [ [ -89.962720088, 13.64631224 ], [ -89.967464192, 13.643762008 ], [ -89.967464192, 13.64631224 ], [ -89.962720088, 13.64631224 ] ] ] } },
{ "type": "Feature", "properties": { "class_id": 1, "area_m2": 290091.32584437291, "class_name": "Muy bajo", "index": "NDDI", "min_value": null, "max_value": null }, "geometry": { "type": "Polygon", "coordinates": [ [ [ -89.896302632, 13.674364792 ], [ -89.90579084, 13.674364792 ], [ -89.90579084, 13.676915024 ], [ -89.896302632, 13.676915024 ], [ -89.896302632, 13.674364792 ] ] ] } },
{ "type": "Feature", "properties": { "class_id": 1, "area_m2": 290077.09981352143, "class_name": "Muy bajo", "index": "NDDI", "min_value": null, "max_value": null }, "geometry": { "type": "Polygon", "coordinates": [ [ [ -89.910534944, 13.689666184 ], [ -89.915279048, 13.689666184 ], [ -89.915279048, 13.694766648 ], [ -89.910534944, 13.694766648 ], [ -89.910534944, 13.689666184 ] ] ] } },
{ "type": "Feature", "properties": { "class_id": 1, "area_m2": 72516.905503381713, "class_name": "Muy bajo", "index": "NDDI", "min_value": null, "max_value": null }, "geometry": { "type": "Polygon", "coordinates": [ [ [ -89.896302632, 13.694766648 ], [ -89.901046736, 13.692216416 ], [ -89.901046736, 13.694766648 ], [ -89.896302632, 13.694766648 ] ] ] } },
{ "type": "Feature", "properties": { "class_id": 1, "area_m2": 290068.9997552475, "class_name": "Muy bajo", "index": "NDDI", "min_value": null, "max_value": null }, "geometry": { "type": "Polygon", "coordinates": [ [ [ -89.901046736, 13.694766648 ], [ -89.910534944, 13.694766648 ], [ -89.910534944, 13.69731688 ], [ -89.901046736, 13.69731688 ], [ -89.901046736, 13.694766648 ] ] ] } },
{ "type": "Feature", "properties": { "class_id": 1, "area_m2": 72518.453657792648, "class_name": "Muy bajo", "index": "NDDI", "min_value": null, "max_value": null }, "geometry": { "type": "Polygon", "coordinates": [ [ [ -89.915279048, 13.69731688 ], [ -89.920023152, 13.694766648 ], [ -89.920023152, 13.69731688 ], [ -89.915279048, 13.69731688 ] ] ] } },
{ "type": "Feature", "properties": { "class_id": 1, "area_m2": 580177.2650743447, "class_name": "Muy bajo", "index": "NDDI", "min_value": null, "max_value": null }, "geometry": { "type": "Polygon", "coordinates": [ [ [ -89.962720088, 13.702417344 ], [ -89.972208296, 13.702417344 ], [ -89.972208296, 13.707517808 ], [ -89.962720088, 13.707517808 ], [ -89.962720088, 13.702417344 ] ] ] } },
{ "type": "Feature", "properties": { "class_id": 1, "area_m2": 289950.28950140352, "class_name": "Muy bajo", "index": "NDDI", "min_value": null, "max_value": null }, "geometry": { "type": "Polygon", "coordinates": [ [ [ -89.72077078400001, 13.720268968 ], [ -89.725514888, 13.720268968 ], [ -89.725514888, 13.725369432 ], [ -89.72077078400001, 13.725369432 ], [ -89.72077078400001, 13.720268968 ] ] ] } },
{ "type": "Feature", "properties": { "class_id": 1, "area_m2": 869093.49072948424, "class_name": "Muy bajo", "index": "NDDI", "min_value": null, "max_value": null }, "geometry": { "type": "Polygon", "coordinates": [ [ [ -89.33649836, 13.789125232 ], [ -89.331754256, 13.791675464 ], [ -89.331754256, 13.796775928 ], [ -89.322266048, 13.796775928 ], [ -89.322266048, 13.791675464 ], [ -89.327010152, 13.789125232 ], [ -89.33649836, 13.789125232 ] ] ] } },
{ "type": "Feature", "properties": { "class_id": 1, "area_m2": 72428.318658091652, "class_name": "Muy bajo", "index": "NDDI", "min_value": null, "max_value": null }, "geometry": { "type": "Polygon", "coordinates": [ [ [ -89.535750728, 13.852881032 ], [ -89.535750728, 13.8503308 ], [ -89.540494832, 13.8503308 ], [ -89.535750728, 13.852881032 ] ] ] } },
{ "type": "Feature", "properties": { "class_id": 1, "area_m2": 72426.497398926324, "class_name": "Muy bajo", "index": "NDDI", "min_value": null, "max_value": null }, "geometry": { "type": "Polygon", "coordinates": [ [ [ -89.535750728, 13.852881032 ], [ -89.535750728, 13.855431264 ], [ -89.531006624, 13.855431264 ], [ -89.535750728, 13.852881032 ] ] ] } },
{ "type": "Feature", "properties": { "class_id": 1, "area_m2": 1738213.8848673082, "class_name": "Muy bajo", "index": "NDDI", "min_value": null, "max_value": null }, "geometry": { "type": "Polygon", "coordinates": [ [ [ -89.540494832, 13.855431264 ], [ -89.54998304, 13.855431264 ], [ -89.54998304, 13.860531728 ], [ -89.540494832, 13.865632192 ], [ -89.531006624, 13.865632192 ], [ -89.531006624, 13.860531728 ], [ -89.540494832, 13.855431264 ] ] ] } },
{ "type": "Feature", "properties": { "class_id": 1, "area_m2": 434386.93435996916, "class_name": "Muy bajo", "index": "NDDI", "min_value": null, "max_value": null }, "geometry": { "type": "Polygon", "coordinates": [ [ [ -89.57370356, 13.962541008 ], [ -89.564215352, 13.962541008 ], [ -89.564215352, 13.957440544 ], [ -89.57370356, 13.959990776 ], [ -89.57370356, 13.962541008 ] ] ] } },
{ "type": "Feature", "properties": { "class_id": 1, "area_m2": 289681.19799953996, "class_name": "Muy bajo", "index": "NDDI", "min_value": null, "max_value": null }, "geometry": { "type": "Polygon", "coordinates": [ [ [ -89.791932344, 13.967641472 ], [ -89.796676448, 13.967641472 ], [ -89.796676448, 13.972741936 ], [ -89.791932344, 13.972741936 ], [ -89.791932344, 13.967641472 ] ] ] } },
{ "type": "Feature", "properties": { "class_id": 1, "area_m2": 289669.92865113809, "class_name": "Muy bajo", "index": "NDDI", "min_value": null, "max_value": null }, "geometry": { "type": "Polygon", "coordinates": [ [ [ -89.806164656, 13.985493096 ], [ -89.801420552, 13.985493096 ], [ -89.801420552, 13.980392632 ], [ -89.806164656, 13.980392632 ], [ -89.806164656, 13.985493096 ] ] ] } },
{ "type": "Feature", "properties": { "class_id": 1, "area_m2": 434431.57992281136, "class_name": "Muy bajo", "index": "NDDI", "min_value": null, "max_value": null }, "geometry": { "type": "Polygon", "coordinates": [ [ [ -89.725514888, 13.995694024 ], [ -89.735003096000014, 13.99059356 ], [ -89.735003096000014, 13.998244256 ], [ -89.725514888, 13.995694024 ] ] ] } },
{ "type": "Feature", "properties": { "class_id": 1, "area_m2": 434448.62879739003, "class_name": "Muy bajo", "index": "NDDI", "min_value": null, "max_value": null }, "geometry": { "type": "Polygon", "coordinates": [ [ [ -89.758723616, 13.995694024 ], [ -89.76346772, 13.995694024 ], [ -89.768211824, 14.000794488 ], [ -89.758723616, 14.000794488 ], [ -89.758723616, 13.995694024 ] ] ] } },
{ "type": "Feature", "properties": { "class_id": 1, "area_m2": 72404.137891148945, "class_name": "Muy bajo", "index": "NDDI", "min_value": null, "max_value": null }, "geometry": { "type": "Polygon", "coordinates": [ [ [ -89.7397472, 14.000794488 ], [ -89.735003096000014, 14.000794488 ], [ -89.735003096000014, 13.998244256 ], [ -89.7397472, 14.000794488 ] ] ] } },
{ "type": "Feature", "properties": { "class_id": 1, "area_m2": 289573.16290587949, "class_name": "Muy bajo", "index": "NDDI", "min_value": null, "max_value": null }, "geometry": { "type": "Polygon", "coordinates": [ [ [ -89.701794368, 14.023746576 ], [ -89.711282576, 14.023746576 ], [ -89.711282576, 14.026296808 ], [ -89.701794368, 14.026296808 ], [ -89.701794368, 14.023746576 ] ] ] } },
{ "type": "Feature", "properties": { "class_id": 1, "area_m2": 8531513.0208504684, "class_name": "Muy bajo", "index": "NDDI", "min_value": null, "max_value": null }, "geometry": { "type": "Polygon", "coordinates": [ [ [ -89.516774312, 14.255817688 ], [ -89.526262520000017, 14.250717224 ], [ -89.535750728, 14.250717224 ], [ -89.531006624, 14.253267456 ], [ -89.531006624, 14.25836792 ], [ -89.540494832, 14.260918152 ], [ -89.540494832, 14.268568848 ], [ -89.545238936, 14.27111908 ], [ -89.512030208, 14.276219544 ], [ -89.512030208, 14.268568848 ], [ -89.507286104, 14.266018616 ], [ -89.512030208, 14.266018616 ], [ -89.512030208, 14.25836792 ], [ -89.493053792, 14.248166992 ], [ -89.497797896, 14.24561676 ], [ -89.497797896, 14.240516296 ], [ -89.512030208, 14.248166992 ], [ -89.512030208, 14.253267456 ], [ -89.516774312, 14.255817688 ] ] ] } },
{ "type": "Feature", "properties": { "class_id": 1, "area_m2": 72293.867011702358, "class_name": "Muy bajo", "index": "NDDI", "min_value": null, "max_value": null }, "geometry": { "type": "Polygon", "coordinates": [ [ [ -89.526262520000017, 14.28387024 ], [ -89.526262520000017, 14.281320008 ], [ -89.531006624, 14.281320008 ], [ -89.526262520000017, 14.28387024 ] ] ] } },
{ "type": "Feature", "properties": { "class_id": 1, "area_m2": 578335.06126851391, "class_name": "Muy bajo", "index": "NDDI", "min_value": null, "max_value": null }, "geometry": { "type": "Polygon", "coordinates": [ [ [ -89.521518416, 14.288970704 ], [ -89.516774312, 14.28387024 ], [ -89.526262520000017, 14.28387024 ], [ -89.531006624, 14.288970704 ], [ -89.521518416, 14.288970704 ] ] ] } },
{ "type": "Feature", "properties": { "class_id": 1, "area_m2": 290158.86039997893, "class_name": "Muy bajo", "index": "NDDI", "min_value": null, "max_value": null }, "geometry": { "type": "Polygon", "coordinates": [ [ [ -88.534744784, 13.18727048 ], [ -88.525256576, 13.18727048 ], [ -88.525256576, 13.184720248 ], [ -88.534744784, 13.184720248 ], [ -88.534744784, 13.18727048 ] ] ] } },
{ "type": "Feature", "properties": { "class_id": 1, "area_m2": 435241.48906884255, "class_name": "Muy bajo", "index": "NDDI", "min_value": null, "max_value": null }, "geometry": { "type": "Polygon", "coordinates": [ [ [ -88.5537212, 13.189820712 ], [ -88.567953512, 13.189820712 ], [ -88.567953512, 13.192370944 ], [ -88.5537212, 13.192370944 ], [ -88.5537212, 13.189820712 ] ] ] } },
{ "type": "Feature", "properties": { "class_id": 1, "area_m2": 290031.99165436154, "class_name": "Muy bajo", "index": "NDDI", "min_value": null, "max_value": null }, "geometry": { "type": "Polygon", "coordinates": [ [ [ -88.5537212, 13.30203092 ], [ -88.563209408, 13.30203092 ], [ -88.563209408, 13.307131384 ], [ -88.5537212, 13.30203092 ] ] ] } },
{ "type": "Feature", "properties": { "class_id": 1, "area_m2": 290133.63059606275, "class_name": "Muy bajo", "index": "NDDI", "min_value": null, "max_value": null }, "geometry": { "type": "Polygon", "coordinates": [ [ [ -88.95697004, 13.317332312 ], [ -88.952225936000019, 13.317332312 ], [ -88.952225936000019, 13.312231848 ], [ -88.95697004, 13.312231848 ], [ -88.95697004, 13.317332312 ] ] ] } },
{ "type": "Feature", "properties": { "class_id": 1, "area_m2": 290061.73786047619, "class_name": "Muy bajo", "index": "NDDI", "min_value": null, "max_value": null }, "geometry": { "type": "Polygon", "coordinates": [ [ [ -89.308033736, 13.483097392 ], [ -89.298545528, 13.483097392 ], [ -89.298545528, 13.48054716 ], [ -89.308033736, 13.48054716 ], [ -89.308033736, 13.483097392 ] ] ] } },
{ "type": "Feature", "properties": { "class_id": 1, "area_m2": 72439.653619324279, "class_name": "Muy bajo", "index": "NDDI", "min_value": null, "max_value": null }, "geometry": { "type": "Polygon", "coordinates": [ [ [ -89.013899288, 13.648862472 ], [ -89.018643392, 13.64631224 ], [ -89.018643392, 13.648862472 ], [ -89.013899288, 13.648862472 ] ] ] } },
{ "type": "Feature", "properties": { "class_id": 1, "area_m2": 72439.089435487767, "class_name": "Muy bajo", "index": "NDDI", "min_value": null, "max_value": null }, "geometry": { "type": "Polygon", "coordinates": [ [ [ -89.023387496, 13.651412704 ], [ -89.018643392, 13.651412704 ], [ -89.018643392, 13.648862472 ], [ -89.023387496, 13.651412704 ] ] ] } },
{ "type": "Feature", "properties": { "class_id": 1, "area_m2": 579531.05789936369, "class_name": "Muy bajo", "index": "NDDI", "min_value": null, "max_value": null }, "geometry": { "type": "Polygon", "coordinates": [ [ [ -89.070828536, 13.653962936 ], [ -89.07557264, 13.653962936 ], [ -89.07557264, 13.664163864 ], [ -89.070828536, 13.664163864 ], [ -89.070828536, 13.653962936 ] ] ] } },
{ "type": "Feature", "properties": { "class_id": 1, "area_m2": 289575.17695010884, "class_name": "Muy bajo", "index": "NDDI", "min_value": null, "max_value": null }, "geometry": { "type": "Polygon", "coordinates": [ [ [ -88.501536056, 13.676915024 ], [ -88.496791952, 13.676915024 ], [ -88.496791952, 13.67181456 ], [ -88.501536056, 13.67181456 ], [ -88.501536056, 13.676915024 ] ] ] } },
{ "type": "Feature", "properties": { "class_id": 1, "area_m2": 289751.15619036043, "class_name": "Muy bajo", "index": "NDDI", "min_value": null, "max_value": null }, "geometry": { "type": "Polygon", "coordinates": [ [ [ -89.07557264, 13.67181456 ], [ -89.085060848, 13.67181456 ], [ -89.085060848, 13.674364792 ], [ -89.07557264, 13.674364792 ], [ -89.07557264, 13.67181456 ] ] ] } },
{ "type": "Feature", "properties": { "class_id": 1, "area_m2": 579628.0315801868, "class_name": "Muy bajo", "index": "NDDI", "min_value": null, "max_value": null }, "geometry": { "type": "Polygon", "coordinates": [ [ [ -89.260592696, 13.674364792 ], [ -89.270080904000011, 13.674364792 ], [ -89.270080904000011, 13.679465256 ], [ -89.260592696, 13.679465256 ], [ -89.260592696, 13.674364792 ] ] ] } },
{ "type": "Feature", "properties": { "class_id": 1, "area_m2": 289756.29930744087, "class_name": "Muy bajo", "index": "NDDI", "min_value": null, "max_value": null }, "geometry": { "type": "Polygon", "coordinates": [ [ [ -89.151478304, 13.689666184 ], [ -89.141990096, 13.689666184 ], [ -89.141990096, 13.687115952 ], [ -89.151478304, 13.687115952 ], [ -89.151478304, 13.689666184 ] ] ] } },
{ "type": "Feature", "properties": { "class_id": 1, "area_m2": 651476.06250183878, "class_name": "Muy bajo", "index": "NDDI", "min_value": null, "max_value": null }, "geometry": { "type": "Polygon", "coordinates": [ [ [ -88.496791952, 13.694766648 ], [ -88.496791952, 13.699867112 ], [ -88.492047848, 13.699867112 ], [ -88.492047848, 13.692216416 ], [ -88.487303744000016, 13.689666184 ], [ -88.501536056, 13.692216416 ], [ -88.496791952, 13.694766648 ] ] ] } },
{ "type": "Feature", "properties": { "class_id": 1, "area_m2": 434561.17114994372, "class_name": "Muy bajo", "index": "NDDI", "min_value": null, "max_value": null }, "geometry": { "type": "Polygon", "coordinates": [ [ [ -89.037619808, 13.69731688 ], [ -89.0281316, 13.69731688 ], [ -89.0281316, 13.692216416 ], [ -89.037619808, 13.694766648 ], [ -89.037619808, 13.69731688 ] ] ] } },
{ "type": "Feature", "properties": { "class_id": 1, "area_m2": 434664.08462473098, "class_name": "Muy bajo", "index": "NDDI", "min_value": null, "max_value": null }, "geometry": { "type": "Polygon", "coordinates": [ [ [ -89.232128072, 13.694766648 ], [ -89.21789576, 13.699867112 ], [ -89.21789576, 13.694766648 ], [ -89.232128072, 13.694766648 ] ] ] } },
{ "type": "Feature", "properties": { "class_id": 1, "area_m2": 72434.310902781363, "class_name": "Muy bajo", "index": "NDDI", "min_value": null, "max_value": null }, "geometry": { "type": "Polygon", "coordinates": [ [ [ -89.137245992, 13.702417344 ], [ -89.141990096, 13.699867112 ], [ -89.141990096, 13.702417344 ], [ -89.137245992, 13.702417344 ] ] ] } },
{ "type": "Feature", "properties": { "class_id": 1, "area_m2": 72433.755584121391, "class_name": "Muy bajo", "index": "NDDI", "min_value": null, "max_value": null }, "geometry": { "type": "Polygon", "coordinates": [ [ [ -89.141990096, 13.702417344 ], [ -89.1467342, 13.704967576 ], [ -89.141990096, 13.704967576 ], [ -89.141990096, 13.702417344 ] ] ] } },
{ "type": "Feature", "properties": { "class_id": 1, "area_m2": 72432.561185820465, "class_name": "Muy bajo", "index": "NDDI", "min_value": null, "max_value": null }, "geometry": { "type": "Polygon", "coordinates": [ [ [ -89.141990096, 13.707517808 ], [ -89.137245992, 13.707517808 ], [ -89.137245992, 13.704967576 ], [ -89.141990096, 13.707517808 ] ] ] } },
{ "type": "Feature", "properties": { "class_id": 1, "area_m2": 289747.66337677516, "class_name": "Muy bajo", "index": "NDDI", "min_value": null, "max_value": null }, "geometry": { "type": "Polygon", "coordinates": [ [ [ -89.19417524, 13.71006804 ], [ -89.203663448, 13.71006804 ], [ -89.203663448, 13.712618272 ], [ -89.19417524, 13.712618272 ], [ -89.19417524, 13.71006804 ] ] ] } },
{ "type": "Feature", "properties": { "class_id": 1, "area_m2": 289749.1950406789, "class_name": "Muy bajo", "index": "NDDI", "min_value": null, "max_value": null }, "geometry": { "type": "Polygon", "coordinates": [ [ [ -89.21789576, 13.717718736 ], [ -89.213151656, 13.717718736 ], [ -89.213151656, 13.712618272 ], [ -89.21789576, 13.712618272 ], [ -89.21789576, 13.717718736 ] ] ] } },
{ "type": "Feature", "properties": { "class_id": 1, "area_m2": 289633.36763839773, "class_name": "Muy bajo", "index": "NDDI", "min_value": null, "max_value": null }, "geometry": { "type": "Polygon", "coordinates": [ [ [ -89.274825008, 13.827378712 ], [ -89.279569112, 13.827378712 ], [ -89.279569112, 13.832479176 ], [ -89.274825008, 13.832479176 ], [ -89.274825008, 13.827378712 ] ] ] } },
{ "type": "Feature", "properties": { "class_id": 1, "area_m2": 289575.57699998742, "class_name": "Muy bajo", "index": "NDDI", "min_value": null, "max_value": null }, "geometry": { "type": "Polygon", "coordinates": [ [ [ -89.137245992, 13.835029408 ], [ -89.1467342, 13.835029408 ], [ -89.1467342, 13.83757964 ], [ -89.137245992, 13.83757964 ], [ -89.137245992, 13.835029408 ] ] ] } },
{ "type": "Feature", "properties": { "class_id": 1, "area_m2": 1229893.0594627983, "class_name": "Muy bajo", "index": "NDDI", "min_value": null, "max_value": null }, "geometry": { "type": "Polygon", "coordinates": [ [ [ -89.013899288, 13.949789848 ], [ -89.013899288, 13.954890312 ], [ -89.018643392, 13.957440544 ], [ -89.009155184, 13.959990776 ], [ -88.999666976, 13.949789848 ], [ -89.013899288, 13.949789848 ] ] ] } },
{ "type": "Feature", "properties": { "class_id": 1, "area_m2": 289347.05263164837, "class_name": "Muy bajo", "index": "NDDI", "min_value": null, "max_value": null }, "geometry": { "type": "Polygon", "coordinates": [ [ [ -89.009155184, 13.985493096 ], [ -89.018643392, 13.985493096 ], [ -89.018643392, 13.988043328 ], [ -89.009155184, 13.988043328 ], [ -89.009155184, 13.985493096 ] ] ] } },
{ "type": "Feature", "properties": { "class_id": 1, "area_m2": 651005.52169024514, "class_name": "Muy bajo", "index": "NDDI", "min_value": null, "max_value": null }, "geometry": { "type": "Polygon", "coordinates": [ [ [ -89.023387496, 14.000794488 ], [ -89.032875704, 13.995694024 ], [ -89.037619808, 14.000794488 ], [ -89.032875704, 14.00334472 ], [ -89.023387496, 14.000794488 ] ] ] } },
{ "type": "Feature", "properties": { "class_id": 1, "area_m2": 433902.50577333942, "class_name": "Muy bajo", "index": "NDDI", "min_value": null, "max_value": null }, "geometry": { "type": "Polygon", "coordinates": [ [ [ -89.0281316, 14.05434936 ], [ -89.037619808, 14.05434936 ], [ -89.037619808, 14.059449824 ], [ -89.0281316, 14.056899592 ], [ -89.0281316, 14.05434936 ] ] ] } },
{ "type": "Feature", "properties": { "class_id": 1, "area_m2": 289277.26751009381, "class_name": "Muy bajo", "index": "NDDI", "min_value": null, "max_value": null }, "geometry": { "type": "Polygon", "coordinates": [ [ [ -89.09929316, 14.06710052 ], [ -89.089804952, 14.06710052 ], [ -89.089804952, 14.064550288 ], [ -89.09929316, 14.064550288 ], [ -89.09929316, 14.06710052 ] ] ] } },
{ "type": "Feature", "properties": { "class_id": 1, "area_m2": 72315.79009455636, "class_name": "Muy bajo", "index": "NDDI", "min_value": null, "max_value": null }, "geometry": { "type": "Polygon", "coordinates": [ [ [ -89.07557264, 14.069650752 ], [ -89.080316744, 14.072200984 ], [ -89.07557264, 14.072200984 ], [ -89.07557264, 14.069650752 ] ] ] } },
{ "type": "Feature", "properties": { "class_id": 1, "area_m2": 72314.590833442926, "class_name": "Muy bajo", "index": "NDDI", "min_value": null, "max_value": null }, "geometry": { "type": "Polygon", "coordinates": [ [ [ -89.07557264, 14.074751216 ], [ -89.070828536, 14.074751216 ], [ -89.070828536, 14.072200984 ], [ -89.07557264, 14.074751216 ] ] ] } },
{ "type": "Feature", "properties": { "class_id": 1, "area_m2": 289300.31402609381, "class_name": "Muy bajo", "index": "NDDI", "min_value": null, "max_value": null }, "geometry": { "type": "Polygon", "coordinates": [ [ [ -89.189431136, 14.074751216 ], [ -89.198919344, 14.074751216 ], [ -89.198919344, 14.077301448 ], [ -89.189431136, 14.077301448 ], [ -89.189431136, 14.074751216 ] ] ] } },
{ "type": "Feature", "properties": { "class_id": 1, "area_m2": 290091.62230598624, "class_name": "Muy bajo", "index": "NDDI", "min_value": null, "max_value": null }, "geometry": { "type": "Polygon", "coordinates": [ [ [ -88.10303132, 13.164318392 ], [ -88.098287215999989, 13.164318392 ], [ -88.098287215999989, 13.159217928 ], [ -88.10303132, 13.159217928 ], [ -88.10303132, 13.164318392 ] ] ] } },
{ "type": "Feature", "properties": { "class_id": 1, "area_m2": 435210.44848890032, "class_name": "Muy bajo", "index": "NDDI", "min_value": null, "max_value": null }, "geometry": { "type": "Polygon", "coordinates": [ [ [ -88.354468832, 13.16176816 ], [ -88.359212936, 13.16176816 ], [ -88.359212936, 13.169418856 ], [ -88.354468832, 13.169418856 ], [ -88.354468832, 13.16176816 ] ] ] } },
{ "type": "Feature", "properties": { "class_id": 1, "area_m2": 942897.9492650691, "class_name": "Muy bajo", "index": "NDDI", "min_value": null, "max_value": null }, "geometry": { "type": "Polygon", "coordinates": [ [ [ -88.368701144, 13.18727048 ], [ -88.359212936, 13.184720248 ], [ -88.36395704, 13.179619784 ], [ -88.373445248, 13.179619784 ], [ -88.373445248, 13.184720248 ], [ -88.368701144, 13.18727048 ] ] ] } },
{ "type": "Feature", "properties": { "class_id": 1, "area_m2": 72533.743153061732, "class_name": "Muy bajo", "index": "NDDI", "min_value": null, "max_value": null }, "geometry": { "type": "Polygon", "coordinates": [ [ [ -88.463583224, 13.189820712 ], [ -88.468327328, 13.192370944 ], [ -88.463583224, 13.192370944 ], [ -88.463583224, 13.189820712 ] ] ] } },
{ "type": "Feature", "properties": { "class_id": 1, "area_m2": 72532.712053786759, "class_name": "Muy bajo", "index": "NDDI", "min_value": null, "max_value": null }, "geometry": { "type": "Polygon", "coordinates": [ [ [ -88.463583224, 13.194921176 ], [ -88.45883912, 13.194921176 ], [ -88.45883912, 13.192370944 ], [ -88.463583224, 13.194921176 ] ] ] } },
{ "type": "Feature", "properties": { "class_id": 1, "area_m2": 72533.165120749356, "class_name": "Muy bajo", "index": "NDDI", "min_value": null, "max_value": null }, "geometry": { "type": "Polygon", "coordinates": [ [ [ -88.463583224, 13.194921176 ], [ -88.468327328, 13.194921176 ], [ -88.468327328, 13.197471408 ], [ -88.463583224, 13.194921176 ] ] ] } },
{ "type": "Feature", "properties": { "class_id": 1, "area_m2": 289925.85173324379, "class_name": "Muy bajo", "index": "NDDI", "min_value": null, "max_value": null }, "geometry": { "type": "Polygon", "coordinates": [ [ [ -87.98442872, 13.28927976 ], [ -87.979684616, 13.28927976 ], [ -87.979684616, 13.284179296 ], [ -87.98442872, 13.284179296 ], [ -87.98442872, 13.28927976 ] ] ] } },
{ "type": "Feature", "properties": { "class_id": 1, "area_m2": 289906.13283049932, "class_name": "Muy bajo", "index": "NDDI", "min_value": null, "max_value": null }, "geometry": { "type": "Polygon", "coordinates": [ [ [ -87.98442872, 13.304581152 ], [ -87.974940511999989, 13.304581152 ], [ -87.974940511999989, 13.30203092 ], [ -87.98442872, 13.30203092 ], [ -87.98442872, 13.304581152 ] ] ] } },
{ "type": "Feature", "properties": { "class_id": 1, "area_m2": 72481.082394551413, "class_name": "Muy bajo", "index": "NDDI", "min_value": null, "max_value": null }, "geometry": { "type": "Polygon", "coordinates": [ [ [ -88.240610336, 13.330083472 ], [ -88.24535444, 13.32753324 ], [ -88.24535444, 13.330083472 ], [ -88.240610336, 13.330083472 ] ] ] } },
{ "type": "Feature", "properties": { "class_id": 1, "area_m2": 72480.460916888405, "class_name": "Muy bajo", "index": "NDDI", "min_value": null, "max_value": null }, "geometry": { "type": "Polygon", "coordinates": [ [ [ -88.250098544, 13.332633704 ], [ -88.24535444, 13.332633704 ], [ -88.24535444, 13.330083472 ], [ -88.250098544, 13.332633704 ] ] ] } },
{ "type": "Feature", "properties": { "class_id": 1, "area_m2": 289936.4993886954, "class_name": "Muy bajo", "index": "NDDI", "min_value": null, "max_value": null }, "geometry": { "type": "Polygon", "coordinates": [ [ [ -88.307027792, 13.332633704 ], [ -88.316516, 13.332633704 ], [ -88.316516, 13.337734168 ], [ -88.307027792, 13.332633704 ] ] ] } },
{ "type": "Feature", "properties": { "class_id": 1, "area_m2": 1521690.3606197061, "class_name": "Muy bajo", "index": "NDDI", "min_value": null, "max_value": null }, "geometry": { "type": "Polygon", "coordinates": [ [ [ -87.837361496, 13.347935096 ], [ -87.813640975999988, 13.342834632 ], [ -87.813640975999988, 13.337734168 ], [ -87.827873288, 13.3402844 ], [ -87.827873288, 13.337734168 ], [ -87.837361496, 13.337734168 ], [ -87.832617391999989, 13.3402844 ], [ -87.832617391999989, 13.345384864 ], [ -87.837361496, 13.347935096 ] ] ] } },
{ "type": "Feature", "properties": { "class_id": 1, "area_m2": 72473.009477111875, "class_name": "Muy bajo", "index": "NDDI", "min_value": null, "max_value": null }, "geometry": { "type": "Polygon", "coordinates": [ [ [ -88.24535444, 13.360686256 ], [ -88.24535444, 13.358136024 ], [ -88.250098544, 13.358136024 ], [ -88.24535444, 13.360686256 ] ] ] } },
{ "type": "Feature", "properties": { "class_id": 1, "area_m2": 72471.376171993936, "class_name": "Muy bajo", "index": "NDDI", "min_value": null, "max_value": null }, "geometry": { "type": "Polygon", "coordinates": [ [ [ -88.24535444, 13.360686256 ], [ -88.24535444, 13.363236488 ], [ -88.240610336, 13.363236488 ], [ -88.24535444, 13.360686256 ] ] ] } },
{ "type": "Feature", "properties": { "class_id": 1, "area_m2": 8259581.3155578924, "class_name": "Muy bajo", "index": "NDDI", "min_value": null, "max_value": null }, "geometry": { "type": "Polygon", "coordinates": [ [ [ -87.861082016, 13.360686256 ], [ -87.851593808, 13.36578672 ], [ -87.851593808, 13.370887184 ], [ -87.837361496, 13.373437416 ], [ -87.837361496, 13.37853788 ], [ -87.823129184, 13.375987648 ], [ -87.832617391999989, 13.36578672 ], [ -87.823129184, 13.360686256 ], [ -87.813640975999988, 13.360686256 ], [ -87.808896872, 13.355585792 ], [ -87.8421056, 13.350485328 ], [ -87.861082016, 13.360686256 ] ] ] } },
{ "type": "Feature", "properties": { "class_id": 1, "area_m2": 72446.911148811225, "class_name": "Muy bajo", "index": "NDDI", "min_value": null, "max_value": null }, "geometry": { "type": "Polygon", "coordinates": [ [ [ -87.799408664, 13.381088112 ], [ -87.79466456, 13.381088112 ], [ -87.79466456, 13.37853788 ], [ -87.799408664, 13.381088112 ] ] ] } },
{ "type": "Feature", "properties": { "class_id": 1, "area_m2": 289787.2954262998, "class_name": "Muy bajo", "index": "NDDI", "min_value": null, "max_value": null }, "geometry": { "type": "Polygon", "coordinates": [ [ [ -87.808896872, 13.383638344 ], [ -87.799408664, 13.383638344 ], [ -87.799408664, 13.381088112 ], [ -87.808896872, 13.381088112 ], [ -87.808896872, 13.383638344 ] ] ] } },
{ "type": "Feature", "properties": { "class_id": 1, "area_m2": 2390737.3735609674, "class_name": "Muy bajo", "index": "NDDI", "min_value": null, "max_value": null }, "geometry": { "type": "Polygon", "coordinates": [ [ [ -87.837361496, 13.388738808 ], [ -87.837361496, 13.393839272 ], [ -87.81838508, 13.39128904 ], [ -87.81838508, 13.386188576 ], [ -87.823129184, 13.383638344 ], [ -87.81838508, 13.381088112 ], [ -87.827873288, 13.37853788 ], [ -87.827873288, 13.383638344 ], [ -87.8421056, 13.386188576 ], [ -87.837361496, 13.388738808 ] ] ] } },
{ "type": "Feature", "properties": { "class_id": 1, "area_m2": 72443.887756398748, "class_name": "Muy bajo", "index": "NDDI", "min_value": null, "max_value": null }, "geometry": { "type": "Polygon", "coordinates": [ [ [ -87.8421056, 13.396389504 ], [ -87.837361496, 13.396389504 ], [ -87.837361496, 13.393839272 ], [ -87.8421056, 13.396389504 ] ] ] } },
{ "type": "Feature", "properties": { "class_id": 1, "area_m2": 2173310.3253127132, "class_name": "Muy bajo", "index": "NDDI", "min_value": null, "max_value": null }, "geometry": { "type": "Polygon", "coordinates": [ [ [ -87.837361496, 13.398939736 ], [ -87.846849704, 13.396389504 ], [ -87.846849704, 13.39128904 ], [ -87.856337912, 13.39128904 ], [ -87.856337912, 13.4040402 ], [ -87.846849704, 13.406590432 ], [ -87.837361496, 13.398939736 ] ] ] } },
{ "type": "Feature", "properties": { "class_id": 1, "area_m2": 434537.66807747755, "class_name": "Muy bajo", "index": "NDDI", "min_value": null, "max_value": null }, "geometry": { "type": "Polygon", "coordinates": [ [ [ -87.894290743999989, 13.472896464 ], [ -87.899034848, 13.472896464 ], [ -87.903778952, 13.477996928 ], [ -87.894290743999989, 13.477996928 ], [ -87.894290743999989, 13.472896464 ] ] ] } },
{ "type": "Feature", "properties": { "class_id": 1, "area_m2": 724191.85106276628, "class_name": "Muy bajo", "index": "NDDI", "min_value": null, "max_value": null }, "geometry": { "type": "Polygon", "coordinates": [ [ [ -88.027125656, 13.498398784 ], [ -88.046102072, 13.500949016 ], [ -88.046102072, 13.503499248 ], [ -88.03186976, 13.503499248 ], [ -88.027125656, 13.498398784 ] ] ] } },
{ "type": "Feature", "properties": { "class_id": 1, "area_m2": 72418.311304330156, "class_name": "Muy bajo", "index": "NDDI", "min_value": null, "max_value": null }, "geometry": { "type": "Polygon", "coordinates": [ [ [ -88.050846176, 13.511149944 ], [ -88.046102072, 13.511149944 ], [ -88.046102072, 13.508599712 ], [ -88.050846176, 13.511149944 ] ] ] } },
{ "type": "Feature", "properties": { "class_id": 1, "area_m2": 72417.869762828326, "class_name": "Muy bajo", "index": "NDDI", "min_value": null, "max_value": null }, "geometry": { "type": "Polygon", "coordinates": [ [ [ -88.050846176, 13.513700176 ], [ -88.05559028, 13.511149944 ], [ -88.05559028, 13.513700176 ], [ -88.050846176, 13.513700176 ] ] ] } },
{ "type": "Feature", "properties": { "class_id": 1, "area_m2": 289637.74089802755, "class_name": "Muy bajo", "index": "NDDI", "min_value": null, "max_value": null }, "geometry": { "type": "Polygon", "coordinates": [ [ [ -87.861082016, 13.513700176 ], [ -87.86582612, 13.513700176 ], [ -87.86582612, 13.51880064 ], [ -87.861082016, 13.51880064 ], [ -87.861082016, 13.513700176 ] ] ] } },
{ "type": "Feature", "properties": { "class_id": 1, "area_m2": 289589.34713425202, "class_name": "Muy bajo", "index": "NDDI", "min_value": null, "max_value": null }, "geometry": { "type": "Polygon", "coordinates": [ [ [ -87.81838508, 13.549403424 ], [ -87.823129184, 13.549403424 ], [ -87.823129184, 13.554503888 ], [ -87.81838508, 13.554503888 ], [ -87.81838508, 13.549403424 ] ] ] } },
{ "type": "Feature", "properties": { "class_id": 1, "area_m2": 579107.57899080357, "class_name": "Muy bajo", "index": "NDDI", "min_value": null, "max_value": null }, "geometry": { "type": "Polygon", "coordinates": [ [ [ -88.169448776, 13.628460616 ], [ -88.17419288, 13.628460616 ], [ -88.178936984, 13.63356108 ], [ -88.169448776, 13.636111312 ], [ -88.169448776, 13.628460616 ] ] ] } },
{ "type": "Feature", "properties": { "class_id": 1, "area_m2": 72371.36483270186, "class_name": "Muy bajo", "index": "NDDI", "min_value": null, "max_value": null }, "geometry": { "type": "Polygon", "coordinates": [ [ [ -88.03186976, 13.669264328 ], [ -88.03186976, 13.666714096 ], [ -88.036613863999989, 13.666714096 ], [ -88.03186976, 13.669264328 ] ] ] } },
{ "type": "Feature", "properties": { "class_id": 1, "area_m2": 72369.719490397096, "class_name": "Muy bajo", "index": "NDDI", "min_value": null, "max_value": null }, "geometry": { "type": "Polygon", "coordinates": [ [ [ -88.03186976, 13.669264328 ], [ -88.03186976, 13.67181456 ], [ -88.027125656, 13.67181456 ], [ -88.03186976, 13.669264328 ] ] ] } },
{ "type": "Feature", "properties": { "class_id": 2, "area_m2": 72551.841919436687, "class_name": "Bajo", "index": "NDDI", "min_value": null, "max_value": null }, "geometry": { "type": "Polygon", "coordinates": [ [ [ -89.7397472, 13.513700176 ], [ -89.735003096000014, 13.513700176 ], [ -89.735003096000014, 13.511149944 ], [ -89.7397472, 13.513700176 ] ] ] } },
{ "type": "Feature", "properties": { "class_id": 2, "area_m2": 290209.70444106433, "class_name": "Bajo", "index": "NDDI", "min_value": null, "max_value": null }, "geometry": { "type": "Polygon", "coordinates": [ [ [ -89.749235408, 13.516250408 ], [ -89.7397472, 13.516250408 ], [ -89.7397472, 13.513700176 ], [ -89.749235408, 13.513700176 ], [ -89.749235408, 13.516250408 ] ] ] } },
{ "type": "Feature", "properties": { "class_id": 2, "area_m2": 290201.86009850254, "class_name": "Bajo", "index": "NDDI", "min_value": null, "max_value": null }, "geometry": { "type": "Polygon", "coordinates": [ [ [ -89.735003096000014, 13.516250408 ], [ -89.7397472, 13.516250408 ], [ -89.7397472, 13.521350872 ], [ -89.735003096000014, 13.521350872 ], [ -89.735003096000014, 13.516250408 ] ] ] } },
{ "type": "Feature", "properties": { "class_id": 2, "area_m2": 290216.207874474, "class_name": "Bajo", "index": "NDDI", "min_value": null, "max_value": null }, "geometry": { "type": "Polygon", "coordinates": [ [ [ -89.844117488, 13.549403424 ], [ -89.853605696, 13.549403424 ], [ -89.853605696, 13.551953656 ], [ -89.844117488, 13.551953656 ], [ -89.844117488, 13.549403424 ] ] ] } },
{ "type": "Feature", "properties": { "class_id": 2, "area_m2": 290195.3357624209, "class_name": "Bajo", "index": "NDDI", "min_value": null, "max_value": null }, "geometry": { "type": "Polygon", "coordinates": [ [ [ -89.825141072, 13.55705412 ], [ -89.829885176, 13.55705412 ], [ -89.829885176, 13.562154584 ], [ -89.825141072, 13.562154584 ], [ -89.825141072, 13.55705412 ] ] ] } },
{ "type": "Feature", "properties": { "class_id": 2, "area_m2": 72549.415255475731, "class_name": "Bajo", "index": "NDDI", "min_value": null, "max_value": null }, "geometry": { "type": "Polygon", "coordinates": [ [ [ -89.886814424, 13.580006208 ], [ -89.88207032, 13.580006208 ], [ -89.88207032, 13.577455976 ], [ -89.886814424, 13.580006208 ] ] ] } },
{ "type": "Feature", "properties": { "class_id": 2, "area_m2": 72549.226876113113, "class_name": "Bajo", "index": "NDDI", "min_value": null, "max_value": null }, "geometry": { "type": "Polygon", "coordinates": [ [ [ -89.891558528000019, 13.58255644 ], [ -89.886814424, 13.58255644 ], [ -89.886814424, 13.580006208 ], [ -89.891558528000019, 13.58255644 ] ] ] } },
{ "type": "Feature", "properties": { "class_id": 2, "area_m2": 3554659.9534915173, "class_name": "Bajo", "index": "NDDI", "min_value": null, "max_value": null }, "geometry": { "type": "Polygon", "coordinates": [ [ [ -89.844117488, 13.597857832 ], [ -89.844117488, 13.592757368 ], [ -89.853605696, 13.587656904 ], [ -89.867838008, 13.587656904 ], [ -89.867838008, 13.592757368 ], [ -89.88207032, 13.5953076 ], [ -89.88207032, 13.600408064 ], [ -89.853605696, 13.597857832 ], [ -89.853605696, 13.5953076 ], [ -89.844117488, 13.597857832 ] ] ] } },
{ "type": "Feature", "properties": { "class_id": 2, "area_m2": 72546.779142494779, "class_name": "Bajo", "index": "NDDI", "min_value": null, "max_value": null }, "geometry": { "type": "Polygon", "coordinates": [ [ [ -89.910534944, 13.600408064 ], [ -89.915279048, 13.600408064 ], [ -89.910534944, 13.602958296 ], [ -89.910534944, 13.600408064 ] ] ] } },
{ "type": "Feature", "properties": { "class_id": 2, "area_m2": 72542.356013054115, "class_name": "Bajo", "index": "NDDI", "min_value": null, "max_value": null }, "geometry": { "type": "Polygon", "coordinates": [ [ [ -89.886814424, 13.60805876 ], [ -89.886814424, 13.605508528 ], [ -89.891558528000019, 13.605508528 ], [ -89.886814424, 13.60805876 ] ] ] } },
{ "type": "Feature", "properties": { "class_id": 2, "area_m2": 3046642.1487979819, "class_name": "Bajo", "index": "NDDI", "min_value": null, "max_value": null }, "geometry": { "type": "Polygon", "coordinates": [ [ [ -89.877326216, 13.613159224 ], [ -89.877326216, 13.618259688 ], [ -89.867838008, 13.615709456 ], [ -89.867838008, 13.610608992 ], [ -89.8583498, 13.60805876 ], [ -89.8583498, 13.602958296 ], [ -89.872582112, 13.600408064 ], [ -89.872582112, 13.605508528 ], [ -89.886814424, 13.60805876 ], [ -89.886814424, 13.613159224 ], [ -89.877326216, 13.613159224 ] ] ] } },
{ "type": "Feature", "properties": { "class_id": 2, "area_m2": 1958651.3938069311, "class_name": "Bajo", "index": "NDDI", "min_value": null, "max_value": null }, "geometry": { "type": "Polygon", "coordinates": [ [ [ -89.896302632, 13.610608992 ], [ -89.901046736, 13.60805876 ], [ -89.891558528000019, 13.602958296 ], [ -89.910534944, 13.602958296 ], [ -89.910534944, 13.60805876 ], [ -89.90579084, 13.60805876 ], [ -89.910534944, 13.613159224 ], [ -89.896302632, 13.618259688 ], [ -89.896302632, 13.610608992 ] ] ] } },
{ "type": "Feature", "properties": { "class_id": 2, "area_m2": 1450837.7586970762, "class_name": "Bajo", "index": "NDDI", "min_value": null, "max_value": null }, "geometry": { "type": "Polygon", "coordinates": [ [ [ -89.915279048, 13.613159224 ], [ -89.934255464, 13.613159224 ], [ -89.934255464, 13.615709456 ], [ -89.92476725600001, 13.615709456 ], [ -89.92476725600001, 13.623360152 ], [ -89.915279048, 13.623360152 ], [ -89.915279048, 13.613159224 ] ] ] } },
{ "type": "Feature", "properties": { "class_id": 2, "area_m2": 290177.53613784484, "class_name": "Bajo", "index": "NDDI", "min_value": null, "max_value": null }, "geometry": { "type": "Polygon", "coordinates": [ [ [ -89.934255464, 13.618259688 ], [ -89.943743672000011, 13.618259688 ], [ -89.943743672000011, 13.62080992 ], [ -89.934255464, 13.62080992 ], [ -89.934255464, 13.618259688 ] ] ] } },
{ "type": "Feature", "properties": { "class_id": 2, "area_m2": 725422.27470493386, "class_name": "Bajo", "index": "NDDI", "min_value": null, "max_value": null }, "geometry": { "type": "Polygon", "coordinates": [ [ [ -89.95323188, 13.63356108 ], [ -89.943743672000011, 13.63356108 ], [ -89.943743672000011, 13.625910384 ], [ -89.95323188, 13.628460616 ], [ -89.95323188, 13.63356108 ] ] ] } },
{ "type": "Feature", "properties": { "class_id": 2, "area_m2": 290167.47565258923, "class_name": "Bajo", "index": "NDDI", "min_value": null, "max_value": null }, "geometry": { "type": "Polygon", "coordinates": [ [ [ -89.962720088, 13.636111312 ], [ -89.967464192, 13.636111312 ], [ -89.967464192, 13.641211776 ], [ -89.962720088, 13.641211776 ], [ -89.962720088, 13.636111312 ] ] ] } },
{ "type": "Feature", "properties": { "class_id": 2, "area_m2": 72540.433126844684, "class_name": "Bajo", "index": "NDDI", "min_value": null, "max_value": null }, "geometry": { "type": "Polygon", "coordinates": [ [ [ -89.9769524, 13.648862472 ], [ -89.981696504, 13.648862472 ], [ -89.9769524, 13.651412704 ], [ -89.9769524, 13.648862472 ] ] ] } },
{ "type": "Feature", "properties": { "class_id": 2, "area_m2": 290155.40613672783, "class_name": "Bajo", "index": "NDDI", "min_value": null, "max_value": null }, "geometry": { "type": "Polygon", "coordinates": [ [ [ -89.981696504, 13.656513168 ], [ -89.981696504, 13.651412704 ], [ -89.991184712, 13.656513168 ], [ -89.981696504, 13.656513168 ] ] ] } },
{ "type": "Feature", "properties": { "class_id": 2, "area_m2": 1015550.6737237188, "class_name": "Bajo", "index": "NDDI", "min_value": null, "max_value": null }, "geometry": { "type": "Polygon", "coordinates": [ [ [ -90.00067292, 13.666714096 ], [ -89.981696504, 13.666714096 ], [ -89.986440608, 13.664163864 ], [ -89.986440608, 13.6590634 ], [ -89.995928816000017, 13.6590634 ], [ -89.995928816000017, 13.664163864 ], [ -90.00067292, 13.666714096 ] ] ] } },
{ "type": "Feature", "properties": { "class_id": 2, "area_m2": 290047.23724026652, "class_name": "Bajo", "index": "NDDI", "min_value": null, "max_value": null }, "geometry": { "type": "Polygon", "coordinates": [ [ [ -89.81090876, 13.676915024 ], [ -89.820396968, 13.676915024 ], [ -89.820396968, 13.679465256 ], [ -89.81090876, 13.679465256 ], [ -89.81090876, 13.676915024 ] ] ] } },
{ "type": "Feature", "properties": { "class_id": 2, "area_m2": 290141.42722442519, "class_name": "Bajo", "index": "NDDI", "min_value": null, "max_value": null }, "geometry": { "type": "Polygon", "coordinates": [ [ [ -90.014905232, 13.679465256 ], [ -90.019649336, 13.679465256 ], [ -90.019649336, 13.68456572 ], [ -90.014905232, 13.68456572 ], [ -90.014905232, 13.679465256 ] ] ] } },
{ "type": "Feature", "properties": { "class_id": 2, "area_m2": 435195.12447879493, "class_name": "Bajo", "index": "NDDI", "min_value": null, "max_value": null }, "geometry": { "type": "Polygon", "coordinates": [ [ [ -90.052858064, 13.702417344 ], [ -90.043369856, 13.707517808 ], [ -90.043369856, 13.702417344 ], [ -90.052858064, 13.702417344 ] ] ] } },
{ "type": "Feature", "properties": { "class_id": 2, "area_m2": 435107.49268871482, "class_name": "Bajo", "index": "NDDI", "min_value": null, "max_value": null }, "geometry": { "type": "Polygon", "coordinates": [ [ [ -89.95323188, 13.712618272 ], [ -89.943743672000011, 13.712618272 ], [ -89.943743672000011, 13.707517808 ], [ -89.95323188, 13.71006804 ], [ -89.95323188, 13.712618272 ] ] ] } },
{ "type": "Feature", "properties": { "class_id": 2, "area_m2": 289797.21804069722, "class_name": "Bajo", "index": "NDDI", "min_value": null, "max_value": null }, "geometry": { "type": "Polygon", "coordinates": [ [ [ -89.891558528000019, 13.9140866 ], [ -89.901046736, 13.9140866 ], [ -89.901046736, 13.916636832 ], [ -89.891558528000019, 13.916636832 ], [ -89.891558528000019, 13.9140866 ] ] ] } },
{ "type": "Feature", "properties": { "class_id": 2, "area_m2": 1376308.1113977514, "class_name": "Bajo", "index": "NDDI", "min_value": null, "max_value": null }, "geometry": { "type": "Polygon", "coordinates": [ [ [ -89.853605696, 13.93958892 ], [ -89.844117488, 13.942139152 ], [ -89.844117488, 13.931938224 ], [ -89.8583498, 13.929387992 ], [ -89.853605696, 13.93958892 ] ] ] } },
{ "type": "Feature", "properties": { "class_id": 2, "area_m2": 72453.606113406451, "class_name": "Bajo", "index": "NDDI", "min_value": null, "max_value": null }, "geometry": { "type": "Polygon", "coordinates": [ [ [ -89.986440608, 13.937038688 ], [ -89.986440608, 13.93958892 ], [ -89.981696504, 13.937038688 ], [ -89.986440608, 13.937038688 ] ] ] } },
{ "type": "Feature", "properties": { "class_id": 2, "area_m2": 72451.13577077449, "class_name": "Bajo", "index": "NDDI", "min_value": null, "max_value": null }, "geometry": { "type": "Polygon", "coordinates": [ [ [ -89.9769524, 13.942139152 ], [ -89.9769524, 13.93958892 ], [ -89.981696504, 13.942139152 ], [ -89.9769524, 13.942139152 ] ] ] } },
{ "type": "Feature", "properties": { "class_id": 2, "area_m2": 72436.355673390324, "class_name": "Bajo", "index": "NDDI", "min_value": null, "max_value": null }, "geometry": { "type": "Polygon", "coordinates": [ [ [ -89.886814424, 13.95234008 ], [ -89.88207032, 13.95234008 ], [ -89.88207032, 13.949789848 ], [ -89.886814424, 13.95234008 ] ] ] } },
{ "type": "Feature", "properties": { "class_id": 2, "area_m2": 579489.50941363466, "class_name": "Bajo", "index": "NDDI", "min_value": null, "max_value": null }, "geometry": { "type": "Polygon", "coordinates": [ [ [ -89.896302632, 13.959990776 ], [ -89.886814424, 13.957440544 ], [ -89.886814424, 13.95234008 ], [ -89.896302632, 13.954890312 ], [ -89.896302632, 13.959990776 ] ] ] } },
{ "type": "Feature", "properties": { "class_id": 2, "area_m2": 1014148.3233482225, "class_name": "Bajo", "index": "NDDI", "min_value": null, "max_value": null }, "geometry": { "type": "Polygon", "coordinates": [ [ [ -89.92951136, 13.959990776 ], [ -89.915279048, 13.957440544 ], [ -89.915279048, 13.95234008 ], [ -89.92951136, 13.954890312 ], [ -89.92951136, 13.959990776 ] ] ] } },
{ "type": "Feature", "properties": { "class_id": 2, "area_m2": 289689.70015095064, "class_name": "Bajo", "index": "NDDI", "min_value": null, "max_value": null }, "geometry": { "type": "Polygon", "coordinates": [ [ [ -89.801420552, 13.967641472 ], [ -89.796676448, 13.967641472 ], [ -89.796676448, 13.962541008 ], [ -89.801420552, 13.962541008 ], [ -89.801420552, 13.967641472 ] ] ] } },
{ "type": "Feature", "properties": { "class_id": 2, "area_m2": 434454.27940487809, "class_name": "Bajo", "index": "NDDI", "min_value": null, "max_value": null }, "geometry": { "type": "Polygon", "coordinates": [ [ [ -89.735003096000014, 13.982942864 ], [ -89.744491304, 13.985493096 ], [ -89.735003096000014, 13.99059356 ], [ -89.735003096000014, 13.982942864 ] ] ] } },
{ "type": "Feature", "properties": { "class_id": 2, "area_m2": 289687.0374448761, "class_name": "Bajo", "index": "NDDI", "min_value": null, "max_value": null }, "geometry": { "type": "Polygon", "coordinates": [ [ [ -89.8583498, 13.99059356 ], [ -89.867838008, 13.99059356 ], [ -89.867838008, 13.993143792 ], [ -89.8583498, 13.993143792 ], [ -89.8583498, 13.99059356 ] ] ] } },
{ "type": "Feature", "properties": { "class_id": 2, "area_m2": 72404.924613316776, "class_name": "Bajo", "index": "NDDI", "min_value": null, "max_value": null }, "geometry": { "type": "Polygon", "coordinates": [ [ [ -89.7397472, 13.998244256 ], [ -89.735003096000014, 13.998244256 ], [ -89.735003096000014, 13.995694024 ], [ -89.7397472, 13.998244256 ] ] ] } },
{ "type": "Feature", "properties": { "class_id": 2, "area_m2": 72403.595515018664, "class_name": "Bajo", "index": "NDDI", "min_value": null, "max_value": null }, "geometry": { "type": "Polygon", "coordinates": [ [ [ -89.735003096000014, 14.000794488 ], [ -89.730258992, 14.000794488 ], [ -89.730258992, 13.998244256 ], [ -89.735003096000014, 14.000794488 ] ] ] } },
{ "type": "Feature", "properties": { "class_id": 2, "area_m2": 72414.355947066913, "class_name": "Bajo", "index": "NDDI", "min_value": null, "max_value": null }, "geometry": { "type": "Polygon", "coordinates": [ [ [ -89.825141072, 14.000794488 ], [ -89.825141072, 14.00334472 ], [ -89.820396968, 14.000794488 ], [ -89.825141072, 14.000794488 ] ] ] } },
{ "type": "Feature", "properties": { "class_id": 2, "area_m2": 72411.92863801858, "class_name": "Bajo", "index": "NDDI", "min_value": null, "max_value": null }, "geometry": { "type": "Polygon", "coordinates": [ [ [ -89.815652864, 14.005894952 ], [ -89.815652864, 14.00334472 ], [ -89.820396968, 14.005894952 ], [ -89.815652864, 14.005894952 ] ] ] } },
{ "type": "Feature", "properties": { "class_id": 2, "area_m2": 289587.79472863721, "class_name": "Bajo", "index": "NDDI", "min_value": null, "max_value": null }, "geometry": { "type": "Polygon", "coordinates": [ [ [ -89.7397472, 14.023746576 ], [ -89.744491304, 14.023746576 ], [ -89.744491304, 14.02884704 ], [ -89.7397472, 14.02884704 ], [ -89.7397472, 14.023746576 ] ] ] } },
{ "type": "Feature", "properties": { "class_id": 2, "area_m2": 72521.204743340757, "class_name": "Bajo", "index": "NDDI", "min_value": null, "max_value": null }, "geometry": { "type": "Polygon", "coordinates": [ [ [ -89.179942928, 13.421891824 ], [ -89.175198824, 13.421891824 ], [ -89.175198824, 13.419341592 ], [ -89.179942928, 13.421891824 ] ] ] } },
{ "type": "Feature", "properties": { "class_id": 2, "area_m2": 72520.886759855537, "class_name": "Bajo", "index": "NDDI", "min_value": null, "max_value": null }, "geometry": { "type": "Polygon", "coordinates": [ [ [ -89.184687032, 13.424442056 ], [ -89.179942928, 13.424442056 ], [ -89.179942928, 13.421891824 ], [ -89.184687032, 13.424442056 ] ] ] } },
{ "type": "Feature", "properties": { "class_id": 2, "area_m2": 290100.72027010861, "class_name": "Bajo", "index": "NDDI", "min_value": null, "max_value": null }, "geometry": { "type": "Polygon", "coordinates": [ [ [ -89.374451192, 13.472896464 ], [ -89.3839394, 13.472896464 ], [ -89.3839394, 13.475446696 ], [ -89.374451192, 13.475446696 ], [ -89.374451192, 13.472896464 ] ] ] } },
{ "type": "Feature", "properties": { "class_id": 2, "area_m2": 725302.63123956369, "class_name": "Bajo", "index": "NDDI", "min_value": null, "max_value": null }, "geometry": { "type": "Polygon", "coordinates": [ [ [ -89.483565584, 13.49329832 ], [ -89.474077376, 13.495848552 ], [ -89.474077376, 13.488197856 ], [ -89.483565584, 13.488197856 ], [ -89.483565584, 13.49329832 ] ] ] } },
{ "type": "Feature", "properties": { "class_id": 2, "area_m2": 435239.61835498229, "class_name": "Bajo", "index": "NDDI", "min_value": null, "max_value": null }, "geometry": { "type": "Polygon", "coordinates": [ [ [ -89.592679976, 13.500949016 ], [ -89.587935872, 13.495848552 ], [ -89.602168184, 13.495848552 ], [ -89.592679976, 13.500949016 ] ] ] } },
{ "type": "Feature", "properties": { "class_id": 2, "area_m2": 72540.715333111395, "class_name": "Bajo", "index": "NDDI", "min_value": null, "max_value": null }, "geometry": { "type": "Polygon", "coordinates": [ [ [ -89.606912288, 13.500949016 ], [ -89.602168184, 13.500949016 ], [ -89.602168184, 13.498398784 ], [ -89.606912288, 13.500949016 ] ] ] } },
{ "type": "Feature", "properties": { "class_id": 2, "area_m2": 72542.528377797702, "class_name": "Bajo", "index": "NDDI", "min_value": null, "max_value": null }, "geometry": { "type": "Polygon", "coordinates": [ [ [ -89.611656392, 13.498398784 ], [ -89.616400496, 13.498398784 ], [ -89.611656392, 13.500949016 ], [ -89.611656392, 13.498398784 ] ] ] } },
{ "type": "Feature", "properties": { "class_id": 2, "area_m2": 290169.71677825187, "class_name": "Bajo", "index": "NDDI", "min_value": null, "max_value": null }, "geometry": { "type": "Polygon", "coordinates": [ [ [ -89.616400496, 13.500949016 ], [ -89.625888704, 13.500949016 ], [ -89.616400496, 13.50604948 ], [ -89.616400496, 13.500949016 ] ] ] } },
{ "type": "Feature", "properties": { "class_id": 2, "area_m2": 725452.00283116568, "class_name": "Bajo", "index": "NDDI", "min_value": null, "max_value": null }, "geometry": { "type": "Polygon", "coordinates": [ [ [ -89.673329744, 13.511149944 ], [ -89.663841536, 13.511149944 ], [ -89.663841536, 13.50604948 ], [ -89.678073848, 13.50604948 ], [ -89.673329744, 13.511149944 ] ] ] } },
{ "type": "Feature", "properties": { "class_id": 2, "area_m2": 1740419.4445653865, "class_name": "Bajo", "index": "NDDI", "min_value": null, "max_value": null }, "geometry": { "type": "Polygon", "coordinates": [ [ [ -89.412404024, 13.516250408 ], [ -89.412404024, 13.508599712 ], [ -89.426636336, 13.50604948 ], [ -89.426636336, 13.511149944 ], [ -89.421892232000019, 13.511149944 ], [ -89.426636336, 13.513700176 ], [ -89.426636336, 13.521350872 ], [ -89.421892232000019, 13.521350872 ], [ -89.421892232000019, 13.516250408 ], [ -89.412404024, 13.516250408 ] ] ] } },
{ "type": "Feature", "properties": { "class_id": 2, "area_m2": 72544.821195999859, "class_name": "Bajo", "index": "NDDI", "min_value": null, "max_value": null }, "geometry": { "type": "Polygon", "coordinates": [ [ [ -89.678073848, 13.513700176 ], [ -89.673329744, 13.513700176 ], [ -89.673329744, 13.511149944 ], [ -89.678073848, 13.513700176 ] ] ] } },
{ "type": "Feature", "properties": { "class_id": 2, "area_m2": 2829131.048836438, "class_name": "Bajo", "index": "NDDI", "min_value": null, "max_value": null }, "geometry": { "type": "Polygon", "coordinates": [ [ [ -89.663841536, 13.529001568 ], [ -89.64486512, 13.51880064 ], [ -89.649609224, 13.51880064 ], [ -89.649609224, 13.513700176 ], [ -89.64486512, 13.511149944 ], [ -89.659097432, 13.508599712 ], [ -89.654353328, 13.51880064 ], [ -89.66858564, 13.521350872 ], [ -89.678073848, 13.529001568 ], [ -89.663841536, 13.529001568 ] ] ] } },
{ "type": "Feature", "properties": { "class_id": 2, "area_m2": 870539.24277524208, "class_name": "Bajo", "index": "NDDI", "min_value": null, "max_value": null }, "geometry": { "type": "Polygon", "coordinates": [ [ [ -89.697050264, 13.523901104 ], [ -89.687562056, 13.523901104 ], [ -89.687562056, 13.516250408 ], [ -89.697050264, 13.516250408 ], [ -89.697050264, 13.523901104 ] ] ] } },
{ "type": "Feature", "properties": { "class_id": 2, "area_m2": 72541.555619226405, "class_name": "Bajo", "index": "NDDI", "min_value": null, "max_value": null }, "geometry": { "type": "Polygon", "coordinates": [ [ [ -89.682817952, 13.526451336 ], [ -89.678073848, 13.526451336 ], [ -89.678073848, 13.523901104 ], [ -89.682817952, 13.526451336 ] ] ] } },
{ "type": "Feature", "properties": { "class_id": 2, "area_m2": 72443.775324298258, "class_name": "Bajo", "index": "NDDI", "min_value": null, "max_value": null }, "geometry": { "type": "Polygon", "coordinates": [ [ [ -89.189431136, 13.68456572 ], [ -89.184687032, 13.68456572 ], [ -89.184687032, 13.682015488 ], [ -89.189431136, 13.68456572 ] ] ] } },
{ "type": "Feature", "properties": { "class_id": 2, "area_m2": 72442.573289996202, "class_name": "Bajo", "index": "NDDI", "min_value": null, "max_value": null }, "geometry": { "type": "Polygon", "coordinates": [ [ [ -89.184687032, 13.687115952 ], [ -89.179942928, 13.687115952 ], [ -89.179942928, 13.68456572 ], [ -89.184687032, 13.687115952 ] ] ] } },
{ "type": "Feature", "properties": { "class_id": 2, "area_m2": 434682.22169004125, "class_name": "Bajo", "index": "NDDI", "min_value": null, "max_value": null }, "geometry": { "type": "Polygon", "coordinates": [ [ [ -89.232128072, 13.687115952 ], [ -89.236872176, 13.687115952 ], [ -89.24161628, 13.692216416 ], [ -89.232128072, 13.692216416 ], [ -89.232128072, 13.687115952 ] ] ] } },
{ "type": "Feature", "properties": { "class_id": 2, "area_m2": 869256.34380144312, "class_name": "Bajo", "index": "NDDI", "min_value": null, "max_value": null }, "geometry": { "type": "Polygon", "coordinates": [ [ [ -89.189431136, 13.704967576 ], [ -89.175198824, 13.704967576 ], [ -89.175198824, 13.702417344 ], [ -89.189431136, 13.69731688 ], [ -89.189431136, 13.704967576 ] ] ] } },
{ "type": "Feature", "properties": { "class_id": 2, "area_m2": 72414.52425554466, "class_name": "Bajo", "index": "NDDI", "min_value": null, "max_value": null }, "geometry": { "type": "Polygon", "coordinates": [ [ [ -89.184687032, 13.784024768 ], [ -89.184687032, 13.781474536 ], [ -89.189431136, 13.781474536 ], [ -89.184687032, 13.784024768 ] ] ] } },
{ "type": "Feature", "properties": { "class_id": 2, "area_m2": 72412.747382599759, "class_name": "Bajo", "index": "NDDI", "min_value": null, "max_value": null }, "geometry": { "type": "Polygon", "coordinates": [ [ [ -89.184687032, 13.784024768 ], [ -89.184687032, 13.786575 ], [ -89.179942928, 13.786575 ], [ -89.184687032, 13.784024768 ] ] ] } },
{ "type": "Feature", "properties": { "class_id": 2, "area_m2": 289707.52841327054, "class_name": "Bajo", "index": "NDDI", "min_value": null, "max_value": null }, "geometry": { "type": "Polygon", "coordinates": [ [ [ -89.535750728, 13.852881032 ], [ -89.540494832, 13.852881032 ], [ -89.540494832, 13.857981496 ], [ -89.535750728, 13.857981496 ], [ -89.535750728, 13.852881032 ] ] ] } },
{ "type": "Feature", "properties": { "class_id": 2, "area_m2": 72425.424523941358, "class_name": "Bajo", "index": "NDDI", "min_value": null, "max_value": null }, "geometry": { "type": "Polygon", "coordinates": [ [ [ -89.54998304, 13.86308196 ], [ -89.545238936, 13.86308196 ], [ -89.545238936, 13.860531728 ], [ -89.54998304, 13.86308196 ] ] ] } },
{ "type": "Feature", "properties": { "class_id": 2, "area_m2": 72424.140543084999, "class_name": "Bajo", "index": "NDDI", "min_value": null, "max_value": null }, "geometry": { "type": "Polygon", "coordinates": [ [ [ -89.545238936, 13.865632192 ], [ -89.540494832, 13.865632192 ], [ -89.540494832, 13.86308196 ], [ -89.545238936, 13.865632192 ] ] ] } },
{ "type": "Feature", "properties": { "class_id": 2, "area_m2": 289570.63362096163, "class_name": "Bajo", "index": "NDDI", "min_value": null, "max_value": null }, "geometry": { "type": "Polygon", "coordinates": [ [ [ -89.232128072, 13.865632192 ], [ -89.236872176, 13.865632192 ], [ -89.236872176, 13.870732656 ], [ -89.232128072, 13.870732656 ], [ -89.232128072, 13.865632192 ] ] ] } },
{ "type": "Feature", "properties": { "class_id": 2, "area_m2": 289710.41462429694, "class_name": "Bajo", "index": "NDDI", "min_value": null, "max_value": null }, "geometry": { "type": "Polygon", "coordinates": [ [ [ -89.559471248, 13.86308196 ], [ -89.568959456, 13.86308196 ], [ -89.568959456, 13.868182424 ], [ -89.559471248, 13.86308196 ] ] ] } },
{ "type": "Feature", "properties": { "class_id": 2, "area_m2": 72424.659536359526, "class_name": "Bajo", "index": "NDDI", "min_value": null, "max_value": null }, "geometry": { "type": "Polygon", "coordinates": [ [ [ -89.545238936, 13.865632192 ], [ -89.54998304, 13.865632192 ], [ -89.545238936, 13.868182424 ], [ -89.545238936, 13.865632192 ] ] ] } },
{ "type": "Feature", "properties": { "class_id": 2, "area_m2": 434401.81824521185, "class_name": "Bajo", "index": "NDDI", "min_value": null, "max_value": null }, "geometry": { "type": "Polygon", "coordinates": [ [ [ -89.417148128, 13.906435904 ], [ -89.421892232000019, 13.90133544 ], [ -89.426636336, 13.90133544 ], [ -89.426636336, 13.906435904 ], [ -89.417148128, 13.906435904 ] ] ] } },
{ "type": "Feature", "properties": { "class_id": 2, "area_m2": 72385.876803983949, "class_name": "Bajo", "index": "NDDI", "min_value": null, "max_value": null }, "geometry": { "type": "Polygon", "coordinates": [ [ [ -89.635376912, 14.026296808 ], [ -89.635376912, 14.023746576 ], [ -89.640121016, 14.023746576 ], [ -89.635376912, 14.026296808 ] ] ] } },
{ "type": "Feature", "properties": { "class_id": 2, "area_m2": 72384.026275743876, "class_name": "Bajo", "index": "NDDI", "min_value": null, "max_value": null }, "geometry": { "type": "Polygon", "coordinates": [ [ [ -89.635376912, 14.026296808 ], [ -89.635376912, 14.02884704 ], [ -89.630632808000016, 14.02884704 ], [ -89.635376912, 14.026296808 ] ] ] } },
{ "type": "Feature", "properties": { "class_id": 2, "area_m2": 1157401.4754892429, "class_name": "Bajo", "index": "NDDI", "min_value": null, "max_value": null }, "geometry": { "type": "Polygon", "coordinates": [ [ [ -89.198919344, 14.026296808 ], [ -89.198919344, 14.0415982 ], [ -89.184687032, 14.0415982 ], [ -89.19417524, 14.036497736 ], [ -89.19417524, 14.031397272 ], [ -89.189431136, 14.031397272 ], [ -89.198919344, 14.026296808 ] ] ] } },
{ "type": "Feature", "properties": { "class_id": 2, "area_m2": 578666.59908767068, "class_name": "Bajo", "index": "NDDI", "min_value": null, "max_value": null }, "geometry": { "type": "Polygon", "coordinates": [ [ [ -89.531006624, 14.158908872 ], [ -89.521518416, 14.15635864 ], [ -89.521518416, 14.153808408 ], [ -89.531006624, 14.151258176 ], [ -89.531006624, 14.158908872 ] ] ] } },
{ "type": "Feature", "properties": { "class_id": 2, "area_m2": 289292.71665400593, "class_name": "Bajo", "index": "NDDI", "min_value": null, "max_value": null }, "geometry": { "type": "Polygon", "coordinates": [ [ [ -89.474077376, 14.171660032 ], [ -89.469333272, 14.171660032 ], [ -89.469333272, 14.166559568 ], [ -89.474077376, 14.166559568 ], [ -89.474077376, 14.171660032 ] ] ] } },
{ "type": "Feature", "properties": { "class_id": 2, "area_m2": 72298.880864204722, "class_name": "Bajo", "index": "NDDI", "min_value": null, "max_value": null }, "geometry": { "type": "Polygon", "coordinates": [ [ [ -89.502542, 14.255817688 ], [ -89.497797896, 14.255817688 ], [ -89.497797896, 14.253267456 ], [ -89.502542, 14.255817688 ] ] ] } },
{ "type": "Feature", "properties": { "class_id": 2, "area_m2": 72299.636714273118, "class_name": "Bajo", "index": "NDDI", "min_value": null, "max_value": null }, "geometry": { "type": "Polygon", "coordinates": [ [ [ -89.502542, 14.255817688 ], [ -89.507286104, 14.255817688 ], [ -89.507286104, 14.25836792 ], [ -89.502542, 14.255817688 ] ] ] } },
{ "type": "Feature", "properties": { "class_id": 2, "area_m2": 72298.27017877622, "class_name": "Bajo", "index": "NDDI", "min_value": null, "max_value": null }, "geometry": { "type": "Polygon", "coordinates": [ [ [ -89.512030208, 14.260918152 ], [ -89.507286104, 14.260918152 ], [ -89.507286104, 14.25836792 ], [ -89.512030208, 14.260918152 ] ] ] } },
{ "type": "Feature", "properties": { "class_id": 2, "area_m2": 288943.33449486719, "class_name": "Bajo", "index": "NDDI", "min_value": null, "max_value": null }, "geometry": { "type": "Polygon", "coordinates": [ [ [ -89.227383968, 14.37312836 ], [ -89.222639864, 14.37312836 ], [ -89.222639864, 14.368027896 ], [ -89.227383968, 14.368027896 ], [ -89.227383968, 14.37312836 ] ] ] } },
{ "type": "Feature", "properties": { "class_id": 2, "area_m2": 72231.505355994508, "class_name": "Bajo", "index": "NDDI", "min_value": null, "max_value": null }, "geometry": { "type": "Polygon", "coordinates": [ [ [ -89.19417524, 14.375678592 ], [ -89.198919344, 14.375678592 ], [ -89.19417524, 14.378228824 ], [ -89.19417524, 14.375678592 ] ] ] } },
{ "type": "Feature", "properties": { "class_id": 2, "area_m2": 72230.312874842493, "class_name": "Bajo", "index": "NDDI", "min_value": null, "max_value": null }, "geometry": { "type": "Polygon", "coordinates": [ [ [ -89.203663448, 14.380779056 ], [ -89.198919344, 14.380779056 ], [ -89.198919344, 14.378228824 ], [ -89.203663448, 14.380779056 ] ] ] } },
{ "type": "Feature", "properties": { "class_id": 2, "area_m2": 290160.3675450639, "class_name": "Bajo", "index": "NDDI", "min_value": null, "max_value": null }, "geometry": { "type": "Polygon", "coordinates": [ [ [ -88.605906344, 13.20002164 ], [ -88.610650448, 13.20002164 ], [ -88.610650448, 13.205122104 ], [ -88.605906344, 13.205122104 ], [ -88.605906344, 13.20002164 ] ] ] } },
{ "type": "Feature", "properties": { "class_id": 2, "area_m2": 435165.05068620021, "class_name": "Bajo", "index": "NDDI", "min_value": null, "max_value": null }, "geometry": { "type": "Polygon", "coordinates": [ [ [ -88.639115072, 13.253576512 ], [ -88.653347384, 13.253576512 ], [ -88.653347384, 13.256126744 ], [ -88.639115072, 13.256126744 ], [ -88.639115072, 13.253576512 ] ] ] } },
{ "type": "Feature", "properties": { "class_id": 2, "area_m2": 2030622.3005069229, "class_name": "Bajo", "index": "NDDI", "min_value": null, "max_value": null }, "geometry": { "type": "Polygon", "coordinates": [ [ [ -88.620138656, 13.258676976 ], [ -88.634370968, 13.261227208 ], [ -88.629626864, 13.266327672 ], [ -88.620138656, 13.266327672 ], [ -88.620138656, 13.271428136 ], [ -88.605906344, 13.268877904 ], [ -88.620138656, 13.258676976 ] ] ] } },
{ "type": "Feature", "properties": { "class_id": 2, "area_m2": 1160277.2763273623, "class_name": "Bajo", "index": "NDDI", "min_value": null, "max_value": null }, "geometry": { "type": "Polygon", "coordinates": [ [ [ -88.567953512, 13.26377744 ], [ -88.591674032000014, 13.26377744 ], [ -88.586929928, 13.268877904 ], [ -88.572697616, 13.268877904 ], [ -88.567953512, 13.26377744 ] ] ] } },
{ "type": "Feature", "properties": { "class_id": 2, "area_m2": 580289.2368544871, "class_name": "Bajo", "index": "NDDI", "min_value": null, "max_value": null }, "geometry": { "type": "Polygon", "coordinates": [ [ [ -88.895296688, 13.28927976 ], [ -88.88580848, 13.28927976 ], [ -88.88580848, 13.281629064 ], [ -88.895296688, 13.286729528 ], [ -88.895296688, 13.28927976 ] ] ] } },
{ "type": "Feature", "properties": { "class_id": 2, "area_m2": 435193.94570333388, "class_name": "Bajo", "index": "NDDI", "min_value": null, "max_value": null }, "geometry": { "type": "Polygon", "coordinates": [ [ [ -88.961714144, 13.317332312 ], [ -88.966458248, 13.317332312 ], [ -88.966458248, 13.324983008 ], [ -88.961714144, 13.324983008 ], [ -88.961714144, 13.317332312 ] ] ] } },
{ "type": "Feature", "properties": { "class_id": 2, "area_m2": 72508.249288895051, "class_name": "Bajo", "index": "NDDI", "min_value": null, "max_value": null }, "geometry": { "type": "Polygon", "coordinates": [ [ [ -88.795670504, 13.358136024 ], [ -88.800414608000011, 13.358136024 ], [ -88.795670504, 13.360686256 ], [ -88.795670504, 13.358136024 ] ] ] } },
{ "type": "Feature", "properties": { "class_id": 2, "area_m2": 72507.277684454661, "class_name": "Bajo", "index": "NDDI", "min_value": null, "max_value": null }, "geometry": { "type": "Polygon", "coordinates": [ [ [ -88.805158712, 13.363236488 ], [ -88.800414608000011, 13.363236488 ], [ -88.805158712, 13.360686256 ], [ -88.805158712, 13.363236488 ] ] ] } },
{ "type": "Feature", "properties": { "class_id": 2, "area_m2": 652470.61853524356, "class_name": "Bajo", "index": "NDDI", "min_value": null, "max_value": null }, "geometry": { "type": "Polygon", "coordinates": [ [ [ -88.6723238, 13.368336952 ], [ -88.681812008, 13.363236488 ], [ -88.686556112, 13.368336952 ], [ -88.681812008, 13.370887184 ], [ -88.6723238, 13.368336952 ] ] ] } },
{ "type": "Feature", "properties": { "class_id": 2, "area_m2": 289758.75029593933, "class_name": "Bajo", "index": "NDDI", "min_value": null, "max_value": null }, "geometry": { "type": "Polygon", "coordinates": [ [ [ -88.681812008, 13.559604352 ], [ -88.686556112, 13.559604352 ], [ -88.686556112, 13.564704816 ], [ -88.681812008, 13.564704816 ], [ -88.681812008, 13.559604352 ] ] ] } },
{ "type": "Feature", "properties": { "class_id": 2, "area_m2": 941764.8847205952, "class_name": "Bajo", "index": "NDDI", "min_value": null, "max_value": null }, "geometry": { "type": "Polygon", "coordinates": [ [ [ -88.757717672, 13.572355512 ], [ -88.757717672, 13.567255048 ], [ -88.762461776, 13.564704816 ], [ -88.771949984, 13.567255048 ], [ -88.76720588, 13.572355512 ], [ -88.757717672, 13.572355512 ] ] ] } },
{ "type": "Feature", "properties": { "class_id": 2, "area_m2": 434593.94389672781, "class_name": "Bajo", "index": "NDDI", "min_value": null, "max_value": null }, "geometry": { "type": "Polygon", "coordinates": [ [ [ -88.667579696, 13.58255644 ], [ -88.653347384, 13.58255644 ], [ -88.653347384, 13.580006208 ], [ -88.667579696, 13.580006208 ], [ -88.667579696, 13.58255644 ] ] ] } },
{ "type": "Feature", "properties": { "class_id": 2, "area_m2": 1013945.7208070497, "class_name": "Bajo", "index": "NDDI", "min_value": null, "max_value": null }, "geometry": { "type": "Polygon", "coordinates": [ [ [ -88.596418136, 13.592757368 ], [ -88.591674032000014, 13.587656904 ], [ -88.610650448, 13.587656904 ], [ -88.610650448, 13.592757368 ], [ -88.596418136, 13.592757368 ] ] ] } },
{ "type": "Feature", "properties": { "class_id": 2, "area_m2": 72438.687891326001, "class_name": "Bajo", "index": "NDDI", "min_value": null, "max_value": null }, "geometry": { "type": "Polygon", "coordinates": [ [ [ -89.018643392, 13.651412704 ], [ -89.013899288, 13.651412704 ], [ -89.013899288, 13.648862472 ], [ -89.018643392, 13.651412704 ] ] ] } },
{ "type": "Feature", "properties": { "class_id": 2, "area_m2": 72439.30448555664, "class_name": "Bajo", "index": "NDDI", "min_value": null, "max_value": null }, "geometry": { "type": "Polygon", "coordinates": [ [ [ -89.018643392, 13.651412704 ], [ -89.023387496, 13.651412704 ], [ -89.023387496, 13.653962936 ], [ -89.018643392, 13.651412704 ] ] ] } },
{ "type": "Feature", "properties": { "class_id": 2, "area_m2": 289736.07552409417, "class_name": "Bajo", "index": "NDDI", "min_value": null, "max_value": null }, "geometry": { "type": "Polygon", "coordinates": [ [ [ -89.056596224000018, 13.676915024 ], [ -89.061340328, 13.676915024 ], [ -89.061340328, 13.682015488 ], [ -89.056596224000018, 13.682015488 ], [ -89.056596224000018, 13.676915024 ] ] ] } },
{ "type": "Feature", "properties": { "class_id": 2, "area_m2": 72433.566524600741, "class_name": "Bajo", "index": "NDDI", "min_value": null, "max_value": null }, "geometry": { "type": "Polygon", "coordinates": [ [ [ -89.061340328, 13.682015488 ], [ -89.066084432, 13.682015488 ], [ -89.061340328, 13.68456572 ], [ -89.061340328, 13.682015488 ] ] ] } },
{ "type": "Feature", "properties": { "class_id": 2, "area_m2": 579477.77463564288, "class_name": "Bajo", "index": "NDDI", "min_value": null, "max_value": null }, "geometry": { "type": "Polygon", "coordinates": [ [ [ -89.085060848, 13.687115952 ], [ -89.07557264, 13.68456572 ], [ -89.07557264, 13.679465256 ], [ -89.085060848, 13.682015488 ], [ -89.085060848, 13.687115952 ] ] ] } },
{ "type": "Feature", "properties": { "class_id": 2, "area_m2": 434559.05768310674, "class_name": "Bajo", "index": "NDDI", "min_value": null, "max_value": null }, "geometry": { "type": "Polygon", "coordinates": [ [ [ -88.994922872, 13.692216416 ], [ -88.994922872, 13.68456572 ], [ -89.00441108, 13.687115952 ], [ -88.994922872, 13.692216416 ] ] ] } },
{ "type": "Feature", "properties": { "class_id": 2, "area_m2": 1086459.0227651682, "class_name": "Bajo", "index": "NDDI", "min_value": null, "max_value": null }, "geometry": { "type": "Polygon", "coordinates": [ [ [ -89.05185212, 13.682015488 ], [ -89.05185212, 13.687115952 ], [ -89.056596224000018, 13.687115952 ], [ -89.05185212, 13.689666184 ], [ -89.05185212, 13.694766648 ], [ -89.047108016, 13.694766648 ], [ -89.047108016, 13.687115952 ], [ -89.042363912, 13.687115952 ], [ -89.042363912, 13.682015488 ], [ -89.05185212, 13.682015488 ] ] ] } },
{ "type": "Feature", "properties": { "class_id": 2, "area_m2": 1593349.673434559, "class_name": "Bajo", "index": "NDDI", "min_value": null, "max_value": null }, "geometry": { "type": "Polygon", "coordinates": [ [ [ -89.0281316, 13.687115952 ], [ -89.0281316, 13.694766648 ], [ -89.023387496, 13.69731688 ], [ -89.013899288, 13.692216416 ], [ -89.00441108, 13.692216416 ], [ -89.00441108, 13.689666184 ], [ -89.0281316, 13.687115952 ] ] ] } },
{ "type": "Feature", "properties": { "class_id": 2, "area_m2": 72427.271204927005, "class_name": "Bajo", "index": "NDDI", "min_value": null, "max_value": null }, "geometry": { "type": "Polygon", "coordinates": [ [ [ -89.037619808, 13.694766648 ], [ -89.032875704, 13.694766648 ], [ -89.032875704, 13.692216416 ], [ -89.037619808, 13.694766648 ] ] ] } },
{ "type": "Feature", "properties": { "class_id": 2, "area_m2": 72427.690263231852, "class_name": "Bajo", "index": "NDDI", "min_value": null, "max_value": null }, "geometry": { "type": "Polygon", "coordinates": [ [ [ -89.037619808, 13.69731688 ], [ -89.037619808, 13.694766648 ], [ -89.042363912, 13.694766648 ], [ -89.037619808, 13.69731688 ] ] ] } },
{ "type": "Feature", "properties": { "class_id": 2, "area_m2": 72425.938185628795, "class_name": "Bajo", "index": "NDDI", "min_value": null, "max_value": null }, "geometry": { "type": "Polygon", "coordinates": [ [ [ -89.037619808, 13.69731688 ], [ -89.037619808, 13.699867112 ], [ -89.032875704, 13.699867112 ], [ -89.037619808, 13.69731688 ] ] ] } },
{ "type": "Feature", "properties": { "class_id": 2, "area_m2": 72434.950816369805, "class_name": "Bajo", "index": "NDDI", "min_value": null, "max_value": null }, "geometry": { "type": "Polygon", "coordinates": [ [ [ -89.151478304, 13.702417344 ], [ -89.1467342, 13.702417344 ], [ -89.1467342, 13.699867112 ], [ -89.151478304, 13.702417344 ] ] ] } },
{ "type": "Feature", "properties": { "class_id": 2, "area_m2": 72435.392458764109, "class_name": "Bajo", "index": "NDDI", "min_value": null, "max_value": null }, "geometry": { "type": "Polygon", "coordinates": [ [ [ -89.151478304, 13.702417344 ], [ -89.156222408, 13.702417344 ], [ -89.151478304, 13.704967576 ], [ -89.151478304, 13.702417344 ] ] ] } },
{ "type": "Feature", "properties": { "class_id": 2, "area_m2": 72434.485073185395, "class_name": "Bajo", "index": "NDDI", "min_value": null, "max_value": null }, "geometry": { "type": "Polygon", "coordinates": [ [ [ -89.160966512, 13.707517808 ], [ -89.156222408, 13.707517808 ], [ -89.160966512, 13.704967576 ], [ -89.160966512, 13.707517808 ] ] ] } },
{ "type": "Feature", "properties": { "class_id": 2, "area_m2": 289509.52866071125, "class_name": "Bajo", "index": "NDDI", "min_value": null, "max_value": null }, "geometry": { "type": "Polygon", "coordinates": [ [ [ -88.677067904, 13.766173144 ], [ -88.681812008, 13.766173144 ], [ -88.681812008, 13.771273608 ], [ -88.677067904, 13.771273608 ], [ -88.677067904, 13.766173144 ] ] ] } },
{ "type": "Feature", "properties": { "class_id": 2, "area_m2": 289358.94686220796, "class_name": "Bajo", "index": "NDDI", "min_value": null, "max_value": null }, "geometry": { "type": "Polygon", "coordinates": [ [ [ -89.018643392, 13.980392632 ], [ -89.0281316, 13.980392632 ], [ -89.0281316, 13.985493096 ], [ -89.018643392, 13.980392632 ] ] ] } },
{ "type": "Feature", "properties": { "class_id": 2, "area_m2": 6147752.0874238741, "class_name": "Bajo", "index": "NDDI", "min_value": null, "max_value": null }, "geometry": { "type": "Polygon", "coordinates": [ [ [ -89.047108016, 14.023746576 ], [ -89.042363912, 14.023746576 ], [ -89.042363912, 14.02884704 ], [ -89.032875704, 14.02884704 ], [ -89.032875704, 14.0415982 ], [ -89.013899288, 14.031397272 ], [ -89.013899288, 14.026296808 ], [ -89.023387496, 14.023746576 ], [ -89.018643392, 14.021196344 ], [ -89.018643392, 14.01609588 ], [ -89.037619808, 14.013545648 ], [ -89.037619808, 14.01609588 ], [ -89.047108016, 14.01609588 ], [ -89.047108016, 14.023746576 ] ] ] } },
{ "type": "Feature", "properties": { "class_id": 2, "area_m2": 723271.16217766469, "class_name": "Bajo", "index": "NDDI", "min_value": null, "max_value": null }, "geometry": { "type": "Polygon", "coordinates": [ [ [ -89.056596224000018, 14.031397272 ], [ -89.05185212, 14.026296808 ], [ -89.066084432, 14.026296808 ], [ -89.066084432, 14.031397272 ], [ -89.056596224000018, 14.031397272 ] ] ] } },
{ "type": "Feature", "properties": { "class_id": 2, "area_m2": 72320.789126858799, "class_name": "Bajo", "index": "NDDI", "min_value": null, "max_value": null }, "geometry": { "type": "Polygon", "coordinates": [ [ [ -89.023387496, 14.0415982 ], [ -89.0281316, 14.0415982 ], [ -89.023387496, 14.044148432 ], [ -89.023387496, 14.0415982 ] ] ] } },
{ "type": "Feature", "properties": { "class_id": 2, "area_m2": 1301755.9278150699, "class_name": "Bajo", "index": "NDDI", "min_value": null, "max_value": null }, "geometry": { "type": "Polygon", "coordinates": [ [ [ -89.023387496, 14.051799128 ], [ -89.037619808, 14.044148432 ], [ -89.042363912, 14.046698664 ], [ -89.042363912, 14.05434936 ], [ -89.023387496, 14.051799128 ] ] ] } },
{ "type": "Feature", "properties": { "class_id": 2, "area_m2": 289263.86673764425, "class_name": "Bajo", "index": "NDDI", "min_value": null, "max_value": null }, "geometry": { "type": "Polygon", "coordinates": [ [ [ -89.023387496, 14.056899592 ], [ -89.032875704, 14.056899592 ], [ -89.032875704, 14.059449824 ], [ -89.023387496, 14.059449824 ], [ -89.023387496, 14.056899592 ] ] ] } },
{ "type": "Feature", "properties": { "class_id": 2, "area_m2": 72323.484289942397, "class_name": "Bajo", "index": "NDDI", "min_value": null, "max_value": null }, "geometry": { "type": "Polygon", "coordinates": [ [ [ -89.118269576, 14.062000056 ], [ -89.118269576, 14.059449824 ], [ -89.12301368, 14.059449824 ], [ -89.118269576, 14.062000056 ] ] ] } },
{ "type": "Feature", "properties": { "class_id": 2, "area_m2": 72322.277063349829, "class_name": "Bajo", "index": "NDDI", "min_value": null, "max_value": null }, "geometry": { "type": "Polygon", "coordinates": [ [ [ -89.113525472, 14.062000056 ], [ -89.118269576, 14.062000056 ], [ -89.113525472, 14.064550288 ], [ -89.113525472, 14.062000056 ] ] ] } },
{ "type": "Feature", "properties": { "class_id": 2, "area_m2": 289262.84715078789, "class_name": "Bajo", "index": "NDDI", "min_value": null, "max_value": null }, "geometry": { "type": "Polygon", "coordinates": [ [ [ -89.085060848, 14.074751216 ], [ -89.07557264, 14.074751216 ], [ -89.07557264, 14.072200984 ], [ -89.085060848, 14.072200984 ], [ -89.085060848, 14.074751216 ] ] ] } },
{ "type": "Feature", "properties": { "class_id": 2, "area_m2": 578535.70562743803, "class_name": "Bajo", "index": "NDDI", "min_value": null, "max_value": null }, "geometry": { "type": "Polygon", "coordinates": [ [ [ -89.156222408, 14.09260284 ], [ -89.175198824, 14.09260284 ], [ -89.175198824, 14.095153072 ], [ -89.156222408, 14.095153072 ], [ -89.156222408, 14.09260284 ] ] ] } },
{ "type": "Feature", "properties": { "class_id": 2, "area_m2": 72526.333681307209, "class_name": "Bajo", "index": "NDDI", "min_value": null, "max_value": null }, "geometry": { "type": "Polygon", "coordinates": [ [ [ -88.145728256, 13.156667696 ], [ -88.140984152, 13.156667696 ], [ -88.140984152, 13.154117464 ], [ -88.145728256, 13.156667696 ] ] ] } },
{ "type": "Feature", "properties": { "class_id": 2, "area_m2": 72525.369605793021, "class_name": "Bajo", "index": "NDDI", "min_value": null, "max_value": null }, "geometry": { "type": "Polygon", "coordinates": [ [ [ -88.140984152, 13.159217928 ], [ -88.136240048, 13.159217928 ], [ -88.136240048, 13.156667696 ], [ -88.140984152, 13.159217928 ] ] ] } },
{ "type": "Feature", "properties": { "class_id": 2, "area_m2": 1885586.6709641584, "class_name": "Bajo", "index": "NDDI", "min_value": null, "max_value": null }, "geometry": { "type": "Polygon", "coordinates": [ [ [ -88.069822592, 13.154117464 ], [ -88.0793108, 13.159217928 ], [ -88.098287215999989, 13.156667696 ], [ -88.098287215999989, 13.16176816 ], [ -88.0793108, 13.166868624 ], [ -88.0793108, 13.16176816 ], [ -88.069822592, 13.159217928 ], [ -88.069822592, 13.154117464 ] ] ] } },
{ "type": "Feature", "properties": { "class_id": 2, "area_m2": 72540.693489315323, "class_name": "Bajo", "index": "NDDI", "min_value": null, "max_value": null }, "geometry": { "type": "Polygon", "coordinates": [ [ [ -88.449350912, 13.164318392 ], [ -88.444606808, 13.164318392 ], [ -88.444606808, 13.16176816 ], [ -88.449350912, 13.164318392 ] ] ] } },
{ "type": "Feature", "properties": { "class_id": 2, "area_m2": 72521.151404323085, "class_name": "Bajo", "index": "NDDI", "min_value": null, "max_value": null }, "geometry": { "type": "Polygon", "coordinates": [ [ [ -88.098287215999989, 13.166868624 ], [ -88.093543112, 13.166868624 ], [ -88.093543112, 13.164318392 ], [ -88.098287215999989, 13.166868624 ] ] ] } },
{ "type": "Feature", "properties": { "class_id": 2, "area_m2": 72540.246253590682, "class_name": "Bajo", "index": "NDDI", "min_value": null, "max_value": null }, "geometry": { "type": "Polygon", "coordinates": [ [ [ -88.454095016, 13.166868624 ], [ -88.449350912, 13.166868624 ], [ -88.449350912, 13.164318392 ], [ -88.454095016, 13.166868624 ] ] ] } },
{ "type": "Feature", "properties": { "class_id": 2, "area_m2": 290077.7618328167, "class_name": "Bajo", "index": "NDDI", "min_value": null, "max_value": null }, "geometry": { "type": "Polygon", "coordinates": [ [ [ -88.069822592, 13.169418856 ], [ -88.060334384, 13.169418856 ], [ -88.060334384, 13.166868624 ], [ -88.069822592, 13.166868624 ], [ -88.069822592, 13.169418856 ] ] ] } },
{ "type": "Feature", "properties": { "class_id": 2, "area_m2": 72533.17299926946, "class_name": "Bajo", "index": "NDDI", "min_value": null, "max_value": null }, "geometry": { "type": "Polygon", "coordinates": [ [ [ -88.454095016, 13.192370944 ], [ -88.45883912, 13.192370944 ], [ -88.454095016, 13.194921176 ], [ -88.454095016, 13.192370944 ] ] ] } },
{ "type": "Feature", "properties": { "class_id": 2, "area_m2": 435192.4944930413, "class_name": "Bajo", "index": "NDDI", "min_value": null, "max_value": null }, "geometry": { "type": "Polygon", "coordinates": [ [ [ -88.45883912, 13.202571872 ], [ -88.45883912, 13.194921176 ], [ -88.468327328, 13.197471408 ], [ -88.45883912, 13.202571872 ] ] ] } },
{ "type": "Feature", "properties": { "class_id": 2, "area_m2": 290129.69894788618, "class_name": "Bajo", "index": "NDDI", "min_value": null, "max_value": null }, "geometry": { "type": "Polygon", "coordinates": [ [ [ -88.492047848, 13.202571872 ], [ -88.501536056, 13.202571872 ], [ -88.501536056, 13.205122104 ], [ -88.492047848, 13.205122104 ], [ -88.492047848, 13.202571872 ] ] ] } },
{ "type": "Feature", "properties": { "class_id": 2, "area_m2": 72517.881025814946, "class_name": "Bajo", "index": "NDDI", "min_value": null, "max_value": null }, "geometry": { "type": "Polygon", "coordinates": [ [ [ -88.567953512, 13.268877904 ], [ -88.563209408, 13.268877904 ], [ -88.563209408, 13.266327672 ], [ -88.567953512, 13.268877904 ] ] ] } },
{ "type": "Feature", "properties": { "class_id": 2, "area_m2": 7972664.270938796, "class_name": "Bajo", "index": "NDDI", "min_value": null, "max_value": null }, "geometry": { "type": "Polygon", "coordinates": [ [ [ -88.050846176, 13.299480688 ], [ -88.069822592, 13.30203092 ], [ -88.069822592, 13.296930456 ], [ -88.0793108, 13.296930456 ], [ -88.084054904, 13.30203092 ], [ -88.093543112, 13.30203092 ], [ -88.088799008, 13.307131384 ], [ -88.065078488, 13.304581152 ], [ -88.069822592, 13.309681616 ], [ -88.065078488, 13.309681616 ], [ -88.065078488, 13.31478208 ], [ -88.05559028, 13.31478208 ], [ -88.05559028, 13.317332312 ], [ -88.065078488, 13.317332312 ], [ -88.060334384, 13.319882544 ], [ -88.060334384, 13.32753324 ], [ -88.046102072, 13.324983008 ], [ -88.046102072, 13.319882544 ], [ -88.036613863999989, 13.31478208 ], [ -88.05559028, 13.312231848 ], [ -88.050846176, 13.309681616 ], [ -88.050846176, 13.304581152 ], [ -88.036613863999989, 13.30203092 ], [ -88.041357968, 13.299480688 ], [ -88.041357968, 13.294380224 ], [ -88.050846176, 13.294380224 ], [ -88.050846176, 13.299480688 ] ] ] } },
{ "type": "Feature", "properties": { "class_id": 2, "area_m2": 289910.43327403476, "class_name": "Bajo", "index": "NDDI", "min_value": null, "max_value": null }, "geometry": { "type": "Polygon", "coordinates": [ [ [ -88.084054904, 13.317332312 ], [ -88.0793108, 13.317332312 ], [ -88.0793108, 13.312231848 ], [ -88.084054904, 13.312231848 ], [ -88.084054904, 13.317332312 ] ] ] } },
{ "type": "Feature", "properties": { "class_id": 2, "area_m2": 290012.07477278414, "class_name": "Bajo", "index": "NDDI", "min_value": null, "max_value": null }, "geometry": { "type": "Polygon", "coordinates": [ [ [ -88.539488888, 13.312231848 ], [ -88.544232992, 13.312231848 ], [ -88.544232992, 13.317332312 ], [ -88.539488888, 13.317332312 ], [ -88.539488888, 13.312231848 ] ] ] } },
{ "type": "Feature", "properties": { "class_id": 2, "area_m2": 290019.06942086777, "class_name": "Bajo", "index": "NDDI", "min_value": null, "max_value": null }, "geometry": { "type": "Polygon", "coordinates": [ [ [ -88.57744172, 13.31478208 ], [ -88.582185824, 13.31478208 ], [ -88.582185824, 13.319882544 ], [ -88.57744172, 13.319882544 ], [ -88.57744172, 13.31478208 ] ] ] } },
{ "type": "Feature", "properties": { "class_id": 2, "area_m2": 72461.916694382249, "class_name": "Bajo", "index": "NDDI", "min_value": null, "max_value": null }, "geometry": { "type": "Polygon", "coordinates": [ [ [ -87.81838508, 13.335183936 ], [ -87.81838508, 13.332633704 ], [ -87.823129184, 13.332633704 ], [ -87.81838508, 13.335183936 ] ] ] } },
{ "type": "Feature", "properties": { "class_id": 2, "area_m2": 72461.008263549185, "class_name": "Bajo", "index": "NDDI", "min_value": null, "max_value": null }, "geometry": { "type": "Polygon", "coordinates": [ [ [ -87.813640975999988, 13.335183936 ], [ -87.81838508, 13.335183936 ], [ -87.813640975999988, 13.337734168 ], [ -87.813640975999988, 13.335183936 ] ] ] } },
{ "type": "Feature", "properties": { "class_id": 2, "area_m2": 579675.22157382639, "class_name": "Bajo", "index": "NDDI", "min_value": null, "max_value": null }, "geometry": { "type": "Polygon", "coordinates": [ [ [ -87.837361496, 13.347935096 ], [ -87.851593808, 13.350485328 ], [ -87.851593808, 13.355585792 ], [ -87.837361496, 13.347935096 ] ] ] } },
{ "type": "Feature", "properties": { "class_id": 2, "area_m2": 72455.610302704168, "class_name": "Bajo", "index": "NDDI", "min_value": null, "max_value": null }, "geometry": { "type": "Polygon", "coordinates": [ [ [ -87.856337912, 13.358136024 ], [ -87.851593808, 13.358136024 ], [ -87.851593808, 13.355585792 ], [ -87.856337912, 13.358136024 ] ] ] } },
{ "type": "Feature", "properties": { "class_id": 2, "area_m2": 579625.04949134646, "class_name": "Bajo", "index": "NDDI", "min_value": null, "max_value": null }, "geometry": { "type": "Polygon", "coordinates": [ [ [ -87.861082016, 13.363236488 ], [ -87.861082016, 13.368336952 ], [ -87.851593808, 13.370887184 ], [ -87.851593808, 13.36578672 ], [ -87.861082016, 13.363236488 ] ] ] } },
{ "type": "Feature", "properties": { "class_id": 2, "area_m2": 289795.87497347378, "class_name": "Bajo", "index": "NDDI", "min_value": null, "max_value": null }, "geometry": { "type": "Polygon", "coordinates": [ [ [ -87.81838508, 13.375987648 ], [ -87.827873288, 13.375987648 ], [ -87.827873288, 13.37853788 ], [ -87.81838508, 13.37853788 ], [ -87.81838508, 13.375987648 ] ] ] } },
{ "type": "Feature", "properties": { "class_id": 2, "area_m2": 434688.31816073781, "class_name": "Bajo", "index": "NDDI", "min_value": null, "max_value": null }, "geometry": { "type": "Polygon", "coordinates": [ [ [ -87.837361496, 13.37853788 ], [ -87.8421056, 13.37853788 ], [ -87.8421056, 13.386188576 ], [ -87.837361496, 13.386188576 ], [ -87.837361496, 13.37853788 ] ] ] } },
{ "type": "Feature", "properties": { "class_id": 2, "area_m2": 1593761.9007960679, "class_name": "Bajo", "index": "NDDI", "min_value": null, "max_value": null }, "geometry": { "type": "Polygon", "coordinates": [ [ [ -87.827873288, 13.39128904 ], [ -87.827873288, 13.393839272 ], [ -87.837361496, 13.393839272 ], [ -87.837361496, 13.398939736 ], [ -87.827873288, 13.401489968 ], [ -87.81838508, 13.396389504 ], [ -87.81838508, 13.39128904 ], [ -87.827873288, 13.39128904 ] ] ] } },
{ "type": "Feature", "properties": { "class_id": 2, "area_m2": 434665.43794210185, "class_name": "Bajo", "index": "NDDI", "min_value": null, "max_value": null }, "geometry": { "type": "Polygon", "coordinates": [ [ [ -87.856337912, 13.393839272 ], [ -87.861082016, 13.393839272 ], [ -87.861082016, 13.401489968 ], [ -87.856337912, 13.401489968 ], [ -87.856337912, 13.393839272 ] ] ] } },
{ "type": "Feature", "properties": { "class_id": 2, "area_m2": 579508.78883462981, "class_name": "Bajo", "index": "NDDI", "min_value": null, "max_value": null }, "geometry": { "type": "Polygon", "coordinates": [ [ [ -87.851593808, 13.411690896 ], [ -87.851593808, 13.419341592 ], [ -87.8421056, 13.41679136 ], [ -87.8421056, 13.414241128 ], [ -87.851593808, 13.411690896 ] ] ] } },
{ "type": "Feature", "properties": { "class_id": 2, "area_m2": 72437.324863779169, "class_name": "Bajo", "index": "NDDI", "min_value": null, "max_value": null }, "geometry": { "type": "Polygon", "coordinates": [ [ [ -87.8421056, 13.419341592 ], [ -87.846849704, 13.419341592 ], [ -87.8421056, 13.421891824 ], [ -87.8421056, 13.419341592 ] ] ] } },
{ "type": "Feature", "properties": { "class_id": 2, "area_m2": 289749.75179490447, "class_name": "Bajo", "index": "NDDI", "min_value": null, "max_value": null }, "geometry": { "type": "Polygon", "coordinates": [ [ [ -88.178936984, 13.467796 ], [ -88.169448776, 13.467796 ], [ -88.169448776, 13.465245768 ], [ -88.178936984, 13.465245768 ], [ -88.178936984, 13.467796 ] ] ] } },
{ "type": "Feature", "properties": { "class_id": 2, "area_m2": 72424.623408867716, "class_name": "Bajo", "index": "NDDI", "min_value": null, "max_value": null }, "geometry": { "type": "Polygon", "coordinates": [ [ [ -88.022381552, 13.485647624 ], [ -88.017637447999988, 13.485647624 ], [ -88.017637447999988, 13.483097392 ], [ -88.022381552, 13.485647624 ] ] ] } },
{ "type": "Feature", "properties": { "class_id": 2, "area_m2": 72424.943382326368, "class_name": "Bajo", "index": "NDDI", "min_value": null, "max_value": null }, "geometry": { "type": "Polygon", "coordinates": [ [ [ -88.022381552, 13.485647624 ], [ -88.027125656, 13.485647624 ], [ -88.027125656, 13.488197856 ], [ -88.022381552, 13.485647624 ] ] ] } },
{ "type": "Feature", "properties": { "class_id": 2, "area_m2": 289726.57141070231, "class_name": "Bajo", "index": "NDDI", "min_value": null, "max_value": null }, "geometry": { "type": "Polygon", "coordinates": [ [ [ -88.17419288, 13.485647624 ], [ -88.183681088, 13.485647624 ], [ -88.183681088, 13.488197856 ], [ -88.17419288, 13.488197856 ], [ -88.17419288, 13.485647624 ] ] ] } },
{ "type": "Feature", "properties": { "class_id": 2, "area_m2": 289618.03532057913, "class_name": "Bajo", "index": "NDDI", "min_value": null, "max_value": null }, "geometry": { "type": "Polygon", "coordinates": [ [ [ -88.321260104, 13.605508528 ], [ -88.316516, 13.605508528 ], [ -88.316516, 13.600408064 ], [ -88.321260104, 13.600408064 ], [ -88.321260104, 13.605508528 ] ] ] } },
{ "type": "Feature", "properties": { "class_id": 2, "area_m2": 289574.54226294387, "class_name": "Bajo", "index": "NDDI", "min_value": null, "max_value": null }, "geometry": { "type": "Polygon", "coordinates": [ [ [ -88.216889816, 13.623360152 ], [ -88.212145712, 13.623360152 ], [ -88.212145712, 13.618259688 ], [ -88.216889816, 13.618259688 ], [ -88.216889816, 13.623360152 ] ] ] } },
{ "type": "Feature", "properties": { "class_id": 2, "area_m2": 289557.48969961854, "class_name": "Bajo", "index": "NDDI", "min_value": null, "max_value": null }, "geometry": { "type": "Polygon", "coordinates": [ [ [ -88.492047848, 13.68456572 ], [ -88.492047848, 13.689666184 ], [ -88.487303744000016, 13.689666184 ], [ -88.487303744000016, 13.68456572 ], [ -88.492047848, 13.68456572 ] ] ] } },
{ "type": "Feature", "properties": { "class_id": 2, "area_m2": 72387.611450602577, "class_name": "Bajo", "index": "NDDI", "min_value": null, "max_value": null }, "geometry": { "type": "Polygon", "coordinates": [ [ [ -88.487303744000016, 13.689666184 ], [ -88.487303744000016, 13.692216416 ], [ -88.48255964, 13.692216416 ], [ -88.487303744000016, 13.689666184 ] ] ] } },
{ "type": "Feature", "properties": { "class_id": 2, "area_m2": 72386.99307615828, "class_name": "Bajo", "index": "NDDI", "min_value": null, "max_value": null }, "geometry": { "type": "Polygon", "coordinates": [ [ [ -88.492047848, 13.694766648 ], [ -88.487303744000016, 13.694766648 ], [ -88.487303744000016, 13.692216416 ], [ -88.492047848, 13.694766648 ] ] ] } },
{ "type": "Feature", "properties": { "class_id": 2, "area_m2": 289533.21212431113, "class_name": "Bajo", "index": "NDDI", "min_value": null, "max_value": null }, "geometry": { "type": "Polygon", "coordinates": [ [ [ -88.501536056, 13.71006804 ], [ -88.492047848, 13.71006804 ], [ -88.492047848, 13.707517808 ], [ -88.501536056, 13.707517808 ], [ -88.501536056, 13.71006804 ] ] ] } },
{ "type": "Feature", "properties": { "class_id": 2, "area_m2": 72382.66688013848, "class_name": "Bajo", "index": "NDDI", "min_value": null, "max_value": null }, "geometry": { "type": "Polygon", "coordinates": [ [ [ -88.50628016, 13.712618272 ], [ -88.501536056, 13.712618272 ], [ -88.50628016, 13.71006804 ], [ -88.50628016, 13.712618272 ] ] ] } },
{ "type": "Feature", "properties": { "class_id": 3, "area_m2": 1233271.0606567352, "class_name": "Normal", "index": "NDDI", "min_value": null, "max_value": null }, "geometry": { "type": "Polygon", "coordinates": [ [ [ -89.92951136, 13.613159224 ], [ -89.920023152, 13.613159224 ], [ -89.920023152, 13.60805876 ], [ -89.910534944, 13.60805876 ], [ -89.910534944, 13.602958296 ], [ -89.92476725600001, 13.602958296 ], [ -89.92476725600001, 13.610608992 ], [ -89.92951136, 13.613159224 ] ] ] } },
{ "type": "Feature", "properties": { "class_id": 3, "area_m2": 72544.192287175072, "class_name": "Normal", "index": "NDDI", "min_value": null, "max_value": null }, "geometry": { "type": "Polygon", "coordinates": [ [ [ -89.910534944, 13.610608992 ], [ -89.90579084, 13.60805876 ], [ -89.910534944, 13.60805876 ], [ -89.910534944, 13.610608992 ] ] ] } },
{ "type": "Feature", "properties": { "class_id": 3, "area_m2": 435252.34959310386, "class_name": "Normal", "index": "NDDI", "min_value": null, "max_value": null }, "geometry": { "type": "Polygon", "coordinates": [ [ [ -89.90579084, 13.613159224 ], [ -89.910534944, 13.613159224 ], [ -89.915279048, 13.618259688 ], [ -89.90579084, 13.618259688 ], [ -89.90579084, 13.613159224 ] ] ] } },
{ "type": "Feature", "properties": { "class_id": 3, "area_m2": 72543.015034062322, "class_name": "Normal", "index": "NDDI", "min_value": null, "max_value": null }, "geometry": { "type": "Polygon", "coordinates": [ [ [ -89.95323188, 13.628460616 ], [ -89.948487776, 13.628460616 ], [ -89.948487776, 13.625910384 ], [ -89.95323188, 13.628460616 ] ] ] } },
{ "type": "Feature", "properties": { "class_id": 3, "area_m2": 72517.582351715289, "class_name": "Normal", "index": "NDDI", "min_value": null, "max_value": null }, "geometry": { "type": "Polygon", "coordinates": [ [ [ -89.915279048, 13.69731688 ], [ -89.910534944, 13.69731688 ], [ -89.910534944, 13.694766648 ], [ -89.915279048, 13.69731688 ] ] ] } },
{ "type": "Feature", "properties": { "class_id": 3, "area_m2": 725147.44661965827, "class_name": "Normal", "index": "NDDI", "min_value": null, "max_value": null }, "geometry": { "type": "Polygon", "coordinates": [ [ [ -89.901046736, 13.704967576 ], [ -89.896302632, 13.704967576 ], [ -89.896302632, 13.69731688 ], [ -89.910534944, 13.69731688 ], [ -89.910534944, 13.699867112 ], [ -89.901046736, 13.699867112 ], [ -89.901046736, 13.704967576 ] ] ] } },
{ "type": "Feature", "properties": { "class_id": 3, "area_m2": 72509.976878063011, "class_name": "Normal", "index": "NDDI", "min_value": null, "max_value": null }, "geometry": { "type": "Polygon", "coordinates": [ [ [ -89.877326216, 13.71006804 ], [ -89.88207032, 13.707517808 ], [ -89.88207032, 13.71006804 ], [ -89.877326216, 13.71006804 ] ] ] } },
{ "type": "Feature", "properties": { "class_id": 3, "area_m2": 72510.35062767996, "class_name": "Normal", "index": "NDDI", "min_value": null, "max_value": null }, "geometry": { "type": "Polygon", "coordinates": [ [ [ -89.90579084, 13.720268968 ], [ -89.910534944, 13.717718736 ], [ -89.910534944, 13.720268968 ], [ -89.90579084, 13.720268968 ] ] ] } },
{ "type": "Feature", "properties": { "class_id": 3, "area_m2": 290017.86835841538, "class_name": "Normal", "index": "NDDI", "min_value": null, "max_value": null }, "geometry": { "type": "Polygon", "coordinates": [ [ [ -89.8583498, 13.717718736 ], [ -89.86309390400001, 13.717718736 ], [ -89.86309390400001, 13.7228192 ], [ -89.8583498, 13.7228192 ], [ -89.8583498, 13.717718736 ] ] ] } },
{ "type": "Feature", "properties": { "class_id": 3, "area_m2": 72501.275946415102, "class_name": "Normal", "index": "NDDI", "min_value": null, "max_value": null }, "geometry": { "type": "Polygon", "coordinates": [ [ [ -89.844117488, 13.7228192 ], [ -89.839373384000012, 13.7228192 ], [ -89.839373384000012, 13.720268968 ], [ -89.844117488, 13.7228192 ] ] ] } },
{ "type": "Feature", "properties": { "class_id": 3, "area_m2": 72510.158580131741, "class_name": "Normal", "index": "NDDI", "min_value": null, "max_value": null }, "geometry": { "type": "Polygon", "coordinates": [ [ [ -89.910534944, 13.7228192 ], [ -89.915279048, 13.720268968 ], [ -89.915279048, 13.7228192 ], [ -89.910534944, 13.7228192 ] ] ] } },
{ "type": "Feature", "properties": { "class_id": 3, "area_m2": 72503.62971937882, "class_name": "Normal", "index": "NDDI", "min_value": null, "max_value": null }, "geometry": { "type": "Polygon", "coordinates": [ [ [ -89.86309390400001, 13.725369432 ], [ -89.867838008, 13.7228192 ], [ -89.867838008, 13.725369432 ], [ -89.86309390400001, 13.725369432 ] ] ] } },
{ "type": "Feature", "properties": { "class_id": 3, "area_m2": 1232534.2968861167, "class_name": "Normal", "index": "NDDI", "min_value": null, "max_value": null }, "geometry": { "type": "Polygon", "coordinates": [ [ [ -89.8583498, 13.725369432 ], [ -89.867838008, 13.727919664 ], [ -89.872582112, 13.733020128 ], [ -89.8583498, 13.73557036 ], [ -89.8583498, 13.730469896 ], [ -89.853605696, 13.727919664 ], [ -89.8583498, 13.725369432 ] ] ] } },
{ "type": "Feature", "properties": { "class_id": 3, "area_m2": 72479.262305414086, "class_name": "Normal", "index": "NDDI", "min_value": null, "max_value": null }, "geometry": { "type": "Polygon", "coordinates": [ [ [ -89.962720088, 13.842680104 ], [ -89.957975984, 13.842680104 ], [ -89.957975984, 13.840129872 ], [ -89.962720088, 13.842680104 ] ] ] } },
{ "type": "Feature", "properties": { "class_id": 3, "area_m2": 72477.308107026794, "class_name": "Normal", "index": "NDDI", "min_value": null, "max_value": null }, "geometry": { "type": "Polygon", "coordinates": [ [ [ -89.95323188, 13.845230336 ], [ -89.948487776, 13.845230336 ], [ -89.948487776, 13.842680104 ], [ -89.95323188, 13.845230336 ] ] ] } },
{ "type": "Feature", "properties": { "class_id": 3, "area_m2": 72450.897358606133, "class_name": "Normal", "index": "NDDI", "min_value": null, "max_value": null }, "geometry": { "type": "Polygon", "coordinates": [ [ [ -89.744491304, 13.852881032 ], [ -89.749235408, 13.8503308 ], [ -89.749235408, 13.852881032 ], [ -89.744491304, 13.852881032 ] ] ] } },
{ "type": "Feature", "properties": { "class_id": 3, "area_m2": 289751.62539421767, "class_name": "Normal", "index": "NDDI", "min_value": null, "max_value": null }, "geometry": { "type": "Polygon", "coordinates": [ [ [ -89.768211824, 13.90133544 ], [ -89.772955928, 13.90133544 ], [ -89.772955928, 13.906435904 ], [ -89.768211824, 13.906435904 ], [ -89.768211824, 13.90133544 ] ] ] } },
{ "type": "Feature", "properties": { "class_id": 3, "area_m2": 72434.787506178516, "class_name": "Normal", "index": "NDDI", "min_value": null, "max_value": null }, "geometry": { "type": "Polygon", "coordinates": [ [ [ -89.753979512, 13.906435904 ], [ -89.749235408, 13.906435904 ], [ -89.749235408, 13.903885672 ], [ -89.753979512, 13.906435904 ] ] ] } },
{ "type": "Feature", "properties": { "class_id": 3, "area_m2": 72433.732757895108, "class_name": "Normal", "index": "NDDI", "min_value": null, "max_value": null }, "geometry": { "type": "Polygon", "coordinates": [ [ [ -89.744491304, 13.908986136 ], [ -89.749235408, 13.906435904 ], [ -89.749235408, 13.908986136 ], [ -89.744491304, 13.908986136 ] ] ] } },
{ "type": "Feature", "properties": { "class_id": 3, "area_m2": 579591.73088816402, "class_name": "Normal", "index": "NDDI", "min_value": null, "max_value": null }, "geometry": { "type": "Polygon", "coordinates": [ [ [ -89.872582112, 13.906435904 ], [ -89.88207032, 13.906435904 ], [ -89.88207032, 13.911536368 ], [ -89.872582112, 13.911536368 ], [ -89.872582112, 13.906435904 ] ] ] } },
{ "type": "Feature", "properties": { "class_id": 3, "area_m2": 72461.72528295641, "class_name": "Normal", "index": "NDDI", "min_value": null, "max_value": null }, "geometry": { "type": "Polygon", "coordinates": [ [ [ -89.991184712, 13.911536368 ], [ -89.986440608, 13.911536368 ], [ -89.986440608, 13.908986136 ], [ -89.991184712, 13.911536368 ] ] ] } },
{ "type": "Feature", "properties": { "class_id": 3, "area_m2": 72448.396641414176, "class_name": "Normal", "index": "NDDI", "min_value": null, "max_value": null }, "geometry": { "type": "Polygon", "coordinates": [ [ [ -89.88207032, 13.9140866 ], [ -89.886814424, 13.911536368 ], [ -89.886814424, 13.9140866 ], [ -89.88207032, 13.9140866 ] ] ] } },
{ "type": "Feature", "properties": { "class_id": 3, "area_m2": 289767.262854815, "class_name": "Normal", "index": "NDDI", "min_value": null, "max_value": null }, "geometry": { "type": "Polygon", "coordinates": [ [ [ -89.8583498, 13.924287528 ], [ -89.848861592, 13.924287528 ], [ -89.848861592, 13.921737296 ], [ -89.8583498, 13.921737296 ], [ -89.8583498, 13.924287528 ] ] ] } },
{ "type": "Feature", "properties": { "class_id": 3, "area_m2": 72456.136260474144, "class_name": "Normal", "index": "NDDI", "min_value": null, "max_value": null }, "geometry": { "type": "Polygon", "coordinates": [ [ [ -89.9769524, 13.92683776 ], [ -89.981696504, 13.924287528 ], [ -89.981696504, 13.92683776 ], [ -89.9769524, 13.92683776 ] ] ] } },
{ "type": "Feature", "properties": { "class_id": 3, "area_m2": 72439.426214579638, "class_name": "Normal", "index": "NDDI", "min_value": null, "max_value": null }, "geometry": { "type": "Polygon", "coordinates": [ [ [ -89.853605696, 13.929387992 ], [ -89.848861592, 13.929387992 ], [ -89.848861592, 13.92683776 ], [ -89.853605696, 13.929387992 ] ] ] } },
{ "type": "Feature", "properties": { "class_id": 3, "area_m2": 72442.268560863071, "class_name": "Normal", "index": "NDDI", "min_value": null, "max_value": null }, "geometry": { "type": "Polygon", "coordinates": [ [ [ -89.877326216, 13.929387992 ], [ -89.872582112, 13.929387992 ], [ -89.872582112, 13.92683776 ], [ -89.877326216, 13.929387992 ] ] ] } },
{ "type": "Feature", "properties": { "class_id": 3, "area_m2": 289751.16240498226, "class_name": "Normal", "index": "NDDI", "min_value": null, "max_value": null }, "geometry": { "type": "Polygon", "coordinates": [ [ [ -89.8583498, 13.93958892 ], [ -89.853605696, 13.93958892 ], [ -89.853605696, 13.934488456 ], [ -89.8583498, 13.934488456 ], [ -89.8583498, 13.93958892 ] ] ] } },
{ "type": "Feature", "properties": { "class_id": 3, "area_m2": 72422.786914675322, "class_name": "Normal", "index": "NDDI", "min_value": null, "max_value": null }, "geometry": { "type": "Polygon", "coordinates": [ [ [ -89.791932344, 13.962541008 ], [ -89.796676448, 13.959990776 ], [ -89.796676448, 13.962541008 ], [ -89.791932344, 13.962541008 ] ] ] } },
{ "type": "Feature", "properties": { "class_id": 3, "area_m2": 72407.313058946078, "class_name": "Normal", "index": "NDDI", "min_value": null, "max_value": null }, "geometry": { "type": "Polygon", "coordinates": [ [ [ -89.7397472, 13.993143792 ], [ -89.744491304, 13.99059356 ], [ -89.744491304, 13.993143792 ], [ -89.7397472, 13.993143792 ] ] ] } },
{ "type": "Feature", "properties": { "class_id": 3, "area_m2": 290172.22782500013, "class_name": "Normal", "index": "NDDI", "min_value": null, "max_value": null }, "geometry": { "type": "Polygon", "coordinates": [ [ [ -89.616400496, 13.498398784 ], [ -89.625888704, 13.498398784 ], [ -89.625888704, 13.500949016 ], [ -89.616400496, 13.500949016 ], [ -89.616400496, 13.498398784 ] ] ] } },
{ "type": "Feature", "properties": { "class_id": 3, "area_m2": 290168.29120375589, "class_name": "Normal", "index": "NDDI", "min_value": null, "max_value": null }, "geometry": { "type": "Polygon", "coordinates": [ [ [ -89.654353328, 13.513700176 ], [ -89.659097432, 13.513700176 ], [ -89.659097432, 13.51880064 ], [ -89.654353328, 13.51880064 ], [ -89.654353328, 13.513700176 ] ] ] } },
{ "type": "Feature", "properties": { "class_id": 3, "area_m2": 290178.04692997481, "class_name": "Normal", "index": "NDDI", "min_value": null, "max_value": null }, "geometry": { "type": "Polygon", "coordinates": [ [ [ -89.687562056, 13.521350872 ], [ -89.682817952, 13.521350872 ], [ -89.682817952, 13.516250408 ], [ -89.687562056, 13.516250408 ], [ -89.687562056, 13.521350872 ] ] ] } },
{ "type": "Feature", "properties": { "class_id": 3, "area_m2": 72541.210159595095, "class_name": "Normal", "index": "NDDI", "min_value": null, "max_value": null }, "geometry": { "type": "Polygon", "coordinates": [ [ [ -89.659097432, 13.521350872 ], [ -89.663841536, 13.51880064 ], [ -89.663841536, 13.521350872 ], [ -89.659097432, 13.521350872 ] ] ] } },
{ "type": "Feature", "properties": { "class_id": 3, "area_m2": 72541.288374322452, "class_name": "Normal", "index": "NDDI", "min_value": null, "max_value": null }, "geometry": { "type": "Polygon", "coordinates": [ [ [ -89.673329744, 13.526451336 ], [ -89.678073848, 13.523901104 ], [ -89.678073848, 13.526451336 ], [ -89.673329744, 13.526451336 ] ] ] } },
{ "type": "Feature", "properties": { "class_id": 3, "area_m2": 1086604.015908961, "class_name": "Normal", "index": "NDDI", "min_value": null, "max_value": null }, "geometry": { "type": "Polygon", "coordinates": [ [ [ -89.05185212, 13.6590634 ], [ -89.05185212, 13.653962936 ], [ -89.066084432, 13.653962936 ], [ -89.066084432, 13.6590634 ], [ -89.061340328, 13.661613632 ], [ -89.05185212, 13.6590634 ] ] ] } },
{ "type": "Feature", "properties": { "class_id": 3, "area_m2": 1086547.9250386381, "class_name": "Normal", "index": "NDDI", "min_value": null, "max_value": null }, "geometry": { "type": "Polygon", "coordinates": [ [ [ -89.070828536, 13.674364792 ], [ -89.056596224000018, 13.676915024 ], [ -89.056596224000018, 13.669264328 ], [ -89.070828536, 13.669264328 ], [ -89.070828536, 13.674364792 ] ] ] } },
{ "type": "Feature", "properties": { "class_id": 3, "area_m2": 289748.08985505981, "class_name": "Normal", "index": "NDDI", "min_value": null, "max_value": null }, "geometry": { "type": "Polygon", "coordinates": [ [ [ -89.085060848, 13.676915024 ], [ -89.07557264, 13.676915024 ], [ -89.07557264, 13.674364792 ], [ -89.085060848, 13.674364792 ], [ -89.085060848, 13.676915024 ] ] ] } },
{ "type": "Feature", "properties": { "class_id": 3, "area_m2": 72433.500597245162, "class_name": "Normal", "index": "NDDI", "min_value": null, "max_value": null }, "geometry": { "type": "Polygon", "coordinates": [ [ [ -89.056596224000018, 13.679465256 ], [ -89.05185212, 13.679465256 ], [ -89.05185212, 13.676915024 ], [ -89.056596224000018, 13.679465256 ] ] ] } },
{ "type": "Feature", "properties": { "class_id": 3, "area_m2": 72435.201718553973, "class_name": "Normal", "index": "NDDI", "min_value": null, "max_value": null }, "geometry": { "type": "Polygon", "coordinates": [ [ [ -89.085060848, 13.682015488 ], [ -89.080316744, 13.682015488 ], [ -89.080316744, 13.679465256 ], [ -89.085060848, 13.682015488 ] ] ] } },
{ "type": "Feature", "properties": { "class_id": 3, "area_m2": 72443.557946507324, "class_name": "Normal", "index": "NDDI", "min_value": null, "max_value": null }, "geometry": { "type": "Polygon", "coordinates": [ [ [ -89.179942928, 13.68456572 ], [ -89.184687032, 13.682015488 ], [ -89.184687032, 13.68456572 ], [ -89.179942928, 13.68456572 ] ] ] } },
{ "type": "Feature", "properties": { "class_id": 3, "area_m2": 289728.30322147597, "class_name": "Normal", "index": "NDDI", "min_value": null, "max_value": null }, "geometry": { "type": "Polygon", "coordinates": [ [ [ -89.05185212, 13.682015488 ], [ -89.056596224000018, 13.682015488 ], [ -89.056596224000018, 13.687115952 ], [ -89.05185212, 13.687115952 ], [ -89.05185212, 13.682015488 ] ] ] } },
{ "type": "Feature", "properties": { "class_id": 3, "area_m2": 289717.00861294725, "class_name": "Normal", "index": "NDDI", "min_value": null, "max_value": null }, "geometry": { "type": "Polygon", "coordinates": [ [ [ -89.013899288, 13.68456572 ], [ -89.023387496, 13.68456572 ], [ -89.023387496, 13.689666184 ], [ -89.013899288, 13.68456572 ] ] ] } },
{ "type": "Feature", "properties": { "class_id": 3, "area_m2": 289718.90360635181, "class_name": "Normal", "index": "NDDI", "min_value": null, "max_value": null }, "geometry": { "type": "Polygon", "coordinates": [ [ [ -89.047108016, 13.692216416 ], [ -89.042363912, 13.692216416 ], [ -89.042363912, 13.687115952 ], [ -89.047108016, 13.687115952 ], [ -89.047108016, 13.692216416 ] ] ] } },
{ "type": "Feature", "properties": { "class_id": 3, "area_m2": 72436.615191472272, "class_name": "Normal", "index": "NDDI", "min_value": null, "max_value": null }, "geometry": { "type": "Polygon", "coordinates": [ [ [ -89.137245992, 13.694766648 ], [ -89.141990096, 13.692216416 ], [ -89.141990096, 13.694766648 ], [ -89.137245992, 13.694766648 ] ] ] } },
{ "type": "Feature", "properties": { "class_id": 3, "area_m2": 72442.232477665588, "class_name": "Normal", "index": "NDDI", "min_value": null, "max_value": null }, "geometry": { "type": "Polygon", "coordinates": [ [ [ -89.198919344, 13.694766648 ], [ -89.203663448, 13.692216416 ], [ -89.203663448, 13.694766648 ], [ -89.198919344, 13.694766648 ] ] ] } },
{ "type": "Feature", "properties": { "class_id": 3, "area_m2": 72432.615846154702, "class_name": "Normal", "index": "NDDI", "min_value": null, "max_value": null }, "geometry": { "type": "Polygon", "coordinates": [ [ [ -89.64486512, 13.873282888 ], [ -89.640121016, 13.873282888 ], [ -89.640121016, 13.870732656 ], [ -89.64486512, 13.873282888 ] ] ] } },
{ "type": "Feature", "properties": { "class_id": 3, "area_m2": 72427.68181313455, "class_name": "Normal", "index": "NDDI", "min_value": null, "max_value": null }, "geometry": { "type": "Polygon", "coordinates": [ [ [ -89.649609224, 13.891134512 ], [ -89.64486512, 13.891134512 ], [ -89.64486512, 13.88858428 ], [ -89.649609224, 13.891134512 ] ] ] } },
{ "type": "Feature", "properties": { "class_id": 3, "area_m2": 434567.22005133703, "class_name": "Normal", "index": "NDDI", "min_value": null, "max_value": null }, "geometry": { "type": "Polygon", "coordinates": [ [ [ -89.649609224, 13.891134512 ], [ -89.654353328, 13.891134512 ], [ -89.659097432, 13.896234976 ], [ -89.649609224, 13.896234976 ], [ -89.649609224, 13.891134512 ] ] ] } },
{ "type": "Feature", "properties": { "class_id": 3, "area_m2": 72383.763466657139, "class_name": "Normal", "index": "NDDI", "min_value": null, "max_value": null }, "geometry": { "type": "Polygon", "coordinates": [ [ [ -89.663841536, 14.0415982 ], [ -89.66858564, 14.039047968 ], [ -89.66858564, 14.0415982 ], [ -89.663841536, 14.0415982 ] ] ] } },
{ "type": "Feature", "properties": { "class_id": 3, "area_m2": 796212.26056536054, "class_name": "Normal", "index": "NDDI", "min_value": null, "max_value": null }, "geometry": { "type": "Polygon", "coordinates": [ [ [ -89.663841536, 14.046698664 ], [ -89.649609224, 14.044148432 ], [ -89.654353328, 14.039047968 ], [ -89.663841536, 14.0415982 ], [ -89.663841536, 14.046698664 ] ] ] } },
{ "type": "Feature", "properties": { "class_id": 3, "area_m2": 72323.746382062163, "class_name": "Normal", "index": "NDDI", "min_value": null, "max_value": null }, "geometry": { "type": "Polygon", "coordinates": [ [ [ -89.09929316, 14.051799128 ], [ -89.094549056, 14.051799128 ], [ -89.094549056, 14.049248896 ], [ -89.09929316, 14.051799128 ] ] ] } },
{ "type": "Feature", "properties": { "class_id": 3, "area_m2": 1737105.0050618397, "class_name": "Normal", "index": "NDDI", "min_value": null, "max_value": null }, "geometry": { "type": "Polygon", "coordinates": [ [ [ -89.66858564, 14.049248896 ], [ -89.673329744, 14.051799128 ], [ -89.673329744, 14.059449824 ], [ -89.663841536, 14.059449824 ], [ -89.654353328, 14.05434936 ], [ -89.654353328, 14.051799128 ], [ -89.66858564, 14.049248896 ] ] ] } },
{ "type": "Feature", "properties": { "class_id": 3, "area_m2": 868486.71978210809, "class_name": "Normal", "index": "NDDI", "min_value": null, "max_value": null }, "geometry": { "type": "Polygon", "coordinates": [ [ [ -89.635376912, 14.051799128 ], [ -89.630632808000016, 14.05434936 ], [ -89.630632808000016, 14.062000056 ], [ -89.6211446, 14.059449824 ], [ -89.6211446, 14.05434936 ], [ -89.635376912, 14.051799128 ] ] ] } },
{ "type": "Feature", "properties": { "class_id": 3, "area_m2": 72373.523563494295, "class_name": "Normal", "index": "NDDI", "min_value": null, "max_value": null }, "geometry": { "type": "Polygon", "coordinates": [ [ [ -89.635376912, 14.062000056 ], [ -89.630632808000016, 14.064550288 ], [ -89.630632808000016, 14.062000056 ], [ -89.635376912, 14.062000056 ] ] ] } },
{ "type": "Feature", "properties": { "class_id": 3, "area_m2": 72368.530039641657, "class_name": "Normal", "index": "NDDI", "min_value": null, "max_value": null }, "geometry": { "type": "Polygon", "coordinates": [ [ [ -89.611656392, 14.072200984 ], [ -89.616400496, 14.069650752 ], [ -89.616400496, 14.072200984 ], [ -89.611656392, 14.072200984 ] ] ] } },
{ "type": "Feature", "properties": { "class_id": 3, "area_m2": 723026.12607654766, "class_name": "Normal", "index": "NDDI", "min_value": null, "max_value": null }, "geometry": { "type": "Polygon", "coordinates": [ [ [ -89.540494832, 14.253267456 ], [ -89.540494832, 14.260918152 ], [ -89.531006624, 14.25836792 ], [ -89.531006624, 14.253267456 ], [ -89.540494832, 14.253267456 ] ] ] } },
{ "type": "Feature", "properties": { "class_id": 3, "area_m2": 289188.3632808816, "class_name": "Normal", "index": "NDDI", "min_value": null, "max_value": null }, "geometry": { "type": "Polygon", "coordinates": [ [ [ -89.540494832, 14.273669312 ], [ -89.545238936, 14.273669312 ], [ -89.545238936, 14.278769776 ], [ -89.540494832, 14.278769776 ], [ -89.540494832, 14.273669312 ] ] ] } },
{ "type": "Feature", "properties": { "class_id": 3, "area_m2": 289177.9398390252, "class_name": "Normal", "index": "NDDI", "min_value": null, "max_value": null }, "geometry": { "type": "Polygon", "coordinates": [ [ [ -89.535750728, 14.28387024 ], [ -89.531006624, 14.28387024 ], [ -89.531006624, 14.278769776 ], [ -89.535750728, 14.278769776 ], [ -89.535750728, 14.28387024 ] ] ] } },
{ "type": "Feature", "properties": { "class_id": 3, "area_m2": 72517.567205000072, "class_name": "Normal", "index": "NDDI", "min_value": null, "max_value": null }, "geometry": { "type": "Polygon", "coordinates": [ [ [ -87.908523056, 13.151567232 ], [ -87.903778952, 13.151567232 ], [ -87.903778952, 13.149017 ], [ -87.908523056, 13.151567232 ] ] ] } },
{ "type": "Feature", "properties": { "class_id": 3, "area_m2": 290098.54385834397, "class_name": "Normal", "index": "NDDI", "min_value": null, "max_value": null }, "geometry": { "type": "Polygon", "coordinates": [ [ [ -88.093543112, 13.154117464 ], [ -88.10303132, 13.154117464 ], [ -88.10303132, 13.156667696 ], [ -88.093543112, 13.156667696 ], [ -88.093543112, 13.154117464 ] ] ] } },
{ "type": "Feature", "properties": { "class_id": 3, "area_m2": 290105.69622675388, "class_name": "Normal", "index": "NDDI", "min_value": null, "max_value": null }, "geometry": { "type": "Polygon", "coordinates": [ [ [ -88.140984152, 13.156667696 ], [ -88.131495944, 13.156667696 ], [ -88.131495944, 13.154117464 ], [ -88.140984152, 13.154117464 ], [ -88.140984152, 13.156667696 ] ] ] } },
{ "type": "Feature", "properties": { "class_id": 3, "area_m2": 72527.312663025878, "class_name": "Normal", "index": "NDDI", "min_value": null, "max_value": null }, "geometry": { "type": "Polygon", "coordinates": [ [ [ -88.145728256, 13.156667696 ], [ -88.145728256, 13.154117464 ], [ -88.15047236, 13.154117464 ], [ -88.145728256, 13.156667696 ] ] ] } },
{ "type": "Feature", "properties": { "class_id": 3, "area_m2": 72525.711984826004, "class_name": "Normal", "index": "NDDI", "min_value": null, "max_value": null }, "geometry": { "type": "Polygon", "coordinates": [ [ [ -88.145728256, 13.156667696 ], [ -88.145728256, 13.159217928 ], [ -88.140984152, 13.159217928 ], [ -88.145728256, 13.156667696 ] ] ] } },
{ "type": "Feature", "properties": { "class_id": 3, "area_m2": 72541.135612929545, "class_name": "Normal", "index": "NDDI", "min_value": null, "max_value": null }, "geometry": { "type": "Polygon", "coordinates": [ [ [ -88.620138656, 13.202571872 ], [ -88.62488276, 13.20002164 ], [ -88.62488276, 13.202571872 ], [ -88.620138656, 13.202571872 ] ] ] } },
{ "type": "Feature", "properties": { "class_id": 3, "area_m2": 72481.668414993546, "class_name": "Normal", "index": "NDDI", "min_value": null, "max_value": null }, "geometry": { "type": "Polygon", "coordinates": [ [ [ -88.307027792, 13.3402844 ], [ -88.311771896, 13.337734168 ], [ -88.311771896, 13.3402844 ], [ -88.307027792, 13.3402844 ] ] ] } },
{ "type": "Feature", "properties": { "class_id": 3, "area_m2": 72455.935583793776, "class_name": "Normal", "index": "NDDI", "min_value": null, "max_value": null }, "geometry": { "type": "Polygon", "coordinates": [ [ [ -87.81838508, 13.350485328 ], [ -87.823129184, 13.35303556 ], [ -87.81838508, 13.35303556 ], [ -87.81838508, 13.350485328 ] ] ] } },
{ "type": "Feature", "properties": { "class_id": 3, "area_m2": 72476.254331624936, "class_name": "Normal", "index": "NDDI", "min_value": null, "max_value": null }, "geometry": { "type": "Polygon", "coordinates": [ [ [ -88.283307272, 13.35303556 ], [ -88.278563168, 13.35303556 ], [ -88.278563168, 13.350485328 ], [ -88.283307272, 13.35303556 ] ] ] } },
{ "type": "Feature", "properties": { "class_id": 3, "area_m2": 72455.026065529819, "class_name": "Normal", "index": "NDDI", "min_value": null, "max_value": null }, "geometry": { "type": "Polygon", "coordinates": [ [ [ -87.81838508, 13.355585792 ], [ -87.813640975999988, 13.355585792 ], [ -87.813640975999988, 13.35303556 ], [ -87.81838508, 13.355585792 ] ] ] } },
{ "type": "Feature", "properties": { "class_id": 3, "area_m2": 72453.28993107866, "class_name": "Normal", "index": "NDDI", "min_value": null, "max_value": null }, "geometry": { "type": "Polygon", "coordinates": [ [ [ -87.804152768, 13.360686256 ], [ -87.808896872, 13.358136024 ], [ -87.808896872, 13.360686256 ], [ -87.804152768, 13.360686256 ] ] ] } },
{ "type": "Feature", "properties": { "class_id": 3, "area_m2": 72453.385039895642, "class_name": "Normal", "index": "NDDI", "min_value": null, "max_value": null }, "geometry": { "type": "Polygon", "coordinates": [ [ [ -87.808896872, 13.363236488 ], [ -87.808896872, 13.360686256 ], [ -87.813640975999988, 13.360686256 ], [ -87.808896872, 13.363236488 ] ] ] } },
{ "type": "Feature", "properties": { "class_id": 3, "area_m2": 72451.79602775551, "class_name": "Normal", "index": "NDDI", "min_value": null, "max_value": null }, "geometry": { "type": "Polygon", "coordinates": [ [ [ -87.808896872, 13.363236488 ], [ -87.808896872, 13.36578672 ], [ -87.804152768, 13.36578672 ], [ -87.808896872, 13.363236488 ] ] ] } },
{ "type": "Feature", "properties": { "class_id": 3, "area_m2": 72450.888211770754, "class_name": "Normal", "index": "NDDI", "min_value": null, "max_value": null }, "geometry": { "type": "Polygon", "coordinates": [ [ [ -87.799408664, 13.368336952 ], [ -87.804152768, 13.36578672 ], [ -87.804152768, 13.368336952 ], [ -87.799408664, 13.368336952 ] ] ] } },
{ "type": "Feature", "properties": { "class_id": 3, "area_m2": 72449.55411860306, "class_name": "Normal", "index": "NDDI", "min_value": null, "max_value": null }, "geometry": { "type": "Polygon", "coordinates": [ [ [ -87.808896872, 13.370887184 ], [ -87.808896872, 13.373437416 ], [ -87.804152768, 13.373437416 ], [ -87.808896872, 13.370887184 ] ] ] } },
{ "type": "Feature", "properties": { "class_id": 3, "area_m2": 724499.90084352728, "class_name": "Normal", "index": "NDDI", "min_value": null, "max_value": null }, "geometry": { "type": "Polygon", "coordinates": [ [ [ -87.823129184, 13.370887184 ], [ -87.823129184, 13.375987648 ], [ -87.808896872, 13.368336952 ], [ -87.827873288, 13.368336952 ], [ -87.823129184, 13.370887184 ] ] ] } },
{ "type": "Feature", "properties": { "class_id": 3, "area_m2": 72444.720232161766, "class_name": "Normal", "index": "NDDI", "min_value": null, "max_value": null }, "geometry": { "type": "Polygon", "coordinates": [ [ [ -87.837361496, 13.393839272 ], [ -87.8421056, 13.39128904 ], [ -87.8421056, 13.393839272 ], [ -87.837361496, 13.393839272 ] ] ] } },
{ "type": "Feature", "properties": { "class_id": 3, "area_m2": 72441.557201918273, "class_name": "Normal", "index": "NDDI", "min_value": null, "max_value": null }, "geometry": { "type": "Polygon", "coordinates": [ [ [ -87.832617391999989, 13.4040402 ], [ -87.837361496, 13.401489968 ], [ -87.837361496, 13.4040402 ], [ -87.832617391999989, 13.4040402 ] ] ] } },
{ "type": "Feature", "properties": { "class_id": 3, "area_m2": 72425.946783125561, "class_name": "Normal", "index": "NDDI", "min_value": null, "max_value": null }, "geometry": { "type": "Polygon", "coordinates": [ [ [ -87.974940511999989, 13.475446696 ], [ -87.979684616, 13.472896464 ], [ -87.979684616, 13.475446696 ], [ -87.974940511999989, 13.475446696 ] ] ] } },
{ "type": "Feature", "properties": { "class_id": 3, "area_m2": 72422.310940844909, "class_name": "Normal", "index": "NDDI", "min_value": null, "max_value": null }, "geometry": { "type": "Polygon", "coordinates": [ [ [ -88.003405136, 13.490748088 ], [ -87.998661032, 13.490748088 ], [ -87.998661032, 13.488197856 ], [ -88.003405136, 13.490748088 ] ] ] } },
{ "type": "Feature", "properties": { "class_id": 3, "area_m2": 289695.42565550964, "class_name": "Normal", "index": "NDDI", "min_value": null, "max_value": null }, "geometry": { "type": "Polygon", "coordinates": [ [ [ -88.022381552, 13.488197856 ], [ -88.03186976, 13.488197856 ], [ -88.03186976, 13.490748088 ], [ -88.022381552, 13.490748088 ], [ -88.022381552, 13.488197856 ] ] ] } },
{ "type": "Feature", "properties": { "class_id": 3, "area_m2": 72421.258968513444, "class_name": "Normal", "index": "NDDI", "min_value": null, "max_value": null }, "geometry": { "type": "Polygon", "coordinates": [ [ [ -87.989172824, 13.49329832 ], [ -87.993916928, 13.490748088 ], [ -87.993916928, 13.49329832 ], [ -87.989172824, 13.49329832 ] ] ] } },
{ "type": "Feature", "properties": { "class_id": 3, "area_m2": 4706853.8666552724, "class_name": "Normal", "index": "NDDI", "min_value": null, "max_value": null }, "geometry": { "type": "Polygon", "coordinates": [ [ [ -88.050846176, 13.511149944 ], [ -88.041357968, 13.51880064 ], [ -88.046102072, 13.51880064 ], [ -88.046102072, 13.523901104 ], [ -88.069822592, 13.536652264 ], [ -88.041357968, 13.539202496 ], [ -88.046102072, 13.529001568 ], [ -88.03186976, 13.526451336 ], [ -88.036613863999989, 13.516250408 ], [ -88.027125656, 13.516250408 ], [ -88.027125656, 13.513700176 ], [ -88.050846176, 13.511149944 ] ] ] } },
{ "type": "Feature", "properties": { "class_id": 3, "area_m2": 72407.598616619725, "class_name": "Normal", "index": "NDDI", "min_value": null, "max_value": null }, "geometry": { "type": "Polygon", "coordinates": [ [ [ -88.012893344, 13.541752728 ], [ -88.00814924, 13.541752728 ], [ -88.00814924, 13.539202496 ], [ -88.012893344, 13.541752728 ] ] ] } },
{ "type": "Feature", "properties": { "class_id": 3, "area_m2": 289622.87093484279, "class_name": "Normal", "index": "NDDI", "min_value": null, "max_value": null }, "geometry": { "type": "Polygon", "coordinates": [ [ [ -88.05559028, 13.55705412 ], [ -88.050846176, 13.55705412 ], [ -88.050846176, 13.551953656 ], [ -88.05559028, 13.551953656 ], [ -88.05559028, 13.55705412 ] ] ] } },
{ "type": "Feature", "properties": { "class_id": 3, "area_m2": 72427.743898201763, "class_name": "Normal", "index": "NDDI", "min_value": null, "max_value": null }, "geometry": { "type": "Polygon", "coordinates": [ [ [ -88.999666976, 13.68456572 ], [ -89.00441108, 13.68456572 ], [ -89.00441108, 13.687115952 ], [ -88.999666976, 13.68456572 ] ] ] } },
{ "type": "Feature", "properties": { "class_id": 3, "area_m2": 20098099706.11644, "class_name": "Normal", "index": "NDDI", "min_value": null, "max_value": null }, "geometry": { "type": "Polygon", "coordinates": [ [ [ -89.95323188, 13.631010848 ], [ -89.962720088, 13.63356108 ], [ -89.962720088, 13.64631224 ], [ -89.972208296, 13.643762008 ], [ -89.9769524, 13.64631224 ], [ -89.9769524, 13.651412704 ], [ -89.981696504, 13.651412704 ], [ -89.981696504, 13.656513168 ], [ -89.986440608, 13.656513168 ], [ -89.986440608, 13.664163864 ], [ -89.981696504, 13.666714096 ], [ -90.00541702400001, 13.666714096 ], [ -90.010161128, 13.669264328 ], [ -90.010161128, 13.674364792 ], [ -90.019649336, 13.676915024 ], [ -90.014905232, 13.679465256 ], [ -90.014905232, 13.68456572 ], [ -90.02439344, 13.682015488 ], [ -90.02439344, 13.689666184 ], [ -90.033881648, 13.692216416 ], [ -90.038625752, 13.689666184 ], [ -90.038625752, 13.694766648 ], [ -90.04811396, 13.699867112 ], [ -90.043369856, 13.702417344 ], [ -90.043369856, 13.712618272 ], [ -90.052858064, 13.712618272 ], [ -90.062346272, 13.707517808 ], [ -90.062346272, 13.712618272 ], [ -90.076578584, 13.717718736 ], [ -90.076578584, 13.7228192 ], [ -90.095555, 13.733020128 ], [ -90.095555, 13.74832152 ], [ -90.090810896, 13.74832152 ], [ -90.090810896, 13.758522448 ], [ -90.086066792000011, 13.758522448 ], [ -90.090810896, 13.76107268 ], [ -90.090810896, 13.768723376 ], [ -90.086066792000011, 13.768723376 ], [ -90.086066792000011, 13.794225696 ], [ -90.081322688, 13.794225696 ], [ -90.081322688, 13.814627552 ], [ -90.07183448, 13.817177784 ], [ -90.07183448, 13.822278248 ], [ -90.076578584, 13.822278248 ], [ -90.076578584, 13.83757964 ], [ -90.07183448, 13.83757964 ], [ -90.07183448, 13.855431264 ], [ -90.06709037600001, 13.855431264 ], [ -90.06709037600001, 13.883483816 ], [ -90.057602168, 13.886034048 ], [ -90.057602168, 13.891134512 ], [ -90.043369856, 13.896234976 ], [ -90.043369856, 13.90133544 ], [ -90.038625752, 13.903885672 ], [ -90.029137544, 13.903885672 ], [ -90.010161128, 13.891134512 ], [ -90.00067292, 13.891134512 ], [ -89.995928816000017, 13.893684744 ], [ -89.995928816000017, 13.898785208 ], [ -89.991184712, 13.898785208 ], [ -89.991184712, 13.893684744 ], [ -89.9769524, 13.893684744 ], [ -89.981696504, 13.898785208 ], [ -89.967464192, 13.90133544 ], [ -89.967464192, 13.906435904 ], [ -89.962720088, 13.906435904 ], [ -89.962720088, 13.9140866 ], [ -89.967464192, 13.9140866 ], [ -89.967464192, 13.92683776 ], [ -89.972208296, 13.929387992 ], [ -89.981696504, 13.929387992 ], [ -89.991184712, 13.924287528 ], [ -89.991184712, 13.911536368 ], [ -89.995928816000017, 13.911536368 ], [ -89.995928816000017, 13.906435904 ], [ -90.010161128, 13.906435904 ], [ -90.02439344, 13.9140866 ], [ -89.995928816000017, 13.92683776 ], [ -89.995928816000017, 13.934488456 ], [ -89.991184712, 13.937038688 ], [ -89.9769524, 13.93958892 ], [ -89.9769524, 13.947239616 ], [ -89.972208296, 13.947239616 ], [ -89.972208296, 13.95234008 ], [ -89.957975984, 13.957440544 ], [ -89.957975984, 13.962541008 ], [ -89.938999568, 13.972741936 ], [ -89.938999568, 13.9778424 ], [ -89.92476725600001, 13.982942864 ], [ -89.92476725600001, 13.988043328 ], [ -89.915279048, 13.99059356 ], [ -89.915279048, 13.995694024 ], [ -89.901046736, 14.000794488 ], [ -89.901046736, 14.005894952 ], [ -89.877326216, 14.018646112 ], [ -89.877326216, 14.023746576 ], [ -89.8583498, 14.031397272 ], [ -89.8583498, 14.036497736 ], [ -89.848861592, 14.039047968 ], [ -89.848861592, 14.044148432 ], [ -89.829885176, 14.051799128 ], [ -89.825141072, 14.062000056 ], [ -89.81090876, 14.06710052 ], [ -89.81090876, 14.072200984 ], [ -89.796676448, 14.077301448 ], [ -89.796676448, 14.082401912 ], [ -89.768211824, 14.097703304 ], [ -89.768211824, 14.102803768 ], [ -89.758723616, 14.105354 ], [ -89.758723616, 14.110454464 ], [ -89.749235408, 14.115554928 ], [ -89.725514888, 14.11810516 ], [ -89.725514888, 14.125755856 ], [ -89.71602668, 14.128306088 ], [ -89.71602668, 14.133406552 ], [ -89.72077078400001, 14.133406552 ], [ -89.71602668, 14.138507016 ], [ -89.697050264, 14.128306088 ], [ -89.697050264, 14.138507016 ], [ -89.69230616, 14.138507016 ], [ -89.69230616, 14.14360748 ], [ -89.697050264, 14.14360748 ], [ -89.697050264, 14.151258176 ], [ -89.678073848, 14.15635864 ], [ -89.678073848, 14.161459104 ], [ -89.649609224, 14.174210264 ], [ -89.649609224, 14.179310728 ], [ -89.630632808000016, 14.189511656 ], [ -89.6211446, 14.189511656 ], [ -89.6211446, 14.19461212 ], [ -89.606912288, 14.199712584 ], [ -89.606912288, 14.204813048 ], [ -89.554727144, 14.230315368 ], [ -89.554727144, 14.235415832 ], [ -89.535750728, 14.243066528 ], [ -89.535750728, 14.248166992 ], [ -89.521518416, 14.250717224 ], [ -89.521518416, 14.255817688 ], [ -89.507286104, 14.248166992 ], [ -89.512030208, 14.243066528 ], [ -89.507286104, 14.240516296 ], [ -89.488309688, 14.237966064 ], [ -89.488309688, 14.250717224 ], [ -89.493053792, 14.250717224 ], [ -89.488309688, 14.255817688 ], [ -89.512030208, 14.268568848 ], [ -89.512030208, 14.276219544 ], [ -89.521518416, 14.281320008 ], [ -89.516774312, 14.28387024 ], [ -89.516774312, 14.288970704 ], [ -89.531006624, 14.288970704 ], [ -89.545238936, 14.278769776 ], [ -89.554727144, 14.281320008 ], [ -89.554727144, 14.294071168 ], [ -89.559471248, 14.294071168 ], [ -89.559471248, 14.306822328 ], [ -89.564215352, 14.306822328 ], [ -89.564215352, 14.314473024 ], [ -89.568959456, 14.314473024 ], [ -89.568959456, 14.324673952 ], [ -89.57370356, 14.324673952 ], [ -89.57370356, 14.33487488 ], [ -89.578447664, 14.33487488 ], [ -89.578447664, 14.34762604 ], [ -89.583191768, 14.34762604 ], [ -89.583191768, 14.355276736 ], [ -89.587935872, 14.355276736 ], [ -89.587935872, 14.362927432 ], [ -89.554727144, 14.370578128 ], [ -89.554727144, 14.37312836 ], [ -89.521518416, 14.378228824 ], [ -89.516774312, 14.383329288 ], [ -89.497797896, 14.38587952 ], [ -89.488309688, 14.390979984 ], [ -89.45510096, 14.396080448 ], [ -89.450356856, 14.401180912 ], [ -89.421892232000019, 14.406281376 ], [ -89.421892232000019, 14.408831608 ], [ -89.393427608, 14.413932072 ], [ -89.393427608, 14.416482304 ], [ -89.374451192, 14.416482304 ], [ -89.36021888, 14.424133 ], [ -89.341242464, 14.421582768 ], [ -89.33649836, 14.416482304 ], [ -89.317521944000021, 14.416482304 ], [ -89.308033736, 14.41138184 ], [ -89.28905732, 14.408831608 ], [ -89.284313216, 14.403731144 ], [ -89.2653368, 14.401180912 ], [ -89.246360384, 14.390979983999987 ], [ -89.21789576, 14.388429752 ], [ -89.198919344, 14.375678592 ], [ -89.19417524, 14.378228824 ], [ -89.175198824, 14.375678592 ], [ -89.165710616000013, 14.370578128 ], [ -89.156222408, 14.370578128 ], [ -89.151478304, 14.365477664 ], [ -89.127757784, 14.362927432 ], [ -89.12301368, 14.357826968 ], [ -89.066084432, 14.345075808 ], [ -89.05185212, 14.337425112 ], [ -89.05185212, 14.332324648 ], [ -89.042363912, 14.329774416 ], [ -89.037619808, 14.319573488 ], [ -89.0281316, 14.317023256 ], [ -89.0281316, 14.311922792 ], [ -89.018643392, 14.306822328 ], [ -89.018643392, 14.301721864 ], [ -89.009155184, 14.299171632 ], [ -89.00441108, 14.288970704 ], [ -88.994922872, 14.286420472 ], [ -88.994922872, 14.281320008 ], [ -88.985434664, 14.276219544 ], [ -88.985434664, 14.27111908 ], [ -88.975946456, 14.268568848 ], [ -88.975946456, 14.263468384 ], [ -88.966458248, 14.25836792 ], [ -88.966458248, 14.253267456 ], [ -88.95697004, 14.250717224 ], [ -88.952225936000019, 14.240516296 ], [ -88.942737728, 14.237966064 ], [ -88.942737728, 14.2328656 ], [ -88.93324952, 14.227765136 ], [ -88.93324952, 14.222664672 ], [ -88.923761312, 14.22011444 ], [ -88.919017208, 14.209913512 ], [ -88.909529, 14.20736328 ], [ -88.909529, 14.202262816 ], [ -88.900040792, 14.197162352 ], [ -88.900040792, 14.192061888 ], [ -88.890552584, 14.189511656 ], [ -88.890552584, 14.184411192 ], [ -88.881064376, 14.179310728 ], [ -88.881064376, 14.174210264 ], [ -88.871576168, 14.171660032 ], [ -88.866832064, 14.161459104 ], [ -88.857343856, 14.158908872 ], [ -88.857343856, 14.153808408 ], [ -88.847855648, 14.148707944 ], [ -88.847855648, 14.14360748 ], [ -88.83836744, 14.141057248 ], [ -88.83836744, 14.135956784 ], [ -88.76720588, 14.097703304 ], [ -88.757717672, 14.097703304 ], [ -88.64860328, 14.036497736 ], [ -88.539488888, 13.980392632 ], [ -88.539488888, 13.967641472 ], [ -88.534744784, 13.967641472 ], [ -88.534744784, 13.949789848 ], [ -88.53000068, 13.949789848 ], [ -88.53000068, 13.931938224 ], [ -88.525256576, 13.931938224 ], [ -88.525256576, 13.916636832 ], [ -88.520512472, 13.916636832 ], [ -88.520512472, 13.898785208 ], [ -88.515768368, 13.898785208 ], [ -88.515768368, 13.880933584 ], [ -88.511024264, 13.880933584 ], [ -88.511024264, 13.86308196 ], [ -88.50628016, 13.86308196 ], [ -88.50628016, 13.8503308 ], [ -88.501536056, 13.847780568 ], [ -88.492047848, 13.847780568 ], [ -88.487303744000016, 13.852881032 ], [ -88.477815536, 13.852881032 ], [ -88.477815536, 13.855431264 ], [ -88.373445248, 13.880933584 ], [ -88.373445248, 13.883483816 ], [ -88.26907496, 13.908986136 ], [ -88.26907496, 13.911536368 ], [ -88.254842648, 13.911536368 ], [ -88.250098544, 13.916636832 ], [ -88.212145712, 13.924287528 ], [ -88.212145712, 13.92683776 ], [ -88.17419288, 13.934488456 ], [ -88.17419288, 13.937038688 ], [ -88.15047236, 13.93958892 ], [ -88.140984152, 13.947239616 ], [ -88.10303132, 13.954890312 ], [ -88.10303132, 13.957440544 ], [ -88.074566696, 13.962541008 ], [ -88.074566696, 13.96509124 ], [ -88.060334384, 13.96509124 ], [ -88.046102072, 13.957440544 ], [ -88.036613863999989, 13.957440544 ], [ -88.03186976, 13.95234008 ], [ -88.022381552, 13.95234008 ], [ -88.017637447999988, 13.947239616 ], [ -88.00814924, 13.947239616 ], [ -88.003405136, 13.942139152 ], [ -87.98442872, 13.93958892 ], [ -87.979684616, 13.934488456 ], [ -87.955964095999988, 13.929387992 ], [ -87.951219992, 13.924287528 ], [ -87.927499472, 13.919187064 ], [ -87.922755368, 13.9140866 ], [ -87.903778952, 13.911536368 ], [ -87.884802536, 13.90133544 ], [ -87.861082016, 13.896234976 ], [ -87.851593808, 13.891134512 ], [ -87.851593808, 13.886034048 ], [ -87.8421056, 13.883483816 ], [ -87.8421056, 13.878383352 ], [ -87.832617391999989, 13.87583312 ], [ -87.832617391999989, 13.870732656 ], [ -87.823129184, 13.868182424 ], [ -87.823129184, 13.86308196 ], [ -87.813640975999988, 13.860531728 ], [ -87.813640975999988, 13.855431264 ], [ -87.804152768, 13.852881032 ], [ -87.804152768, 13.847780568 ], [ -87.79466456, 13.845230336 ], [ -87.79466456, 13.840129872 ], [ -87.785176352, 13.83757964 ], [ -87.785176352, 13.832479176 ], [ -87.775688144, 13.827378712 ], [ -87.775688144, 13.822278248 ], [ -87.751967623999988, 13.81207732 ], [ -87.751967623999988, 13.806976856 ], [ -87.742479416, 13.804426624 ], [ -87.742479416, 13.79932616 ], [ -87.732991207999987, 13.796775928 ], [ -87.728247104, 13.786575 ], [ -87.723503, 13.786575 ], [ -87.723503, 13.771273608 ], [ -87.732991207999987, 13.768723376 ], [ -87.742479416, 13.77382384 ], [ -87.742479416, 13.768723376 ], [ -87.737735312, 13.768723376 ], [ -87.737735312, 13.76107268 ], [ -87.728247104, 13.758522448 ], [ -87.728247104, 13.743221056 ], [ -87.732991207999987, 13.743221056 ], [ -87.732991207999987, 13.715168504 ], [ -87.737735312, 13.715168504 ], [ -87.737735312, 13.687115952 ], [ -87.742479416, 13.687115952 ], [ -87.742479416, 13.6590634 ], [ -87.74722352, 13.6590634 ], [ -87.74722352, 13.636111312 ], [ -87.756711728, 13.63356108 ], [ -87.751967623999988, 13.631010848 ], [ -87.751967623999988, 13.605508528 ], [ -87.76145583200001, 13.600408064 ], [ -87.76145583200001, 13.5953076 ], [ -87.756711728, 13.5953076 ], [ -87.756711728, 13.580006208 ], [ -87.76145583200001, 13.580006208 ], [ -87.76145583200001, 13.551953656 ], [ -87.766199936, 13.551953656 ], [ -87.766199936, 13.523901104 ], [ -87.770944039999989, 13.523901104 ], [ -87.770944039999989, 13.495848552 ], [ -87.775688144, 13.495848552 ], [ -87.775688144, 13.48054716 ], [ -87.789920456, 13.477996928 ], [ -87.785176352, 13.472896464 ], [ -87.775688144, 13.475446696 ], [ -87.775688144, 13.467796 ], [ -87.780432248, 13.467796 ], [ -87.780432248, 13.44229368 ], [ -87.785176352, 13.44229368 ], [ -87.785176352, 13.434642984 ], [ -87.789920456, 13.434642984 ], [ -87.785176352, 13.432092752 ], [ -87.785176352, 13.414241128 ], [ -87.789920456, 13.414241128 ], [ -87.789920456, 13.386188576 ], [ -87.79466456, 13.386188576 ], [ -87.79466456, 13.381088112 ], [ -87.804152768, 13.383638344 ], [ -87.804152768, 13.39128904 ], [ -87.81838508, 13.393839272 ], [ -87.813640975999988, 13.396389504 ], [ -87.813640975999988, 13.401489968 ], [ -87.81838508, 13.401489968 ], [ -87.81838508, 13.409140664 ], [ -87.832617391999989, 13.411690896 ], [ -87.832617391999989, 13.414241128 ], [ -87.8421056, 13.414241128 ], [ -87.837361496, 13.4040402 ], [ -87.846849704, 13.4040402 ], [ -87.856337912, 13.409140664 ], [ -87.856337912, 13.401489968 ], [ -87.86582612, 13.398939736 ], [ -87.856337912, 13.39128904 ], [ -87.8421056, 13.39128904 ], [ -87.8421056, 13.37853788 ], [ -87.837361496, 13.37853788 ], [ -87.846849704, 13.370887184 ], [ -87.861082016, 13.370887184 ], [ -87.861082016, 13.360686256 ], [ -87.856337912, 13.360686256 ], [ -87.856337912, 13.35303556 ], [ -87.832617391999989, 13.345384864 ], [ -87.832617391999989, 13.3402844 ], [ -87.837361496, 13.337734168 ], [ -87.81838508, 13.337734168 ], [ -87.823129184, 13.335183936 ], [ -87.823129184, 13.330083472 ], [ -87.81838508, 13.330083472 ], [ -87.81838508, 13.324983008 ], [ -87.823129184, 13.324983008 ], [ -87.823129184, 13.312231848 ], [ -87.827873288, 13.312231848 ], [ -87.827873288, 13.30203092 ], [ -87.832617391999989, 13.30203092 ], [ -87.832617391999989, 13.291829992 ], [ -87.837361496, 13.291829992 ], [ -87.837361496, 13.284179296 ], [ -87.8421056, 13.284179296 ], [ -87.8421056, 13.273978368 ], [ -87.846849704, 13.273978368 ], [ -87.846849704, 13.26377744 ], [ -87.851593808, 13.26377744 ], [ -87.851593808, 13.253576512 ], [ -87.856337912, 13.253576512 ], [ -87.856337912, 13.243375584 ], [ -87.861082016, 13.243375584 ], [ -87.861082016, 13.233174656 ], [ -87.86582612, 13.233174656 ], [ -87.86582612, 13.222973728 ], [ -87.870570224, 13.222973728 ], [ -87.870570224, 13.215323032 ], [ -87.875314327999988, 13.215323032 ], [ -87.875314327999988, 13.202571872 ], [ -87.880058432, 13.202571872 ], [ -87.880058432, 13.194921176 ], [ -87.894290743999989, 13.197471408 ], [ -87.894290743999989, 13.192370944 ], [ -87.884802536, 13.18727048 ], [ -87.884802536, 13.182170016 ], [ -87.894290743999989, 13.177069552 ], [ -87.894290743999989, 13.164318392 ], [ -87.899034848, 13.164318392 ], [ -87.899034848, 13.154117464 ], [ -87.908523056, 13.154117464 ], [ -87.91326716, 13.149017 ], [ -88.022381552, 13.151567232 ], [ -88.022381552, 13.154117464 ], [ -88.050846176, 13.151567232 ], [ -88.060334384, 13.159217928 ], [ -88.074566696, 13.159217928 ], [ -88.0793108, 13.16176816 ], [ -88.0793108, 13.166868624 ], [ -88.088799008, 13.166868624 ], [ -88.088799008, 13.169418856 ], [ -88.10303132, 13.164318392 ], [ -88.10303132, 13.159217928 ], [ -88.140984152, 13.16176816 ], [ -88.140984152, 13.166868624 ], [ -88.145728256, 13.166868624 ], [ -88.15047236, 13.164318392 ], [ -88.15047236, 13.159217928 ], [ -88.159960568, 13.159217928 ], [ -88.159960568, 13.156667696 ], [ -88.17419288, 13.156667696 ], [ -88.17419288, 13.16176816 ], [ -88.169448776, 13.164318392 ], [ -88.188425192, 13.164318392 ], [ -88.178936984, 13.156667696 ], [ -88.250098544, 13.156667696 ], [ -88.250098544, 13.164318392 ], [ -88.259586752, 13.164318392 ], [ -88.259586752, 13.159217928 ], [ -88.283307272, 13.16176816 ], [ -88.288051376, 13.159217928 ], [ -88.288051376, 13.164318392 ], [ -88.297539584, 13.159217928 ], [ -88.302283688, 13.16176816 ], [ -88.349724728, 13.159217928 ], [ -88.359212936, 13.171969088 ], [ -88.368701144, 13.169418856 ], [ -88.368701144, 13.166868624 ], [ -88.359212936, 13.166868624 ], [ -88.36395704, 13.16176816 ], [ -88.382933456000018, 13.16176816 ], [ -88.382933456000018, 13.164318392 ], [ -88.38767756, 13.16176816 ], [ -88.401909872, 13.16176816 ], [ -88.401909872, 13.164318392 ], [ -88.439862704, 13.16176816 ], [ -88.449350912, 13.169418856 ], [ -88.463583224, 13.169418856 ], [ -88.463583224, 13.164318392 ], [ -88.48255964, 13.164318392 ], [ -88.48255964, 13.166868624 ], [ -88.511024264, 13.171969088 ], [ -88.525256576, 13.18727048 ], [ -88.534744784, 13.18727048 ], [ -88.534744784, 13.182170016 ], [ -88.539488888, 13.184720248 ], [ -88.5537212, 13.182170016 ], [ -88.558465304, 13.184720248 ], [ -88.5537212, 13.18727048 ], [ -88.5537212, 13.192370944 ], [ -88.57744172, 13.192370944 ], [ -88.586929928, 13.197471408 ], [ -88.605906344, 13.194921176 ], [ -88.60116224, 13.205122104 ], [ -88.634370968, 13.202571872 ], [ -88.629626864, 13.2127728 ], [ -88.667579696, 13.210222568 ], [ -88.686556112, 13.220423496 ], [ -88.705532528, 13.220423496 ], [ -88.710276632, 13.22552396 ], [ -88.724508944, 13.22552396 ], [ -88.724508944, 13.228074192 ], [ -88.74348536, 13.230624424 ], [ -88.748229464, 13.235724888 ], [ -88.762461776, 13.235724888 ], [ -88.762461776, 13.23827512 ], [ -88.809902816, 13.248476048 ], [ -88.819391024, 13.256126744 ], [ -88.843111544, 13.258676976 ], [ -88.88580848, 13.281629064 ], [ -88.88580848, 13.28927976 ], [ -88.909529, 13.28927976 ], [ -88.909529, 13.294380224 ], [ -88.928505416, 13.304581152 ], [ -88.937993624, 13.304581152 ], [ -88.947481832, 13.309681616 ], [ -88.947481832, 13.317332312 ], [ -88.961714144, 13.317332312 ], [ -88.961714144, 13.324983008 ], [ -88.971202352, 13.322432776 ], [ -88.999666976, 13.337734168 ], [ -89.009155184, 13.337734168 ], [ -89.009155184, 13.342834632 ], [ -89.013899288, 13.345384864 ], [ -89.023387496, 13.345384864 ], [ -89.032875704, 13.35303556 ], [ -89.042363912, 13.35303556 ], [ -89.07557264, 13.370887184 ], [ -89.07557264, 13.375987648 ], [ -89.089804952, 13.375987648 ], [ -89.094549056, 13.37853788 ], [ -89.094549056, 13.383638344 ], [ -89.104037264, 13.383638344 ], [ -89.113525472, 13.388738808 ], [ -89.113525472, 13.396389504 ], [ -89.132501888, 13.396389504 ], [ -89.141990096, 13.401489968 ], [ -89.141990096, 13.406590432 ], [ -89.156222408, 13.409140664 ], [ -89.156222408, 13.419341592 ], [ -89.17045472, 13.41679136 ], [ -89.208407552, 13.437193216 ], [ -89.21789576, 13.437193216 ], [ -89.227383968, 13.44229368 ], [ -89.222639864, 13.444843912 ], [ -89.222639864, 13.449944376 ], [ -89.227383968, 13.452494608 ], [ -89.246360384, 13.452494608 ], [ -89.260592696, 13.460145304 ], [ -89.284313216, 13.460145304 ], [ -89.28905732, 13.465245768 ], [ -89.303289632, 13.462695536 ], [ -89.303289632, 13.465245768 ], [ -89.350730672, 13.467796 ], [ -89.350730672, 13.470346232 ], [ -89.374451192, 13.472896464 ], [ -89.374451192, 13.475446696 ], [ -89.393427608, 13.472896464 ], [ -89.393427608, 13.475446696 ], [ -89.440868648, 13.477996928 ], [ -89.440868648, 13.483097392 ], [ -89.436124544, 13.485647624 ], [ -89.459845064, 13.485647624 ], [ -89.459845064, 13.48054716 ], [ -89.464589168, 13.48054716 ], [ -89.469333272, 13.485647624 ], [ -89.488309688, 13.483097392 ], [ -89.488309688, 13.488197856 ], [ -89.512030208, 13.485647624 ], [ -89.512030208, 13.490748088 ], [ -89.507286104, 13.49329832 ], [ -89.516774312, 13.49329832 ], [ -89.516774312, 13.488197856 ], [ -89.535750728, 13.488197856 ], [ -89.540494832, 13.49329832 ], [ -89.554727144, 13.490748088 ], [ -89.564215352, 13.495848552 ], [ -89.57370356, 13.49329832 ], [ -89.57370356, 13.495848552 ], [ -89.587935872, 13.495848552 ], [ -89.592679976, 13.500949016 ], [ -89.611656392, 13.498398784 ], [ -89.616400496, 13.500949016 ], [ -89.616400496, 13.508599712 ], [ -89.625888704, 13.508599712 ], [ -89.625888704, 13.500949016 ], [ -89.66858564, 13.503499248 ], [ -89.663841536, 13.50604948 ], [ -89.663841536, 13.511149944 ], [ -89.66858564, 13.513700176 ], [ -89.659097432, 13.513700176 ], [ -89.659097432, 13.508599712 ], [ -89.649609224, 13.508599712 ], [ -89.640121016, 13.513700176 ], [ -89.640121016, 13.51880064 ], [ -89.649609224, 13.523901104 ], [ -89.659097432, 13.523901104 ], [ -89.659097432, 13.529001568 ], [ -89.678073848, 13.529001568 ], [ -89.687562056, 13.523901104 ], [ -89.697050264, 13.523901104 ], [ -89.697050264, 13.516250408 ], [ -89.687562056, 13.516250408 ], [ -89.69230616, 13.513700176 ], [ -89.69230616, 13.508599712 ], [ -89.72077078400001, 13.508599712 ], [ -89.72077078400001, 13.511149944 ], [ -89.735003096000014, 13.511149944 ], [ -89.7397472, 13.516250408 ], [ -89.76346772, 13.513700176 ], [ -89.76346772, 13.516250408 ], [ -89.782444136000024, 13.516250408 ], [ -89.78718824, 13.51880064 ], [ -89.78718824, 13.523901104 ], [ -89.796676448, 13.523901104 ], [ -89.806164656, 13.51880064 ], [ -89.806164656, 13.523901104 ], [ -89.820396968, 13.523901104 ], [ -89.815652864, 13.526451336 ], [ -89.820396968, 13.529001568 ], [ -89.820396968, 13.534102032 ], [ -89.829885176, 13.534102032 ], [ -89.844117488, 13.541752728 ], [ -89.844117488, 13.546853192 ], [ -89.848861592, 13.546853192 ], [ -89.844117488, 13.551953656 ], [ -89.853605696, 13.551953656 ], [ -89.872582112, 13.562154584 ], [ -89.877326216, 13.572355512 ], [ -89.886814424, 13.574905744 ], [ -89.88207032, 13.580006208 ], [ -89.891558528000019, 13.585106672 ], [ -89.901046736, 13.585106672 ], [ -89.901046736, 13.590207136 ], [ -89.90579084, 13.590207136 ], [ -89.901046736, 13.5953076 ], [ -89.90579084, 13.5953076 ], [ -89.90579084, 13.600408064 ], [ -89.910534944, 13.602958296 ], [ -89.891558528000019, 13.602958296 ], [ -89.886814424, 13.60805876 ], [ -89.877326216, 13.60805876 ], [ -89.877326216, 13.602958296 ], [ -89.88207032, 13.602958296 ], [ -89.88207032, 13.592757368 ], [ -89.877326216, 13.592757368 ], [ -89.877326216, 13.587656904 ], [ -89.872582112, 13.590207136 ], [ -89.853605696, 13.587656904 ], [ -89.844117488, 13.592757368 ], [ -89.844117488, 13.597857832 ], [ -89.853605696, 13.5953076 ], [ -89.853605696, 13.597857832 ], [ -89.867838008, 13.597857832 ], [ -89.8583498, 13.602958296 ], [ -89.8583498, 13.60805876 ], [ -89.867838008, 13.610608992 ], [ -89.867838008, 13.615709456 ], [ -89.872582112, 13.618259688 ], [ -89.877326216, 13.618259688 ], [ -89.877326216, 13.613159224 ], [ -89.896302632, 13.610608992 ], [ -89.896302632, 13.618259688 ], [ -89.901046736, 13.618259688 ], [ -89.901046736, 13.623360152 ], [ -89.910534944, 13.62080992 ], [ -89.910534944, 13.628460616 ], [ -89.915279048, 13.631010848 ], [ -89.920023152, 13.631010848 ], [ -89.920023152, 13.625910384 ], [ -89.915279048, 13.623360152 ], [ -89.934255464, 13.625910384 ], [ -89.934255464, 13.62080992 ], [ -89.948487776, 13.623360152 ], [ -89.943743672000011, 13.625910384 ], [ -89.943743672000011, 13.63356108 ], [ -89.95323188, 13.63356108 ], [ -89.95323188, 13.631010848 ] ], [ [ -87.8421056, 13.421891824 ], [ -87.851593808, 13.419341592 ], [ -87.851593808, 13.411690896 ], [ -87.8421056, 13.414241128 ], [ -87.8421056, 13.421891824 ] ], [ [ -88.582185824, 13.20002164 ], [ -88.586929928, 13.20002164 ], [ -88.586929928, 13.197471408 ], [ -88.582185824, 13.20002164 ] ], [ [ -88.567953512, 13.202571872 ], [ -88.567953512, 13.207672336 ], [ -88.586929928, 13.207672336 ], [ -88.582185824, 13.205122104 ], [ -88.582185824, 13.20002164 ], [ -88.567953512, 13.202571872 ] ], [ [ -89.474077376, 13.488197856 ], [ -89.474077376, 13.495848552 ], [ -89.483565584, 13.495848552 ], [ -89.483565584, 13.490748088 ], [ -89.488309688, 13.490748088 ], [ -89.488309688, 13.488197856 ], [ -89.474077376, 13.488197856 ] ], [ [ -89.735003096000014, 13.516250408 ], [ -89.735003096000014, 13.521350872 ], [ -89.7397472, 13.521350872 ], [ -89.7397472, 13.516250408 ], [ -89.735003096000014, 13.516250408 ] ], [ [ -89.910534944, 13.631010848 ], [ -89.90579084, 13.63356108 ], [ -89.90579084, 13.641211776 ], [ -89.915279048, 13.64631224 ], [ -89.92476725600001, 13.643762008 ], [ -89.920023152, 13.641211776 ], [ -89.920023152, 13.63356108 ], [ -89.910534944, 13.631010848 ] ], [ [ -89.901046736, 13.631010848 ], [ -89.901046736, 13.63356108 ], [ -89.90579084, 13.63356108 ], [ -89.901046736, 13.631010848 ] ], [ [ -89.3839394, 14.401180912 ], [ -89.374451192, 14.401180912 ], [ -89.374451192, 14.406281376 ], [ -89.3839394, 14.403731144 ], [ -89.3839394, 14.401180912 ] ], [ [ -89.3839394, 14.401180912 ], [ -89.398171712, 14.403731144 ], [ -89.398171712, 14.393530216 ], [ -89.3839394, 14.390979984 ], [ -89.3839394, 14.401180912 ] ], [ [ -89.222639864, 14.368027896 ], [ -89.222639864, 14.37312836 ], [ -89.227383968, 14.37312836 ], [ -89.227383968, 14.368027896 ], [ -89.222639864, 14.368027896 ] ], [ [ -89.440868648, 14.324673952 ], [ -89.440868648, 14.332324648 ], [ -89.450356856, 14.329774416 ], [ -89.450356856, 14.327224184 ], [ -89.440868648, 14.324673952 ] ], [ [ -89.118269576, 14.294071168 ], [ -89.118269576, 14.288970704 ], [ -89.108781368, 14.286420472 ], [ -89.108781368, 14.291520936 ], [ -89.09929316, 14.291520936 ], [ -89.09929316, 14.294071168 ], [ -89.118269576, 14.294071168 ] ], [ [ -89.127757784, 14.276219544 ], [ -89.127757784, 14.286420472 ], [ -89.137245992, 14.288970704 ], [ -89.141990096, 14.286420472 ], [ -89.141990096, 14.276219544 ], [ -89.137245992, 14.273669312 ], [ -89.141990096, 14.273669312 ], [ -89.141990096, 14.268568848 ], [ -89.137245992, 14.268568848 ], [ -89.137245992, 14.263468384 ], [ -89.127757784, 14.263468384 ], [ -89.127757784, 14.27111908 ], [ -89.12301368, 14.27111908 ], [ -89.12301368, 14.276219544 ], [ -89.127757784, 14.276219544 ] ], [ [ -89.09929316, 14.25836792 ], [ -89.09929316, 14.255817688 ], [ -89.108781368, 14.255817688 ], [ -89.108781368, 14.260918152 ], [ -89.094549056, 14.263468384 ], [ -89.094549056, 14.268568848 ], [ -89.09929316, 14.268568848 ], [ -89.09929316, 14.278769776 ], [ -89.118269576, 14.276219544 ], [ -89.118269576, 14.27111908 ], [ -89.113525472, 14.268568848 ], [ -89.118269576, 14.268568848 ], [ -89.118269576, 14.25836792 ], [ -89.108781368, 14.253267456 ], [ -89.113525472, 14.248166992 ], [ -89.09929316, 14.250717224 ], [ -89.094549056, 14.24561676 ], [ -89.085060848, 14.248166992 ], [ -89.085060848, 14.255817688 ], [ -89.09929316, 14.25836792 ] ], [ [ -89.12301368, 14.243066528 ], [ -89.12301368, 14.24561676 ], [ -89.127757784, 14.24561676 ], [ -89.12301368, 14.243066528 ] ], [ [ -89.113525472, 14.237966064 ], [ -89.118269576, 14.243066528 ], [ -89.127757784, 14.237966064 ], [ -89.12301368, 14.235415832 ], [ -89.113525472, 14.237966064 ] ], [ [ -89.023387496, 14.184411192 ], [ -89.023387496, 14.19461212 ], [ -89.0281316, 14.19461212 ], [ -89.0281316, 14.184411192 ], [ -89.023387496, 14.184411192 ] ], [ [ -89.469333272, 14.166559568 ], [ -89.469333272, 14.171660032 ], [ -89.474077376, 14.171660032 ], [ -89.474077376, 14.166559568 ], [ -89.469333272, 14.166559568 ] ], [ [ -88.881064376, 14.1691098 ], [ -88.881064376, 14.171660032 ], [ -88.890552584, 14.171660032 ], [ -88.890552584, 14.1691098 ], [ -88.881064376, 14.1691098 ] ], [ [ -88.928505416, 14.161459104 ], [ -88.928505416, 14.164009336 ], [ -88.937993624, 14.164009336 ], [ -88.937993624, 14.161459104 ], [ -88.928505416, 14.161459104 ] ], [ [ -89.531006624, 14.158908872 ], [ -89.531006624, 14.151258176 ], [ -89.521518416, 14.153808408 ], [ -89.531006624, 14.158908872 ] ], [ [ -89.57370356, 14.115554928 ], [ -89.578447664, 14.115554928 ], [ -89.578447664, 14.120655392 ], [ -89.57370356, 14.123205624 ], [ -89.587935872, 14.123205624 ], [ -89.587935872, 14.11810516 ], [ -89.602168184, 14.110454464 ], [ -89.587935872, 14.107904232 ], [ -89.587935872, 14.105354 ], [ -89.57370356, 14.105354 ], [ -89.564215352, 14.100253536 ], [ -89.564215352, 14.105354 ], [ -89.57370356, 14.107904232 ], [ -89.57370356, 14.115554928 ] ], [ [ -88.923761312, 14.11810516 ], [ -88.923761312, 14.123205624 ], [ -88.928505416, 14.123205624 ], [ -88.928505416, 14.11810516 ], [ -88.923761312, 14.11810516 ] ], [ [ -89.630632808000016, 14.09260284 ], [ -89.640121016, 14.097703304 ], [ -89.630632808000016, 14.097703304 ], [ -89.6211446, 14.105354 ], [ -89.606912288, 14.105354 ], [ -89.606912288, 14.113004696 ], [ -89.625888704, 14.115554928 ], [ -89.630632808000016, 14.110454464 ], [ -89.649609224, 14.107904232 ], [ -89.654353328, 14.105354 ], [ -89.654353328, 14.097703304 ], [ -89.649609224, 14.095153072 ], [ -89.663841536, 14.09260284 ], [ -89.654353328, 14.084952144 ], [ -89.630632808000016, 14.087502376 ], [ -89.630632808000016, 14.09260284 ] ], [ [ -89.032875704, 14.105354 ], [ -89.032875704, 14.110454464 ], [ -89.042363912, 14.107904232 ], [ -89.042363912, 14.105354 ], [ -89.032875704, 14.105354 ] ], [ [ -89.156222408, 14.09260284 ], [ -89.156222408, 14.095153072 ], [ -89.175198824, 14.095153072 ], [ -89.175198824, 14.09260284 ], [ -89.156222408, 14.09260284 ] ], [ [ -89.616400496, 14.087502376 ], [ -89.616400496, 14.09260284 ], [ -89.625888704, 14.090052608 ], [ -89.625888704, 14.087502376 ], [ -89.616400496, 14.087502376 ] ], [ [ -89.687562056, 14.064550288 ], [ -89.687562056, 14.069650752 ], [ -89.697050264, 14.069650752 ], [ -89.697050264, 14.064550288 ], [ -89.701794368, 14.064550288 ], [ -89.701794368, 14.056899592 ], [ -89.71602668, 14.049248896 ], [ -89.71602668, 14.044148432 ], [ -89.725514888, 14.0415982 ], [ -89.725514888, 14.036497736 ], [ -89.711282576, 14.033947504 ], [ -89.711282576, 14.023746576 ], [ -89.706538472, 14.023746576 ], [ -89.706538472, 14.018646112 ], [ -89.697050264, 14.023746576 ], [ -89.697050264, 14.02884704 ], [ -89.69230616, 14.02884704 ], [ -89.69230616, 14.036497736 ], [ -89.687562056, 14.039047968 ], [ -89.66858564, 14.039047968 ], [ -89.66858564, 14.031397272 ], [ -89.649609224, 14.039047968 ], [ -89.649609224, 14.02884704 ], [ -89.64486512, 14.02884704 ], [ -89.64486512, 14.023746576 ], [ -89.616400496, 14.02884704 ], [ -89.606912288, 14.033947504 ], [ -89.606912288, 14.0415982 ], [ -89.6211446, 14.044148432 ], [ -89.625888704, 14.049248896 ], [ -89.616400496, 14.051799128 ], [ -89.616400496, 14.056899592 ], [ -89.611656392, 14.056899592 ], [ -89.611656392, 14.064550288 ], [ -89.602168184, 14.064550288 ], [ -89.602168184, 14.069650752 ], [ -89.611656392, 14.072200984 ], [ -89.611656392, 14.077301448 ], [ -89.625888704, 14.077301448 ], [ -89.625888704, 14.069650752 ], [ -89.663841536, 14.06710052 ], [ -89.654353328, 14.074751216 ], [ -89.673329744, 14.077301448 ], [ -89.673329744, 14.074751216 ], [ -89.682817952, 14.074751216 ], [ -89.682817952, 14.069650752 ], [ -89.673329744, 14.069650752 ], [ -89.673329744, 14.062000056 ], [ -89.682817952, 14.062000056 ], [ -89.682817952, 14.05434936 ], [ -89.687562056, 14.05434936 ], [ -89.687562056, 14.049248896 ], [ -89.697050264, 14.049248896 ], [ -89.697050264, 14.05434936 ], [ -89.69230616, 14.05434936 ], [ -89.697050264, 14.059449824 ], [ -89.687562056, 14.064550288 ] ], [ [ -89.189431136, 14.069650752 ], [ -89.189431136, 14.077301448 ], [ -89.203663448, 14.077301448 ], [ -89.203663448, 14.074751216 ], [ -89.189431136, 14.069650752 ] ], [ [ -89.540494832, 14.06710052 ], [ -89.540494832, 14.05434936 ], [ -89.526262520000017, 14.056899592 ], [ -89.531006624, 14.059449824 ], [ -89.531006624, 14.074751216 ], [ -89.540494832, 14.074751216 ], [ -89.540494832, 14.069650752 ], [ -89.535750728, 14.06710052 ], [ -89.540494832, 14.06710052 ] ], [ [ -89.07557264, 14.069650752 ], [ -89.070828536, 14.074751216 ], [ -89.085060848, 14.074751216 ], [ -89.085060848, 14.072200984 ], [ -89.07557264, 14.069650752 ] ], [ [ -89.09929316, 14.0415982 ], [ -89.07557264, 14.039047968 ], [ -89.07557264, 14.046698664 ], [ -89.080316744, 14.046698664 ], [ -89.080316744, 14.051799128 ], [ -89.094549056, 14.051799128 ], [ -89.089804952, 14.05434936 ], [ -89.089804952, 14.059449824 ], [ -89.085060848, 14.059449824 ], [ -89.085060848, 14.06710052 ], [ -89.108781368, 14.069650752 ], [ -89.12301368, 14.059449824 ], [ -89.113525472, 14.05434936 ], [ -89.113525472, 14.044148432 ], [ -89.118269576, 14.044148432 ], [ -89.118269576, 14.039047968 ], [ -89.104037264, 14.036497736 ], [ -89.09929316, 14.0415982 ] ], [ [ -89.17045472, 14.062000056 ], [ -89.17045472, 14.06710052 ], [ -89.175198824, 14.06710052 ], [ -89.175198824, 14.062000056 ], [ -89.17045472, 14.062000056 ] ], [ [ -89.160966512, 14.05434936 ], [ -89.165710616000013, 14.059449824 ], [ -89.175198824, 14.056899592 ], [ -89.175198824, 14.05434936 ], [ -89.160966512, 14.05434936 ] ], [ [ -89.018643392, 14.01609588 ], [ -89.018643392, 14.021196344 ], [ -89.023387496, 14.023746576 ], [ -89.009155184, 14.02884704 ], [ -89.009155184, 14.033947504 ], [ -89.018643392, 14.031397272 ], [ -89.0281316, 14.036497736 ], [ -89.0281316, 14.0415982 ], [ -89.023387496, 14.0415982 ], [ -89.023387496, 14.049248896 ], [ -89.018643392, 14.049248896 ], [ -89.018643392, 14.056899592 ], [ -89.037619808, 14.059449824 ], [ -89.037619808, 14.05434936 ], [ -89.042363912, 14.05434936 ], [ -89.042363912, 14.046698664 ], [ -89.032875704, 14.044148432 ], [ -89.032875704, 14.02884704 ], [ -89.042363912, 14.02884704 ], [ -89.042363912, 14.023746576 ], [ -89.047108016, 14.023746576 ], [ -89.047108016, 14.01609588 ], [ -89.037619808, 14.01609588 ], [ -89.037619808, 14.013545648 ], [ -89.018643392, 14.01609588 ] ], [ [ -89.554727144, 14.046698664 ], [ -89.568959456, 14.056899592 ], [ -89.578447664, 14.056899592 ], [ -89.57370356, 14.05434936 ], [ -89.57370356, 14.049248896 ], [ -89.554727144, 14.046698664 ] ], [ [ -89.744491304, 14.046698664 ], [ -89.758723616, 14.044148432 ], [ -89.758723616, 14.039047968 ], [ -89.744491304, 14.036497736 ], [ -89.744491304, 14.0415982 ], [ -89.730258992, 14.046698664 ], [ -89.730258992, 14.05434936 ], [ -89.744491304, 14.046698664 ] ], [ [ -89.203663448, 14.02884704 ], [ -89.198919344, 14.026296808 ], [ -89.189431136, 14.02884704 ], [ -89.19417524, 14.031397272 ], [ -89.19417524, 14.036497736 ], [ -89.184687032, 14.0415982 ], [ -89.198919344, 14.044148432 ], [ -89.198919344, 14.031397272 ], [ -89.203663448, 14.02884704 ] ], [ [ -89.516774312, 14.033947504 ], [ -89.516774312, 14.02884704 ], [ -89.502542, 14.02884704 ], [ -89.502542, 14.031397272 ], [ -89.516774312, 14.033947504 ] ], [ [ -89.05185212, 14.026296808 ], [ -89.056596224000018, 14.031397272 ], [ -89.066084432, 14.031397272 ], [ -89.066084432, 14.023746576 ], [ -89.05185212, 14.026296808 ] ], [ [ -89.7397472, 14.021196344 ], [ -89.7397472, 14.02884704 ], [ -89.744491304, 14.02884704 ], [ -89.744491304, 14.023746576 ], [ -89.749235408, 14.021196344 ], [ -89.7397472, 14.021196344 ] ], [ [ -89.820396968, 14.013545648 ], [ -89.820396968, 14.01609588 ], [ -89.829885176, 14.01609588 ], [ -89.829885176, 14.013545648 ], [ -89.820396968, 14.013545648 ] ], [ [ -89.758723616, 14.008445184 ], [ -89.758723616, 14.013545648 ], [ -89.768211824, 14.013545648 ], [ -89.768211824, 14.008445184 ], [ -89.758723616, 14.008445184 ] ], [ [ -89.730258992, 14.000794488 ], [ -89.7397472, 14.000794488 ], [ -89.730258992, 14.008445184 ], [ -89.744491304, 14.010995416 ], [ -89.749235408, 14.008445184 ], [ -89.749235408, 13.998244256 ], [ -89.744491304, 13.998244256 ], [ -89.744491304, 13.993143792 ], [ -89.753979512, 13.993143792 ], [ -89.753979512, 13.988043328 ], [ -89.7397472, 13.985493096 ], [ -89.7397472, 13.982942864 ], [ -89.730258992, 13.985493096 ], [ -89.735003096000014, 13.99059356 ], [ -89.725514888, 13.995694024 ], [ -89.730258992, 13.995694024 ], [ -89.730258992, 14.000794488 ] ], [ [ -89.820396968, 14.00334472 ], [ -89.815652864, 14.00334472 ], [ -89.815652864, 14.005894952 ], [ -89.820396968, 14.00334472 ] ], [ [ -89.825141072, 14.000794488 ], [ -89.820396968, 14.000794488 ], [ -89.820396968, 14.00334472 ], [ -89.825141072, 14.000794488 ] ], [ [ -89.540494832, 14.00334472 ], [ -89.540494832, 14.005894952 ], [ -89.545238936, 14.005894952 ], [ -89.540494832, 14.00334472 ] ], [ [ -89.535750728, 14.000794488 ], [ -89.535750728, 14.00334472 ], [ -89.540494832, 14.00334472 ], [ -89.535750728, 14.000794488 ] ], [ [ -89.71602668, 14.000794488 ], [ -89.71602668, 13.993143792 ], [ -89.701794368, 14.000794488 ], [ -89.711282576, 14.00334472 ], [ -89.71602668, 14.000794488 ] ], [ [ -89.037619808, 14.000794488 ], [ -89.032875704, 13.995694024 ], [ -89.023387496, 13.998244256 ], [ -89.023387496, 14.00334472 ], [ -89.037619808, 14.000794488 ] ], [ [ -89.796676448, 13.95234008 ], [ -89.796676448, 13.949789848 ], [ -89.78718824, 13.949789848 ], [ -89.78718824, 13.957440544 ], [ -89.791932344, 13.959990776 ], [ -89.782444136000024, 13.959990776 ], [ -89.782444136000024, 13.96509124 ], [ -89.772955928, 13.967641472 ], [ -89.782444136000024, 13.972741936 ], [ -89.782444136000024, 13.9778424 ], [ -89.791932344, 13.980392632 ], [ -89.791932344, 13.988043328 ], [ -89.777700032, 13.988043328 ], [ -89.777700032, 13.998244256 ], [ -89.772955928, 14.000794488 ], [ -89.782444136000024, 14.000794488 ], [ -89.78718824, 13.995694024 ], [ -89.801420552, 13.995694024 ], [ -89.796676448, 13.99059356 ], [ -89.806164656, 13.988043328 ], [ -89.806164656, 13.980392632 ], [ -89.81090876, 13.980392632 ], [ -89.81090876, 13.962541008 ], [ -89.820396968, 13.959990776 ], [ -89.820396968, 13.949789848 ], [ -89.796676448, 13.95234008 ] ], [ [ -89.758723616, 14.000794488 ], [ -89.768211824, 14.000794488 ], [ -89.76346772, 13.995694024 ], [ -89.758723616, 13.995694024 ], [ -89.758723616, 14.000794488 ] ], [ [ -89.54998304, 13.993143792 ], [ -89.54998304, 13.995694024 ], [ -89.559471248, 13.995694024 ], [ -89.559471248, 13.993143792 ], [ -89.54998304, 13.993143792 ] ], [ [ -89.8583498, 13.99059356 ], [ -89.8583498, 13.993143792 ], [ -89.867838008, 13.993143792 ], [ -89.867838008, 13.99059356 ], [ -89.8583498, 13.99059356 ] ], [ [ -89.697050264, 13.988043328 ], [ -89.706538472, 13.99059356 ], [ -89.711282576, 13.988043328 ], [ -89.711282576, 13.980392632 ], [ -89.701794368, 13.9778424 ], [ -89.701794368, 13.985493096 ], [ -89.697050264, 13.988043328 ] ], [ [ -89.564215352, 13.988043328 ], [ -89.564215352, 13.982942864 ], [ -89.568959456, 13.980392632 ], [ -89.554727144, 13.982942864 ], [ -89.554727144, 13.988043328 ], [ -89.564215352, 13.988043328 ] ], [ [ -89.0281316, 13.980392632 ], [ -89.013899288, 13.980392632 ], [ -89.009155184, 13.982942864 ], [ -89.009155184, 13.988043328 ], [ -89.0281316, 13.985493096 ], [ -89.0281316, 13.980392632 ] ], [ [ -89.678073848, 13.980392632 ], [ -89.678073848, 13.985493096 ], [ -89.687562056, 13.982942863999989 ], [ -89.687562056, 13.980392632 ], [ -89.678073848, 13.980392632 ] ], [ [ -89.72077078400001, 13.95234008 ], [ -89.71602668, 13.949789848 ], [ -89.725514888, 13.944689384 ], [ -89.72077078400001, 13.944689384 ], [ -89.72077078400001, 13.93958892 ], [ -89.711282576, 13.937038688 ], [ -89.711282576, 13.93958892 ], [ -89.697050264, 13.93958892 ], [ -89.697050264, 13.95234008 ], [ -89.711282576, 13.95234008 ], [ -89.711282576, 13.959990776 ], [ -89.701794368, 13.96509124 ], [ -89.697050264, 13.975292168 ], [ -89.711282576, 13.970191704 ], [ -89.71602668, 13.975292168 ], [ -89.725514888, 13.975292168 ], [ -89.730258992, 13.972741936 ], [ -89.730258992, 13.96509124 ], [ -89.735003096000014, 13.96509124 ], [ -89.735003096000014, 13.959990776 ], [ -89.749235408, 13.962541008 ], [ -89.749235408, 13.947239616 ], [ -89.735003096000014, 13.949789848 ], [ -89.735003096000014, 13.957440544 ], [ -89.730258992, 13.959990776 ], [ -89.72077078400001, 13.959990776 ], [ -89.72077078400001, 13.95234008 ] ], [ [ -89.535750728, 13.967641472 ], [ -89.535750728, 13.972741936 ], [ -89.540494832, 13.972741936 ], [ -89.540494832, 13.967641472 ], [ -89.535750728, 13.967641472 ] ], [ [ -89.564215352, 13.957440544 ], [ -89.564215352, 13.962541008 ], [ -89.57370356, 13.962541008 ], [ -89.57370356, 13.957440544 ], [ -89.564215352, 13.957440544 ] ], [ [ -89.0281316, 13.962541008 ], [ -89.0281316, 13.959990776 ], [ -89.018643392, 13.959990776 ], [ -89.018643392, 13.962541008 ], [ -89.0281316, 13.962541008 ] ], [ [ -89.018643392, 13.954890312 ], [ -89.013899288, 13.954890312 ], [ -89.013899288, 13.949789848 ], [ -88.999666976, 13.949789848 ], [ -88.999666976, 13.957440544 ], [ -89.00441108, 13.959990776 ], [ -89.018643392, 13.959990776 ], [ -89.018643392, 13.954890312 ] ], [ [ -89.915279048, 13.95234008 ], [ -89.915279048, 13.957440544 ], [ -89.92951136, 13.959990776 ], [ -89.92951136, 13.954890312 ], [ -89.915279048, 13.95234008 ] ], [ [ -89.896302632, 13.959990776 ], [ -89.896302632, 13.954890312 ], [ -89.886814424, 13.95234008 ], [ -89.886814424, 13.957440544 ], [ -89.896302632, 13.959990776 ] ], [ [ -89.88207032, 13.949789848 ], [ -89.88207032, 13.95234008 ], [ -89.886814424, 13.95234008 ], [ -89.88207032, 13.949789848 ] ], [ [ -89.184687032, 13.954890312 ], [ -89.184687032, 13.959990776 ], [ -89.189431136, 13.959990776 ], [ -89.189431136, 13.954890312 ], [ -89.184687032, 13.954890312 ] ], [ [ -89.877326216, 13.92683776 ], [ -89.877326216, 13.919187064 ], [ -89.886814424, 13.9140866 ], [ -89.901046736, 13.916636832 ], [ -89.891558528000019, 13.908986136 ], [ -89.901046736, 13.906435904 ], [ -89.901046736, 13.896234976 ], [ -89.90579084, 13.896234976 ], [ -89.90579084, 13.88858428 ], [ -89.910534944, 13.886034048 ], [ -89.901046736, 13.883483816 ], [ -89.901046736, 13.886034048 ], [ -89.891558528000019, 13.886034048 ], [ -89.877326216, 13.878383352 ], [ -89.877326216, 13.873282888 ], [ -89.88207032, 13.870732656 ], [ -89.877326216, 13.870732656 ], [ -89.877326216, 13.860531728 ], [ -89.88207032, 13.857981496 ], [ -89.872582112, 13.855431264 ], [ -89.872582112, 13.865632192 ], [ -89.867838008, 13.865632192 ], [ -89.867838008, 13.870732656 ], [ -89.872582112, 13.873282888 ], [ -89.8583498, 13.873282888 ], [ -89.848861592, 13.878383352 ], [ -89.853605696, 13.880933584 ], [ -89.853605696, 13.886034048 ], [ -89.86309390400001, 13.891134512 ], [ -89.853605696, 13.891134512 ], [ -89.853605696, 13.908986136 ], [ -89.848861592, 13.911536368 ], [ -89.83462928, 13.908986136 ], [ -89.83462928, 13.916636832 ], [ -89.839373384000012, 13.916636832 ], [ -89.83462928, 13.919187064 ], [ -89.83462928, 13.924287528 ], [ -89.848861592, 13.929387992 ], [ -89.844117488, 13.931938224 ], [ -89.844117488, 13.942139152 ], [ -89.853605696, 13.944689384 ], [ -89.8583498, 13.954890312 ], [ -89.877326216, 13.944689384 ], [ -89.877326216, 13.93958892 ], [ -89.886814424, 13.942139152 ], [ -89.891558528000019, 13.93958892 ], [ -89.891558528000019, 13.931938224 ], [ -89.877326216, 13.937038688 ], [ -89.877326216, 13.929387992 ], [ -89.88207032, 13.92683776 ], [ -89.877326216, 13.92683776 ] ], [ [ -89.602168184, 13.949789848 ], [ -89.602168184, 13.944689384 ], [ -89.592679976, 13.944689384 ], [ -89.587935872, 13.949789848 ], [ -89.602168184, 13.949789848 ] ], [ [ -88.909529, 13.944689384 ], [ -88.909529, 13.947239616 ], [ -88.923761312, 13.947239616 ], [ -88.923761312, 13.944689384 ], [ -88.909529, 13.944689384 ] ], [ [ -89.782444136000024, 13.93958892 ], [ -89.78718824, 13.942139152 ], [ -89.796676448, 13.937038688 ], [ -89.791932344, 13.931938224 ], [ -89.782444136000024, 13.934488456 ], [ -89.782444136000024, 13.93958892 ] ], [ [ -89.00441108, 13.942139152 ], [ -89.00441108, 13.937038688 ], [ -88.999666976, 13.937038688 ], [ -88.999666976, 13.942139152 ], [ -89.00441108, 13.942139152 ] ], [ [ -88.994922872, 13.934488456 ], [ -88.994922872, 13.937038688 ], [ -88.999666976, 13.937038688 ], [ -88.994922872, 13.934488456 ] ], [ [ -89.815652864, 13.937038688 ], [ -89.815652864, 13.93958892 ], [ -89.820396968, 13.93958892 ], [ -89.815652864, 13.937038688 ] ], [ [ -89.829885176, 13.92683776 ], [ -89.820396968, 13.92683776 ], [ -89.81090876, 13.931938224 ], [ -89.81090876, 13.937038688 ], [ -89.829885176, 13.931938224 ], [ -89.829885176, 13.92683776 ] ], [ [ -89.654353328, 13.93958892 ], [ -89.654353328, 13.929387992 ], [ -89.649609224, 13.929387992 ], [ -89.64486512, 13.93958892 ], [ -89.654353328, 13.93958892 ] ], [ [ -89.772955928, 13.934488456 ], [ -89.777700032, 13.924287528 ], [ -89.768211824, 13.924287528 ], [ -89.768211824, 13.921737296 ], [ -89.758723616, 13.924287528 ], [ -89.758723616, 13.929387992 ], [ -89.76346772, 13.929387992 ], [ -89.76346772, 13.934488456 ], [ -89.758723616, 13.937038688 ], [ -89.772955928, 13.934488456 ] ], [ [ -89.730258992, 13.929387992 ], [ -89.730258992, 13.934488456 ], [ -89.7397472, 13.931938224 ], [ -89.7397472, 13.929387992 ], [ -89.730258992, 13.929387992 ] ], [ [ -89.706538472, 13.934488456 ], [ -89.71602668, 13.934488456 ], [ -89.71602668, 13.92683776 ], [ -89.697050264, 13.924287528 ], [ -89.687562056, 13.929387992 ], [ -89.687562056, 13.931938224 ], [ -89.706538472, 13.931938224 ], [ -89.706538472, 13.934488456 ] ], [ [ -89.711282576, 13.898785208 ], [ -89.711282576, 13.891134512 ], [ -89.735003096000014, 13.88858428 ], [ -89.7397472, 13.886034048 ], [ -89.7397472, 13.880933584 ], [ -89.72077078400001, 13.880933584 ], [ -89.711282576, 13.87583312 ], [ -89.706538472, 13.891134512 ], [ -89.673329744, 13.896234976 ], [ -89.687562056, 13.88858428 ], [ -89.687562056, 13.880933584 ], [ -89.678073848, 13.883483816 ], [ -89.678073848, 13.88858428 ], [ -89.66858564, 13.88858428 ], [ -89.66858564, 13.883483816 ], [ -89.673329744, 13.880933584 ], [ -89.66858564, 13.878383352 ], [ -89.663841536, 13.878383352 ], [ -89.663841536, 13.883483816 ], [ -89.654353328, 13.880933584 ], [ -89.654353328, 13.883483816 ], [ -89.64486512, 13.883483816 ], [ -89.64486512, 13.878383352 ], [ -89.654353328, 13.87583312 ], [ -89.64486512, 13.870732656 ], [ -89.64486512, 13.860531728 ], [ -89.649609224, 13.860531728 ], [ -89.649609224, 13.855431264 ], [ -89.635376912, 13.852881032 ], [ -89.635376912, 13.847780568 ], [ -89.625888704, 13.847780568 ], [ -89.625888704, 13.855431264 ], [ -89.635376912, 13.857981496 ], [ -89.625888704, 13.86308196 ], [ -89.625888704, 13.868182424 ], [ -89.640121016, 13.873282888 ], [ -89.635376912, 13.87583312 ], [ -89.635376912, 13.880933584 ], [ -89.630632808000016, 13.880933584 ], [ -89.630632808000016, 13.88858428 ], [ -89.640121016, 13.893684744 ], [ -89.640121016, 13.90133544 ], [ -89.64486512, 13.90133544 ], [ -89.64486512, 13.906435904 ], [ -89.654353328, 13.906435904 ], [ -89.663841536, 13.898785208 ], [ -89.678073848, 13.903885672 ], [ -89.687562056, 13.898785208 ], [ -89.687562056, 13.9140866 ], [ -89.673329744, 13.911536368 ], [ -89.673329744, 13.906435904 ], [ -89.663841536, 13.906435904 ], [ -89.659097432, 13.911536368 ], [ -89.64486512, 13.911536368 ], [ -89.64486512, 13.916636832 ], [ -89.659097432, 13.921737296 ], [ -89.659097432, 13.9140866 ], [ -89.66858564, 13.9140866 ], [ -89.66858564, 13.916636832 ], [ -89.682817952, 13.916636832 ], [ -89.69230616, 13.924287528 ], [ -89.711282576, 13.919187064 ], [ -89.711282576, 13.9140866 ], [ -89.697050264, 13.9140866 ], [ -89.697050264, 13.911536368 ], [ -89.706538472, 13.908986136 ], [ -89.706538472, 13.898785208 ], [ -89.711282576, 13.898785208 ] ], [ [ -89.796676448, 13.921737296 ], [ -89.791932344, 13.916636832 ], [ -89.782444136000024, 13.919187064 ], [ -89.782444136000024, 13.924287528 ], [ -89.796676448, 13.921737296 ] ], [ [ -89.635376912, 13.919187064 ], [ -89.635376912, 13.911536368 ], [ -89.625888704, 13.911536368 ], [ -89.625888704, 13.924287528 ], [ -89.640121016, 13.921737296 ], [ -89.635376912, 13.919187064 ] ], [ [ -89.72077078400001, 13.921737296 ], [ -89.735003096000014, 13.919187064 ], [ -89.735003096000014, 13.9140866 ], [ -89.72077078400001, 13.916636832 ], [ -89.72077078400001, 13.921737296 ] ], [ [ -89.744491304, 13.9140866 ], [ -89.744491304, 13.911536368 ], [ -89.758723616, 13.9140866 ], [ -89.76346772, 13.911536368 ], [ -89.76346772, 13.916636832 ], [ -89.772955928, 13.919187064 ], [ -89.777700032, 13.9140866 ], [ -89.772955928, 13.9140866 ], [ -89.772955928, 13.906435904 ], [ -89.782444136000024, 13.90133544 ], [ -89.782444136000024, 13.896234976 ], [ -89.76346772, 13.893684744 ], [ -89.76346772, 13.891134512 ], [ -89.772955928, 13.891134512 ], [ -89.772955928, 13.886034048 ], [ -89.758723616, 13.883483816 ], [ -89.753979512, 13.886034048 ], [ -89.753979512, 13.898785208 ], [ -89.749235408, 13.896234976 ], [ -89.7397472, 13.898785208 ], [ -89.7397472, 13.908986136 ], [ -89.735003096000014, 13.908986136 ], [ -89.735003096000014, 13.9140866 ], [ -89.744491304, 13.9140866 ] ], [ [ -89.417148128, 13.903885672 ], [ -89.417148128, 13.911536368 ], [ -89.426636336, 13.906435904 ], [ -89.426636336, 13.90133544 ], [ -89.417148128, 13.903885672 ] ], [ [ -89.602168184, 13.90133544 ], [ -89.59742408, 13.898785208 ], [ -89.587935872, 13.903885672 ], [ -89.587935872, 13.908986136 ], [ -89.606912288, 13.908986136 ], [ -89.6211446, 13.898785208 ], [ -89.602168184, 13.90133544 ] ], [ [ -89.71602668, 13.90133544 ], [ -89.71602668, 13.903885672 ], [ -89.725514888, 13.903885672 ], [ -89.725514888, 13.90133544 ], [ -89.71602668, 13.90133544 ] ], [ [ -89.844117488, 13.896234976 ], [ -89.839373384000012, 13.891134512 ], [ -89.829885176, 13.893684744 ], [ -89.829885176, 13.898785208 ], [ -89.844117488, 13.896234976 ] ], [ [ -89.801420552, 13.886034048 ], [ -89.796676448, 13.883483816 ], [ -89.782444136000024, 13.886034048 ], [ -89.782444136000024, 13.891134512 ], [ -89.78718824, 13.893684744 ], [ -89.796676448, 13.88858428 ], [ -89.820396968, 13.891134512 ], [ -89.820396968, 13.88858428 ], [ -89.83462928, 13.886034048 ], [ -89.83462928, 13.880933584 ], [ -89.820396968, 13.873282888 ], [ -89.81090876, 13.873282888 ], [ -89.81090876, 13.87583312 ], [ -89.801420552, 13.87583312 ], [ -89.801420552, 13.886034048 ] ], [ [ -89.531006624, 13.878383352 ], [ -89.531006624, 13.886034048 ], [ -89.535750728, 13.886034048 ], [ -89.535750728, 13.878383352 ], [ -89.531006624, 13.878383352 ] ], [ [ -89.236872176, 13.883483816 ], [ -89.232128072, 13.883483816 ], [ -89.232128072, 13.886034048 ], [ -89.236872176, 13.883483816 ] ], [ [ -89.246360384, 13.883483816 ], [ -89.246360384, 13.880933584 ], [ -89.236872176, 13.880933584 ], [ -89.236872176, 13.883483816 ], [ -89.246360384, 13.883483816 ] ], [ [ -89.962720088, 13.880933584 ], [ -89.972208296, 13.880933584 ], [ -89.967464192, 13.870732656 ], [ -89.957975984, 13.87583312 ], [ -89.962720088, 13.87583312 ], [ -89.962720088, 13.880933584 ] ], [ [ -89.587935872, 13.880933584 ], [ -89.602168184, 13.880933584 ], [ -89.611656392, 13.87583312 ], [ -89.602168184, 13.870732656 ], [ -89.587935872, 13.873282888 ], [ -89.587935872, 13.880933584 ] ], [ [ -89.891558528000019, 13.873282888 ], [ -89.891558528000019, 13.878383352 ], [ -89.896302632, 13.878383352 ], [ -89.896302632, 13.873282888 ], [ -89.891558528000019, 13.873282888 ] ], [ [ -89.92476725600001, 13.86308196 ], [ -89.92951136, 13.860531728 ], [ -89.915279048, 13.860531728 ], [ -89.901046736, 13.870732656 ], [ -89.92476725600001, 13.87583312 ], [ -89.92476725600001, 13.870732656 ], [ -89.920023152, 13.868182424 ], [ -89.92476725600001, 13.868182424 ], [ -89.92476725600001, 13.86308196 ] ], [ [ -89.531006624, 13.873282888 ], [ -89.531006624, 13.87583312 ], [ -89.535750728, 13.87583312 ], [ -89.531006624, 13.873282888 ] ], [ [ -89.531006624, 13.868182424 ], [ -89.521518416, 13.868182424 ], [ -89.521518416, 13.873282888 ], [ -89.531006624, 13.873282888 ], [ -89.531006624, 13.868182424 ] ], [ [ -89.66858564, 13.83757964 ], [ -89.66858564, 13.842680104 ], [ -89.654353328, 13.845230336 ], [ -89.649609224, 13.8503308 ], [ -89.663841536, 13.855431264 ], [ -89.673329744, 13.8503308 ], [ -89.678073848, 13.860531728 ], [ -89.69230616, 13.86308196 ], [ -89.687562056, 13.865632192 ], [ -89.687562056, 13.870732656 ], [ -89.697050264, 13.870732656 ], [ -89.697050264, 13.865632192 ], [ -89.701794368, 13.865632192 ], [ -89.701794368, 13.868182424 ], [ -89.711282576, 13.868182424 ], [ -89.711282576, 13.873282888 ], [ -89.735003096000014, 13.868182424 ], [ -89.735003096000014, 13.857981496 ], [ -89.7397472, 13.855431264 ], [ -89.76346772, 13.857981496 ], [ -89.768211824, 13.855431264 ], [ -89.768211824, 13.842680104 ], [ -89.76346772, 13.840129872 ], [ -89.753979512, 13.842680104 ], [ -89.758723616, 13.845230336 ], [ -89.758723616, 13.8503308 ], [ -89.744491304, 13.847780568 ], [ -89.744491304, 13.8503308 ], [ -89.725514888, 13.852881032 ], [ -89.725514888, 13.847780568 ], [ -89.72077078400001, 13.845230336 ], [ -89.706538472, 13.847780568 ], [ -89.706538472, 13.8503308 ], [ -89.69230616, 13.8503308 ], [ -89.69230616, 13.835029408 ], [ -89.678073848, 13.829928944 ], [ -89.678073848, 13.835029408 ], [ -89.66858564, 13.83757964 ] ], [ [ -89.749235408, 13.840129872 ], [ -89.735003096000014, 13.840129872 ], [ -89.735003096000014, 13.845230336 ], [ -89.7397472, 13.847780568 ], [ -89.749235408, 13.845230336 ], [ -89.749235408, 13.840129872 ] ], [ [ -89.232128072, 13.865632192 ], [ -89.232128072, 13.870732656 ], [ -89.236872176, 13.870732656 ], [ -89.236872176, 13.865632192 ], [ -89.232128072, 13.865632192 ] ], [ [ -89.568959456, 13.868182424 ], [ -89.568959456, 13.86308196 ], [ -89.559471248, 13.86308196 ], [ -89.559471248, 13.865632192 ], [ -89.568959456, 13.868182424 ] ], [ [ -89.535750728, 13.857981496 ], [ -89.531006624, 13.860531728 ], [ -89.531006624, 13.865632192 ], [ -89.54998304, 13.868182424 ], [ -89.554727144, 13.865632192 ], [ -89.54998304, 13.86308196 ], [ -89.54998304, 13.855431264 ], [ -89.540494832, 13.855431264 ], [ -89.54998304, 13.8503308 ], [ -89.535750728, 13.847780568 ], [ -89.535750728, 13.852881032 ], [ -89.531006624, 13.852881032 ], [ -89.531006624, 13.857981496 ], [ -89.535750728, 13.857981496 ] ], [ [ -89.943743672000011, 13.82482848 ], [ -89.934255464, 13.82482848 ], [ -89.92476725600001, 13.817177784 ], [ -89.915279048, 13.817177784 ], [ -89.901046736, 13.82482848 ], [ -89.901046736, 13.829928944 ], [ -89.920023152, 13.829928944 ], [ -89.92476725600001, 13.835029408 ], [ -89.934255464, 13.835029408 ], [ -89.934255464, 13.829928944 ], [ -89.938999568, 13.829928944 ], [ -89.948487776, 13.835029408 ], [ -89.948487776, 13.842680104 ], [ -89.943743672000011, 13.842680104 ], [ -89.943743672000011, 13.847780568 ], [ -89.948487776, 13.8503308 ], [ -89.957975984, 13.8503308 ], [ -89.962720088, 13.847780568 ], [ -89.962720088, 13.842680104 ], [ -89.9769524, 13.835029408 ], [ -89.967464192, 13.832479176 ], [ -89.967464192, 13.827378712 ], [ -89.962720088, 13.827378712 ], [ -89.962720088, 13.819728016 ], [ -89.957975984, 13.817177784 ], [ -89.943743672000011, 13.82482848 ] ], [ [ -89.512030208, 13.845230336 ], [ -89.512030208, 13.8503308 ], [ -89.521518416, 13.8503308 ], [ -89.521518416, 13.845230336 ], [ -89.512030208, 13.845230336 ] ], [ [ -89.853605696, 13.832479176 ], [ -89.872582112, 13.832479176 ], [ -89.872582112, 13.819728016 ], [ -89.848861592, 13.822278248 ], [ -89.844117488, 13.82482848 ], [ -89.844117488, 13.832479176 ], [ -89.83462928, 13.832479176 ], [ -89.83462928, 13.83757964 ], [ -89.844117488, 13.840129872 ], [ -89.853605696, 13.832479176 ] ], [ [ -89.137245992, 13.832479176 ], [ -89.137245992, 13.83757964 ], [ -89.1467342, 13.83757964 ], [ -89.1467342, 13.832479176 ], [ -89.137245992, 13.832479176 ] ], [ [ -89.274825008, 13.827378712 ], [ -89.274825008, 13.832479176 ], [ -89.279569112, 13.832479176 ], [ -89.279569112, 13.827378712 ], [ -89.274825008, 13.827378712 ] ], [ [ -89.640121016, 13.819728016 ], [ -89.640121016, 13.81207732 ], [ -89.64486512, 13.809527088 ], [ -89.640121016, 13.809527088 ], [ -89.640121016, 13.79932616 ], [ -89.630632808000016, 13.79932616 ], [ -89.630632808000016, 13.804426624 ], [ -89.625888704, 13.804426624 ], [ -89.630632808000016, 13.806976856 ], [ -89.630632808000016, 13.81207732 ], [ -89.635376912, 13.81207732 ], [ -89.630632808000016, 13.814627552 ], [ -89.630632808000016, 13.819728016 ], [ -89.640121016, 13.819728016 ] ], [ [ -89.920023152, 13.781474536 ], [ -89.90579084, 13.781474536 ], [ -89.90579084, 13.778924304 ], [ -89.896302632, 13.784024768 ], [ -89.910534944, 13.784024768 ], [ -89.915279048, 13.79932616 ], [ -89.92951136, 13.796775928 ], [ -89.92951136, 13.791675464 ], [ -89.934255464, 13.791675464 ], [ -89.934255464, 13.784024768 ], [ -89.938999568, 13.781474536 ], [ -89.920023152, 13.778924304 ], [ -89.920023152, 13.781474536 ] ], [ [ -89.901046736, 13.778924304 ], [ -89.901046736, 13.77382384 ], [ -89.891558528000019, 13.77382384 ], [ -89.891558528000019, 13.776374072 ], [ -89.901046736, 13.778924304 ] ], [ [ -89.322266048, 13.791675464 ], [ -89.322266048, 13.796775928 ], [ -89.331754256, 13.79932616 ], [ -89.341242464, 13.794225696 ], [ -89.341242464, 13.789125232 ], [ -89.322266048, 13.791675464 ] ], [ [ -89.81090876, 13.794225696 ], [ -89.806164656, 13.789125232 ], [ -89.791932344, 13.791675464 ], [ -89.791932344, 13.796775928 ], [ -89.81090876, 13.794225696 ] ], [ [ -89.308033736, 13.794225696 ], [ -89.303289632, 13.794225696 ], [ -89.303289632, 13.796775928 ], [ -89.308033736, 13.794225696 ] ], [ [ -89.31277784, 13.791675464 ], [ -89.308033736, 13.791675464 ], [ -89.308033736, 13.794225696 ], [ -89.31277784, 13.791675464 ] ], [ [ -87.742479416, 13.789125232 ], [ -87.751967623999988, 13.789125232 ], [ -87.74722352, 13.784024768 ], [ -87.742479416, 13.784024768 ], [ -87.742479416, 13.789125232 ] ], [ [ -90.010161128, 13.778924304 ], [ -90.00067292, 13.778924304 ], [ -89.995928816000017, 13.781474536 ], [ -89.995928816000017, 13.786575 ], [ -90.010161128, 13.778924304 ] ], [ [ -89.189431136, 13.786575 ], [ -89.189431136, 13.781474536 ], [ -89.184687032, 13.781474536 ], [ -89.179942928, 13.786575 ], [ -89.189431136, 13.786575 ] ], [ [ -89.8583498, 13.768723376 ], [ -89.8583498, 13.778924304 ], [ -89.88207032, 13.77382384 ], [ -89.88207032, 13.766173144 ], [ -89.872582112, 13.768723376 ], [ -89.872582112, 13.77382384 ], [ -89.8583498, 13.768723376 ] ], [ [ -89.86309390400001, 13.766173144 ], [ -89.877326216, 13.766173144 ], [ -89.872582112, 13.76107268 ], [ -89.86309390400001, 13.76107268 ], [ -89.86309390400001, 13.766173144 ] ], [ [ -89.981696504, 13.77382384 ], [ -89.981696504, 13.776374072 ], [ -89.991184712, 13.776374072 ], [ -89.991184712, 13.77382384 ], [ -89.981696504, 13.77382384 ] ], [ [ -88.677067904, 13.766173144 ], [ -88.677067904, 13.771273608 ], [ -88.681812008, 13.771273608 ], [ -88.681812008, 13.766173144 ], [ -88.677067904, 13.766173144 ] ], [ [ -89.972208296, 13.763622912 ], [ -89.9769524, 13.763622912 ], [ -89.9769524, 13.768723376 ], [ -89.986440608, 13.768723376 ], [ -89.986440608, 13.763622912 ], [ -89.9769524, 13.758522448 ], [ -89.972208296, 13.758522448 ], [ -89.972208296, 13.763622912 ] ], [ [ -89.872582112, 13.753421984 ], [ -89.872582112, 13.755972216 ], [ -89.877326216, 13.755972216 ], [ -89.872582112, 13.753421984 ] ], [ [ -89.872582112, 13.74832152 ], [ -89.86309390400001, 13.74832152 ], [ -89.86309390400001, 13.753421984 ], [ -89.872582112, 13.753421984 ], [ -89.872582112, 13.74832152 ] ], [ [ -89.92476725600001, 13.733020128 ], [ -89.92951136, 13.717718736 ], [ -89.910534944, 13.707517808 ], [ -89.910534944, 13.699867112 ], [ -89.920023152, 13.69731688 ], [ -89.915279048, 13.694766648 ], [ -89.915279048, 13.689666184 ], [ -89.910534944, 13.689666184 ], [ -89.915279048, 13.687115952 ], [ -89.915279048, 13.682015488 ], [ -89.90579084, 13.679465256 ], [ -89.90579084, 13.674364792 ], [ -89.896302632, 13.674364792 ], [ -89.901046736, 13.676915024 ], [ -89.901046736, 13.687115952 ], [ -89.90579084, 13.687115952 ], [ -89.90579084, 13.692216416 ], [ -89.896302632, 13.692216416 ], [ -89.896302632, 13.69731688 ], [ -89.891558528000019, 13.69731688 ], [ -89.891558528000019, 13.704967576 ], [ -89.886814424, 13.707517808 ], [ -89.877326216, 13.704967576 ], [ -89.877326216, 13.699867112 ], [ -89.88207032, 13.699867112 ], [ -89.88207032, 13.689666184 ], [ -89.86309390400001, 13.689666184 ], [ -89.8583498, 13.694766648 ], [ -89.872582112, 13.692216416 ], [ -89.872582112, 13.702417344 ], [ -89.8583498, 13.704967576 ], [ -89.8583498, 13.71006804 ], [ -89.848861592, 13.715168504 ], [ -89.848861592, 13.720268968 ], [ -89.83462928, 13.715168504 ], [ -89.825141072, 13.720268968 ], [ -89.825141072, 13.725369432 ], [ -89.815652864, 13.727919664 ], [ -89.815652864, 13.733020128 ], [ -89.820396968, 13.733020128 ], [ -89.820396968, 13.743221056 ], [ -89.825141072, 13.743221056 ], [ -89.825141072, 13.750871752 ], [ -89.829885176, 13.753421984 ], [ -89.839373384000012, 13.750871752 ], [ -89.839373384000012, 13.743221056 ], [ -89.848861592, 13.738120592 ], [ -89.867838008, 13.738120592 ], [ -89.877326216, 13.730469896 ], [ -89.891558528000019, 13.738120592 ], [ -89.910534944, 13.73557036 ], [ -89.910534944, 13.727919664 ], [ -89.92476725600001, 13.733020128 ] ], [ [ -87.880058432, 13.750871752 ], [ -87.880058432, 13.743221056 ], [ -87.870570224, 13.743221056 ], [ -87.870570224, 13.74832152 ], [ -87.880058432, 13.750871752 ] ], [ [ -89.184687032, 13.743221056 ], [ -89.184687032, 13.74832152 ], [ -89.189431136, 13.74832152 ], [ -89.189431136, 13.743221056 ], [ -89.184687032, 13.743221056 ] ], [ [ -90.04811396, 13.730469896 ], [ -90.057602168, 13.740670824 ], [ -90.06709037600001, 13.740670824 ], [ -90.06709037600001, 13.73557036 ], [ -90.057602168, 13.730469896 ], [ -90.04811396, 13.730469896 ] ], [ [ -89.203663448, 13.725369432 ], [ -89.203663448, 13.733020128 ], [ -89.213151656, 13.730469896 ], [ -89.213151656, 13.727919664 ], [ -89.203663448, 13.725369432 ] ], [ [ -87.86582612, 13.7228192 ], [ -87.86582612, 13.727919664 ], [ -87.870570224, 13.727919664 ], [ -87.870570224, 13.7228192 ], [ -87.86582612, 13.7228192 ] ], [ [ -89.72077078400001, 13.720268968 ], [ -89.72077078400001, 13.725369432 ], [ -89.7397472, 13.725369432 ], [ -89.7397472, 13.7228192 ], [ -89.72077078400001, 13.720268968 ] ], [ [ -89.21789576, 13.717718736 ], [ -89.21789576, 13.712618272 ], [ -89.208407552, 13.712618272 ], [ -89.208407552, 13.717718736 ], [ -89.21789576, 13.717718736 ] ], [ [ -89.203663448, 13.689666184 ], [ -89.203663448, 13.68456572 ], [ -89.198919344, 13.682015488 ], [ -89.189431136, 13.68456572 ], [ -89.19417524, 13.687115952 ], [ -89.19417524, 13.692216416 ], [ -89.175198824, 13.704967576 ], [ -89.189431136, 13.704967576 ], [ -89.184687032, 13.707517808 ], [ -89.184687032, 13.715168504 ], [ -89.19417524, 13.712618272 ], [ -89.198919344, 13.715168504 ], [ -89.208407552, 13.71006804 ], [ -89.198919344, 13.71006804 ], [ -89.203663448, 13.704967576 ], [ -89.198919344, 13.704967576 ], [ -89.198919344, 13.69731688 ], [ -89.208407552, 13.694766648 ], [ -89.208407552, 13.689666184 ], [ -89.203663448, 13.689666184 ] ], [ [ -89.189431136, 13.661613632 ], [ -89.189431136, 13.653962936 ], [ -89.17045472, 13.653962936 ], [ -89.17045472, 13.6590634 ], [ -89.179942928, 13.664163864 ], [ -89.17045472, 13.664163864 ], [ -89.165710616000013, 13.669264328 ], [ -89.1467342, 13.669264328 ], [ -89.1467342, 13.676915024 ], [ -89.160966512, 13.679465256 ], [ -89.160966512, 13.689666184 ], [ -89.165710616000013, 13.689666184 ], [ -89.165710616000013, 13.694766648 ], [ -89.156222408, 13.694766648 ], [ -89.137245992, 13.707517808 ], [ -89.156222408, 13.71006804 ], [ -89.165710616000013, 13.699867112 ], [ -89.179942928, 13.69731688 ], [ -89.179942928, 13.687115952 ], [ -89.189431136, 13.682015488 ], [ -89.184687032, 13.682015488 ], [ -89.184687032, 13.676915024 ], [ -89.179942928, 13.674364792 ], [ -89.19417524, 13.67181456 ], [ -89.19417524, 13.666714096 ], [ -89.198919344, 13.664163864 ], [ -89.189431136, 13.661613632 ] ], [ [ -89.137245992, 13.699867112 ], [ -89.137245992, 13.702417344 ], [ -89.141990096, 13.702417344 ], [ -89.137245992, 13.699867112 ] ], [ [ -89.137245992, 13.69731688 ], [ -89.151478304, 13.694766648 ], [ -89.151478304, 13.687115952 ], [ -89.137245992, 13.687115952 ], [ -89.137245992, 13.682015488 ], [ -89.127757784, 13.679465256 ], [ -89.127757784, 13.68456572 ], [ -89.12301368, 13.68456572 ], [ -89.127757784, 13.687115952 ], [ -89.127757784, 13.692216416 ], [ -89.108781368, 13.692216416 ], [ -89.108781368, 13.69731688 ], [ -89.118269576, 13.702417344 ], [ -89.137245992, 13.699867112 ], [ -89.137245992, 13.69731688 ] ], [ [ -89.943743672000011, 13.712618272 ], [ -89.938999568, 13.712618272 ], [ -89.938999568, 13.715168504 ], [ -89.943743672000011, 13.712618272 ] ], [ [ -89.95323188, 13.712618272 ], [ -89.95323188, 13.707517808 ], [ -89.938999568, 13.707517808 ], [ -89.943743672000011, 13.712618272 ], [ -89.95323188, 13.712618272 ] ], [ [ -89.72077078400001, 13.712618272 ], [ -89.72077078400001, 13.715168504 ], [ -89.725514888, 13.715168504 ], [ -89.72077078400001, 13.712618272 ] ], [ [ -89.72077078400001, 13.707517808 ], [ -89.71602668, 13.707517808 ], [ -89.71602668, 13.712618272 ], [ -89.72077078400001, 13.712618272 ], [ -89.72077078400001, 13.707517808 ] ], [ [ -88.487303744000016, 13.679465256 ], [ -88.48255964, 13.679465256 ], [ -88.487303744000016, 13.689666184 ], [ -88.473071432, 13.692216416 ], [ -88.473071432, 13.694766648 ], [ -88.477815536, 13.694766648 ], [ -88.477815536, 13.699867112 ], [ -88.48255964, 13.699867112 ], [ -88.48255964, 13.707517808 ], [ -88.492047848, 13.712618272 ], [ -88.50628016, 13.712618272 ], [ -88.50628016, 13.699867112 ], [ -88.511024264, 13.699867112 ], [ -88.511024264, 13.692216416 ], [ -88.496791952, 13.68456572 ], [ -88.501536056, 13.679465256 ], [ -88.496791952, 13.676915024 ], [ -88.501536056, 13.676915024 ], [ -88.501536056, 13.67181456 ], [ -88.487303744000016, 13.674364792 ], [ -88.487303744000016, 13.679465256 ] ], [ [ -89.165710616000013, 13.707517808 ], [ -89.165710616000013, 13.71006804 ], [ -89.175198824, 13.71006804 ], [ -89.175198824, 13.707517808 ], [ -89.165710616000013, 13.707517808 ] ], [ [ -89.962720088, 13.702417344 ], [ -89.962720088, 13.707517808 ], [ -89.972208296, 13.707517808 ], [ -89.972208296, 13.702417344 ], [ -89.962720088, 13.702417344 ] ], [ [ -89.21789576, 13.694766648 ], [ -89.21789576, 13.699867112 ], [ -89.232128072, 13.69731688 ], [ -89.232128072, 13.694766648 ], [ -89.21789576, 13.694766648 ] ], [ [ -89.07557264, 13.68456572 ], [ -89.080316744, 13.68456572 ], [ -89.080316744, 13.689666184 ], [ -89.089804952, 13.687115952 ], [ -89.089804952, 13.679465256 ], [ -89.085060848, 13.676915024 ], [ -89.089804952, 13.674364792 ], [ -89.080316744, 13.669264328 ], [ -89.070828536, 13.669264328 ], [ -89.07557264, 13.666714096 ], [ -89.07557264, 13.656513168 ], [ -89.085060848, 13.653962936 ], [ -89.085060848, 13.64631224 ], [ -89.080316744, 13.64631224 ], [ -89.080316744, 13.641211776 ], [ -89.047108016, 13.64631224 ], [ -89.047108016, 13.636111312 ], [ -89.037619808, 13.636111312 ], [ -89.037619808, 13.643762008 ], [ -89.0281316, 13.648862472 ], [ -89.018643392, 13.648862472 ], [ -89.018643392, 13.64631224 ], [ -89.009155184, 13.648862472 ], [ -89.018643392, 13.653962936 ], [ -89.013899288, 13.656513168 ], [ -89.013899288, 13.661613632 ], [ -89.009155184, 13.661613632 ], [ -89.009155184, 13.669264328 ], [ -89.013899288, 13.669264328 ], [ -89.013899288, 13.679465256 ], [ -89.009155184, 13.682015488 ], [ -88.999666976, 13.679465256 ], [ -88.999666976, 13.68456572 ], [ -88.994922872, 13.68456572 ], [ -88.994922872, 13.692216416 ], [ -89.013899288, 13.692216416 ], [ -89.018643392, 13.69731688 ], [ -89.037619808, 13.699867112 ], [ -89.037619808, 13.69731688 ], [ -89.056596224000018, 13.694766648 ], [ -89.056596224000018, 13.692216416 ], [ -89.070828536, 13.694766648 ], [ -89.07557264, 13.692216416 ], [ -89.07557264, 13.68456572 ] ], [ [ -89.801420552, 13.689666184 ], [ -89.796676448, 13.692216416 ], [ -89.806164656, 13.692216416 ], [ -89.815652864, 13.687115952 ], [ -89.81090876, 13.682015488 ], [ -89.820396968, 13.682015488 ], [ -89.820396968, 13.676915024 ], [ -89.806164656, 13.674364792 ], [ -89.796676448, 13.679465256 ], [ -89.801420552, 13.689666184 ] ], [ [ -89.232128072, 13.692216416 ], [ -89.24161628, 13.692216416 ], [ -89.236872176, 13.687115952 ], [ -89.232128072, 13.687115952 ], [ -89.232128072, 13.692216416 ] ], [ [ -89.83462928, 13.68456572 ], [ -89.83462928, 13.689666184 ], [ -89.848861592, 13.689666184 ], [ -89.848861592, 13.68456572 ], [ -89.83462928, 13.68456572 ] ], [ [ -89.777700032, 13.682015488 ], [ -89.772955928, 13.682015488 ], [ -89.772955928, 13.68456572 ], [ -89.777700032, 13.682015488 ] ], [ [ -89.78718824, 13.682015488 ], [ -89.791932344, 13.666714096 ], [ -89.777700032, 13.666714096 ], [ -89.777700032, 13.67181456 ], [ -89.782444136000024, 13.67181456 ], [ -89.782444136000024, 13.679465256 ], [ -89.777700032, 13.682015488 ], [ -89.78718824, 13.682015488 ] ], [ [ -89.753979512, 13.682015488 ], [ -89.753979512, 13.68456572 ], [ -89.76346772, 13.68456572 ], [ -89.76346772, 13.682015488 ], [ -89.753979512, 13.682015488 ] ], [ [ -89.260592696, 13.674364792 ], [ -89.260592696, 13.682015488 ], [ -89.270080904000011, 13.679465256 ], [ -89.270080904000011, 13.674364792 ], [ -89.260592696, 13.674364792 ] ], [ [ -89.938999568, 13.679465256 ], [ -89.938999568, 13.674364792 ], [ -89.92951136, 13.67181456 ], [ -89.92951136, 13.679465256 ], [ -89.938999568, 13.679465256 ] ], [ [ -90.00067292, 13.67181456 ], [ -89.991184712, 13.67181456 ], [ -89.986440608, 13.676915024 ], [ -90.00541702400001, 13.676915024 ], [ -90.00067292, 13.67181456 ] ], [ [ -89.981696504, 13.676915024 ], [ -89.986440608, 13.67181456 ], [ -89.9769524, 13.669264328 ], [ -89.972208296, 13.674364792 ], [ -89.981696504, 13.676915024 ] ], [ [ -89.711282576, 13.674364792 ], [ -89.711282576, 13.676915024 ], [ -89.72077078400001, 13.676915024 ], [ -89.72077078400001, 13.674364792 ], [ -89.711282576, 13.674364792 ] ], [ [ -88.03186976, 13.669264328 ], [ -88.027125656, 13.669264328 ], [ -88.027125656, 13.67181456 ], [ -88.03186976, 13.669264328 ] ], [ [ -88.036613863999989, 13.666714096 ], [ -88.03186976, 13.666714096 ], [ -88.03186976, 13.669264328 ], [ -88.036613863999989, 13.666714096 ] ], [ [ -89.71602668, 13.661613632 ], [ -89.701794368, 13.661613632 ], [ -89.706538472, 13.664163864 ], [ -89.706538472, 13.669264328 ], [ -89.71602668, 13.666714096 ], [ -89.71602668, 13.661613632 ] ], [ [ -89.915279048, 13.656513168 ], [ -89.90579084, 13.656513168 ], [ -89.90579084, 13.653962936 ], [ -89.896302632, 13.6590634 ], [ -89.910534944, 13.666714096 ], [ -89.920023152, 13.664163864 ], [ -89.92476725600001, 13.666714096 ], [ -89.92476725600001, 13.661613632 ], [ -89.915279048, 13.661613632 ], [ -89.915279048, 13.656513168 ] ], [ [ -89.678073848, 13.664163864 ], [ -89.678073848, 13.666714096 ], [ -89.687562056, 13.666714096 ], [ -89.687562056, 13.664163864 ], [ -89.678073848, 13.664163864 ] ], [ [ -89.1467342, 13.651412704 ], [ -89.141990096, 13.651412704 ], [ -89.141990096, 13.64631224 ], [ -89.137245992, 13.643762008 ], [ -89.127757784, 13.648862472 ], [ -89.132501888, 13.648862472 ], [ -89.132501888, 13.661613632 ], [ -89.141990096, 13.664163864 ], [ -89.141990096, 13.6590634 ], [ -89.1467342, 13.6590634 ], [ -89.1467342, 13.651412704 ] ], [ [ -89.45510096, 13.651412704 ], [ -89.450356856, 13.656513168 ], [ -89.464589168, 13.656513168 ], [ -89.464589168, 13.653962936 ], [ -89.45510096, 13.651412704 ] ], [ [ -88.24535444, 13.651412704 ], [ -88.235866232, 13.651412704 ], [ -88.235866232, 13.656513168 ], [ -88.24535444, 13.653962936 ], [ -88.24535444, 13.651412704 ] ], [ [ -88.250098544, 13.648862472 ], [ -88.24535444, 13.648862472 ], [ -88.24535444, 13.651412704 ], [ -88.250098544, 13.648862472 ] ], [ [ -88.188425192, 13.656513168 ], [ -88.188425192, 13.651412704 ], [ -88.178936984, 13.648862472 ], [ -88.178936984, 13.656513168 ], [ -88.188425192, 13.656513168 ] ], [ [ -89.92951136, 13.653962936 ], [ -89.938999568, 13.653962936 ], [ -89.934255464, 13.648862472 ], [ -89.92951136, 13.648862472 ], [ -89.92951136, 13.653962936 ] ], [ [ -88.017637447999988, 13.643762008 ], [ -88.017637447999988, 13.648862472 ], [ -88.027125656, 13.648862472 ], [ -88.022381552, 13.64631224 ], [ -88.022381552, 13.641211776 ], [ -88.00814924, 13.641211776 ], [ -88.00814924, 13.643762008 ], [ -88.017637447999988, 13.643762008 ] ], [ [ -88.05559028, 13.638661544 ], [ -88.05559028, 13.64631224 ], [ -88.065078488, 13.643762008 ], [ -88.065078488, 13.641211776 ], [ -88.05559028, 13.638661544 ] ], [ [ -88.164704672, 13.636111312 ], [ -88.17419288, 13.638661544 ], [ -88.17419288, 13.63356108 ], [ -88.178936984, 13.631010848 ], [ -88.169448776, 13.628460616 ], [ -88.169448776, 13.63356108 ], [ -88.164704672, 13.636111312 ] ], [ [ -88.084054904, 13.628460616 ], [ -88.074566696, 13.628460616 ], [ -88.074566696, 13.636111312 ], [ -88.088799008, 13.636111312 ], [ -88.084054904, 13.63356108 ], [ -88.084054904, 13.628460616 ] ], [ [ -88.041357968, 13.63356108 ], [ -88.041357968, 13.636111312 ], [ -88.050846176, 13.636111312 ], [ -88.050846176, 13.63356108 ], [ -88.041357968, 13.63356108 ] ], [ [ -88.027125656, 13.628460616 ], [ -88.027125656, 13.623360152 ], [ -88.017637447999988, 13.623360152 ], [ -88.017637447999988, 13.625910384 ], [ -88.027125656, 13.628460616 ] ], [ [ -89.412404024, 13.62080992 ], [ -89.43138044, 13.62080992 ], [ -89.43138044, 13.625910384 ], [ -89.436124544, 13.625910384 ], [ -89.436124544, 13.618259688 ], [ -89.445612752, 13.615709456 ], [ -89.445612752, 13.610608992 ], [ -89.440868648, 13.613159224 ], [ -89.421892232000019, 13.610608992 ], [ -89.421892232000019, 13.60805876 ], [ -89.379195296, 13.610608992 ], [ -89.379195296, 13.615709456 ], [ -89.3839394, 13.618259688 ], [ -89.402915816, 13.615709456 ], [ -89.412404024, 13.62080992 ] ], [ [ -88.212145712, 13.623360152 ], [ -88.22163392, 13.623360152 ], [ -88.216889816, 13.618259688 ], [ -88.212145712, 13.618259688 ], [ -88.212145712, 13.623360152 ] ], [ [ -88.069822592, 13.613159224 ], [ -88.069822592, 13.62080992 ], [ -88.074566696, 13.62080992 ], [ -88.074566696, 13.615709456 ], [ -88.0793108, 13.613159224 ], [ -88.069822592, 13.613159224 ] ], [ [ -88.17419288, 13.615709456 ], [ -88.17419288, 13.618259688 ], [ -88.178936984, 13.618259688 ], [ -88.17419288, 13.615709456 ] ], [ [ -88.17419288, 13.613159224 ], [ -88.164704672, 13.613159224 ], [ -88.159960568, 13.610608992 ], [ -88.159960568, 13.615709456 ], [ -88.17419288, 13.615709456 ], [ -88.17419288, 13.613159224 ] ], [ [ -88.155216464, 13.60805876 ], [ -88.155216464, 13.610608992 ], [ -88.159960568, 13.610608992 ], [ -88.155216464, 13.60805876 ] ], [ [ -88.1979134, 13.613159224 ], [ -88.1979134, 13.60805876 ], [ -88.188425192, 13.605508528 ], [ -88.188425192, 13.613159224 ], [ -88.1979134, 13.613159224 ] ], [ [ -88.240610336, 13.605508528 ], [ -88.240610336, 13.610608992 ], [ -88.24535444, 13.610608992 ], [ -88.24535444, 13.605508528 ], [ -88.240610336, 13.605508528 ] ], [ [ -88.069822592, 13.60805876 ], [ -88.069822592, 13.610608992 ], [ -88.084054904, 13.610608992 ], [ -88.084054904, 13.60805876 ], [ -88.069822592, 13.60805876 ] ], [ [ -88.316516, 13.605508528 ], [ -88.326004208, 13.605508528 ], [ -88.321260104, 13.600408064 ], [ -88.316516, 13.600408064 ], [ -88.316516, 13.605508528 ] ], [ [ -88.136240048, 13.590207136 ], [ -88.136240048, 13.5953076 ], [ -88.140984152, 13.5953076 ], [ -88.140984152, 13.590207136 ], [ -88.136240048, 13.590207136 ] ], [ [ -88.610650448, 13.592757368 ], [ -88.610650448, 13.587656904 ], [ -88.591674032000014, 13.587656904 ], [ -88.591674032000014, 13.590207136 ], [ -88.610650448, 13.592757368 ] ], [ [ -87.785176352, 13.585106672 ], [ -87.785176352, 13.592757368 ], [ -87.789920456, 13.592757368 ], [ -87.789920456, 13.585106672 ], [ -87.785176352, 13.585106672 ] ], [ [ -88.653347384, 13.580006208 ], [ -88.653347384, 13.58255644 ], [ -88.667579696, 13.58255644 ], [ -88.667579696, 13.580006208 ], [ -88.653347384, 13.580006208 ] ], [ [ -88.757717672, 13.572355512 ], [ -88.752973568, 13.572355512 ], [ -88.752973568, 13.574905744 ], [ -88.757717672, 13.572355512 ] ], [ [ -88.76720588, 13.572355512 ], [ -88.771949984, 13.567255048 ], [ -88.76720588, 13.564704816 ], [ -88.757717672, 13.567255048 ], [ -88.757717672, 13.572355512 ], [ -88.76720588, 13.572355512 ] ], [ [ -88.060334384, 13.495848552 ], [ -88.060334384, 13.490748088 ], [ -88.050846176, 13.490748088 ], [ -88.041357968, 13.485647624 ], [ -88.041357968, 13.48054716 ], [ -88.03186976, 13.483097392 ], [ -88.03186976, 13.477996928 ], [ -88.022381552, 13.477996928 ], [ -88.022381552, 13.483097392 ], [ -88.017637447999988, 13.483097392 ], [ -88.022381552, 13.488197856 ], [ -88.012893344, 13.49329832 ], [ -88.003405136, 13.488197856 ], [ -88.00814924, 13.485647624 ], [ -88.00814924, 13.48054716 ], [ -87.979684616, 13.483097392 ], [ -87.979684616, 13.49329832 ], [ -87.989172824, 13.49329832 ], [ -87.989172824, 13.500949016 ], [ -88.00814924, 13.498398784 ], [ -88.00814924, 13.495848552 ], [ -88.012893344, 13.495848552 ], [ -88.012893344, 13.500949016 ], [ -88.027125656, 13.500949016 ], [ -88.022381552, 13.503499248 ], [ -88.022381552, 13.508599712 ], [ -88.017637447999988, 13.508599712 ], [ -88.017637447999988, 13.51880064 ], [ -88.012893344, 13.51880064 ], [ -88.012893344, 13.526451336 ], [ -88.003405136, 13.526451336 ], [ -87.998661032, 13.5315518 ], [ -87.98442872, 13.5315518 ], [ -87.98442872, 13.534102032 ], [ -87.998661032, 13.541752728 ], [ -88.022381552, 13.54430296 ], [ -88.022381552, 13.546853192 ], [ -88.03186976, 13.541752728 ], [ -88.046102072, 13.54430296 ], [ -88.046102072, 13.549403424 ], [ -88.03186976, 13.549403424 ], [ -88.022381552, 13.554503888 ], [ -88.027125656, 13.55705412 ], [ -88.027125656, 13.562154584 ], [ -88.03186976, 13.562154584 ], [ -88.027125656, 13.567255048 ], [ -88.036613863999989, 13.56980528 ], [ -88.036613863999989, 13.574905744 ], [ -88.041357968, 13.574905744 ], [ -88.041357968, 13.567255048 ], [ -88.036613863999989, 13.567255048 ], [ -88.036613863999989, 13.562154584 ], [ -88.050846176, 13.559604352 ], [ -88.050846176, 13.562154584 ], [ -88.074566696, 13.564704816 ], [ -88.084054904, 13.559604352 ], [ -88.084054904, 13.554503888 ], [ -88.069822592, 13.546853192 ], [ -88.050846176, 13.546853192 ], [ -88.060334384, 13.541752728 ], [ -88.0793108, 13.541752728 ], [ -88.084054904, 13.539202496 ], [ -88.084054904, 13.534102032 ], [ -88.088799008, 13.534102032 ], [ -88.084054904, 13.5315518 ], [ -88.084054904, 13.521350872 ], [ -88.065078488, 13.529001568 ], [ -88.065078488, 13.516250408 ], [ -88.05559028, 13.513700176 ], [ -88.060334384, 13.511149944 ], [ -88.060334384, 13.50604948 ], [ -88.05559028, 13.50604948 ], [ -88.05559028, 13.495848552 ], [ -88.060334384, 13.495848552 ] ], [ [ -88.084054904, 13.562154584 ], [ -88.093543112, 13.562154584 ], [ -88.093543112, 13.559604352 ], [ -88.084054904, 13.559604352 ], [ -88.084054904, 13.562154584 ] ], [ [ -88.088799008, 13.51880064 ], [ -88.084054904, 13.51880064 ], [ -88.084054904, 13.521350872 ], [ -88.088799008, 13.51880064 ] ], [ [ -88.140984152, 13.54430296 ], [ -88.140984152, 13.536652264 ], [ -88.12675184, 13.534102032 ], [ -88.122007736000015, 13.523901104 ], [ -88.088799008, 13.516250408 ], [ -88.093543112, 13.51880064 ], [ -88.093543112, 13.523901104 ], [ -88.098287215999989, 13.523901104 ], [ -88.098287215999989, 13.536652264 ], [ -88.112519528, 13.541752728 ], [ -88.122007736000015, 13.536652264 ], [ -88.12675184, 13.541752728 ], [ -88.140984152, 13.54430296 ] ], [ [ -87.81838508, 13.549403424 ], [ -87.81838508, 13.54430296 ], [ -87.813640975999988, 13.54430296 ], [ -87.813640975999988, 13.567255048 ], [ -87.837361496, 13.574905744 ], [ -87.832617391999989, 13.559604352 ], [ -87.823129184, 13.559604352 ], [ -87.823129184, 13.549403424 ], [ -87.81838508, 13.549403424 ] ], [ [ -88.240610336, 13.572355512 ], [ -88.240610336, 13.567255048 ], [ -88.231122128, 13.567255048 ], [ -88.231122128, 13.56980528 ], [ -88.240610336, 13.572355512 ] ], [ [ -87.993916928, 13.567255048 ], [ -87.989172824, 13.572355512 ], [ -87.998661032, 13.572355512 ], [ -88.003405136, 13.567255048 ], [ -87.993916928, 13.567255048 ] ], [ [ -89.801420552, 13.567255048 ], [ -89.801420552, 13.56980528 ], [ -89.81090876, 13.56980528 ], [ -89.81090876, 13.567255048 ], [ -89.801420552, 13.567255048 ] ], [ [ -88.131495944, 13.562154584 ], [ -88.145728256, 13.559604352 ], [ -88.145728256, 13.554503888 ], [ -88.155216464, 13.554503888 ], [ -88.155216464, 13.546853192 ], [ -88.122007736000015, 13.549403424 ], [ -88.122007736000015, 13.559604352 ], [ -88.112519528, 13.564704816 ], [ -88.12675184, 13.567255048 ], [ -88.131495944, 13.562154584 ] ], [ [ -88.681812008, 13.559604352 ], [ -88.681812008, 13.564704816 ], [ -88.686556112, 13.564704816 ], [ -88.686556112, 13.559604352 ], [ -88.681812008, 13.559604352 ] ], [ [ -89.825141072, 13.55705412 ], [ -89.825141072, 13.562154584 ], [ -89.829885176, 13.562154584 ], [ -89.829885176, 13.55705412 ], [ -89.825141072, 13.55705412 ] ], [ [ -87.941731784, 13.546853192 ], [ -87.941731784, 13.541752728 ], [ -87.93698768, 13.541752728 ], [ -87.932243576, 13.546853192 ], [ -87.941731784, 13.546853192 ] ], [ [ -87.813640975999988, 13.5315518 ], [ -87.813640975999988, 13.536652264 ], [ -87.81838508, 13.536652264 ], [ -87.81838508, 13.5315518 ], [ -87.813640975999988, 13.5315518 ] ], [ [ -89.772955928, 13.523901104 ], [ -89.772955928, 13.529001568 ], [ -89.782444136000024, 13.529001568 ], [ -89.782444136000024, 13.523901104 ], [ -89.772955928, 13.523901104 ] ], [ [ -89.768211824, 13.526451336 ], [ -89.768211824, 13.51880064 ], [ -89.758723616, 13.521350872 ], [ -89.768211824, 13.526451336 ] ], [ [ -87.974940511999989, 13.521350872 ], [ -87.974940511999989, 13.526451336 ], [ -87.979684616, 13.526451336 ], [ -87.979684616, 13.521350872 ], [ -87.974940511999989, 13.521350872 ] ], [ [ -89.421892232000019, 13.513700176 ], [ -89.426636336, 13.511149944 ], [ -89.426636336, 13.50604948 ], [ -89.412404024, 13.508599712 ], [ -89.412404024, 13.516250408 ], [ -89.421892232000019, 13.516250408 ], [ -89.421892232000019, 13.521350872 ], [ -89.43138044, 13.521350872 ], [ -89.43138044, 13.516250408 ], [ -89.421892232000019, 13.513700176 ] ], [ [ -87.86582612, 13.50604948 ], [ -87.861082016, 13.50604948 ], [ -87.861082016, 13.513700176 ], [ -87.856337912, 13.513700176 ], [ -87.856337912, 13.51880064 ], [ -87.875314327999988, 13.51880064 ], [ -87.875314327999988, 13.513700176 ], [ -87.880058432, 13.511149944 ], [ -87.86582612, 13.511149944 ], [ -87.86582612, 13.50604948 ] ], [ [ -87.951219992, 13.508599712 ], [ -87.951219992, 13.516250408 ], [ -87.965452304, 13.516250408 ], [ -87.965452304, 13.508599712 ], [ -87.951219992, 13.508599712 ] ], [ [ -87.79466456, 13.516250408 ], [ -87.79466456, 13.511149944 ], [ -87.785176352, 13.511149944 ], [ -87.780432248, 13.516250408 ], [ -87.79466456, 13.516250408 ] ], [ [ -87.932243576, 13.50604948 ], [ -87.932243576, 13.511149944 ], [ -87.93698768, 13.511149944 ], [ -87.93698768, 13.50604948 ], [ -87.932243576, 13.50604948 ] ], [ [ -87.922755368, 13.50604948 ], [ -87.922755368, 13.511149944 ], [ -87.927499472, 13.511149944 ], [ -87.927499472, 13.50604948 ], [ -87.922755368, 13.50604948 ] ], [ [ -87.941731784, 13.498398784 ], [ -87.941731784, 13.503499248 ], [ -87.955964095999988, 13.50604948 ], [ -87.965452304, 13.500949016 ], [ -87.965452304, 13.49329832 ], [ -87.951219992, 13.49329832 ], [ -87.941731784, 13.498398784 ] ], [ [ -87.927499472, 13.500949016 ], [ -87.93698768, 13.500949016 ], [ -87.932243576, 13.495848552 ], [ -87.927499472, 13.495848552 ], [ -87.927499472, 13.500949016 ] ], [ [ -88.183681088, 13.483097392 ], [ -88.17419288, 13.48054716 ], [ -88.17419288, 13.488197856 ], [ -88.183681088, 13.488197856 ], [ -88.183681088, 13.483097392 ] ], [ [ -88.183681088, 13.477996928 ], [ -88.178936984, 13.477996928 ], [ -88.178936984, 13.48054716 ], [ -88.183681088, 13.477996928 ] ], [ [ -87.979684616, 13.475446696 ], [ -87.993916928, 13.475446696 ], [ -87.993916928, 13.472896464 ], [ -87.970196408, 13.467796 ], [ -87.965452304, 13.470346232 ], [ -87.965452304, 13.475446696 ], [ -87.955964095999988, 13.48054716 ], [ -87.970196408, 13.485647624 ], [ -87.979684616, 13.48054716 ], [ -87.979684616, 13.475446696 ] ], [ [ -89.298545528, 13.48054716 ], [ -89.298545528, 13.483097392 ], [ -89.308033736, 13.483097392 ], [ -89.308033736, 13.48054716 ], [ -89.298545528, 13.48054716 ] ], [ [ -89.345986568, 13.472896464 ], [ -89.345986568, 13.48054716 ], [ -89.355474776, 13.48054716 ], [ -89.355474776, 13.472896464 ], [ -89.345986568, 13.472896464 ] ], [ [ -87.9607082, 13.472896464 ], [ -87.955964095999988, 13.470346232 ], [ -87.955964095999988, 13.465245768 ], [ -87.946475888, 13.465245768 ], [ -87.941731784, 13.475446696 ], [ -87.932243576, 13.475446696 ], [ -87.932243576, 13.477996928 ], [ -87.946475888, 13.477996928 ], [ -87.951219992, 13.472896464 ], [ -87.9607082, 13.472896464 ] ], [ [ -87.894290743999989, 13.477996928 ], [ -87.903778952, 13.477996928 ], [ -87.899034848, 13.472896464 ], [ -87.894290743999989, 13.472896464 ], [ -87.894290743999989, 13.477996928 ] ], [ [ -89.317521944000021, 13.470346232 ], [ -89.317521944000021, 13.475446696 ], [ -89.327010152, 13.475446696 ], [ -89.327010152, 13.470346232 ], [ -89.317521944000021, 13.470346232 ] ], [ [ -88.715020736, 13.472896464 ], [ -88.715020736, 13.467796 ], [ -88.705532528, 13.467796 ], [ -88.700788424, 13.472896464 ], [ -88.710276632, 13.475446696 ], [ -88.715020736, 13.472896464 ] ], [ [ -87.88954664, 13.475446696 ], [ -87.88954664, 13.467796 ], [ -87.880058432, 13.467796 ], [ -87.880058432, 13.470346232 ], [ -87.88954664, 13.475446696 ] ], [ [ -87.927499472, 13.472896464 ], [ -87.93698768, 13.472896464 ], [ -87.932243576, 13.467796 ], [ -87.927499472, 13.467796 ], [ -87.927499472, 13.472896464 ] ], [ [ -89.141990096, 13.465245768 ], [ -89.141990096, 13.470346232 ], [ -89.1467342, 13.470346232 ], [ -89.1467342, 13.465245768 ], [ -89.141990096, 13.465245768 ] ], [ [ -88.178936984, 13.470346232 ], [ -88.178936984, 13.465245768 ], [ -88.169448776, 13.465245768 ], [ -88.169448776, 13.467796 ], [ -88.178936984, 13.470346232 ] ], [ [ -89.07557264, 13.457595072 ], [ -89.07557264, 13.465245768 ], [ -89.080316744, 13.465245768 ], [ -89.080316744, 13.457595072 ], [ -89.07557264, 13.457595072 ] ], [ [ -87.946475888, 13.462695536 ], [ -87.9607082, 13.462695536 ], [ -87.9607082, 13.457595072 ], [ -87.965452304, 13.45504484 ], [ -87.955964095999988, 13.45504484 ], [ -87.955964095999988, 13.460145304 ], [ -87.946475888, 13.460145304 ], [ -87.946475888, 13.462695536 ] ], [ [ -88.0793108, 13.449944376 ], [ -88.0793108, 13.457595072 ], [ -88.088799008, 13.457595072 ], [ -88.088799008, 13.449944376 ], [ -88.0793108, 13.449944376 ] ], [ [ -88.159960568, 13.449944376 ], [ -88.159960568, 13.45504484 ], [ -88.164704672, 13.45504484 ], [ -88.164704672, 13.449944376 ], [ -88.159960568, 13.449944376 ] ], [ [ -87.955964095999988, 13.447394144 ], [ -87.955964095999988, 13.444843912 ], [ -87.932243576, 13.444843912 ], [ -87.932243576, 13.449944376 ], [ -87.955964095999988, 13.447394144 ] ], [ [ -88.966458248, 13.444843912 ], [ -88.966458248, 13.447394144 ], [ -88.975946456, 13.447394144 ], [ -88.975946456, 13.444843912 ], [ -88.966458248, 13.444843912 ] ], [ [ -88.12675184, 13.439743448 ], [ -88.12675184, 13.447394144 ], [ -88.136240048, 13.447394144 ], [ -88.136240048, 13.444843912 ], [ -88.12675184, 13.439743448 ] ], [ [ -88.122007736000015, 13.437193216 ], [ -88.122007736000015, 13.439743447999989 ], [ -88.12675184, 13.439743448 ], [ -88.122007736000015, 13.437193216 ] ], [ [ -88.05559028, 13.439743448 ], [ -88.05559028, 13.44229368 ], [ -88.065078488, 13.44229368 ], [ -88.065078488, 13.439743448 ], [ -88.05559028, 13.439743448 ] ], [ [ -88.060334384, 13.434642984 ], [ -88.060334384, 13.437193216 ], [ -88.069822592, 13.437193216 ], [ -88.069822592, 13.434642984 ], [ -88.060334384, 13.434642984 ] ], [ [ -88.26907496, 13.426992288 ], [ -88.273819064, 13.42954252 ], [ -88.26907496, 13.434642984 ], [ -88.283307272, 13.432092752 ], [ -88.283307272, 13.426992288 ], [ -88.278563168, 13.424442056 ], [ -88.26907496, 13.426992288 ] ], [ [ -88.919017208, 13.426992288 ], [ -88.919017208, 13.432092752 ], [ -88.923761312, 13.432092752 ], [ -88.923761312, 13.426992288 ], [ -88.919017208, 13.426992288 ] ], [ [ -87.894290743999989, 13.432092752 ], [ -87.908523056, 13.432092752 ], [ -87.908523056, 13.426992288 ], [ -87.91326716, 13.424442056 ], [ -87.903778952, 13.424442056 ], [ -87.903778952, 13.42954252 ], [ -87.894290743999989, 13.42954252 ], [ -87.894290743999989, 13.432092752 ] ], [ [ -89.032875704, 13.42954252 ], [ -89.032875704, 13.421891824 ], [ -89.023387496, 13.424442056 ], [ -89.032875704, 13.42954252 ] ], [ [ -88.994922872, 13.42954252 ], [ -89.00441108, 13.42954252 ], [ -88.999666976, 13.424442056 ], [ -88.994922872, 13.424442056 ], [ -88.994922872, 13.42954252 ] ], [ [ -88.050846176, 13.41679136 ], [ -88.050846176, 13.411690896 ], [ -88.041357968, 13.409140664 ], [ -88.041357968, 13.41679136 ], [ -88.050846176, 13.41679136 ] ], [ [ -88.909529, 13.411690896 ], [ -88.909529, 13.4040402 ], [ -88.900040792, 13.406590432 ], [ -88.900040792, 13.411690896 ], [ -88.909529, 13.411690896 ] ], [ [ -88.724508944, 13.401489968 ], [ -88.729253048, 13.398939736 ], [ -88.715020736, 13.396389504 ], [ -88.715020736, 13.401489968 ], [ -88.724508944, 13.406590432 ], [ -88.724508944, 13.401489968 ] ], [ [ -88.326004208, 13.381088112 ], [ -88.326004208, 13.383638344 ], [ -88.34023652, 13.383638344 ], [ -88.34023652, 13.381088112 ], [ -88.326004208, 13.381088112 ] ], [ [ -87.979684616, 13.37853788 ], [ -87.979684616, 13.383638344 ], [ -87.98442872, 13.383638344 ], [ -87.98442872, 13.37853788 ], [ -87.979684616, 13.37853788 ] ], [ [ -88.278563168, 13.3402844 ], [ -88.264330856, 13.347935096 ], [ -88.264330856, 13.35303556 ], [ -88.273819064, 13.35303556 ], [ -88.264330856, 13.358136024 ], [ -88.264330856, 13.363236488 ], [ -88.278563168, 13.36578672 ], [ -88.278563168, 13.373437416 ], [ -88.273819064, 13.373437416 ], [ -88.273819064, 13.37853788 ], [ -88.288051376, 13.373437416 ], [ -88.288051376, 13.368336952 ], [ -88.283307272, 13.36578672 ], [ -88.288051376, 13.363236488 ], [ -88.283307272, 13.363236488 ], [ -88.283307272, 13.35303556 ], [ -88.288051376, 13.35303556 ], [ -88.288051376, 13.342834632 ], [ -88.29279548, 13.3402844 ], [ -88.278563168, 13.3402844 ] ], [ [ -88.036613863999989, 13.375987648 ], [ -88.036613863999989, 13.37853788 ], [ -88.046102072, 13.37853788 ], [ -88.046102072, 13.375987648 ], [ -88.036613863999989, 13.375987648 ] ], [ [ -88.250098544, 13.370887184 ], [ -88.250098544, 13.375987648 ], [ -88.254842648, 13.375987648 ], [ -88.254842648, 13.370887184 ], [ -88.250098544, 13.370887184 ] ], [ [ -87.970196408, 13.373437416 ], [ -87.970196408, 13.375987648 ], [ -87.979684616, 13.375987648 ], [ -87.979684616, 13.373437416 ], [ -87.970196408, 13.373437416 ] ], [ [ -88.326004208, 13.370887184 ], [ -88.326004208, 13.373437416 ], [ -88.335492416, 13.373437416 ], [ -88.335492416, 13.370887184 ], [ -88.326004208, 13.370887184 ] ], [ [ -88.686556112, 13.368336952 ], [ -88.681812008, 13.363236488 ], [ -88.6723238, 13.368336952 ], [ -88.681812008, 13.370887184 ], [ -88.686556112, 13.368336952 ] ], [ [ -88.330748312000011, 13.363236488 ], [ -88.330748312000011, 13.36578672 ], [ -88.335492416, 13.36578672 ], [ -88.330748312000011, 13.363236488 ] ], [ [ -88.326004208, 13.36578672 ], [ -88.330748312000011, 13.360686256 ], [ -88.321260104, 13.355585792 ], [ -88.321260104, 13.350485328 ], [ -88.302283688, 13.347935096 ], [ -88.302283688, 13.35303556 ], [ -88.307027792, 13.35303556 ], [ -88.302283688, 13.363236488 ], [ -88.326004208, 13.36578672 ] ], [ [ -88.311771896, 13.345384864 ], [ -88.307027792, 13.345384864 ], [ -88.307027792, 13.347935096 ], [ -88.311771896, 13.345384864 ] ], [ [ -88.240610336, 13.363236488 ], [ -88.250098544, 13.36578672 ], [ -88.254842648, 13.363236488 ], [ -88.254842648, 13.358136024 ], [ -88.24535444, 13.355585792 ], [ -88.24535444, 13.360686256 ], [ -88.240610336, 13.363236488 ] ], [ [ -88.800414608000011, 13.360686256 ], [ -88.800414608000011, 13.363236488 ], [ -88.805158712, 13.363236488 ], [ -88.800414608000011, 13.360686256 ] ], [ [ -88.795670504, 13.358136024 ], [ -88.795670504, 13.360686256 ], [ -88.800414608000011, 13.360686256 ], [ -88.795670504, 13.358136024 ] ], [ [ -88.4351186, 13.342834632 ], [ -88.4351186, 13.345384864 ], [ -88.444606808, 13.345384864 ], [ -88.444606808, 13.342834632 ], [ -88.4351186, 13.342834632 ] ], [ [ -88.316516, 13.3402844 ], [ -88.316516, 13.330083472 ], [ -88.326004208, 13.330083472 ], [ -88.321260104, 13.324983008 ], [ -88.297539584, 13.32753324 ], [ -88.297539584, 13.332633704 ], [ -88.302283688, 13.332633704 ], [ -88.297539584, 13.335183936 ], [ -88.297539584, 13.3402844 ], [ -88.311771896, 13.342834632 ], [ -88.316516, 13.3402844 ] ], [ [ -88.05559028, 13.332633704 ], [ -88.041357968, 13.332633704 ], [ -88.041357968, 13.337734168 ], [ -88.05559028, 13.335183936 ], [ -88.05559028, 13.332633704 ] ], [ [ -88.060334384, 13.335183936 ], [ -88.069822592, 13.332633704 ], [ -88.069822592, 13.32753324 ], [ -88.060334384, 13.324983008 ], [ -88.060334384, 13.319882544 ], [ -88.065078488, 13.317332312 ], [ -88.05559028, 13.317332312 ], [ -88.069822592, 13.309681616 ], [ -88.065078488, 13.304581152 ], [ -88.088799008, 13.307131384 ], [ -88.093543112, 13.30203092 ], [ -88.084054904, 13.30203092 ], [ -88.084054904, 13.296930456 ], [ -88.069822592, 13.296930456 ], [ -88.069822592, 13.30203092 ], [ -88.060334384, 13.30203092 ], [ -88.060334384, 13.299480688 ], [ -88.050846176, 13.299480688 ], [ -88.050846176, 13.294380224 ], [ -88.036613863999989, 13.294380224 ], [ -88.036613863999989, 13.30203092 ], [ -88.050846176, 13.304581152 ], [ -88.050846176, 13.309681616 ], [ -88.05559028, 13.309681616 ], [ -88.05559028, 13.312231848 ], [ -88.041357968, 13.312231848 ], [ -88.036613863999989, 13.317332312 ], [ -88.046102072, 13.319882544 ], [ -88.046102072, 13.324983008 ], [ -88.05559028, 13.324983008 ], [ -88.05559028, 13.332633704 ], [ -88.060334384, 13.335183936 ] ], [ [ -88.828879232, 13.330083472 ], [ -88.828879232, 13.332633704 ], [ -88.833623336, 13.332633704 ], [ -88.828879232, 13.330083472 ] ], [ [ -88.824135128, 13.32753324 ], [ -88.824135128, 13.330083472 ], [ -88.828879232, 13.330083472 ], [ -88.824135128, 13.32753324 ] ], [ [ -88.24535444, 13.330083472 ], [ -88.24535444, 13.332633704 ], [ -88.250098544, 13.332633704 ], [ -88.24535444, 13.330083472 ] ], [ [ -88.240610336, 13.32753324 ], [ -88.240610336, 13.330083472 ], [ -88.24535444, 13.330083472 ], [ -88.240610336, 13.32753324 ] ], [ [ -88.231122128, 13.324983008 ], [ -88.231122128, 13.330083472 ], [ -88.235866232, 13.330083472 ], [ -88.235866232, 13.324983008 ], [ -88.231122128, 13.324983008 ] ], [ [ -88.57744172, 13.31478208 ], [ -88.57744172, 13.319882544 ], [ -88.582185824, 13.319882544 ], [ -88.582185824, 13.31478208 ], [ -88.57744172, 13.31478208 ] ], [ [ -88.539488888, 13.312231848 ], [ -88.539488888, 13.317332312 ], [ -88.544232992, 13.317332312 ], [ -88.544232992, 13.312231848 ], [ -88.539488888, 13.312231848 ] ], [ [ -88.0793108, 13.312231848 ], [ -88.0793108, 13.317332312 ], [ -88.084054904, 13.317332312 ], [ -88.084054904, 13.312231848 ], [ -88.0793108, 13.312231848 ] ], [ [ -88.188425192, 13.31478208 ], [ -88.188425192, 13.307131384 ], [ -88.178936984, 13.307131384 ], [ -88.178936984, 13.309681616 ], [ -88.188425192, 13.31478208 ] ], [ [ -88.027125656, 13.304581152 ], [ -88.027125656, 13.309681616 ], [ -88.036613863999989, 13.307131384 ], [ -88.036613863999989, 13.304581152 ], [ -88.027125656, 13.304581152 ] ], [ [ -88.5537212, 13.30203092 ], [ -88.5537212, 13.307131384 ], [ -88.563209408, 13.307131384 ], [ -88.563209408, 13.30203092 ], [ -88.5537212, 13.30203092 ] ], [ [ -87.899034848, 13.30203092 ], [ -87.903778952, 13.307131384 ], [ -87.91326716, 13.307131384 ], [ -87.91326716, 13.304581152 ], [ -87.899034848, 13.30203092 ] ], [ [ -87.974940511999989, 13.304581152 ], [ -87.98442872, 13.304581152 ], [ -87.979684616, 13.299480688 ], [ -87.974940511999989, 13.299480688 ], [ -87.974940511999989, 13.304581152 ] ], [ [ -87.98442872, 13.28927976 ], [ -87.98442872, 13.281629064 ], [ -87.951219992, 13.279078832 ], [ -87.951219992, 13.296930456 ], [ -87.970196408, 13.294380224 ], [ -87.970196408, 13.296930456 ], [ -87.979684616, 13.296930456 ], [ -87.974940511999989, 13.291829992 ], [ -87.98442872, 13.28927976 ] ], [ [ -88.876320272, 13.28927976 ], [ -88.876320272, 13.294380224 ], [ -88.881064376, 13.294380224 ], [ -88.881064376, 13.28927976 ], [ -88.876320272, 13.28927976 ] ], [ [ -87.941731784, 13.273978368 ], [ -87.941731784, 13.266327672 ], [ -87.932243576, 13.266327672 ], [ -87.932243576, 13.271428136 ], [ -87.941731784, 13.273978368 ] ], [ [ -88.596418136, 13.266327672 ], [ -88.596418136, 13.268877904 ], [ -88.620138656, 13.271428136 ], [ -88.620138656, 13.266327672 ], [ -88.634370968, 13.266327672 ], [ -88.634370968, 13.261227208 ], [ -88.643859176, 13.261227208 ], [ -88.658091488, 13.253576512 ], [ -88.639115072, 13.253576512 ], [ -88.639115072, 13.256126744 ], [ -88.620138656, 13.258676976 ], [ -88.610650448, 13.266327672 ], [ -88.596418136, 13.266327672 ] ], [ [ -88.586929928, 13.268877904 ], [ -88.596418136, 13.26377744 ], [ -88.563209408, 13.26377744 ], [ -88.563209408, 13.268877904 ], [ -88.586929928, 13.268877904 ] ], [ [ -88.567953512, 13.253576512 ], [ -88.567953512, 13.258676976 ], [ -88.572697616, 13.258676976 ], [ -88.572697616, 13.253576512 ], [ -88.567953512, 13.253576512 ] ], [ [ -88.548977096, 13.230624424 ], [ -88.548977096, 13.22552396 ], [ -88.539488888, 13.22552396 ], [ -88.534744784, 13.230624424 ], [ -88.548977096, 13.230624424 ] ], [ [ -88.477815536, 13.202571872 ], [ -88.492047848, 13.202571872 ], [ -88.492047848, 13.205122104 ], [ -88.515768368, 13.205122104 ], [ -88.515768368, 13.202571872 ], [ -88.50628016, 13.202571872 ], [ -88.492047848, 13.194921176 ], [ -88.468327328, 13.194921176 ], [ -88.468327328, 13.189820712 ], [ -88.454095016, 13.189820712 ], [ -88.454095016, 13.20002164 ], [ -88.45883912, 13.202571872 ], [ -88.477815536, 13.20002164 ], [ -88.477815536, 13.202571872 ] ], [ [ -87.899034848, 13.197471408 ], [ -87.899034848, 13.202571872 ], [ -87.903778952, 13.202571872 ], [ -87.903778952, 13.197471408 ], [ -87.899034848, 13.197471408 ] ], [ [ -87.970196408, 13.192370944 ], [ -87.970196408, 13.18727048 ], [ -87.9607082, 13.18727048 ], [ -87.9607082, 13.189820712 ], [ -87.970196408, 13.192370944 ] ], [ [ -88.36395704, 13.182170016 ], [ -88.359212936, 13.182170016 ], [ -88.354468832, 13.18727048 ], [ -88.368701144, 13.18727048 ], [ -88.373445248, 13.184720248 ], [ -88.373445248, 13.179619784 ], [ -88.36395704, 13.177069552 ], [ -88.36395704, 13.182170016 ] ], [ [ -88.05559028, 13.166868624 ], [ -88.05559028, 13.169418856 ], [ -88.069822592, 13.169418856 ], [ -88.069822592, 13.166868624 ], [ -88.05559028, 13.166868624 ] ], [ [ -88.017637447999988, 13.156667696 ], [ -88.022381552, 13.16176816 ], [ -88.03186976, 13.16176816 ], [ -88.03186976, 13.159217928 ], [ -88.017637447999988, 13.156667696 ] ] ] } },
{ "type": "Feature", "properties": { "class_id": 4, "area_m2": 290165.68537825672, "class_name": "Alto", "index": "NDDI", "min_value": null, "max_value": null }, "geometry": { "type": "Polygon", "coordinates": [ [ [ -89.6211446, 13.503499248 ], [ -89.625888704, 13.503499248 ], [ -89.625888704, 13.508599712 ], [ -89.6211446, 13.508599712 ], [ -89.6211446, 13.503499248 ] ] ] } },
{ "type": "Feature", "properties": { "class_id": 4, "area_m2": 1015656.645814447, "class_name": "Alto", "index": "NDDI", "min_value": null, "max_value": null }, "geometry": { "type": "Polygon", "coordinates": [ [ [ -89.673329744, 13.511149944 ], [ -89.678073848, 13.50604948 ], [ -89.69230616, 13.508599712 ], [ -89.687562056, 13.513700176 ], [ -89.673329744, 13.511149944 ] ] ] } },
{ "type": "Feature", "properties": { "class_id": 4, "area_m2": 72544.287805634754, "class_name": "Alto", "index": "NDDI", "min_value": null, "max_value": null }, "geometry": { "type": "Polygon", "coordinates": [ [ [ -89.673329744, 13.513700176 ], [ -89.66858564, 13.513700176 ], [ -89.66858564, 13.511149944 ], [ -89.673329744, 13.513700176 ] ] ] } },
{ "type": "Feature", "properties": { "class_id": 4, "area_m2": 290175.90495011932, "class_name": "Alto", "index": "NDDI", "min_value": null, "max_value": null }, "geometry": { "type": "Polygon", "coordinates": [ [ [ -89.678073848, 13.521350872 ], [ -89.678073848, 13.516250408 ], [ -89.682817952, 13.516250408 ], [ -89.682817952, 13.521350872 ], [ -89.678073848, 13.521350872 ] ] ] } },
{ "type": "Feature", "properties": { "class_id": 4, "area_m2": 72541.78161131269, "class_name": "Alto", "index": "NDDI", "min_value": null, "max_value": null }, "geometry": { "type": "Polygon", "coordinates": [ [ [ -89.673329744, 13.523901104 ], [ -89.673329744, 13.521350872 ], [ -89.678073848, 13.523901104 ], [ -89.673329744, 13.523901104 ] ] ] } },
{ "type": "Feature", "properties": { "class_id": 4, "area_m2": 580422.43495147652, "class_name": "Alto", "index": "NDDI", "min_value": null, "max_value": null }, "geometry": { "type": "Polygon", "coordinates": [ [ [ -89.758723616, 13.523901104 ], [ -89.768211824, 13.51880064 ], [ -89.768211824, 13.526451336 ], [ -89.758723616, 13.523901104 ] ] ] } },
{ "type": "Feature", "properties": { "class_id": 4, "area_m2": 290215.65573341725, "class_name": "Alto", "index": "NDDI", "min_value": null, "max_value": null }, "geometry": { "type": "Polygon", "coordinates": [ [ [ -89.782444136000024, 13.523901104 ], [ -89.782444136000024, 13.529001568 ], [ -89.772955928, 13.523901104 ], [ -89.782444136000024, 13.523901104 ] ] ] } },
{ "type": "Feature", "properties": { "class_id": 4, "area_m2": 290191.47033019213, "class_name": "Alto", "index": "NDDI", "min_value": null, "max_value": null }, "geometry": { "type": "Polygon", "coordinates": [ [ [ -89.910534944, 13.597857832 ], [ -89.90579084, 13.597857832 ], [ -89.90579084, 13.592757368 ], [ -89.910534944, 13.592757368 ], [ -89.910534944, 13.597857832 ] ] ] } },
{ "type": "Feature", "properties": { "class_id": 4, "area_m2": 72546.766245780178, "class_name": "Alto", "index": "NDDI", "min_value": null, "max_value": null }, "geometry": { "type": "Polygon", "coordinates": [ [ [ -89.915279048, 13.600408064 ], [ -89.910534944, 13.600408064 ], [ -89.910534944, 13.597857832 ], [ -89.915279048, 13.600408064 ] ] ] } },
{ "type": "Feature", "properties": { "class_id": 4, "area_m2": 435244.27368596406, "class_name": "Alto", "index": "NDDI", "min_value": null, "max_value": null }, "geometry": { "type": "Polygon", "coordinates": [ [ [ -89.901046736, 13.615709456 ], [ -89.90579084, 13.615709456 ], [ -89.910534944, 13.62080992 ], [ -89.901046736, 13.62080992 ], [ -89.901046736, 13.615709456 ] ] ] } },
{ "type": "Feature", "properties": { "class_id": 4, "area_m2": 580345.70803858852, "class_name": "Alto", "index": "NDDI", "min_value": null, "max_value": null }, "geometry": { "type": "Polygon", "coordinates": [ [ [ -89.934255464, 13.62080992 ], [ -89.92476725600001, 13.623360152 ], [ -89.92476725600001, 13.618259688 ], [ -89.934255464, 13.615709456 ], [ -89.934255464, 13.62080992 ] ] ] } },
{ "type": "Feature", "properties": { "class_id": 4, "area_m2": 580313.32078150939, "class_name": "Alto", "index": "NDDI", "min_value": null, "max_value": null }, "geometry": { "type": "Polygon", "coordinates": [ [ [ -89.920023152, 13.625910384 ], [ -89.920023152, 13.631010848 ], [ -89.910534944, 13.628460616 ], [ -89.910534944, 13.623360152 ], [ -89.920023152, 13.625910384 ] ] ] } },
{ "type": "Feature", "properties": { "class_id": 4, "area_m2": 797910.48448358348, "class_name": "Alto", "index": "NDDI", "min_value": null, "max_value": null }, "geometry": { "type": "Polygon", "coordinates": [ [ [ -89.910534944, 13.631010848 ], [ -89.920023152, 13.63356108 ], [ -89.920023152, 13.638661544 ], [ -89.90579084, 13.636111312 ], [ -89.910534944, 13.631010848 ] ] ] } },
{ "type": "Feature", "properties": { "class_id": 4, "area_m2": 797533.4369931214, "class_name": "Alto", "index": "NDDI", "min_value": null, "max_value": null }, "geometry": { "type": "Polygon", "coordinates": [ [ [ -89.701794368, 13.661613632 ], [ -89.71602668, 13.661613632 ], [ -89.71602668, 13.666714096 ], [ -89.706538472, 13.669264328 ], [ -89.706538472, 13.664163864 ], [ -89.701794368, 13.661613632 ] ] ] } },
{ "type": "Feature", "properties": { "class_id": 4, "area_m2": 290115.616033484, "class_name": "Alto", "index": "NDDI", "min_value": null, "max_value": null }, "geometry": { "type": "Polygon", "coordinates": [ [ [ -89.920023152, 13.661613632 ], [ -89.92476725600001, 13.661613632 ], [ -89.92476725600001, 13.666714096 ], [ -89.920023152, 13.666714096 ], [ -89.920023152, 13.661613632 ] ] ] } },
{ "type": "Feature", "properties": { "class_id": 4, "area_m2": 435203.8459992205, "class_name": "Alto", "index": "NDDI", "min_value": null, "max_value": null }, "geometry": { "type": "Polygon", "coordinates": [ [ [ -89.9769524, 13.669264328 ], [ -89.981696504, 13.669264328 ], [ -89.986440608, 13.674364792 ], [ -89.9769524, 13.674364792 ], [ -89.9769524, 13.669264328 ] ] ] } },
{ "type": "Feature", "properties": { "class_id": 4, "area_m2": 580286.41392244631, "class_name": "Alto", "index": "NDDI", "min_value": null, "max_value": null }, "geometry": { "type": "Polygon", "coordinates": [ [ [ -90.00541702400001, 13.676915024 ], [ -89.991184712, 13.676915024 ], [ -89.991184712, 13.674364792 ], [ -90.00067292, 13.67181456 ], [ -90.00541702400001, 13.676915024 ] ] ] } },
{ "type": "Feature", "properties": { "class_id": 4, "area_m2": 725266.37736853352, "class_name": "Alto", "index": "NDDI", "min_value": null, "max_value": null }, "geometry": { "type": "Polygon", "coordinates": [ [ [ -89.938999568, 13.679465256 ], [ -89.92951136, 13.679465256 ], [ -89.92951136, 13.67181456 ], [ -89.938999568, 13.674364792 ], [ -89.938999568, 13.679465256 ] ] ] } },
{ "type": "Feature", "properties": { "class_id": 4, "area_m2": 72536.584809406646, "class_name": "Alto", "index": "NDDI", "min_value": null, "max_value": null }, "geometry": { "type": "Polygon", "coordinates": [ [ [ -90.019649336, 13.679465256 ], [ -90.02439344, 13.679465256 ], [ -90.019649336, 13.682015488 ], [ -90.019649336, 13.679465256 ] ] ] } },
{ "type": "Feature", "properties": { "class_id": 4, "area_m2": 1087792.5485749738, "class_name": "Alto", "index": "NDDI", "min_value": null, "max_value": null }, "geometry": { "type": "Polygon", "coordinates": [ [ [ -89.910534944, 13.694766648 ], [ -89.90579084, 13.694766648 ], [ -89.901046736, 13.679465256 ], [ -89.915279048, 13.687115952 ], [ -89.910534944, 13.687115952 ], [ -89.910534944, 13.694766648 ] ] ] } },
{ "type": "Feature", "properties": { "class_id": 4, "area_m2": 797880.71605049295, "class_name": "Alto", "index": "NDDI", "min_value": null, "max_value": null }, "geometry": { "type": "Polygon", "coordinates": [ [ [ -90.033881648, 13.692216416 ], [ -90.02439344, 13.689666184 ], [ -90.02439344, 13.682015488 ], [ -90.033881648, 13.687115952 ], [ -90.033881648, 13.692216416 ] ] ] } },
{ "type": "Feature", "properties": { "class_id": 4, "area_m2": 725148.27264475112, "class_name": "Alto", "index": "NDDI", "min_value": null, "max_value": null }, "geometry": { "type": "Polygon", "coordinates": [ [ [ -89.88207032, 13.69731688 ], [ -89.872582112, 13.694766648 ], [ -89.872582112, 13.689666184 ], [ -89.88207032, 13.689666184 ], [ -89.88207032, 13.69731688 ] ] ] } },
{ "type": "Feature", "properties": { "class_id": 4, "area_m2": 72516.629714526833, "class_name": "Alto", "index": "NDDI", "min_value": null, "max_value": null }, "geometry": { "type": "Polygon", "coordinates": [ [ [ -89.896302632, 13.694766648 ], [ -89.901046736, 13.694766648 ], [ -89.896302632, 13.69731688 ], [ -89.896302632, 13.694766648 ] ] ] } },
{ "type": "Feature", "properties": { "class_id": 4, "area_m2": 72516.811599726745, "class_name": "Alto", "index": "NDDI", "min_value": null, "max_value": null }, "geometry": { "type": "Polygon", "coordinates": [ [ [ -89.915279048, 13.699867112 ], [ -89.910534944, 13.699867112 ], [ -89.910534944, 13.69731688 ], [ -89.915279048, 13.699867112 ] ] ] } },
{ "type": "Feature", "properties": { "class_id": 4, "area_m2": 435085.58251897537, "class_name": "Alto", "index": "NDDI", "min_value": null, "max_value": null }, "geometry": { "type": "Polygon", "coordinates": [ [ [ -89.891558528000019, 13.69731688 ], [ -89.896302632, 13.69731688 ], [ -89.896302632, 13.704967576 ], [ -89.891558528000019, 13.704967576 ], [ -89.891558528000019, 13.69731688 ] ] ] } },
{ "type": "Feature", "properties": { "class_id": 4, "area_m2": 580122.5838264348, "class_name": "Alto", "index": "NDDI", "min_value": null, "max_value": null }, "geometry": { "type": "Polygon", "coordinates": [ [ [ -89.901046736, 13.699867112 ], [ -89.910534944, 13.699867112 ], [ -89.910534944, 13.704967576 ], [ -89.901046736, 13.704967576 ], [ -89.901046736, 13.699867112 ] ] ] } },
{ "type": "Feature", "properties": { "class_id": 4, "area_m2": 290043.63373913814, "class_name": "Alto", "index": "NDDI", "min_value": null, "max_value": null }, "geometry": { "type": "Polygon", "coordinates": [ [ [ -89.877326216, 13.704967576 ], [ -89.867838008, 13.704967576 ], [ -89.867838008, 13.702417344 ], [ -89.877326216, 13.702417344 ], [ -89.877326216, 13.704967576 ] ] ] } },
{ "type": "Feature", "properties": { "class_id": 4, "area_m2": 72513.353236663257, "class_name": "Alto", "index": "NDDI", "min_value": null, "max_value": null }, "geometry": { "type": "Polygon", "coordinates": [ [ [ -89.901046736, 13.707517808 ], [ -89.90579084, 13.707517808 ], [ -89.901046736, 13.71006804 ], [ -89.901046736, 13.707517808 ] ] ] } },
{ "type": "Feature", "properties": { "class_id": 4, "area_m2": 72512.376154323007, "class_name": "Alto", "index": "NDDI", "min_value": null, "max_value": null }, "geometry": { "type": "Polygon", "coordinates": [ [ [ -89.910534944, 13.712618272 ], [ -89.90579084, 13.712618272 ], [ -89.90579084, 13.71006804 ], [ -89.910534944, 13.712618272 ] ] ] } },
{ "type": "Feature", "properties": { "class_id": 4, "area_m2": 1015072.1743005833, "class_name": "Alto", "index": "NDDI", "min_value": null, "max_value": null }, "geometry": { "type": "Polygon", "coordinates": [ [ [ -89.972208296, 13.758522448 ], [ -89.986440608, 13.763622912 ], [ -89.986440608, 13.768723376 ], [ -89.9769524, 13.768723376 ], [ -89.972208296, 13.758522448 ] ] ] } },
{ "type": "Feature", "properties": { "class_id": 4, "area_m2": 290013.05529910041, "class_name": "Alto", "index": "NDDI", "min_value": null, "max_value": null }, "geometry": { "type": "Polygon", "coordinates": [ [ [ -89.991184712, 13.776374072 ], [ -89.981696504, 13.776374072 ], [ -89.981696504, 13.77382384 ], [ -89.991184712, 13.77382384 ], [ -89.991184712, 13.776374072 ] ] ] } },
{ "type": "Feature", "properties": { "class_id": 4, "area_m2": 289701.68789961445, "class_name": "Alto", "index": "NDDI", "min_value": null, "max_value": null }, "geometry": { "type": "Polygon", "coordinates": [ [ [ -89.545238936, 13.86308196 ], [ -89.554727144, 13.86308196 ], [ -89.554727144, 13.865632192 ], [ -89.545238936, 13.865632192 ], [ -89.545238936, 13.86308196 ] ] ] } },
{ "type": "Feature", "properties": { "class_id": 4, "area_m2": 723894.77824188978, "class_name": "Alto", "index": "NDDI", "min_value": null, "max_value": null }, "geometry": { "type": "Polygon", "coordinates": [ [ [ -89.554727144, 13.982942864 ], [ -89.564215352, 13.980392632 ], [ -89.564215352, 13.988043328 ], [ -89.554727144, 13.988043328 ], [ -89.554727144, 13.982942864 ] ] ] } },
{ "type": "Feature", "properties": { "class_id": 4, "area_m2": 72385.938897071377, "class_name": "Alto", "index": "NDDI", "min_value": null, "max_value": null }, "geometry": { "type": "Polygon", "coordinates": [ [ [ -89.706538472, 14.049248896 ], [ -89.711282576, 14.049248896 ], [ -89.706538472, 14.051799128 ], [ -89.706538472, 14.049248896 ] ] ] } },
{ "type": "Feature", "properties": { "class_id": 4, "area_m2": 72383.810037364441, "class_name": "Alto", "index": "NDDI", "min_value": null, "max_value": null }, "geometry": { "type": "Polygon", "coordinates": [ [ [ -89.706538472, 14.05434936 ], [ -89.701794368, 14.05434936 ], [ -89.701794368, 14.051799128 ], [ -89.706538472, 14.05434936 ] ] ] } },
{ "type": "Feature", "properties": { "class_id": 4, "area_m2": 289521.53396649694, "class_name": "Alto", "index": "NDDI", "min_value": null, "max_value": null }, "geometry": { "type": "Polygon", "coordinates": [ [ [ -89.701794368, 14.064550288 ], [ -89.69230616, 14.064550288 ], [ -89.69230616, 14.062000056 ], [ -89.701794368, 14.062000056 ], [ -89.701794368, 14.064550288 ] ] ] } },
{ "type": "Feature", "properties": { "class_id": 4, "area_m2": 72296.170876782955, "class_name": "Alto", "index": "NDDI", "min_value": null, "max_value": null }, "geometry": { "type": "Polygon", "coordinates": [ [ [ -89.540494832, 14.278769776 ], [ -89.545238936, 14.278769776 ], [ -89.540494832, 14.281320008 ], [ -89.540494832, 14.278769776 ] ] ] } },
{ "type": "Feature", "properties": { "class_id": 4, "area_m2": 1886269.1412220865, "class_name": "Alto", "index": "NDDI", "min_value": null, "max_value": null }, "geometry": { "type": "Polygon", "coordinates": [ [ [ -88.567953512, 13.18727048 ], [ -88.586929928, 13.189820712 ], [ -88.596418136, 13.197471408 ], [ -88.558465304, 13.189820712 ], [ -88.567953512, 13.184720248 ], [ -88.567953512, 13.18727048 ] ] ] } },
{ "type": "Feature", "properties": { "class_id": 4, "area_m2": 943038.9211247901, "class_name": "Alto", "index": "NDDI", "min_value": null, "max_value": null }, "geometry": { "type": "Polygon", "coordinates": [ [ [ -88.615394552, 13.205122104 ], [ -88.605906344, 13.197471408 ], [ -88.615394552, 13.197471408 ], [ -88.62488276, 13.205122104 ], [ -88.615394552, 13.205122104 ] ] ] } },
{ "type": "Feature", "properties": { "class_id": 4, "area_m2": 1015534.3569771388, "class_name": "Alto", "index": "NDDI", "min_value": null, "max_value": null }, "geometry": { "type": "Polygon", "coordinates": [ [ [ -88.567953512, 13.202571872 ], [ -88.582185824, 13.202571872 ], [ -88.586929928, 13.207672336 ], [ -88.567953512, 13.207672336 ], [ -88.567953512, 13.202571872 ] ] ] } },
{ "type": "Feature", "properties": { "class_id": 4, "area_m2": 1450832.1941245273, "class_name": "Alto", "index": "NDDI", "min_value": null, "max_value": null }, "geometry": { "type": "Polygon", "coordinates": [ [ [ -88.629626864, 13.2127728 ], [ -88.629626864, 13.207672336 ], [ -88.634370968, 13.205122104 ], [ -88.653347384, 13.207672336 ], [ -88.653347384, 13.210222568 ], [ -88.629626864, 13.2127728 ] ] ] } },
{ "type": "Feature", "properties": { "class_id": 4, "area_m2": 72527.225895458148, "class_name": "Alto", "index": "NDDI", "min_value": null, "max_value": null }, "geometry": { "type": "Polygon", "coordinates": [ [ [ -88.64860328, 13.256126744 ], [ -88.64860328, 13.258676976 ], [ -88.643859176, 13.256126744 ], [ -88.64860328, 13.256126744 ] ] ] } },
{ "type": "Feature", "properties": { "class_id": 4, "area_m2": 797792.60393123957, "class_name": "Alto", "index": "NDDI", "min_value": null, "max_value": null }, "geometry": { "type": "Polygon", "coordinates": [ [ [ -88.643859176, 13.258676976 ], [ -88.643859176, 13.261227208 ], [ -88.62488276, 13.261227208 ], [ -88.629626864, 13.256126744 ], [ -88.643859176, 13.258676976 ] ] ] } },
{ "type": "Feature", "properties": { "class_id": 4, "area_m2": 72535.793752819358, "class_name": "Alto", "index": "NDDI", "min_value": null, "max_value": null }, "geometry": { "type": "Polygon", "coordinates": [ [ [ -88.914273104, 13.294380224 ], [ -88.909529, 13.294380224 ], [ -88.909529, 13.291829992 ], [ -88.914273104, 13.294380224 ] ] ] } },
{ "type": "Feature", "properties": { "class_id": 4, "area_m2": 72536.189868461661, "class_name": "Alto", "index": "NDDI", "min_value": null, "max_value": null }, "geometry": { "type": "Polygon", "coordinates": [ [ [ -88.914273104, 13.294380224 ], [ -88.919017208, 13.294380224 ], [ -88.914273104, 13.296930456 ], [ -88.914273104, 13.294380224 ] ] ] } },
{ "type": "Feature", "properties": { "class_id": 4, "area_m2": 72535.260953481353, "class_name": "Alto", "index": "NDDI", "min_value": null, "max_value": null }, "geometry": { "type": "Polygon", "coordinates": [ [ [ -88.923761312, 13.299480688 ], [ -88.919017208, 13.299480688 ], [ -88.923761312, 13.296930456 ], [ -88.923761312, 13.299480688 ] ] ] } },
{ "type": "Feature", "properties": { "class_id": 4, "area_m2": 72534.707687478716, "class_name": "Alto", "index": "NDDI", "min_value": null, "max_value": null }, "geometry": { "type": "Polygon", "coordinates": [ [ [ -88.928505416, 13.30203092 ], [ -88.923761312, 13.30203092 ], [ -88.923761312, 13.299480688 ], [ -88.928505416, 13.30203092 ] ] ] } },
{ "type": "Feature", "properties": { "class_id": 4, "area_m2": 72535.299583703454, "class_name": "Alto", "index": "NDDI", "min_value": null, "max_value": null }, "geometry": { "type": "Polygon", "coordinates": [ [ [ -88.928505416, 13.30203092 ], [ -88.93324952, 13.30203092 ], [ -88.93324952, 13.304581152 ], [ -88.928505416, 13.30203092 ] ] ] } },
{ "type": "Feature", "properties": { "class_id": 4, "area_m2": 289959.87408990425, "class_name": "Alto", "index": "NDDI", "min_value": null, "max_value": null }, "geometry": { "type": "Polygon", "coordinates": [ [ [ -88.71976484, 13.398939736 ], [ -88.724508944, 13.398939736 ], [ -88.724508944, 13.4040402 ], [ -88.71976484, 13.4040402 ], [ -88.71976484, 13.398939736 ] ] ] } },
{ "type": "Feature", "properties": { "class_id": 4, "area_m2": 435010.34146338445, "class_name": "Alto", "index": "NDDI", "min_value": null, "max_value": null }, "geometry": { "type": "Polygon", "coordinates": [ [ [ -88.900040792, 13.406590432 ], [ -88.90478489600001, 13.406590432 ], [ -88.909529, 13.411690896 ], [ -88.900040792, 13.411690896 ], [ -88.900040792, 13.406590432 ] ] ] } },
{ "type": "Feature", "properties": { "class_id": 4, "area_m2": 580170.47957354726, "class_name": "Alto", "index": "NDDI", "min_value": null, "max_value": null }, "geometry": { "type": "Polygon", "coordinates": [ [ [ -89.165710616000013, 13.419341592 ], [ -89.156222408, 13.419341592 ], [ -89.156222408, 13.414241128 ], [ -89.165710616000013, 13.414241128 ], [ -89.165710616000013, 13.419341592 ] ] ] } },
{ "type": "Feature", "properties": { "class_id": 4, "area_m2": 290027.1742940952, "class_name": "Alto", "index": "NDDI", "min_value": null, "max_value": null }, "geometry": { "type": "Polygon", "coordinates": [ [ [ -89.0281316, 13.424442056 ], [ -89.032875704, 13.424442056 ], [ -89.032875704, 13.42954252 ], [ -89.0281316, 13.42954252 ], [ -89.0281316, 13.424442056 ] ] ] } },
{ "type": "Feature", "properties": { "class_id": 4, "area_m2": 289984.61321192561, "class_name": "Alto", "index": "NDDI", "min_value": null, "max_value": null }, "geometry": { "type": "Polygon", "coordinates": [ [ [ -88.975946456, 13.447394144 ], [ -88.966458248, 13.447394144 ], [ -88.966458248, 13.444843912 ], [ -88.975946456, 13.444843912 ], [ -88.975946456, 13.447394144 ] ] ] } },
{ "type": "Feature", "properties": { "class_id": 4, "area_m2": 1015274.1433151662, "class_name": "Alto", "index": "NDDI", "min_value": null, "max_value": null }, "geometry": { "type": "Polygon", "coordinates": [ [ [ -89.232128072, 13.444843912 ], [ -89.24161628, 13.452494608 ], [ -89.222639864, 13.449944376 ], [ -89.222639864, 13.444843912 ], [ -89.232128072, 13.444843912 ] ] ] } },
{ "type": "Feature", "properties": { "class_id": 4, "area_m2": 290099.95409524208, "class_name": "Alto", "index": "NDDI", "min_value": null, "max_value": null }, "geometry": { "type": "Polygon", "coordinates": [ [ [ -89.364962984, 13.470346232 ], [ -89.374451192, 13.470346232 ], [ -89.374451192, 13.472896464 ], [ -89.364962984, 13.472896464 ], [ -89.364962984, 13.470346232 ] ] ] } },
{ "type": "Feature", "properties": { "class_id": 4, "area_m2": 580159.42386870529, "class_name": "Alto", "index": "NDDI", "min_value": null, "max_value": null }, "geometry": { "type": "Polygon", "coordinates": [ [ [ -89.327010152, 13.475446696 ], [ -89.317521944000021, 13.475446696 ], [ -89.317521944000021, 13.470346232 ], [ -89.327010152, 13.470346232 ], [ -89.327010152, 13.475446696 ] ] ] } },
{ "type": "Feature", "properties": { "class_id": 4, "area_m2": 870259.09611240111, "class_name": "Alto", "index": "NDDI", "min_value": null, "max_value": null }, "geometry": { "type": "Polygon", "coordinates": [ [ [ -89.355474776, 13.48054716 ], [ -89.345986568, 13.48054716 ], [ -89.345986568, 13.472896464 ], [ -89.355474776, 13.472896464 ], [ -89.355474776, 13.48054716 ] ] ] } },
{ "type": "Feature", "properties": { "class_id": 4, "area_m2": 1305557.5170132327, "class_name": "Alto", "index": "NDDI", "min_value": null, "max_value": null }, "geometry": { "type": "Polygon", "coordinates": [ [ [ -89.459845064, 13.485647624 ], [ -89.436124544, 13.485647624 ], [ -89.440868648, 13.48054716 ], [ -89.459845064, 13.48054716 ], [ -89.459845064, 13.485647624 ] ] ] } },
{ "type": "Feature", "properties": { "class_id": 4, "area_m2": 72533.326222065618, "class_name": "Alto", "index": "NDDI", "min_value": null, "max_value": null }, "geometry": { "type": "Polygon", "coordinates": [ [ [ -89.493053792, 13.485647624 ], [ -89.493053792, 13.488197856 ], [ -89.488309688, 13.485647624 ], [ -89.493053792, 13.485647624 ] ] ] } },
{ "type": "Feature", "properties": { "class_id": 4, "area_m2": 72531.052792735412, "class_name": "Alto", "index": "NDDI", "min_value": null, "max_value": null }, "geometry": { "type": "Polygon", "coordinates": [ [ [ -89.483565584, 13.490748088 ], [ -89.483565584, 13.488197856 ], [ -89.488309688, 13.490748088 ], [ -89.483565584, 13.490748088 ] ] ] } },
{ "type": "Feature", "properties": { "class_id": 4, "area_m2": 289788.66506383364, "class_name": "Alto", "index": "NDDI", "min_value": null, "max_value": null }, "geometry": { "type": "Polygon", "coordinates": [ [ [ -89.070828536, 13.641211776 ], [ -89.080316744, 13.641211776 ], [ -89.080316744, 13.64631224 ], [ -89.070828536, 13.641211776 ] ] ] } },
{ "type": "Feature", "properties": { "class_id": 4, "area_m2": 19340575.81859326, "class_name": "Alto", "index": "NDDI", "min_value": null, "max_value": null }, "geometry": { "type": "Polygon", "coordinates": [ [ [ -89.061340328, 13.648862472 ], [ -89.070828536, 13.653962936 ], [ -89.05185212, 13.653962936 ], [ -89.05185212, 13.6590634 ], [ -89.056596224000018, 13.661613632 ], [ -89.070828536, 13.6590634 ], [ -89.070828536, 13.666714096 ], [ -89.056596224000018, 13.669264328 ], [ -89.056596224000018, 13.676915024 ], [ -89.047108016, 13.676915024 ], [ -89.047108016, 13.67181456 ], [ -89.037619808, 13.67181456 ], [ -89.037619808, 13.676915024 ], [ -89.032875704, 13.676915024 ], [ -89.042363912, 13.682015488 ], [ -89.042363912, 13.692216416 ], [ -89.0281316, 13.692216416 ], [ -89.0281316, 13.687115952 ], [ -89.023387496, 13.68456572 ], [ -89.013899288, 13.68456572 ], [ -89.013899288, 13.67181456 ], [ -89.023387496, 13.67181456 ], [ -89.023387496, 13.666714096 ], [ -89.013899288, 13.664163864 ], [ -89.013899288, 13.656513168 ], [ -89.0281316, 13.653962936 ], [ -89.023387496, 13.648862472 ], [ -89.037619808, 13.641211776 ], [ -89.047108016, 13.64631224 ], [ -89.061340328, 13.643762008 ], [ -89.061340328, 13.648862472 ] ] ] } },
{ "type": "Feature", "properties": { "class_id": 4, "area_m2": 72437.930688058157, "class_name": "Alto", "index": "NDDI", "min_value": null, "max_value": null }, "geometry": { "type": "Polygon", "coordinates": [ [ [ -89.085060848, 13.674364792 ], [ -89.089804952, 13.674364792 ], [ -89.085060848, 13.676915024 ], [ -89.085060848, 13.674364792 ] ] ] } },
{ "type": "Feature", "properties": { "class_id": 4, "area_m2": 289745.02295726805, "class_name": "Alto", "index": "NDDI", "min_value": null, "max_value": null }, "geometry": { "type": "Polygon", "coordinates": [ [ [ -89.07557264, 13.676915024 ], [ -89.085060848, 13.676915024 ], [ -89.085060848, 13.679465256 ], [ -89.07557264, 13.679465256 ], [ -89.07557264, 13.676915024 ] ] ] } },
{ "type": "Feature", "properties": { "class_id": 4, "area_m2": 72433.514519012984, "class_name": "Alto", "index": "NDDI", "min_value": null, "max_value": null }, "geometry": { "type": "Polygon", "coordinates": [ [ [ -89.05185212, 13.679465256 ], [ -89.056596224000018, 13.679465256 ], [ -89.05185212, 13.682015488 ], [ -89.05185212, 13.679465256 ] ] ] } },
{ "type": "Feature", "properties": { "class_id": 4, "area_m2": 72432.580517308583, "class_name": "Alto", "index": "NDDI", "min_value": null, "max_value": null }, "geometry": { "type": "Polygon", "coordinates": [ [ [ -89.061340328, 13.68456572 ], [ -89.056596224000018, 13.68456572 ], [ -89.061340328, 13.682015488 ], [ -89.061340328, 13.68456572 ] ] ] } },
{ "type": "Feature", "properties": { "class_id": 4, "area_m2": 2100562.2663839906, "class_name": "Alto", "index": "NDDI", "min_value": null, "max_value": null }, "geometry": { "type": "Polygon", "coordinates": [ [ [ -89.07557264, 13.689666184 ], [ -89.05185212, 13.694766648 ], [ -89.05185212, 13.689666184 ], [ -89.061340328, 13.68456572 ], [ -89.07557264, 13.682015488 ], [ -89.07557264, 13.689666184 ] ] ] } },
{ "type": "Feature", "properties": { "class_id": 4, "area_m2": 434509.20744730864, "class_name": "Alto", "index": "NDDI", "min_value": null, "max_value": null }, "geometry": { "type": "Polygon", "coordinates": [ [ [ -89.535750728, 13.886034048 ], [ -89.531006624, 13.886034048 ], [ -89.531006624, 13.878383352 ], [ -89.535750728, 13.878383352 ], [ -89.535750728, 13.886034048 ] ] ] } },
{ "type": "Feature", "properties": { "class_id": 4, "area_m2": 289381.57140847127, "class_name": "Alto", "index": "NDDI", "min_value": null, "max_value": null }, "geometry": { "type": "Polygon", "coordinates": [ [ [ -89.0281316, 13.962541008 ], [ -89.018643392, 13.962541008 ], [ -89.018643392, 13.959990776 ], [ -89.0281316, 13.959990776 ], [ -89.0281316, 13.962541008 ] ] ] } },
{ "type": "Feature", "properties": { "class_id": 4, "area_m2": 8534371.2461383063, "class_name": "Alto", "index": "NDDI", "min_value": null, "max_value": null }, "geometry": { "type": "Polygon", "coordinates": [ [ [ -89.118269576, 14.039047968 ], [ -89.118269576, 14.044148432 ], [ -89.113525472, 14.044148432 ], [ -89.113525472, 14.05434936 ], [ -89.118269576, 14.05434936 ], [ -89.118269576, 14.062000056 ], [ -89.113525472, 14.062000056 ], [ -89.113525472, 14.06710052 ], [ -89.089804952, 14.059449824 ], [ -89.089804952, 14.05434936 ], [ -89.09929316, 14.049248896 ], [ -89.07557264, 14.046698664 ], [ -89.07557264, 14.039047968 ], [ -89.09929316, 14.0415982 ], [ -89.104037264, 14.036497736 ], [ -89.118269576, 14.039047968 ] ] ] } },
{ "type": "Feature", "properties": { "class_id": 4, "area_m2": 433974.21526517795, "class_name": "Alto", "index": "NDDI", "min_value": null, "max_value": null }, "geometry": { "type": "Polygon", "coordinates": [ [ [ -89.175198824, 14.05434936 ], [ -89.165710616000013, 14.059449824 ], [ -89.165710616000013, 14.05434936 ], [ -89.175198824, 14.05434936 ] ] ] } },
{ "type": "Feature", "properties": { "class_id": 4, "area_m2": 72319.434528585989, "class_name": "Alto", "index": "NDDI", "min_value": null, "max_value": null }, "geometry": { "type": "Polygon", "coordinates": [ [ [ -89.104037264, 14.06710052 ], [ -89.09929316, 14.06710052 ], [ -89.09929316, 14.064550288 ], [ -89.104037264, 14.06710052 ] ] ] } },
{ "type": "Feature", "properties": { "class_id": 4, "area_m2": 72295.118394226403, "class_name": "Alto", "index": "NDDI", "min_value": null, "max_value": null }, "geometry": { "type": "Polygon", "coordinates": [ [ [ -89.540494832, 14.281320008 ], [ -89.540494832, 14.28387024 ], [ -89.535750728, 14.281320008 ], [ -89.540494832, 14.281320008 ] ] ] } },
{ "type": "Feature", "properties": { "class_id": 4, "area_m2": 72292.74957272505, "class_name": "Alto", "index": "NDDI", "min_value": null, "max_value": null }, "geometry": { "type": "Polygon", "coordinates": [ [ [ -89.531006624, 14.286420472 ], [ -89.531006624, 14.28387024 ], [ -89.535750728, 14.286420472 ], [ -89.531006624, 14.286420472 ] ] ] } },
{ "type": "Feature", "properties": { "class_id": 4, "area_m2": 72524.979801661699, "class_name": "Alto", "index": "NDDI", "min_value": null, "max_value": null }, "geometry": { "type": "Polygon", "coordinates": [ [ [ -88.117263632, 13.156667696 ], [ -88.112519528, 13.156667696 ], [ -88.112519528, 13.154117464 ], [ -88.117263632, 13.156667696 ] ] ] } },
{ "type": "Feature", "properties": { "class_id": 4, "area_m2": 72525.217172782897, "class_name": "Alto", "index": "NDDI", "min_value": null, "max_value": null }, "geometry": { "type": "Polygon", "coordinates": [ [ [ -88.117263632, 13.156667696 ], [ -88.122007736000015, 13.156667696 ], [ -88.117263632, 13.159217928 ], [ -88.117263632, 13.156667696 ] ] ] } },
{ "type": "Feature", "properties": { "class_id": 4, "area_m2": 435145.53263756278, "class_name": "Alto", "index": "NDDI", "min_value": null, "max_value": null }, "geometry": { "type": "Polygon", "coordinates": [ [ [ -88.12675184, 13.159217928 ], [ -88.12675184, 13.154117464 ], [ -88.140984152, 13.16176816 ], [ -88.12675184, 13.159217928 ] ] ] } },
{ "type": "Feature", "properties": { "class_id": 4, "area_m2": 435157.32793414558, "class_name": "Alto", "index": "NDDI", "min_value": null, "max_value": null }, "geometry": { "type": "Polygon", "coordinates": [ [ [ -88.155216464, 13.156667696 ], [ -88.145728256, 13.16176816 ], [ -88.145728256, 13.156667696 ], [ -88.155216464, 13.156667696 ] ] ] } },
{ "type": "Feature", "properties": { "class_id": 4, "area_m2": 72531.369022397208, "class_name": "Alto", "index": "NDDI", "min_value": null, "max_value": null }, "geometry": { "type": "Polygon", "coordinates": [ [ [ -88.254842648, 13.159217928 ], [ -88.259586752, 13.159217928 ], [ -88.254842648, 13.16176816 ], [ -88.254842648, 13.159217928 ] ] ] } },
{ "type": "Feature", "properties": { "class_id": 4, "area_m2": 580213.34324874636, "class_name": "Alto", "index": "NDDI", "min_value": null, "max_value": null }, "geometry": { "type": "Polygon", "coordinates": [ [ [ -88.183681088, 13.164318392 ], [ -88.17419288, 13.164318392 ], [ -88.17419288, 13.159217928 ], [ -88.183681088, 13.159217928 ], [ -88.183681088, 13.164318392 ] ] ] } },
{ "type": "Feature", "properties": { "class_id": 4, "area_m2": 435196.87822275574, "class_name": "Alto", "index": "NDDI", "min_value": null, "max_value": null }, "geometry": { "type": "Polygon", "coordinates": [ [ [ -88.297539584, 13.159217928 ], [ -88.288051376, 13.164318392 ], [ -88.288051376, 13.159217928 ], [ -88.297539584, 13.159217928 ] ] ] } },
{ "type": "Feature", "properties": { "class_id": 4, "area_m2": 72530.381836837085, "class_name": "Alto", "index": "NDDI", "min_value": null, "max_value": null }, "geometry": { "type": "Polygon", "coordinates": [ [ [ -88.250098544, 13.16176816 ], [ -88.254842648, 13.16176816 ], [ -88.250098544, 13.164318392 ], [ -88.250098544, 13.16176816 ] ] ] } },
{ "type": "Feature", "properties": { "class_id": 4, "area_m2": 72541.287902666998, "class_name": "Alto", "index": "NDDI", "min_value": null, "max_value": null }, "geometry": { "type": "Polygon", "coordinates": [ [ [ -88.454095016, 13.164318392 ], [ -88.45883912, 13.164318392 ], [ -88.454095016, 13.166868624 ], [ -88.454095016, 13.164318392 ] ] ] } },
{ "type": "Feature", "properties": { "class_id": 4, "area_m2": 72540.091465065416, "class_name": "Alto", "index": "NDDI", "min_value": null, "max_value": null }, "geometry": { "type": "Polygon", "coordinates": [ [ [ -88.463583224, 13.169418856 ], [ -88.45883912, 13.169418856 ], [ -88.45883912, 13.166868624 ], [ -88.463583224, 13.169418856 ] ] ] } },
{ "type": "Feature", "properties": { "class_id": 4, "area_m2": 1668465.8831667711, "class_name": "Alto", "index": "NDDI", "min_value": null, "max_value": null }, "geometry": { "type": "Polygon", "coordinates": [ [ [ -88.539488888, 13.182170016 ], [ -88.520512472, 13.184720248 ], [ -88.515768368, 13.17451932 ], [ -88.525256576, 13.17451932 ], [ -88.539488888, 13.182170016 ] ] ] } },
{ "type": "Feature", "properties": { "class_id": 4, "area_m2": 72540.922415657071, "class_name": "Alto", "index": "NDDI", "min_value": null, "max_value": null }, "geometry": { "type": "Polygon", "coordinates": [ [ [ -88.544232992, 13.184720248 ], [ -88.539488888, 13.184720248 ], [ -88.544232992, 13.182170016 ], [ -88.544232992, 13.184720248 ] ] ] } },
{ "type": "Feature", "properties": { "class_id": 4, "area_m2": 72533.004569075536, "class_name": "Alto", "index": "NDDI", "min_value": null, "max_value": null }, "geometry": { "type": "Polygon", "coordinates": [ [ [ -88.468327328, 13.194921176 ], [ -88.463583224, 13.194921176 ], [ -88.463583224, 13.192370944 ], [ -88.468327328, 13.194921176 ] ] ] } },
{ "type": "Feature", "properties": { "class_id": 4, "area_m2": 1450644.317220777, "class_name": "Alto", "index": "NDDI", "min_value": null, "max_value": null }, "geometry": { "type": "Polygon", "coordinates": [ [ [ -88.487303744000016, 13.194921176 ], [ -88.487303744000016, 13.20002164 ], [ -88.48255964, 13.202571872 ], [ -88.468327328, 13.20002164 ], [ -88.468327328, 13.194921176 ], [ -88.487303744000016, 13.194921176 ] ] ] } },
{ "type": "Feature", "properties": { "class_id": 4, "area_m2": 72534.35392094808, "class_name": "Alto", "index": "NDDI", "min_value": null, "max_value": null }, "geometry": { "type": "Polygon", "coordinates": [ [ [ -88.496791952, 13.197471408 ], [ -88.501536056, 13.197471408 ], [ -88.496791952, 13.20002164 ], [ -88.496791952, 13.197471408 ] ] ] } },
{ "type": "Feature", "properties": { "class_id": 4, "area_m2": 652799.04282306612, "class_name": "Alto", "index": "NDDI", "min_value": null, "max_value": null }, "geometry": { "type": "Polygon", "coordinates": [ [ [ -88.515768368, 13.205122104 ], [ -88.501536056, 13.205122104 ], [ -88.501536056, 13.20002164 ], [ -88.515768368, 13.202571872 ], [ -88.515768368, 13.205122104 ] ] ] } },
{ "type": "Feature", "properties": { "class_id": 4, "area_m2": 507384.26320834906, "class_name": "Alto", "index": "NDDI", "min_value": null, "max_value": null }, "geometry": { "type": "Polygon", "coordinates": [ [ [ -88.188425192, 13.31478208 ], [ -88.183681088, 13.31478208 ], [ -88.183681088, 13.309681616 ], [ -88.178936984, 13.307131384 ], [ -88.188425192, 13.307131384 ], [ -88.188425192, 13.31478208 ] ] ] } },
{ "type": "Feature", "properties": { "class_id": 4, "area_m2": 289925.11437026662, "class_name": "Alto", "index": "NDDI", "min_value": null, "max_value": null }, "geometry": { "type": "Polygon", "coordinates": [ [ [ -88.235866232, 13.330083472 ], [ -88.231122128, 13.330083472 ], [ -88.231122128, 13.324983008 ], [ -88.235866232, 13.324983008 ], [ -88.235866232, 13.330083472 ] ] ] } },
{ "type": "Feature", "properties": { "class_id": 4, "area_m2": 2681928.4131402085, "class_name": "Alto", "index": "NDDI", "min_value": null, "max_value": null }, "geometry": { "type": "Polygon", "coordinates": [ [ [ -88.302283688, 13.330083472 ], [ -88.297539584, 13.32753324 ], [ -88.321260104, 13.324983008 ], [ -88.326004208, 13.330083472 ], [ -88.307027792, 13.332633704 ], [ -88.311771896, 13.337734168 ], [ -88.297539584, 13.3402844 ], [ -88.302283688, 13.330083472 ] ] ] } },
{ "type": "Feature", "properties": { "class_id": 4, "area_m2": 1304587.214000999, "class_name": "Alto", "index": "NDDI", "min_value": null, "max_value": null }, "geometry": { "type": "Polygon", "coordinates": [ [ [ -88.321260104, 13.355585792 ], [ -88.311771896, 13.358136024 ], [ -88.311771896, 13.35303556 ], [ -88.302283688, 13.35303556 ], [ -88.302283688, 13.347935096 ], [ -88.321260104, 13.350485328 ], [ -88.321260104, 13.355585792 ] ] ] } },
{ "type": "Feature", "properties": { "class_id": 4, "area_m2": 72475.252264028168, "class_name": "Alto", "index": "NDDI", "min_value": null, "max_value": null }, "geometry": { "type": "Polygon", "coordinates": [ [ [ -88.278563168, 13.355585792 ], [ -88.273819064, 13.355585792 ], [ -88.273819064, 13.35303556 ], [ -88.278563168, 13.355585792 ] ] ] } },
{ "type": "Feature", "properties": { "class_id": 4, "area_m2": 72475.521418057091, "class_name": "Alto", "index": "NDDI", "min_value": null, "max_value": null }, "geometry": { "type": "Polygon", "coordinates": [ [ [ -88.278563168, 13.355585792 ], [ -88.283307272, 13.355585792 ], [ -88.278563168, 13.358136024 ], [ -88.278563168, 13.355585792 ] ] ] } },
{ "type": "Feature", "properties": { "class_id": 4, "area_m2": 942188.89570919168, "class_name": "Alto", "index": "NDDI", "min_value": null, "max_value": null }, "geometry": { "type": "Polygon", "coordinates": [ [ [ -88.316516, 13.358136024 ], [ -88.326004208, 13.358136024 ], [ -88.330748312000011, 13.363236488 ], [ -88.321260104, 13.36578672 ], [ -88.316516, 13.363236488 ], [ -88.316516, 13.358136024 ] ] ] } },
{ "type": "Feature", "properties": { "class_id": 4, "area_m2": 434823.56584309204, "class_name": "Alto", "index": "NDDI", "min_value": null, "max_value": null }, "geometry": { "type": "Polygon", "coordinates": [ [ [ -88.326004208, 13.381088112 ], [ -88.34023652, 13.381088112 ], [ -88.34023652, 13.383638344 ], [ -88.326004208, 13.383638344 ], [ -88.326004208, 13.381088112 ] ] ] } },
{ "type": "Feature", "properties": { "class_id": 4, "area_m2": 72443.634726387521, "class_name": "Alto", "index": "NDDI", "min_value": null, "max_value": null }, "geometry": { "type": "Polygon", "coordinates": [ [ [ -88.122007736000015, 13.437193216 ], [ -88.12675184, 13.437193216 ], [ -88.122007736000015, 13.439743447999989 ], [ -88.122007736000015, 13.437193216 ] ] ] } },
{ "type": "Feature", "properties": { "class_id": 4, "area_m2": 289769.61992088921, "class_name": "Alto", "index": "NDDI", "min_value": null, "max_value": null }, "geometry": { "type": "Polygon", "coordinates": [ [ [ -88.12675184, 13.439743448 ], [ -88.131495944, 13.439743448 ], [ -88.131495944, 13.444843912 ], [ -88.12675184, 13.444843912 ], [ -88.12675184, 13.439743448 ] ] ] } },
{ "type": "Feature", "properties": { "class_id": 4, "area_m2": 72441.063185250037, "class_name": "Alto", "index": "NDDI", "min_value": null, "max_value": null }, "geometry": { "type": "Polygon", "coordinates": [ [ [ -88.136240048, 13.447394144 ], [ -88.131495944, 13.447394144 ], [ -88.131495944, 13.444843912 ], [ -88.136240048, 13.447394144 ] ] ] } },
{ "type": "Feature", "properties": { "class_id": 4, "area_m2": 579291.12867854757, "class_name": "Alto", "index": "NDDI", "min_value": null, "max_value": null }, "geometry": { "type": "Polygon", "coordinates": [ [ [ -88.155216464, 13.554503888 ], [ -88.145728256, 13.551953656 ], [ -88.145728256, 13.549403424 ], [ -88.155216464, 13.546853192 ], [ -88.155216464, 13.554503888 ] ] ] } },
{ "type": "Feature", "properties": { "class_id": 4, "area_m2": 289643.34145990264, "class_name": "Alto", "index": "NDDI", "min_value": null, "max_value": null }, "geometry": { "type": "Polygon", "coordinates": [ [ [ -88.240610336, 13.567255048 ], [ -88.240610336, 13.572355512 ], [ -88.231122128, 13.567255048 ], [ -88.240610336, 13.567255048 ] ] ] } },
{ "type": "Feature", "properties": { "class_id": 4, "area_m2": 289593.03961390344, "class_name": "Alto", "index": "NDDI", "min_value": null, "max_value": null }, "geometry": { "type": "Polygon", "coordinates": [ [ [ -88.136240048, 13.590207136 ], [ -88.140984152, 13.590207136 ], [ -88.140984152, 13.5953076 ], [ -88.136240048, 13.5953076 ], [ -88.136240048, 13.590207136 ] ] ] } },
{ "type": "Feature", "properties": { "class_id": 4, "area_m2": 723957.41474639322, "class_name": "Alto", "index": "NDDI", "min_value": null, "max_value": null }, "geometry": { "type": "Polygon", "coordinates": [ [ [ -88.188425192, 13.605508528 ], [ -88.1979134, 13.60805876 ], [ -88.1979134, 13.613159224 ], [ -88.188425192, 13.613159224 ], [ -88.188425192, 13.605508528 ] ] ] } },
{ "type": "Feature", "properties": { "class_id": 4, "area_m2": 72387.406369172924, "class_name": "Alto", "index": "NDDI", "min_value": null, "max_value": null }, "geometry": { "type": "Polygon", "coordinates": [ [ [ -88.164704672, 13.63356108 ], [ -88.169448776, 13.63356108 ], [ -88.164704672, 13.636111312 ], [ -88.164704672, 13.63356108 ] ] ] } },
{ "type": "Feature", "properties": { "class_id": 4, "area_m2": 72386.099251488078, "class_name": "Alto", "index": "NDDI", "min_value": null, "max_value": null }, "geometry": { "type": "Polygon", "coordinates": [ [ [ -88.17419288, 13.638661544 ], [ -88.169448776, 13.638661544 ], [ -88.169448776, 13.636111312 ], [ -88.17419288, 13.638661544 ] ] ] } },
{ "type": "Feature", "properties": { "class_id": 4, "area_m2": 72386.907348593726, "class_name": "Alto", "index": "NDDI", "min_value": null, "max_value": null }, "geometry": { "type": "Polygon", "coordinates": [ [ [ -88.24535444, 13.648862472 ], [ -88.250098544, 13.648862472 ], [ -88.24535444, 13.651412704 ], [ -88.24535444, 13.648862472 ] ] ] } },
{ "type": "Feature", "properties": { "class_id": 4, "area_m2": 579057.37718533876, "class_name": "Alto", "index": "NDDI", "min_value": null, "max_value": null }, "geometry": { "type": "Polygon", "coordinates": [ [ [ -88.188425192, 13.656513168 ], [ -88.178936984, 13.656513168 ], [ -88.178936984, 13.651412704 ], [ -88.188425192, 13.651412704 ], [ -88.188425192, 13.656513168 ] ] ] } },
{ "type": "Feature", "properties": { "class_id": 4, "area_m2": 434311.71830632415, "class_name": "Alto", "index": "NDDI", "min_value": null, "max_value": null }, "geometry": { "type": "Polygon", "coordinates": [ [ [ -88.24535444, 13.651412704 ], [ -88.235866232, 13.656513168 ], [ -88.235866232, 13.651412704 ], [ -88.24535444, 13.651412704 ] ] ] } },
{ "type": "Feature", "properties": { "class_id": 4, "area_m2": 289530.14358737454, "class_name": "Alto", "index": "NDDI", "min_value": null, "max_value": null }, "geometry": { "type": "Polygon", "coordinates": [ [ [ -88.501536056, 13.712618272 ], [ -88.492047848, 13.712618272 ], [ -88.492047848, 13.71006804 ], [ -88.501536056, 13.71006804 ], [ -88.501536056, 13.712618272 ] ] ] } },
{ "type": "Feature", "properties": { "class_id": 4, "area_m2": 290096.79376324185, "class_name": "Alto", "index": "NDDI", "min_value": null, "max_value": null }, "geometry": { "type": "Polygon", "coordinates": [ [ [ -88.093543112, 13.156667696 ], [ -88.084054904, 13.156667696 ], [ -88.084054904, 13.154117464 ], [ -88.093543112, 13.154117464 ], [ -88.093543112, 13.156667696 ] ] ] } },
{ "type": "Feature", "properties": { "class_id": 4, "area_m2": 725221.02483429853, "class_name": "Alto", "index": "NDDI", "min_value": null, "max_value": null }, "geometry": { "type": "Polygon", "coordinates": [ [ [ -88.069822592, 13.159217928 ], [ -88.060334384, 13.159217928 ], [ -88.05559028, 13.154117464 ], [ -88.069822592, 13.154117464 ], [ -88.069822592, 13.159217928 ] ] ] } },
{ "type": "Feature", "properties": { "class_id": 4, "area_m2": 72523.457614474421, "class_name": "Alto", "index": "NDDI", "min_value": null, "max_value": null }, "geometry": { "type": "Polygon", "coordinates": [ [ [ -88.0793108, 13.156667696 ], [ -88.084054904, 13.156667696 ], [ -88.0793108, 13.159217928 ], [ -88.0793108, 13.156667696 ] ] ] } },
{ "type": "Feature", "properties": { "class_id": 4, "area_m2": 797773.50057840813, "class_name": "Alto", "index": "NDDI", "min_value": null, "max_value": null }, "geometry": { "type": "Polygon", "coordinates": [ [ [ -88.10303132, 13.154117464 ], [ -88.112519528, 13.156667696 ], [ -88.112519528, 13.16176816 ], [ -88.098287215999989, 13.159217928 ], [ -88.10303132, 13.154117464 ] ] ] } },
{ "type": "Feature", "properties": { "class_id": 4, "area_m2": 290083.96272479498, "class_name": "Alto", "index": "NDDI", "min_value": null, "max_value": null }, "geometry": { "type": "Polygon", "coordinates": [ [ [ -88.017637447999988, 13.156667696 ], [ -88.027125656, 13.156667696 ], [ -88.027125656, 13.16176816 ], [ -88.017637447999988, 13.156667696 ] ] ] } },
{ "type": "Feature", "properties": { "class_id": 4, "area_m2": 290085.01580388477, "class_name": "Alto", "index": "NDDI", "min_value": null, "max_value": null }, "geometry": { "type": "Polygon", "coordinates": [ [ [ -88.084054904, 13.164318392 ], [ -88.093543112, 13.164318392 ], [ -88.093543112, 13.166868624 ], [ -88.084054904, 13.166868624 ], [ -88.084054904, 13.164318392 ] ] ] } },
{ "type": "Feature", "properties": { "class_id": 4, "area_m2": 289830.09231457306, "class_name": "Alto", "index": "NDDI", "min_value": null, "max_value": null }, "geometry": { "type": "Polygon", "coordinates": [ [ [ -88.036613863999989, 13.375987648 ], [ -88.046102072, 13.375987648 ], [ -88.046102072, 13.37853788 ], [ -88.036613863999989, 13.37853788 ], [ -88.036613863999989, 13.375987648 ] ] ] } },
{ "type": "Feature", "properties": { "class_id": 4, "area_m2": 289815.51168235339, "class_name": "Alto", "index": "NDDI", "min_value": null, "max_value": null }, "geometry": { "type": "Polygon", "coordinates": [ [ [ -87.98442872, 13.383638344 ], [ -87.979684616, 13.383638344 ], [ -87.979684616, 13.37853788 ], [ -87.98442872, 13.37853788 ], [ -87.98442872, 13.383638344 ] ] ] } },
{ "type": "Feature", "properties": { "class_id": 4, "area_m2": 724470.07319208072, "class_name": "Alto", "index": "NDDI", "min_value": null, "max_value": null }, "geometry": { "type": "Polygon", "coordinates": [ [ [ -88.041357968, 13.409140664 ], [ -88.050846176, 13.411690896 ], [ -88.050846176, 13.41679136 ], [ -88.041357968, 13.41679136 ], [ -88.041357968, 13.409140664 ] ] ] } },
{ "type": "Feature", "properties": { "class_id": 4, "area_m2": 289765.32579508348, "class_name": "Alto", "index": "NDDI", "min_value": null, "max_value": null }, "geometry": { "type": "Polygon", "coordinates": [ [ [ -88.060334384, 13.434642984 ], [ -88.069822592, 13.434642984 ], [ -88.069822592, 13.437193216 ], [ -88.060334384, 13.437193216 ], [ -88.060334384, 13.434642984 ] ] ] } },
{ "type": "Feature", "properties": { "class_id": 4, "area_m2": 289758.46708986664, "class_name": "Alto", "index": "NDDI", "min_value": null, "max_value": null }, "geometry": { "type": "Polygon", "coordinates": [ [ [ -88.065078488, 13.44229368 ], [ -88.05559028, 13.44229368 ], [ -88.05559028, 13.439743448 ], [ -88.065078488, 13.439743448 ], [ -88.065078488, 13.44229368 ] ] ] } },
{ "type": "Feature", "properties": { "class_id": 4, "area_m2": 869243.10732429556, "class_name": "Alto", "index": "NDDI", "min_value": null, "max_value": null }, "geometry": { "type": "Polygon", "coordinates": [ [ [ -88.088799008, 13.457595072 ], [ -88.0793108, 13.457595072 ], [ -88.0793108, 13.449944376 ], [ -88.088799008, 13.449944376 ], [ -88.088799008, 13.457595072 ] ] ] } },
{ "type": "Feature", "properties": { "class_id": 4, "area_m2": 72424.34246768734, "class_name": "Alto", "index": "NDDI", "min_value": null, "max_value": null }, "geometry": { "type": "Polygon", "coordinates": [ [ [ -87.979684616, 13.48054716 ], [ -87.974940511999989, 13.48054716 ], [ -87.974940511999989, 13.477996928 ], [ -87.979684616, 13.48054716 ] ] ] } },
{ "type": "Feature", "properties": { "class_id": 4, "area_m2": 289706.3893275921, "class_name": "Alto", "index": "NDDI", "min_value": null, "max_value": null }, "geometry": { "type": "Polygon", "coordinates": [ [ [ -88.03186976, 13.483097392 ], [ -88.027125656, 13.483097392 ], [ -88.027125656, 13.477996928 ], [ -88.03186976, 13.477996928 ], [ -88.03186976, 13.483097392 ] ] ] } },
{ "type": "Feature", "properties": { "class_id": 4, "area_m2": 72424.747769876878, "class_name": "Alto", "index": "NDDI", "min_value": null, "max_value": null }, "geometry": { "type": "Polygon", "coordinates": [ [ [ -87.98442872, 13.48054716 ], [ -87.989172824, 13.48054716 ], [ -87.98442872, 13.483097392 ], [ -87.98442872, 13.48054716 ] ] ] } },
{ "type": "Feature", "properties": { "class_id": 4, "area_m2": 72423.422592147137, "class_name": "Alto", "index": "NDDI", "min_value": null, "max_value": null }, "geometry": { "type": "Polygon", "coordinates": [ [ [ -87.993916928, 13.485647624 ], [ -87.989172824, 13.485647624 ], [ -87.989172824, 13.483097392 ], [ -87.993916928, 13.485647624 ] ] ] } },
{ "type": "Feature", "properties": { "class_id": 4, "area_m2": 72425.118654497579, "class_name": "Alto", "index": "NDDI", "min_value": null, "max_value": null }, "geometry": { "type": "Polygon", "coordinates": [ [ [ -88.046102072, 13.488197856 ], [ -88.050846176, 13.488197856 ], [ -88.046102072, 13.490748088 ], [ -88.046102072, 13.488197856 ] ] ] } },
{ "type": "Feature", "properties": { "class_id": 4, "area_m2": 434545.51966850436, "class_name": "Alto", "index": "NDDI", "min_value": null, "max_value": null }, "geometry": { "type": "Polygon", "coordinates": [ [ [ -88.060334384, 13.495848552 ], [ -88.050846176, 13.49329832 ], [ -88.050846176, 13.490748088 ], [ -88.060334384, 13.490748088 ], [ -88.060334384, 13.495848552 ] ] ] } },
{ "type": "Feature", "properties": { "class_id": 4, "area_m2": 3041796.6971594952, "class_name": "Alto", "index": "NDDI", "min_value": null, "max_value": null }, "geometry": { "type": "Polygon", "coordinates": [ [ [ -88.00814924, 13.49329832 ], [ -88.017637447999988, 13.488197856 ], [ -88.027125656, 13.49329832 ], [ -88.041357968, 13.490748088 ], [ -88.041357968, 13.498398784 ], [ -88.012893344, 13.500949016 ], [ -88.012893344, 13.495848552 ], [ -88.00814924, 13.49329832 ] ] ] } },
{ "type": "Feature", "properties": { "class_id": 4, "area_m2": 72422.960051481496, "class_name": "Alto", "index": "NDDI", "min_value": null, "max_value": null }, "geometry": { "type": "Polygon", "coordinates": [ [ [ -88.050846176, 13.495848552 ], [ -88.050846176, 13.498398784 ], [ -88.046102072, 13.495848552 ], [ -88.050846176, 13.495848552 ] ] ] } },
{ "type": "Feature", "properties": { "class_id": 4, "area_m2": 72421.123643376646, "class_name": "Alto", "index": "NDDI", "min_value": null, "max_value": null }, "geometry": { "type": "Polygon", "coordinates": [ [ [ -88.041357968, 13.500949016 ], [ -88.041357968, 13.498398784 ], [ -88.046102072, 13.500949016 ], [ -88.041357968, 13.500949016 ] ] ] } },
{ "type": "Feature", "properties": { "class_id": 4, "area_m2": 1955278.813076098, "class_name": "Alto", "index": "NDDI", "min_value": null, "max_value": null }, "geometry": { "type": "Polygon", "coordinates": [ [ [ -88.027125656, 13.503499248 ], [ -88.050846176, 13.50604948 ], [ -88.046102072, 13.511149944 ], [ -88.027125656, 13.513700176 ], [ -88.027125656, 13.503499248 ] ] ] } },
{ "type": "Feature", "properties": { "class_id": 4, "area_m2": 72417.674704804944, "class_name": "Alto", "index": "NDDI", "min_value": null, "max_value": null }, "geometry": { "type": "Polygon", "coordinates": [ [ [ -88.050846176, 13.513700176 ], [ -88.050846176, 13.516250408 ], [ -88.046102072, 13.513700176 ], [ -88.050846176, 13.513700176 ] ] ] } },
{ "type": "Feature", "properties": { "class_id": 4, "area_m2": 72415.836382803944, "class_name": "Alto", "index": "NDDI", "min_value": null, "max_value": null }, "geometry": { "type": "Polygon", "coordinates": [ [ [ -88.041357968, 13.51880064 ], [ -88.041357968, 13.516250408 ], [ -88.046102072, 13.51880064 ], [ -88.041357968, 13.51880064 ] ] ] } },
{ "type": "Feature", "properties": { "class_id": 4, "area_m2": 506923.35447022232, "class_name": "Alto", "index": "NDDI", "min_value": null, "max_value": null }, "geometry": { "type": "Polygon", "coordinates": [ [ [ -88.088799008, 13.516250408 ], [ -88.098287215999989, 13.516250408 ], [ -88.098287215999989, 13.523901104 ], [ -88.093543112, 13.523901104 ], [ -88.093543112, 13.51880064 ], [ -88.088799008, 13.516250408 ] ] ] } },
{ "type": "Feature", "properties": { "class_id": 4, "area_m2": 8326597.042742868, "class_name": "Alto", "index": "NDDI", "min_value": null, "max_value": null }, "geometry": { "type": "Polygon", "coordinates": [ [ [ -88.060334384, 13.536652264 ], [ -88.065078488, 13.541752728 ], [ -88.050846176, 13.54430296 ], [ -88.050846176, 13.546853192 ], [ -88.074566696, 13.549403424 ], [ -88.065078488, 13.554503888 ], [ -88.065078488, 13.559604352 ], [ -88.050846176, 13.562154584 ], [ -88.046102072, 13.55705412 ], [ -88.03186976, 13.55705412 ], [ -88.036613863999989, 13.559604352 ], [ -88.036613863999989, 13.567255048 ], [ -88.041357968, 13.567255048 ], [ -88.041357968, 13.574905744 ], [ -88.027125656, 13.567255048 ], [ -88.03186976, 13.562154584 ], [ -88.027125656, 13.562154584 ], [ -88.027125656, 13.55705412 ], [ -88.022381552, 13.554503888 ], [ -88.03186976, 13.549403424 ], [ -88.046102072, 13.549403424 ], [ -88.046102072, 13.54430296 ], [ -88.036613863999989, 13.539202496 ], [ -88.060334384, 13.536652264 ] ], [ [ -88.05559028, 13.55705412 ], [ -88.05559028, 13.551953656 ], [ -88.050846176, 13.551953656 ], [ -88.050846176, 13.55705412 ], [ -88.05559028, 13.55705412 ] ] ] } },
{ "type": "Feature", "properties": { "class_id": 4, "area_m2": 289624.93893959938, "class_name": "Alto", "index": "NDDI", "min_value": null, "max_value": null }, "geometry": { "type": "Polygon", "coordinates": [ [ [ -88.084054904, 13.559604352 ], [ -88.0793108, 13.559604352 ], [ -88.0793108, 13.554503888 ], [ -88.084054904, 13.554503888 ], [ -88.084054904, 13.559604352 ] ] ] } },
{ "type": "Feature", "properties": { "class_id": 4, "area_m2": 72404.016557269482, "class_name": "Alto", "index": "NDDI", "min_value": null, "max_value": null }, "geometry": { "type": "Polygon", "coordinates": [ [ [ -88.069822592, 13.562154584 ], [ -88.065078488, 13.562154584 ], [ -88.065078488, 13.559604352 ], [ -88.069822592, 13.562154584 ] ] ] } },
{ "type": "Feature", "properties": { "class_id": 4, "area_m2": 72404.442905606833, "class_name": "Alto", "index": "NDDI", "min_value": null, "max_value": null }, "geometry": { "type": "Polygon", "coordinates": [ [ [ -88.0793108, 13.562154584 ], [ -88.074566696, 13.562154584 ], [ -88.074566696, 13.559604352 ], [ -88.0793108, 13.562154584 ] ] ] } },
{ "type": "Feature", "properties": { "class_id": 4, "area_m2": 579189.77102394123, "class_name": "Alto", "index": "NDDI", "min_value": null, "max_value": null }, "geometry": { "type": "Polygon", "coordinates": [ [ [ -87.993916928, 13.567255048 ], [ -88.003405136, 13.567255048 ], [ -87.998661032, 13.572355512 ], [ -87.989172824, 13.572355512 ], [ -87.993916928, 13.567255048 ] ] ] } },
{ "type": "Feature", "properties": { "class_id": 4, "area_m2": 434342.71571737074, "class_name": "Alto", "index": "NDDI", "min_value": null, "max_value": null }, "geometry": { "type": "Polygon", "coordinates": [ [ [ -88.084054904, 13.610608992 ], [ -88.069822592, 13.610608992 ], [ -88.069822592, 13.60805876 ], [ -88.084054904, 13.60805876 ], [ -88.084054904, 13.610608992 ] ] ] } },
{ "type": "Feature", "properties": { "class_id": 4, "area_m2": 579108.79111692391, "class_name": "Alto", "index": "NDDI", "min_value": null, "max_value": null }, "geometry": { "type": "Polygon", "coordinates": [ [ [ -88.069822592, 13.613159224 ], [ -88.0793108, 13.613159224 ], [ -88.0793108, 13.615709456 ], [ -88.069822592, 13.62080992 ], [ -88.069822592, 13.613159224 ] ] ] } },
{ "type": "Feature", "properties": { "class_id": 4, "area_m2": 289535.92389486247, "class_name": "Alto", "index": "NDDI", "min_value": null, "max_value": null }, "geometry": { "type": "Polygon", "coordinates": [ [ [ -88.017637447999988, 13.623360152 ], [ -88.027125656, 13.623360152 ], [ -88.027125656, 13.628460616 ], [ -88.017637447999988, 13.623360152 ] ] ] } },
{ "type": "Feature", "properties": { "class_id": 4, "area_m2": 940995.10800637957, "class_name": "Alto", "index": "NDDI", "min_value": null, "max_value": null }, "geometry": { "type": "Polygon", "coordinates": [ [ [ -88.088799008, 13.636111312 ], [ -88.074566696, 13.636111312 ], [ -88.074566696, 13.628460616 ], [ -88.084054904, 13.628460616 ], [ -88.084054904, 13.63356108 ], [ -88.088799008, 13.636111312 ] ] ] } },
{ "type": "Feature", "properties": { "class_id": 4, "area_m2": 289525.85853948124, "class_name": "Alto", "index": "NDDI", "min_value": null, "max_value": null }, "geometry": { "type": "Polygon", "coordinates": [ [ [ -88.050846176, 13.636111312 ], [ -88.041357968, 13.636111312 ], [ -88.041357968, 13.63356108 ], [ -88.050846176, 13.63356108 ], [ -88.050846176, 13.636111312 ] ] ] } },
{ "type": "Feature", "properties": { "class_id": 4, "area_m2": 434280.62803344161, "class_name": "Alto", "index": "NDDI", "min_value": null, "max_value": null }, "geometry": { "type": "Polygon", "coordinates": [ [ [ -88.05559028, 13.64631224 ], [ -88.05559028, 13.638661544 ], [ -88.065078488, 13.641211776 ], [ -88.05559028, 13.64631224 ] ] ] } },
{ "type": "Feature", "properties": { "class_id": 4, "area_m2": 796145.82861545042, "class_name": "Alto", "index": "NDDI", "min_value": null, "max_value": null }, "geometry": { "type": "Polygon", "coordinates": [ [ [ -88.017637447999988, 13.648862472 ], [ -88.017637447999988, 13.643762008 ], [ -88.00814924, 13.643762008 ], [ -88.00814924, 13.641211776 ], [ -88.022381552, 13.641211776 ], [ -88.022381552, 13.64631224 ], [ -88.027125656, 13.648862472 ], [ -88.017637447999988, 13.648862472 ] ] ] } },
{ "type": "Feature", "properties": { "class_id": 4, "area_m2": 290039.04068883875, "class_name": "Alto", "index": "NDDI", "min_value": null, "max_value": null }, "geometry": { "type": "Polygon", "coordinates": [ [ [ -87.970196408, 13.18727048 ], [ -87.970196408, 13.192370944 ], [ -87.9607082, 13.18727048 ], [ -87.970196408, 13.18727048 ] ] ] } },
{ "type": "Feature", "properties": { "class_id": 4, "area_m2": 725046.05870510906, "class_name": "Alto", "index": "NDDI", "min_value": null, "max_value": null }, "geometry": { "type": "Polygon", "coordinates": [ [ [ -87.894290743999989, 13.197471408 ], [ -87.884802536, 13.197471408 ], [ -87.884802536, 13.189820712 ], [ -87.894290743999989, 13.192370944 ], [ -87.894290743999989, 13.197471408 ] ] ] } },
{ "type": "Feature", "properties": { "class_id": 4, "area_m2": 434910.37610305171, "class_name": "Alto", "index": "NDDI", "min_value": null, "max_value": null }, "geometry": { "type": "Polygon", "coordinates": [ [ [ -87.932243576, 13.266327672 ], [ -87.941731784, 13.266327672 ], [ -87.941731784, 13.268877904 ], [ -87.932243576, 13.271428136 ], [ -87.932243576, 13.266327672 ] ] ] } },
{ "type": "Feature", "properties": { "class_id": 4, "area_m2": 3116617.8082861686, "class_name": "Alto", "index": "NDDI", "min_value": null, "max_value": null }, "geometry": { "type": "Polygon", "coordinates": [ [ [ -87.951219992, 13.284179296 ], [ -87.974940511999989, 13.286729528 ], [ -87.979684616, 13.291829992 ], [ -87.974940511999989, 13.291829992 ], [ -87.974940511999989, 13.296930456 ], [ -87.9607082, 13.294380224 ], [ -87.9607082, 13.296930456 ], [ -87.951219992, 13.296930456 ], [ -87.951219992, 13.284179296 ] ] ] } },
{ "type": "Feature", "properties": { "class_id": 4, "area_m2": 289896.00470032025, "class_name": "Alto", "index": "NDDI", "min_value": null, "max_value": null }, "geometry": { "type": "Polygon", "coordinates": [ [ [ -87.899034848, 13.30203092 ], [ -87.908523056, 13.30203092 ], [ -87.908523056, 13.307131384 ], [ -87.899034848, 13.30203092 ] ] ] } },
{ "type": "Feature", "properties": { "class_id": 4, "area_m2": 579621.13818799134, "class_name": "Alto", "index": "NDDI", "min_value": null, "max_value": null }, "geometry": { "type": "Polygon", "coordinates": [ [ [ -87.823129184, 13.368336952 ], [ -87.808896872, 13.368336952 ], [ -87.808896872, 13.36578672 ], [ -87.81838508, 13.363236488 ], [ -87.823129184, 13.368336952 ] ] ] } },
{ "type": "Feature", "properties": { "class_id": 4, "area_m2": 289797.44254974404, "class_name": "Alto", "index": "NDDI", "min_value": null, "max_value": null }, "geometry": { "type": "Polygon", "coordinates": [ [ [ -87.804152768, 13.375987648 ], [ -87.799408664, 13.375987648 ], [ -87.799408664, 13.370887184 ], [ -87.804152768, 13.370887184 ], [ -87.804152768, 13.375987648 ] ] ] } },
{ "type": "Feature", "properties": { "class_id": 4, "area_m2": 289821.82123520516, "class_name": "Alto", "index": "NDDI", "min_value": null, "max_value": null }, "geometry": { "type": "Polygon", "coordinates": [ [ [ -87.970196408, 13.373437416 ], [ -87.979684616, 13.373437416 ], [ -87.979684616, 13.375987648 ], [ -87.970196408, 13.375987648 ], [ -87.970196408, 13.373437416 ] ] ] } },
{ "type": "Feature", "properties": { "class_id": 4, "area_m2": 72448.421153025411, "class_name": "Alto", "index": "NDDI", "min_value": null, "max_value": null }, "geometry": { "type": "Polygon", "coordinates": [ [ [ -87.79466456, 13.375987648 ], [ -87.799408664, 13.375987648 ], [ -87.79466456, 13.37853788 ], [ -87.79466456, 13.375987648 ] ] ] } },
{ "type": "Feature", "properties": { "class_id": 4, "area_m2": 72447.150316653235, "class_name": "Alto", "index": "NDDI", "min_value": null, "max_value": null }, "geometry": { "type": "Polygon", "coordinates": [ [ [ -87.804152768, 13.381088112 ], [ -87.799408664, 13.381088112 ], [ -87.804152768, 13.37853788 ], [ -87.804152768, 13.381088112 ] ] ] } },
{ "type": "Feature", "properties": { "class_id": 4, "area_m2": 1521335.1754704681, "class_name": "Alto", "index": "NDDI", "min_value": null, "max_value": null }, "geometry": { "type": "Polygon", "coordinates": [ [ [ -87.808896872, 13.393839272 ], [ -87.804152768, 13.383638344 ], [ -87.823129184, 13.383638344 ], [ -87.81838508, 13.386188576 ], [ -87.81838508, 13.393839272 ], [ -87.808896872, 13.393839272 ] ] ] } },
{ "type": "Feature", "properties": { "class_id": 4, "area_m2": 72440.993886068973, "class_name": "Alto", "index": "NDDI", "min_value": null, "max_value": null }, "geometry": { "type": "Polygon", "coordinates": [ [ [ -87.81838508, 13.4040402 ], [ -87.823129184, 13.4040402 ], [ -87.81838508, 13.406590432 ], [ -87.81838508, 13.4040402 ] ] ] } },
{ "type": "Feature", "properties": { "class_id": 4, "area_m2": 72439.726903343631, "class_name": "Alto", "index": "NDDI", "min_value": null, "max_value": null }, "geometry": { "type": "Polygon", "coordinates": [ [ [ -87.827873288, 13.409140664 ], [ -87.823129184, 13.409140664 ], [ -87.827873288, 13.406590432 ], [ -87.827873288, 13.409140664 ] ] ] } },
{ "type": "Feature", "properties": { "class_id": 4, "area_m2": 72439.059860974477, "class_name": "Alto", "index": "NDDI", "min_value": null, "max_value": null }, "geometry": { "type": "Polygon", "coordinates": [ [ [ -87.832617391999989, 13.411690896 ], [ -87.827873288, 13.411690896 ], [ -87.827873288, 13.409140664 ], [ -87.832617391999989, 13.411690896 ] ] ] } },
{ "type": "Feature", "properties": { "class_id": 4, "area_m2": 796809.2842208948, "class_name": "Alto", "index": "NDDI", "min_value": null, "max_value": null }, "geometry": { "type": "Polygon", "coordinates": [ [ [ -87.908523056, 13.426992288 ], [ -87.908523056, 13.432092752 ], [ -87.894290743999989, 13.432092752 ], [ -87.894290743999989, 13.42954252 ], [ -87.903778952, 13.42954252 ], [ -87.903778952, 13.424442056 ], [ -87.91326716, 13.424442056 ], [ -87.908523056, 13.426992288 ] ] ] } },
{ "type": "Feature", "properties": { "class_id": 4, "area_m2": 1086495.3210229368, "class_name": "Alto", "index": "NDDI", "min_value": null, "max_value": null }, "geometry": { "type": "Polygon", "coordinates": [ [ [ -87.955964095999988, 13.447394144 ], [ -87.932243576, 13.449944376 ], [ -87.932243576, 13.444843912 ], [ -87.955964095999988, 13.444843912 ], [ -87.955964095999988, 13.447394144 ] ] ] } },
{ "type": "Feature", "properties": { "class_id": 4, "area_m2": 796732.51793287275, "class_name": "Alto", "index": "NDDI", "min_value": null, "max_value": null }, "geometry": { "type": "Polygon", "coordinates": [ [ [ -87.946475888, 13.462695536 ], [ -87.946475888, 13.460145304 ], [ -87.955964095999988, 13.460145304 ], [ -87.955964095999988, 13.45504484 ], [ -87.965452304, 13.45504484 ], [ -87.9607082, 13.457595072 ], [ -87.9607082, 13.462695536 ], [ -87.946475888, 13.462695536 ] ] ] } },
{ "type": "Feature", "properties": { "class_id": 4, "area_m2": 724269.69301730616, "class_name": "Alto", "index": "NDDI", "min_value": null, "max_value": null }, "geometry": { "type": "Polygon", "coordinates": [ [ [ -87.955964095999988, 13.472896464 ], [ -87.946475888, 13.470346232 ], [ -87.946475888, 13.465245768 ], [ -87.955964095999988, 13.465245768 ], [ -87.955964095999988, 13.472896464 ] ] ] } },
{ "type": "Feature", "properties": { "class_id": 4, "area_m2": 506962.9223597786, "class_name": "Alto", "index": "NDDI", "min_value": null, "max_value": null }, "geometry": { "type": "Polygon", "coordinates": [ [ [ -87.880058432, 13.467796 ], [ -87.88954664, 13.467796 ], [ -87.88954664, 13.475446696 ], [ -87.884802536, 13.475446696 ], [ -87.884802536, 13.470346232 ], [ -87.880058432, 13.467796 ] ] ] } },
{ "type": "Feature", "properties": { "class_id": 4, "area_m2": 289700.91250422358, "class_name": "Alto", "index": "NDDI", "min_value": null, "max_value": null }, "geometry": { "type": "Polygon", "coordinates": [ [ [ -87.93698768, 13.472896464 ], [ -87.927499472, 13.472896464 ], [ -87.927499472, 13.470346232 ], [ -87.93698768, 13.470346232 ], [ -87.93698768, 13.472896464 ] ] ] } },
{ "type": "Feature", "properties": { "class_id": 4, "area_m2": 1013971.2346795085, "class_name": "Alto", "index": "NDDI", "min_value": null, "max_value": null }, "geometry": { "type": "Polygon", "coordinates": [ [ [ -87.974940511999989, 13.472896464 ], [ -87.974940511999989, 13.477996928 ], [ -87.965452304, 13.475446696 ], [ -87.965452304, 13.470346232 ], [ -87.970196408, 13.467796 ], [ -87.979684616, 13.470346232 ], [ -87.974940511999989, 13.472896464 ] ] ] } },
{ "type": "Feature", "properties": { "class_id": 4, "area_m2": 72425.467232287192, "class_name": "Alto", "index": "NDDI", "min_value": null, "max_value": null }, "geometry": { "type": "Polygon", "coordinates": [ [ [ -87.946475888, 13.475446696 ], [ -87.946475888, 13.472896464 ], [ -87.951219992, 13.472896464 ], [ -87.946475888, 13.475446696 ] ] ] } },
{ "type": "Feature", "properties": { "class_id": 4, "area_m2": 796607.7984740797, "class_name": "Alto", "index": "NDDI", "min_value": null, "max_value": null }, "geometry": { "type": "Polygon", "coordinates": [ [ [ -87.789920456, 13.477996928 ], [ -87.775688144, 13.48054716 ], [ -87.775688144, 13.475446696 ], [ -87.785176352, 13.472896464 ], [ -87.789920456, 13.477996928 ] ] ] } },
{ "type": "Feature", "properties": { "class_id": 4, "area_m2": 434544.01046394225, "class_name": "Alto", "index": "NDDI", "min_value": null, "max_value": null }, "geometry": { "type": "Polygon", "coordinates": [ [ [ -87.946475888, 13.477996928 ], [ -87.932243576, 13.477996928 ], [ -87.932243576, 13.475446696 ], [ -87.946475888, 13.475446696 ], [ -87.946475888, 13.477996928 ] ] ] } },
{ "type": "Feature", "properties": { "class_id": 4, "area_m2": 1158776.4333561065, "class_name": "Alto", "index": "NDDI", "min_value": null, "max_value": null }, "geometry": { "type": "Polygon", "coordinates": [ [ [ -87.965452304, 13.485647624 ], [ -87.955964095999988, 13.48054716 ], [ -87.965452304, 13.475446696 ], [ -87.974940511999989, 13.483097392 ], [ -87.965452304, 13.485647624 ] ] ] } },
{ "type": "Feature", "properties": { "class_id": 4, "area_m2": 289646.80369781883, "class_name": "Alto", "index": "NDDI", "min_value": null, "max_value": null }, "geometry": { "type": "Polygon", "coordinates": [ [ [ -87.86582612, 13.511149944 ], [ -87.861082016, 13.511149944 ], [ -87.861082016, 13.50604948 ], [ -87.86582612, 13.50604948 ], [ -87.86582612, 13.511149944 ] ] ] } },
{ "type": "Feature", "properties": { "class_id": 4, "area_m2": 289656.06467527163, "class_name": "Alto", "index": "NDDI", "min_value": null, "max_value": null }, "geometry": { "type": "Polygon", "coordinates": [ [ [ -87.927499472, 13.511149944 ], [ -87.922755368, 13.511149944 ], [ -87.922755368, 13.50604948 ], [ -87.927499472, 13.50604948 ], [ -87.927499472, 13.511149944 ] ] ] } },
{ "type": "Feature", "properties": { "class_id": 4, "area_m2": 289657.54616414069, "class_name": "Alto", "index": "NDDI", "min_value": null, "max_value": null }, "geometry": { "type": "Polygon", "coordinates": [ [ [ -87.932243576, 13.50604948 ], [ -87.93698768, 13.50604948 ], [ -87.93698768, 13.511149944 ], [ -87.932243576, 13.511149944 ], [ -87.932243576, 13.50604948 ] ] ] } },
{ "type": "Feature", "properties": { "class_id": 4, "area_m2": 1303455.5397983922, "class_name": "Alto", "index": "NDDI", "min_value": null, "max_value": null }, "geometry": { "type": "Polygon", "coordinates": [ [ [ -87.965452304, 13.516250408 ], [ -87.951219992, 13.516250408 ], [ -87.951219992, 13.508599712 ], [ -87.965452304, 13.508599712 ], [ -87.965452304, 13.516250408 ] ] ] } },
{ "type": "Feature", "properties": { "class_id": 4, "area_m2": 724082.11426727474, "class_name": "Alto", "index": "NDDI", "min_value": null, "max_value": null }, "geometry": { "type": "Polygon", "coordinates": [ [ [ -87.780432248, 13.516250408 ], [ -87.785176352, 13.511149944 ], [ -87.79466456, 13.511149944 ], [ -87.79466456, 13.516250408 ], [ -87.780432248, 13.516250408 ] ] ] } },
{ "type": "Feature", "properties": { "class_id": 4, "area_m2": 579279.59359407576, "class_name": "Alto", "index": "NDDI", "min_value": null, "max_value": null }, "geometry": { "type": "Polygon", "coordinates": [ [ [ -87.880058432, 13.511149944 ], [ -87.875314327999988, 13.516250408 ], [ -87.86582612, 13.513700176 ], [ -87.86582612, 13.511149944 ], [ -87.880058432, 13.511149944 ] ] ] } },
{ "type": "Feature", "properties": { "class_id": 4, "area_m2": 72409.571755331272, "class_name": "Alto", "index": "NDDI", "min_value": null, "max_value": null }, "geometry": { "type": "Polygon", "coordinates": [ [ [ -87.86582612, 13.516250408 ], [ -87.870570224, 13.516250408 ], [ -87.86582612, 13.51880064 ], [ -87.86582612, 13.516250408 ] ] ] } },
{ "type": "Feature", "properties": { "class_id": 4, "area_m2": 434424.65986338386, "class_name": "Alto", "index": "NDDI", "min_value": null, "max_value": null }, "geometry": { "type": "Polygon", "coordinates": [ [ [ -87.932243576, 13.546853192 ], [ -87.93698768, 13.541752728 ], [ -87.941731784, 13.541752728 ], [ -87.941731784, 13.546853192 ], [ -87.932243576, 13.546853192 ] ] ] } },
{ "type": "Feature", "properties": { "class_id": 4, "area_m2": 2678611.9498233176, "class_name": "Alto", "index": "NDDI", "min_value": null, "max_value": null }, "geometry": { "type": "Polygon", "coordinates": [ [ [ -87.832617391999989, 13.559604352 ], [ -87.837361496, 13.574905744 ], [ -87.813640975999988, 13.567255048 ], [ -87.813640975999988, 13.554503888 ], [ -87.823129184, 13.559604352 ], [ -87.832617391999989, 13.559604352 ] ], [ [ -87.823129184, 13.56980528 ], [ -87.827873288, 13.56980528 ], [ -87.827873288, 13.562154584 ], [ -87.823129184, 13.562154584 ], [ -87.823129184, 13.56980528 ] ] ] } },
{ "type": "Feature", "properties": { "class_id": 4, "area_m2": 434311.3221219526, "class_name": "Alto", "index": "NDDI", "min_value": null, "max_value": null }, "geometry": { "type": "Polygon", "coordinates": [ [ [ -87.789920456, 13.592757368 ], [ -87.785176352, 13.592757368 ], [ -87.785176352, 13.585106672 ], [ -87.789920456, 13.585106672 ], [ -87.789920456, 13.592757368 ] ] ] } },
{ "type": "Feature", "properties": { "class_id": 4, "area_m2": 289388.75413075561, "class_name": "Alto", "index": "NDDI", "min_value": null, "max_value": null }, "geometry": { "type": "Polygon", "coordinates": [ [ [ -87.870570224, 13.727919664 ], [ -87.86582612, 13.727919664 ], [ -87.86582612, 13.7228192 ], [ -87.870570224, 13.7228192 ], [ -87.870570224, 13.727919664 ] ] ] } },
{ "type": "Feature", "properties": { "class_id": 5, "area_m2": 2103738.4867536183, "class_name": "Muy Alto", "index": "NDDI", "min_value": null, "max_value": null }, "geometry": { "type": "Polygon", "coordinates": [ [ [ -89.682817952, 13.511149944 ], [ -89.687562056, 13.516250408 ], [ -89.673329744, 13.516250408 ], [ -89.673329744, 13.523901104 ], [ -89.659097432, 13.51880064 ], [ -89.659097432, 13.513700176 ], [ -89.682817952, 13.511149944 ] ] ] } },
{ "type": "Feature", "properties": { "class_id": 5, "area_m2": 580450.64618026617, "class_name": "Muy Alto", "index": "NDDI", "min_value": null, "max_value": null }, "geometry": { "type": "Polygon", "coordinates": [ [ [ -89.791932344, 13.51880064 ], [ -89.801420552, 13.51880064 ], [ -89.796676448, 13.523901104 ], [ -89.78718824, 13.523901104 ], [ -89.791932344, 13.51880064 ] ] ] } },
{ "type": "Feature", "properties": { "class_id": 5, "area_m2": 290163.1633843669, "class_name": "Muy Alto", "index": "NDDI", "min_value": null, "max_value": null }, "geometry": { "type": "Polygon", "coordinates": [ [ [ -89.910534944, 13.618259688 ], [ -89.915279048, 13.618259688 ], [ -89.915279048, 13.623360152 ], [ -89.910534944, 13.623360152 ], [ -89.910534944, 13.618259688 ] ] ] } },
{ "type": "Feature", "properties": { "class_id": 5, "area_m2": 290166.7214761228, "class_name": "Muy Alto", "index": "NDDI", "min_value": null, "max_value": null }, "geometry": { "type": "Polygon", "coordinates": [ [ [ -89.92476725600001, 13.623360152 ], [ -89.934255464, 13.623360152 ], [ -89.934255464, 13.625910384 ], [ -89.92476725600001, 13.625910384 ], [ -89.92476725600001, 13.623360152 ] ] ] } },
{ "type": "Feature", "properties": { "class_id": 5, "area_m2": 290114.79221178702, "class_name": "Muy Alto", "index": "NDDI", "min_value": null, "max_value": null }, "geometry": { "type": "Polygon", "coordinates": [ [ [ -89.90579084, 13.656513168 ], [ -89.910534944, 13.656513168 ], [ -89.910534944, 13.661613632 ], [ -89.90579084, 13.661613632 ], [ -89.90579084, 13.656513168 ] ] ] } },
{ "type": "Feature", "properties": { "class_id": 5, "area_m2": 290004.02432438848, "class_name": "Muy Alto", "index": "NDDI", "min_value": null, "max_value": null }, "geometry": { "type": "Polygon", "coordinates": [ [ [ -89.711282576, 13.674364792 ], [ -89.72077078400001, 13.674364792 ], [ -89.72077078400001, 13.676915024 ], [ -89.711282576, 13.676915024 ], [ -89.711282576, 13.674364792 ] ] ] } },
{ "type": "Feature", "properties": { "class_id": 5, "area_m2": 72521.624105076553, "class_name": "Muy Alto", "index": "NDDI", "min_value": null, "max_value": null }, "geometry": { "type": "Polygon", "coordinates": [ [ [ -89.910534944, 13.682015488 ], [ -89.90579084, 13.682015488 ], [ -89.90579084, 13.679465256 ], [ -89.910534944, 13.682015488 ] ] ] } },
{ "type": "Feature", "properties": { "class_id": 5, "area_m2": 72522.507108449659, "class_name": "Muy Alto", "index": "NDDI", "min_value": null, "max_value": null }, "geometry": { "type": "Polygon", "coordinates": [ [ [ -89.910534944, 13.682015488 ], [ -89.915279048, 13.682015488 ], [ -89.915279048, 13.68456572 ], [ -89.910534944, 13.682015488 ] ] ] } },
{ "type": "Feature", "properties": { "class_id": 5, "area_m2": 290056.66585646418, "class_name": "Muy Alto", "index": "NDDI", "min_value": null, "max_value": null }, "geometry": { "type": "Polygon", "coordinates": [ [ [ -89.901046736, 13.704967576 ], [ -89.910534944, 13.704967576 ], [ -89.910534944, 13.707517808 ], [ -89.901046736, 13.707517808 ], [ -89.901046736, 13.704967576 ] ] ] } },
{ "type": "Feature", "properties": { "class_id": 5, "area_m2": 289954.18144371867, "class_name": "Muy Alto", "index": "NDDI", "min_value": null, "max_value": null }, "geometry": { "type": "Polygon", "coordinates": [ [ [ -89.730258992, 13.7228192 ], [ -89.7397472, 13.7228192 ], [ -89.7397472, 13.725369432 ], [ -89.730258992, 13.725369432 ], [ -89.730258992, 13.7228192 ] ] ] } },
{ "type": "Feature", "properties": { "class_id": 5, "area_m2": 72504.642238234679, "class_name": "Muy Alto", "index": "NDDI", "min_value": null, "max_value": null }, "geometry": { "type": "Polygon", "coordinates": [ [ [ -90.00541702400001, 13.781474536 ], [ -90.00541702400001, 13.778924304 ], [ -90.010161128, 13.778924304 ], [ -90.00541702400001, 13.781474536 ] ] ] } },
{ "type": "Feature", "properties": { "class_id": 5, "area_m2": 290011.30882033746, "class_name": "Muy Alto", "index": "NDDI", "min_value": null, "max_value": null }, "geometry": { "type": "Polygon", "coordinates": [ [ [ -89.995928816000017, 13.786575 ], [ -89.995928816000017, 13.781474536 ], [ -90.00541702400001, 13.781474536 ], [ -89.995928816000017, 13.786575 ] ] ] } },
{ "type": "Feature", "properties": { "class_id": 5, "area_m2": 289718.93648594728, "class_name": "Muy Alto", "index": "NDDI", "min_value": null, "max_value": null }, "geometry": { "type": "Polygon", "coordinates": [ [ [ -89.535750728, 13.847780568 ], [ -89.545238936, 13.847780568 ], [ -89.545238936, 13.852881032 ], [ -89.535750728, 13.847780568 ] ] ] } },
{ "type": "Feature", "properties": { "class_id": 5, "area_m2": 579367.63230163348, "class_name": "Muy Alto", "index": "NDDI", "min_value": null, "max_value": null }, "geometry": { "type": "Polygon", "coordinates": [ [ [ -89.521518416, 13.868182424 ], [ -89.531006624, 13.868182424 ], [ -89.531006624, 13.873282888 ], [ -89.521518416, 13.873282888 ], [ -89.521518416, 13.868182424 ] ] ] } },
{ "type": "Feature", "properties": { "class_id": 5, "area_m2": 289768.56176093448, "class_name": "Muy Alto", "index": "NDDI", "min_value": null, "max_value": null }, "geometry": { "type": "Polygon", "coordinates": [ [ [ -89.844117488, 13.916636832 ], [ -89.848861592, 13.916636832 ], [ -89.848861592, 13.921737296 ], [ -89.844117488, 13.921737296 ], [ -89.844117488, 13.916636832 ] ] ] } },
{ "type": "Feature", "properties": { "class_id": 5, "area_m2": 289690.67338750692, "class_name": "Muy Alto", "index": "NDDI", "min_value": null, "max_value": null }, "geometry": { "type": "Polygon", "coordinates": [ [ [ -89.796676448, 13.962541008 ], [ -89.796676448, 13.967641472 ], [ -89.78718824, 13.962541008 ], [ -89.796676448, 13.962541008 ] ] ] } },
{ "type": "Feature", "properties": { "class_id": 5, "area_m2": 72420.986942285788, "class_name": "Muy Alto", "index": "NDDI", "min_value": null, "max_value": null }, "geometry": { "type": "Polygon", "coordinates": [ [ [ -89.801420552, 13.970191704 ], [ -89.796676448, 13.970191704 ], [ -89.801420552, 13.967641472 ], [ -89.801420552, 13.970191704 ] ] ] } },
{ "type": "Feature", "properties": { "class_id": 5, "area_m2": 1737691.0739761929, "class_name": "Muy Alto", "index": "NDDI", "min_value": null, "max_value": null }, "geometry": { "type": "Polygon", "coordinates": [ [ [ -89.7397472, 13.998244256 ], [ -89.749235408, 13.998244256 ], [ -89.749235408, 14.008445184 ], [ -89.744491304, 14.010995416 ], [ -89.730258992, 14.008445184 ], [ -89.7397472, 14.00334472 ], [ -89.7397472, 13.998244256 ] ] ] } },
{ "type": "Feature", "properties": { "class_id": 5, "area_m2": 289576.8161795818, "class_name": "Muy Alto", "index": "NDDI", "min_value": null, "max_value": null }, "geometry": { "type": "Polygon", "coordinates": [ [ [ -89.701794368, 14.018646112 ], [ -89.706538472, 14.018646112 ], [ -89.706538472, 14.023746576 ], [ -89.701794368, 14.023746576 ], [ -89.701794368, 14.018646112 ] ] ] } },
{ "type": "Feature", "properties": { "class_id": 5, "area_m2": 289480.0235580423, "class_name": "Muy Alto", "index": "NDDI", "min_value": null, "max_value": null }, "geometry": { "type": "Polygon", "coordinates": [ [ [ -89.502542, 14.02884704 ], [ -89.512030208, 14.02884704 ], [ -89.512030208, 14.031397272 ], [ -89.502542, 14.031397272 ], [ -89.502542, 14.02884704 ] ] ] } },
{ "type": "Feature", "properties": { "class_id": 5, "area_m2": 579065.75269503612, "class_name": "Muy Alto", "index": "NDDI", "min_value": null, "max_value": null }, "geometry": { "type": "Polygon", "coordinates": [ [ [ -89.69230616, 14.056899592 ], [ -89.701794368, 14.051799128 ], [ -89.701794368, 14.059449824 ], [ -89.69230616, 14.056899592 ] ] ] } },
{ "type": "Feature", "properties": { "class_id": 5, "area_m2": 579003.89309148036, "class_name": "Muy Alto", "index": "NDDI", "min_value": null, "max_value": null }, "geometry": { "type": "Polygon", "coordinates": [ [ [ -89.673329744, 14.069650752 ], [ -89.682817952, 14.069650752 ], [ -89.682817952, 14.074751216 ], [ -89.673329744, 14.074751216 ], [ -89.673329744, 14.069650752 ] ] ] } },
{ "type": "Feature", "properties": { "class_id": 5, "area_m2": 72303.373608029811, "class_name": "Muy Alto", "index": "NDDI", "min_value": null, "max_value": null }, "geometry": { "type": "Polygon", "coordinates": [ [ [ -89.507286104, 14.243066528 ], [ -89.502542, 14.243066528 ], [ -89.502542, 14.240516296 ], [ -89.507286104, 14.243066528 ] ] ] } },
{ "type": "Feature", "properties": { "class_id": 5, "area_m2": 72303.069594022658, "class_name": "Muy Alto", "index": "NDDI", "min_value": null, "max_value": null }, "geometry": { "type": "Polygon", "coordinates": [ [ [ -89.512030208, 14.24561676 ], [ -89.507286104, 14.24561676 ], [ -89.507286104, 14.243066528 ], [ -89.512030208, 14.24561676 ] ] ] } },
{ "type": "Feature", "properties": { "class_id": 5, "area_m2": 867623.705457884, "class_name": "Muy Alto", "index": "NDDI", "min_value": null, "max_value": null }, "geometry": { "type": "Polygon", "coordinates": [ [ [ -89.497797896, 14.24561676 ], [ -89.488309688, 14.250717224 ], [ -89.488309688, 14.240516296 ], [ -89.497797896, 14.240516296 ], [ -89.497797896, 14.24561676 ] ] ] } },
{ "type": "Feature", "properties": { "class_id": 5, "area_m2": 72304.27482737758, "class_name": "Muy Alto", "index": "NDDI", "min_value": null, "max_value": null }, "geometry": { "type": "Polygon", "coordinates": [ [ [ -89.526262520000017, 14.250717224 ], [ -89.526262520000017, 14.248166992 ], [ -89.531006624, 14.248166992 ], [ -89.526262520000017, 14.250717224 ] ] ] } },
{ "type": "Feature", "properties": { "class_id": 5, "area_m2": 72302.411593470388, "class_name": "Muy Alto", "index": "NDDI", "min_value": null, "max_value": null }, "geometry": { "type": "Polygon", "coordinates": [ [ [ -89.526262520000017, 14.250717224 ], [ -89.526262520000017, 14.253267456 ], [ -89.521518416, 14.253267456 ], [ -89.526262520000017, 14.250717224 ] ] ] } },
{ "type": "Feature", "properties": { "class_id": 5, "area_m2": 289197.2702683871, "class_name": "Muy Alto", "index": "NDDI", "min_value": null, "max_value": null }, "geometry": { "type": "Polygon", "coordinates": [ [ [ -89.493053792, 14.250717224 ], [ -89.497797896, 14.250717224 ], [ -89.497797896, 14.255817688 ], [ -89.493053792, 14.255817688 ], [ -89.493053792, 14.250717224 ] ] ] } },
{ "type": "Feature", "properties": { "class_id": 5, "area_m2": 867574.87452812679, "class_name": "Muy Alto", "index": "NDDI", "min_value": null, "max_value": null }, "geometry": { "type": "Polygon", "coordinates": [ [ [ -89.512030208, 14.260918152 ], [ -89.512030208, 14.266018616 ], [ -89.497797896, 14.260918152 ], [ -89.497797896, 14.255817688 ], [ -89.512030208, 14.260918152 ] ] ] } },
{ "type": "Feature", "properties": { "class_id": 5, "area_m2": 72297.759530697644, "class_name": "Muy Alto", "index": "NDDI", "min_value": null, "max_value": null }, "geometry": { "type": "Polygon", "coordinates": [ [ [ -89.545238936, 14.273669312 ], [ -89.540494832, 14.273669312 ], [ -89.540494832, 14.27111908 ], [ -89.545238936, 14.273669312 ] ] ] } },
{ "type": "Feature", "properties": { "class_id": 5, "area_m2": 72298.527884742769, "class_name": "Muy Alto", "index": "NDDI", "min_value": null, "max_value": null }, "geometry": { "type": "Polygon", "coordinates": [ [ [ -89.545238936, 14.273669312 ], [ -89.54998304, 14.273669312 ], [ -89.54998304, 14.276219544 ], [ -89.545238936, 14.273669312 ] ] ] } },
{ "type": "Feature", "properties": { "class_id": 5, "area_m2": 1951984.6115288711, "class_name": "Muy Alto", "index": "NDDI", "min_value": null, "max_value": null }, "geometry": { "type": "Polygon", "coordinates": [ [ [ -89.516774312, 14.281320008 ], [ -89.516774312, 14.276219544 ], [ -89.521518416, 14.273669312 ], [ -89.531006624, 14.273669312 ], [ -89.531006624, 14.27111908 ], [ -89.540494832, 14.273669312 ], [ -89.526262520000017, 14.28387024 ], [ -89.516774312, 14.281320008 ] ] ] } },
{ "type": "Feature", "properties": { "class_id": 5, "area_m2": 72295.669128678448, "class_name": "Muy Alto", "index": "NDDI", "min_value": null, "max_value": null }, "geometry": { "type": "Polygon", "coordinates": [ [ [ -89.535750728, 14.278769776 ], [ -89.540494832, 14.278769776 ], [ -89.535750728, 14.281320008 ], [ -89.535750728, 14.278769776 ] ] ] } },
{ "type": "Feature", "properties": { "class_id": 5, "area_m2": 72271.389774903422, "class_name": "Muy Alto", "index": "NDDI", "min_value": null, "max_value": null }, "geometry": { "type": "Polygon", "coordinates": [ [ [ -89.440868648, 14.324673952 ], [ -89.445612752, 14.324673952 ], [ -89.440868648, 14.327224184 ], [ -89.440868648, 14.324673952 ] ] ] } },
{ "type": "Feature", "properties": { "class_id": 5, "area_m2": 72270.250789697529, "class_name": "Muy Alto", "index": "NDDI", "min_value": null, "max_value": null }, "geometry": { "type": "Polygon", "coordinates": [ [ [ -89.450356856, 14.329774416 ], [ -89.445612752, 14.329774416 ], [ -89.445612752, 14.327224184 ], [ -89.450356856, 14.329774416 ] ] ] } },
{ "type": "Feature", "properties": { "class_id": 5, "area_m2": 72532.238822657586, "class_name": "Muy Alto", "index": "NDDI", "min_value": null, "max_value": null }, "geometry": { "type": "Polygon", "coordinates": [ [ [ -88.971202352, 13.322432776 ], [ -88.966458248, 13.322432776 ], [ -88.966458248, 13.319882544 ], [ -88.971202352, 13.322432776 ] ] ] } },
{ "type": "Feature", "properties": { "class_id": 5, "area_m2": 72531.885594084408, "class_name": "Muy Alto", "index": "NDDI", "min_value": null, "max_value": null }, "geometry": { "type": "Polygon", "coordinates": [ [ [ -88.975946456, 13.324983008 ], [ -88.971202352, 13.324983008 ], [ -88.971202352, 13.322432776 ], [ -88.975946456, 13.324983008 ] ] ] } },
{ "type": "Feature", "properties": { "class_id": 5, "area_m2": 72523.907632915376, "class_name": "Muy Alto", "index": "NDDI", "min_value": null, "max_value": null }, "geometry": { "type": "Polygon", "coordinates": [ [ [ -89.118269576, 13.393839272 ], [ -89.113525472, 13.393839272 ], [ -89.113525472, 13.39128904 ], [ -89.118269576, 13.393839272 ] ] ] } },
{ "type": "Feature", "properties": { "class_id": 5, "area_m2": 72523.579168843164, "class_name": "Muy Alto", "index": "NDDI", "min_value": null, "max_value": null }, "geometry": { "type": "Polygon", "coordinates": [ [ [ -89.12301368, 13.396389504 ], [ -89.118269576, 13.396389504 ], [ -89.118269576, 13.393839272 ], [ -89.12301368, 13.396389504 ] ] ] } },
{ "type": "Feature", "properties": { "class_id": 5, "area_m2": 72507.438172640876, "class_name": "Muy Alto", "index": "NDDI", "min_value": null, "max_value": null }, "geometry": { "type": "Polygon", "coordinates": [ [ [ -89.032875704, 13.424442056 ], [ -89.0281316, 13.424442056 ], [ -89.0281316, 13.421891824 ], [ -89.032875704, 13.424442056 ] ] ] } },
{ "type": "Feature", "properties": { "class_id": 5, "area_m2": 72506.280884407432, "class_name": "Muy Alto", "index": "NDDI", "min_value": null, "max_value": null }, "geometry": { "type": "Polygon", "coordinates": [ [ [ -89.0281316, 13.426992288 ], [ -89.023387496, 13.426992288 ], [ -89.023387496, 13.424442056 ], [ -89.0281316, 13.426992288 ] ] ] } },
{ "type": "Feature", "properties": { "class_id": 5, "area_m2": 290015.91928592953, "class_name": "Muy Alto", "index": "NDDI", "min_value": null, "max_value": null }, "geometry": { "type": "Polygon", "coordinates": [ [ [ -88.994922872, 13.424442056 ], [ -88.999666976, 13.424442056 ], [ -88.999666976, 13.42954252 ], [ -88.994922872, 13.42954252 ], [ -88.994922872, 13.424442056 ] ] ] } },
{ "type": "Feature", "properties": { "class_id": 5, "area_m2": 289987.88225015427, "class_name": "Muy Alto", "index": "NDDI", "min_value": null, "max_value": null }, "geometry": { "type": "Polygon", "coordinates": [ [ [ -88.919017208, 13.426992288 ], [ -88.923761312, 13.426992288 ], [ -88.923761312, 13.432092752 ], [ -88.919017208, 13.432092752 ], [ -88.919017208, 13.426992288 ] ] ] } },
{ "type": "Feature", "properties": { "class_id": 5, "area_m2": 435004.30025774112, "class_name": "Muy Alto", "index": "NDDI", "min_value": null, "max_value": null }, "geometry": { "type": "Polygon", "coordinates": [ [ [ -89.07557264, 13.457595072 ], [ -89.080316744, 13.457595072 ], [ -89.080316744, 13.465245768 ], [ -89.07557264, 13.465245768 ], [ -89.07557264, 13.457595072 ] ] ] } },
{ "type": "Feature", "properties": { "class_id": 5, "area_m2": 290018.90588931815, "class_name": "Muy Alto", "index": "NDDI", "min_value": null, "max_value": null }, "geometry": { "type": "Polygon", "coordinates": [ [ [ -89.141990096, 13.465245768 ], [ -89.1467342, 13.465245768 ], [ -89.1467342, 13.470346232 ], [ -89.141990096, 13.470346232 ], [ -89.141990096, 13.465245768 ] ] ] } },
{ "type": "Feature", "properties": { "class_id": 5, "area_m2": 290067.82681099861, "class_name": "Muy Alto", "index": "NDDI", "min_value": null, "max_value": null }, "geometry": { "type": "Polygon", "coordinates": [ [ [ -89.426636336, 13.516250408 ], [ -89.43138044, 13.516250408 ], [ -89.43138044, 13.521350872 ], [ -89.426636336, 13.521350872 ], [ -89.426636336, 13.516250408 ] ] ] } },
{ "type": "Feature", "properties": { "class_id": 5, "area_m2": 72444.529330578545, "class_name": "Muy Alto", "index": "NDDI", "min_value": null, "max_value": null }, "geometry": { "type": "Polygon", "coordinates": [ [ [ -89.042363912, 13.638661544 ], [ -89.037619808, 13.638661544 ], [ -89.037619808, 13.636111312 ], [ -89.042363912, 13.638661544 ] ] ] } },
{ "type": "Feature", "properties": { "class_id": 5, "area_m2": 289777.11892972206, "class_name": "Muy Alto", "index": "NDDI", "min_value": null, "max_value": null }, "geometry": { "type": "Polygon", "coordinates": [ [ [ -89.047108016, 13.643762008 ], [ -89.042363912, 13.643762008 ], [ -89.042363912, 13.638661544 ], [ -89.047108016, 13.638661544 ], [ -89.047108016, 13.643762008 ] ] ] } },
{ "type": "Feature", "properties": { "class_id": 5, "area_m2": 2028461.1383463689, "class_name": "Muy Alto", "index": "NDDI", "min_value": null, "max_value": null }, "geometry": { "type": "Polygon", "coordinates": [ [ [ -89.061340328, 13.648862472 ], [ -89.066084432, 13.64631224 ], [ -89.066084432, 13.641211776 ], [ -89.07557264, 13.64631224 ], [ -89.085060848, 13.64631224 ], [ -89.085060848, 13.651412704 ], [ -89.070828536, 13.653962936 ], [ -89.061340328, 13.648862472 ] ] ] } },
{ "type": "Feature", "properties": { "class_id": 5, "area_m2": 1086507.594671834, "class_name": "Muy Alto", "index": "NDDI", "min_value": null, "max_value": null }, "geometry": { "type": "Polygon", "coordinates": [ [ [ -89.009155184, 13.661613632 ], [ -89.023387496, 13.666714096 ], [ -89.023387496, 13.67181456 ], [ -89.009155184, 13.669264328 ], [ -89.009155184, 13.661613632 ] ] ] } },
{ "type": "Feature", "properties": { "class_id": 5, "area_m2": 1303809.0159034338, "class_name": "Muy Alto", "index": "NDDI", "min_value": null, "max_value": null }, "geometry": { "type": "Polygon", "coordinates": [ [ [ -89.05185212, 13.679465256 ], [ -89.047108016, 13.682015488 ], [ -89.032875704, 13.679465256 ], [ -89.037619808, 13.676915024 ], [ -89.037619808, 13.67181456 ], [ -89.047108016, 13.67181456 ], [ -89.047108016, 13.676915024 ], [ -89.05185212, 13.679465256 ] ] ] } },
{ "type": "Feature", "properties": { "class_id": 5, "area_m2": 1883322.5288334629, "class_name": "Muy Alto", "index": "NDDI", "min_value": null, "max_value": null }, "geometry": { "type": "Polygon", "coordinates": [ [ [ -89.070828536, 13.669264328 ], [ -89.080316744, 13.669264328 ], [ -89.07557264, 13.67181456 ], [ -89.07557264, 13.682015488 ], [ -89.070828536, 13.68456572 ], [ -89.061340328, 13.682015488 ], [ -89.061340328, 13.674364792 ], [ -89.070828536, 13.674364792 ], [ -89.070828536, 13.669264328 ] ] ] } },
{ "type": "Feature", "properties": { "class_id": 5, "area_m2": 1086427.5694675052, "class_name": "Muy Alto", "index": "NDDI", "min_value": null, "max_value": null }, "geometry": { "type": "Polygon", "coordinates": [ [ [ -89.00441108, 13.689666184 ], [ -89.00441108, 13.682015488 ], [ -89.013899288, 13.679465256 ], [ -89.013899288, 13.687115952 ], [ -89.018643392, 13.689666184 ], [ -89.00441108, 13.689666184 ] ] ] } },
{ "type": "Feature", "properties": { "class_id": 5, "area_m2": 72431.306208688344, "class_name": "Muy Alto", "index": "NDDI", "min_value": null, "max_value": null }, "geometry": { "type": "Polygon", "coordinates": [ [ [ -89.07557264, 13.692216416 ], [ -89.070828536, 13.692216416 ], [ -89.070828536, 13.689666184 ], [ -89.07557264, 13.692216416 ] ] ] } },
{ "type": "Feature", "properties": { "class_id": 5, "area_m2": 724371.97301396762, "class_name": "Muy Alto", "index": "NDDI", "min_value": null, "max_value": null }, "geometry": { "type": "Polygon", "coordinates": [ [ [ -89.151478304, 13.694766648 ], [ -89.141990096, 13.694766648 ], [ -89.137245992, 13.689666184 ], [ -89.151478304, 13.689666184 ], [ -89.151478304, 13.694766648 ] ] ] } },
{ "type": "Feature", "properties": { "class_id": 5, "area_m2": 72430.126853917973, "class_name": "Muy Alto", "index": "NDDI", "min_value": null, "max_value": null }, "geometry": { "type": "Polygon", "coordinates": [ [ [ -89.070828536, 13.694766648 ], [ -89.066084432, 13.694766648 ], [ -89.066084432, 13.692216416 ], [ -89.070828536, 13.694766648 ] ] ] } },
{ "type": "Feature", "properties": { "class_id": 5, "area_m2": 72438.972195214941, "class_name": "Muy Alto", "index": "NDDI", "min_value": null, "max_value": null }, "geometry": { "type": "Polygon", "coordinates": [ [ [ -89.17045472, 13.694766648 ], [ -89.165710616000013, 13.694766648 ], [ -89.165710616000013, 13.692216416 ], [ -89.17045472, 13.694766648 ] ] ] } },
{ "type": "Feature", "properties": { "class_id": 5, "area_m2": 289715.89045289811, "class_name": "Muy Alto", "index": "NDDI", "min_value": null, "max_value": null }, "geometry": { "type": "Polygon", "coordinates": [ [ [ -89.037619808, 13.692216416 ], [ -89.047108016, 13.692216416 ], [ -89.047108016, 13.69731688 ], [ -89.037619808, 13.692216416 ] ] ] } },
{ "type": "Feature", "properties": { "class_id": 5, "area_m2": 289755.00278224633, "class_name": "Muy Alto", "index": "NDDI", "min_value": null, "max_value": null }, "geometry": { "type": "Polygon", "coordinates": [ [ [ -89.175198824, 13.699867112 ], [ -89.17045472, 13.699867112 ], [ -89.17045472, 13.694766648 ], [ -89.175198824, 13.694766648 ], [ -89.175198824, 13.699867112 ] ] ] } },
{ "type": "Feature", "properties": { "class_id": 5, "area_m2": 72434.964668651708, "class_name": "Muy Alto", "index": "NDDI", "min_value": null, "max_value": null }, "geometry": { "type": "Polygon", "coordinates": [ [ [ -89.1467342, 13.702417344 ], [ -89.151478304, 13.702417344 ], [ -89.1467342, 13.704967576 ], [ -89.1467342, 13.702417344 ] ] ] } },
{ "type": "Feature", "properties": { "class_id": 5, "area_m2": 72432.987058574479, "class_name": "Muy Alto", "index": "NDDI", "min_value": null, "max_value": null }, "geometry": { "type": "Polygon", "coordinates": [ [ [ -89.1467342, 13.707517808 ], [ -89.141990096, 13.707517808 ], [ -89.141990096, 13.704967576 ], [ -89.1467342, 13.707517808 ] ] ] } },
{ "type": "Feature", "properties": { "class_id": 5, "area_m2": 434555.89071735111, "class_name": "Muy Alto", "index": "NDDI", "min_value": null, "max_value": null }, "geometry": { "type": "Polygon", "coordinates": [ [ [ -89.341242464, 13.794225696 ], [ -89.331754256, 13.794225696 ], [ -89.33649836, 13.789125232 ], [ -89.341242464, 13.789125232 ], [ -89.341242464, 13.794225696 ] ] ] } },
{ "type": "Feature", "properties": { "class_id": 5, "area_m2": 434029.26561591262, "class_name": "Muy Alto", "index": "NDDI", "min_value": null, "max_value": null }, "geometry": { "type": "Polygon", "coordinates": [ [ [ -89.018643392, 13.985493096 ], [ -89.009155184, 13.985493096 ], [ -89.013899288, 13.980392632 ], [ -89.018643392, 13.980392632 ], [ -89.018643392, 13.985493096 ] ] ] } },
{ "type": "Feature", "properties": { "class_id": 5, "area_m2": 289341.29894096003, "class_name": "Muy Alto", "index": "NDDI", "min_value": null, "max_value": null }, "geometry": { "type": "Polygon", "coordinates": [ [ [ -89.189431136, 14.0415982 ], [ -89.198919344, 14.0415982 ], [ -89.198919344, 14.044148432 ], [ -89.189431136, 14.044148432 ], [ -89.189431136, 14.0415982 ] ] ] } },
{ "type": "Feature", "properties": { "class_id": 5, "area_m2": 433918.30443458835, "class_name": "Muy Alto", "index": "NDDI", "min_value": null, "max_value": null }, "geometry": { "type": "Polygon", "coordinates": [ [ [ -89.032875704, 14.044148432 ], [ -89.023387496, 14.049248896 ], [ -89.023387496, 14.044148432 ], [ -89.032875704, 14.044148432 ] ] ] } },
{ "type": "Feature", "properties": { "class_id": 5, "area_m2": 433939.71860148932, "class_name": "Muy Alto", "index": "NDDI", "min_value": null, "max_value": null }, "geometry": { "type": "Polygon", "coordinates": [ [ [ -89.089804952, 14.051799128 ], [ -89.080316744, 14.051799128 ], [ -89.080316744, 14.046698664 ], [ -89.089804952, 14.049248896 ], [ -89.089804952, 14.051799128 ] ] ] } },
{ "type": "Feature", "properties": { "class_id": 5, "area_m2": 72317.226553836532, "class_name": "Muy Alto", "index": "NDDI", "min_value": null, "max_value": null }, "geometry": { "type": "Polygon", "coordinates": [ [ [ -89.023387496, 14.051799128 ], [ -89.018643392, 14.051799128 ], [ -89.018643392, 14.049248896 ], [ -89.023387496, 14.051799128 ] ] ] } },
{ "type": "Feature", "properties": { "class_id": 5, "area_m2": 289267.78799086652, "class_name": "Muy Alto", "index": "NDDI", "min_value": null, "max_value": null }, "geometry": { "type": "Polygon", "coordinates": [ [ [ -89.0281316, 14.056899592 ], [ -89.023387496, 14.056899592 ], [ -89.023387496, 14.051799128 ], [ -89.0281316, 14.051799128 ], [ -89.0281316, 14.056899592 ] ] ] } },
{ "type": "Feature", "properties": { "class_id": 5, "area_m2": 650880.08527516469, "class_name": "Muy Alto", "index": "NDDI", "min_value": null, "max_value": null }, "geometry": { "type": "Polygon", "coordinates": [ [ [ -89.085060848, 14.059449824 ], [ -89.09929316, 14.062000056 ], [ -89.085060848, 14.06710052 ], [ -89.085060848, 14.059449824 ] ] ] } },
{ "type": "Feature", "properties": { "class_id": 5, "area_m2": 289303.47008899116, "class_name": "Muy Alto", "index": "NDDI", "min_value": null, "max_value": null }, "geometry": { "type": "Polygon", "coordinates": [ [ [ -89.189431136, 14.072200984 ], [ -89.198919344, 14.072200984 ], [ -89.198919344, 14.074751216 ], [ -89.189431136, 14.074751216 ], [ -89.189431136, 14.072200984 ] ] ] } },
{ "type": "Feature", "properties": { "class_id": 5, "area_m2": 72530.367801288405, "class_name": "Muy Alto", "index": "NDDI", "min_value": null, "max_value": null }, "geometry": { "type": "Polygon", "coordinates": [ [ [ -88.254842648, 13.16176816 ], [ -88.250098544, 13.16176816 ], [ -88.250098544, 13.159217928 ], [ -88.254842648, 13.16176816 ] ] ] } },
{ "type": "Feature", "properties": { "class_id": 5, "area_m2": 435149.69980568776, "class_name": "Muy Alto", "index": "NDDI", "min_value": null, "max_value": null }, "geometry": { "type": "Polygon", "coordinates": [ [ [ -88.140984152, 13.166868624 ], [ -88.140984152, 13.159217928 ], [ -88.15047236, 13.16176816 ], [ -88.140984152, 13.166868624 ] ] ] } },
{ "type": "Feature", "properties": { "class_id": 5, "area_m2": 72529.882089417981, "class_name": "Muy Alto", "index": "NDDI", "min_value": null, "max_value": null }, "geometry": { "type": "Polygon", "coordinates": [ [ [ -88.259586752, 13.164318392 ], [ -88.254842648, 13.164318392 ], [ -88.254842648, 13.16176816 ], [ -88.259586752, 13.164318392 ] ] ] } },
{ "type": "Feature", "properties": { "class_id": 5, "area_m2": 290160.41134850372, "class_name": "Muy Alto", "index": "NDDI", "min_value": null, "max_value": null }, "geometry": { "type": "Polygon", "coordinates": [ [ [ -88.449350912, 13.166868624 ], [ -88.45883912, 13.166868624 ], [ -88.45883912, 13.169418856 ], [ -88.449350912, 13.169418856 ], [ -88.449350912, 13.166868624 ] ] ] } },
{ "type": "Feature", "properties": { "class_id": 5, "area_m2": 72541.697169530918, "class_name": "Muy Alto", "index": "NDDI", "min_value": null, "max_value": null }, "geometry": { "type": "Polygon", "coordinates": [ [ [ -88.558465304, 13.184720248 ], [ -88.5537212, 13.184720248 ], [ -88.5537212, 13.182170016 ], [ -88.558465304, 13.184720248 ] ] ] } },
{ "type": "Feature", "properties": { "class_id": 5, "area_m2": 72541.270385880154, "class_name": "Muy Alto", "index": "NDDI", "min_value": null, "max_value": null }, "geometry": { "type": "Polygon", "coordinates": [ [ [ -88.563209408, 13.18727048 ], [ -88.558465304, 13.18727048 ], [ -88.558465304, 13.184720248 ], [ -88.563209408, 13.18727048 ] ] ] } },
{ "type": "Feature", "properties": { "class_id": 5, "area_m2": 290135.01634422078, "class_name": "Muy Alto", "index": "NDDI", "min_value": null, "max_value": null }, "geometry": { "type": "Polygon", "coordinates": [ [ [ -88.454095016, 13.189820712 ], [ -88.463583224, 13.189820712 ], [ -88.463583224, 13.192370944 ], [ -88.454095016, 13.192370944 ], [ -88.454095016, 13.189820712 ] ] ] } },
{ "type": "Feature", "properties": { "class_id": 5, "area_m2": 290127.04605982022, "class_name": "Muy Alto", "index": "NDDI", "min_value": null, "max_value": null }, "geometry": { "type": "Polygon", "coordinates": [ [ [ -88.454095016, 13.194921176 ], [ -88.45883912, 13.194921176 ], [ -88.45883912, 13.20002164 ], [ -88.454095016, 13.20002164 ], [ -88.454095016, 13.194921176 ] ] ] } },
{ "type": "Feature", "properties": { "class_id": 5, "area_m2": 725337.59850371059, "class_name": "Muy Alto", "index": "NDDI", "min_value": null, "max_value": null }, "geometry": { "type": "Polygon", "coordinates": [ [ [ -88.496791952, 13.202571872 ], [ -88.48255964, 13.202571872 ], [ -88.487303744000016, 13.197471408 ], [ -88.496791952, 13.197471408 ], [ -88.496791952, 13.202571872 ] ] ] } },
{ "type": "Feature", "properties": { "class_id": 5, "area_m2": 290162.40963524702, "class_name": "Muy Alto", "index": "NDDI", "min_value": null, "max_value": null }, "geometry": { "type": "Polygon", "coordinates": [ [ [ -88.64860328, 13.210222568 ], [ -88.658091488, 13.210222568 ], [ -88.658091488, 13.2127728 ], [ -88.64860328, 13.2127728 ], [ -88.64860328, 13.210222568 ] ] ] } },
{ "type": "Feature", "properties": { "class_id": 5, "area_m2": 290112.26364549948, "class_name": "Muy Alto", "index": "NDDI", "min_value": null, "max_value": null }, "geometry": { "type": "Polygon", "coordinates": [ [ [ -88.539488888, 13.228074192 ], [ -88.548977096, 13.228074192 ], [ -88.548977096, 13.230624424 ], [ -88.539488888, 13.230624424 ], [ -88.539488888, 13.228074192 ] ] ] } },
{ "type": "Feature", "properties": { "class_id": 5, "area_m2": 290081.15566972841, "class_name": "Muy Alto", "index": "NDDI", "min_value": null, "max_value": null }, "geometry": { "type": "Polygon", "coordinates": [ [ [ -88.60116224, 13.268877904 ], [ -88.610650448, 13.268877904 ], [ -88.610650448, 13.271428136 ], [ -88.60116224, 13.271428136 ], [ -88.60116224, 13.268877904 ] ] ] } },
{ "type": "Feature", "properties": { "class_id": 5, "area_m2": 72537.611276021591, "class_name": "Muy Alto", "index": "NDDI", "min_value": null, "max_value": null }, "geometry": { "type": "Polygon", "coordinates": [ [ [ -88.881064376, 13.279078832 ], [ -88.876320272, 13.279078832 ], [ -88.876320272, 13.2765286 ], [ -88.881064376, 13.279078832 ] ] ] } },
{ "type": "Feature", "properties": { "class_id": 5, "area_m2": 72537.242812171884, "class_name": "Muy Alto", "index": "NDDI", "min_value": null, "max_value": null }, "geometry": { "type": "Polygon", "coordinates": [ [ [ -88.88580848, 13.281629064 ], [ -88.881064376, 13.281629064 ], [ -88.881064376, 13.279078832 ], [ -88.88580848, 13.281629064 ] ] ] } },
{ "type": "Feature", "properties": { "class_id": 5, "area_m2": 797196.29903611983, "class_name": "Muy Alto", "index": "NDDI", "min_value": null, "max_value": null }, "geometry": { "type": "Polygon", "coordinates": [ [ [ -88.069822592, 13.332633704 ], [ -88.065078488, 13.335183936 ], [ -88.05559028, 13.332633704 ], [ -88.060334384, 13.330083472 ], [ -88.060334384, 13.324983008 ], [ -88.065078488, 13.324983008 ], [ -88.065078488, 13.330083472 ], [ -88.069822592, 13.332633704 ] ] ] } },
{ "type": "Feature", "properties": { "class_id": 5, "area_m2": 72519.390658654476, "class_name": "Muy Alto", "index": "NDDI", "min_value": null, "max_value": null }, "geometry": { "type": "Polygon", "coordinates": [ [ [ -88.824135128, 13.32753324 ], [ -88.828879232, 13.32753324 ], [ -88.824135128, 13.330083472 ], [ -88.824135128, 13.32753324 ] ] ] } },
{ "type": "Feature", "properties": { "class_id": 5, "area_m2": 72518.248180686351, "class_name": "Muy Alto", "index": "NDDI", "min_value": null, "max_value": null }, "geometry": { "type": "Polygon", "coordinates": [ [ [ -88.833623336, 13.332633704 ], [ -88.828879232, 13.332633704 ], [ -88.828879232, 13.330083472 ], [ -88.833623336, 13.332633704 ] ] ] } },
{ "type": "Feature", "properties": { "class_id": 5, "area_m2": 72481.799351729365, "class_name": "Muy Alto", "index": "NDDI", "min_value": null, "max_value": null }, "geometry": { "type": "Polygon", "coordinates": [ [ [ -88.316516, 13.3402844 ], [ -88.311771896, 13.3402844 ], [ -88.311771896, 13.337734168 ], [ -88.316516, 13.3402844 ] ] ] } },
{ "type": "Feature", "properties": { "class_id": 5, "area_m2": 72480.791252888564, "class_name": "Muy Alto", "index": "NDDI", "min_value": null, "max_value": null }, "geometry": { "type": "Polygon", "coordinates": [ [ [ -88.311771896, 13.342834632 ], [ -88.307027792, 13.342834632 ], [ -88.307027792, 13.3402844 ], [ -88.311771896, 13.342834632 ] ] ] } },
{ "type": "Feature", "properties": { "class_id": 5, "area_m2": 289952.14959144365, "class_name": "Muy Alto", "index": "NDDI", "min_value": null, "max_value": null }, "geometry": { "type": "Polygon", "coordinates": [ [ [ -88.4351186, 13.342834632 ], [ -88.444606808, 13.342834632 ], [ -88.444606808, 13.345384864 ], [ -88.4351186, 13.345384864 ], [ -88.4351186, 13.342834632 ] ] ] } },
{ "type": "Feature", "properties": { "class_id": 5, "area_m2": 289909.64870189212, "class_name": "Muy Alto", "index": "NDDI", "min_value": null, "max_value": null }, "geometry": { "type": "Polygon", "coordinates": [ [ [ -88.316516, 13.355585792 ], [ -88.326004208, 13.355585792 ], [ -88.326004208, 13.358136024 ], [ -88.316516, 13.358136024 ], [ -88.316516, 13.355585792 ] ] ] } },
{ "type": "Feature", "properties": { "class_id": 5, "area_m2": 434836.02974944469, "class_name": "Muy Alto", "index": "NDDI", "min_value": null, "max_value": null }, "geometry": { "type": "Polygon", "coordinates": [ [ [ -88.254842648, 13.363236488 ], [ -88.24535444, 13.363236488 ], [ -88.250098544, 13.358136024 ], [ -88.254842648, 13.358136024 ], [ -88.254842648, 13.363236488 ] ] ] } },
{ "type": "Feature", "properties": { "class_id": 5, "area_m2": 290010.36883118545, "class_name": "Muy Alto", "index": "NDDI", "min_value": null, "max_value": null }, "geometry": { "type": "Polygon", "coordinates": [ [ [ -88.90478489600001, 13.4040402 ], [ -88.909529, 13.4040402 ], [ -88.909529, 13.409140664 ], [ -88.90478489600001, 13.409140664 ], [ -88.90478489600001, 13.4040402 ] ] ] } },
{ "type": "Feature", "properties": { "class_id": 5, "area_m2": 289763.98230175447, "class_name": "Muy Alto", "index": "NDDI", "min_value": null, "max_value": null }, "geometry": { "type": "Polygon", "coordinates": [ [ [ -88.164704672, 13.45504484 ], [ -88.159960568, 13.45504484 ], [ -88.159960568, 13.449944376 ], [ -88.164704672, 13.449944376 ], [ -88.164704672, 13.45504484 ] ] ] } },
{ "type": "Feature", "properties": { "class_id": 5, "area_m2": 72434.34761155046, "class_name": "Muy Alto", "index": "NDDI", "min_value": null, "max_value": null }, "geometry": { "type": "Polygon", "coordinates": [ [ [ -88.178936984, 13.477996928 ], [ -88.183681088, 13.477996928 ], [ -88.178936984, 13.48054716 ], [ -88.178936984, 13.477996928 ] ] ] } },
{ "type": "Feature", "properties": { "class_id": 5, "area_m2": 289730.62588830799, "class_name": "Muy Alto", "index": "NDDI", "min_value": null, "max_value": null }, "geometry": { "type": "Polygon", "coordinates": [ [ [ -88.17419288, 13.48054716 ], [ -88.178936984, 13.48054716 ], [ -88.178936984, 13.485647624 ], [ -88.17419288, 13.485647624 ], [ -88.17419288, 13.48054716 ] ] ] } },
{ "type": "Feature", "properties": { "class_id": 5, "area_m2": 72416.987284097908, "class_name": "Muy Alto", "index": "NDDI", "min_value": null, "max_value": null }, "geometry": { "type": "Polygon", "coordinates": [ [ [ -88.088799008, 13.521350872 ], [ -88.084054904, 13.521350872 ], [ -88.084054904, 13.51880064 ], [ -88.088799008, 13.521350872 ] ] ] } },
{ "type": "Feature", "properties": { "class_id": 5, "area_m2": 72416.01555710916, "class_name": "Muy Alto", "index": "NDDI", "min_value": null, "max_value": null }, "geometry": { "type": "Polygon", "coordinates": [ [ [ -88.084054904, 13.523901104 ], [ -88.0793108, 13.523901104 ], [ -88.0793108, 13.521350872 ], [ -88.084054904, 13.523901104 ] ] ] } },
{ "type": "Feature", "properties": { "class_id": 5, "area_m2": 1230911.8526596613, "class_name": "Muy Alto", "index": "NDDI", "min_value": null, "max_value": null }, "geometry": { "type": "Polygon", "coordinates": [ [ [ -88.065078488, 13.554503888 ], [ -88.0793108, 13.551953656 ], [ -88.0793108, 13.559604352 ], [ -88.065078488, 13.559604352 ], [ -88.065078488, 13.554503888 ] ] ] } },
{ "type": "Feature", "properties": { "class_id": 5, "area_m2": 289595.63624131889, "class_name": "Muy Alto", "index": "NDDI", "min_value": null, "max_value": null }, "geometry": { "type": "Polygon", "coordinates": [ [ [ -88.240610336, 13.605508528 ], [ -88.24535444, 13.605508528 ], [ -88.24535444, 13.610608992 ], [ -88.240610336, 13.610608992 ], [ -88.240610336, 13.605508528 ] ] ] } },
{ "type": "Feature", "properties": { "class_id": 5, "area_m2": 289573.148014237, "class_name": "Muy Alto", "index": "NDDI", "min_value": null, "max_value": null }, "geometry": { "type": "Polygon", "coordinates": [ [ [ -88.164704672, 13.613159224 ], [ -88.17419288, 13.613159224 ], [ -88.17419288, 13.615709456 ], [ -88.164704672, 13.615709456 ], [ -88.164704672, 13.613159224 ] ] ] } },
{ "type": "Feature", "properties": { "class_id": 5, "area_m2": 72392.428968220003, "class_name": "Muy Alto", "index": "NDDI", "min_value": null, "max_value": null }, "geometry": { "type": "Polygon", "coordinates": [ [ [ -88.178936984, 13.618259688 ], [ -88.17419288, 13.618259688 ], [ -88.17419288, 13.615709456 ], [ -88.178936984, 13.618259688 ] ] ] } },
{ "type": "Feature", "properties": { "class_id": 5, "area_m2": 2026932.0579809085, "class_name": "Muy Alto", "index": "NDDI", "min_value": null, "max_value": null }, "geometry": { "type": "Polygon", "coordinates": [ [ [ -88.48255964, 13.679465256 ], [ -88.487303744000016, 13.676915024 ], [ -88.501536056, 13.679465256 ], [ -88.496791952, 13.682015488 ], [ -88.501536056, 13.68456572 ], [ -88.501536056, 13.692216416 ], [ -88.492047848, 13.689666184 ], [ -88.492047848, 13.68456572 ], [ -88.48255964, 13.68456572 ], [ -88.48255964, 13.679465256 ] ] ] } },
{ "type": "Feature", "properties": { "class_id": 5, "area_m2": 4632701.8244207203, "class_name": "Muy Alto", "index": "NDDI", "min_value": null, "max_value": null }, "geometry": { "type": "Polygon", "coordinates": [ [ [ -88.492047848, 13.694766648 ], [ -88.492047848, 13.699867112 ], [ -88.496791952, 13.699867112 ], [ -88.496791952, 13.694766648 ], [ -88.501536056, 13.692216416 ], [ -88.511024264, 13.694766648 ], [ -88.511024264, 13.699867112 ], [ -88.50628016, 13.699867112 ], [ -88.50628016, 13.704967576 ], [ -88.487303744000016, 13.71006804 ], [ -88.48255964, 13.707517808 ], [ -88.48255964, 13.699867112 ], [ -88.477815536, 13.699867112 ], [ -88.477815536, 13.694766648 ], [ -88.473071432, 13.692216416 ], [ -88.492047848, 13.694766648 ] ] ] } },
{ "type": "Feature", "properties": { "class_id": 5, "area_m2": 72383.284649045134, "class_name": "Muy Alto", "index": "NDDI", "min_value": null, "max_value": null }, "geometry": { "type": "Polygon", "coordinates": [ [ [ -88.50628016, 13.71006804 ], [ -88.501536056, 13.71006804 ], [ -88.501536056, 13.707517808 ], [ -88.50628016, 13.71006804 ] ] ] } },
{ "type": "Feature", "properties": { "class_id": 5, "area_m2": 289936.763914629, "class_name": "Muy Alto", "index": "NDDI", "min_value": null, "max_value": null }, "geometry": { "type": "Polygon", "coordinates": [ [ [ -87.93698768, 13.268877904 ], [ -87.941731784, 13.268877904 ], [ -87.941731784, 13.273978368 ], [ -87.93698768, 13.273978368 ], [ -87.93698768, 13.268877904 ] ] ] } },
{ "type": "Feature", "properties": { "class_id": 5, "area_m2": 2174494.1524669142, "class_name": "Muy Alto", "index": "NDDI", "min_value": null, "max_value": null }, "geometry": { "type": "Polygon", "coordinates": [ [ [ -87.951219992, 13.279078832 ], [ -87.98442872, 13.281629064 ], [ -87.98442872, 13.284179296 ], [ -87.979684616, 13.284179296 ], [ -87.979684616, 13.28927976 ], [ -87.951219992, 13.284179296 ], [ -87.951219992, 13.279078832 ] ] ] } },
{ "type": "Feature", "properties": { "class_id": 5, "area_m2": 579760.43513898342, "class_name": "Muy Alto", "index": "NDDI", "min_value": null, "max_value": null }, "geometry": { "type": "Polygon", "coordinates": [ [ [ -88.041357968, 13.332633704 ], [ -88.050846176, 13.332633704 ], [ -88.050846176, 13.337734168 ], [ -88.041357968, 13.337734168 ], [ -88.041357968, 13.332633704 ] ] ] } },
{ "type": "Feature", "properties": { "class_id": 5, "area_m2": 2391116.6731759342, "class_name": "Muy Alto", "index": "NDDI", "min_value": null, "max_value": null }, "geometry": { "type": "Polygon", "coordinates": [ [ [ -87.823129184, 13.342834632 ], [ -87.827873288, 13.347935096 ], [ -87.837361496, 13.347935096 ], [ -87.837361496, 13.35303556 ], [ -87.81838508, 13.350485328 ], [ -87.808896872, 13.355585792 ], [ -87.808896872, 13.345384864 ], [ -87.823129184, 13.342834632 ] ] ] } },
{ "type": "Feature", "properties": { "class_id": 5, "area_m2": 72454.036671952577, "class_name": "Muy Alto", "index": "NDDI", "min_value": null, "max_value": null }, "geometry": { "type": "Polygon", "coordinates": [ [ [ -87.808896872, 13.355585792 ], [ -87.808896872, 13.358136024 ], [ -87.804152768, 13.358136024 ], [ -87.808896872, 13.355585792 ] ] ] } },
{ "type": "Feature", "properties": { "class_id": 5, "area_m2": 72453.370619658192, "class_name": "Muy Alto", "index": "NDDI", "min_value": null, "max_value": null }, "geometry": { "type": "Polygon", "coordinates": [ [ [ -87.813640975999988, 13.360686256 ], [ -87.808896872, 13.360686256 ], [ -87.808896872, 13.358136024 ], [ -87.813640975999988, 13.360686256 ] ] ] } },
{ "type": "Feature", "properties": { "class_id": 5, "area_m2": 72451.876711208708, "class_name": "Muy Alto", "index": "NDDI", "min_value": null, "max_value": null }, "geometry": { "type": "Polygon", "coordinates": [ [ [ -87.813640975999988, 13.36578672 ], [ -87.808896872, 13.36578672 ], [ -87.808896872, 13.363236488 ], [ -87.813640975999988, 13.36578672 ] ] ] } },
{ "type": "Feature", "properties": { "class_id": 5, "area_m2": 652077.4115944748, "class_name": "Muy Alto", "index": "NDDI", "min_value": null, "max_value": null }, "geometry": { "type": "Polygon", "coordinates": [ [ [ -87.827873288, 13.368336952 ], [ -87.813640975999988, 13.360686256 ], [ -87.827873288, 13.363236488 ], [ -87.827873288, 13.368336952 ] ] ] } },
{ "type": "Feature", "properties": { "class_id": 5, "area_m2": 72450.968419268655, "class_name": "Muy Alto", "index": "NDDI", "min_value": null, "max_value": null }, "geometry": { "type": "Polygon", "coordinates": [ [ [ -87.808896872, 13.368336952 ], [ -87.804152768, 13.368336952 ], [ -87.804152768, 13.36578672 ], [ -87.808896872, 13.368336952 ] ] ] } },
{ "type": "Feature", "properties": { "class_id": 5, "area_m2": 72450.060943990509, "class_name": "Muy Alto", "index": "NDDI", "min_value": null, "max_value": null }, "geometry": { "type": "Polygon", "coordinates": [ [ [ -87.804152768, 13.370887184 ], [ -87.799408664, 13.370887184 ], [ -87.799408664, 13.368336952 ], [ -87.804152768, 13.370887184 ] ] ] } },
{ "type": "Feature", "properties": { "class_id": 5, "area_m2": 1883650.0780253925, "class_name": "Muy Alto", "index": "NDDI", "min_value": null, "max_value": null }, "geometry": { "type": "Polygon", "coordinates": [ [ [ -87.81838508, 13.373437416 ], [ -87.81838508, 13.383638344 ], [ -87.808896872, 13.383638344 ], [ -87.799408664, 13.37853788 ], [ -87.804152768, 13.373437416 ], [ -87.81838508, 13.373437416 ] ] ] } },
{ "type": "Feature", "properties": { "class_id": 5, "area_m2": 652026.52798653755, "class_name": "Muy Alto", "index": "NDDI", "min_value": null, "max_value": null }, "geometry": { "type": "Polygon", "coordinates": [ [ [ -87.837361496, 13.386188576 ], [ -87.827873288, 13.383638344 ], [ -87.827873288, 13.37853788 ], [ -87.837361496, 13.381088112 ], [ -87.837361496, 13.386188576 ] ] ] } },
{ "type": "Feature", "properties": { "class_id": 5, "area_m2": 72442.223111082116, "class_name": "Muy Alto", "index": "NDDI", "min_value": null, "max_value": null }, "geometry": { "type": "Polygon", "coordinates": [ [ [ -87.837361496, 13.401489968 ], [ -87.832617391999989, 13.401489968 ], [ -87.832617391999989, 13.398939736 ], [ -87.837361496, 13.401489968 ] ] ] } },
{ "type": "Feature", "properties": { "class_id": 5, "area_m2": 1738632.0647931912, "class_name": "Muy Alto", "index": "NDDI", "min_value": null, "max_value": null }, "geometry": { "type": "Polygon", "coordinates": [ [ [ -87.832617391999989, 13.401489968 ], [ -87.832617391999989, 13.409140664 ], [ -87.813640975999988, 13.401489968 ], [ -87.813640975999988, 13.396389504 ], [ -87.823129184, 13.396389504 ], [ -87.832617391999989, 13.401489968 ] ] ] } },
{ "type": "Feature", "properties": { "class_id": 5, "area_m2": 72439.65906616034, "class_name": "Muy Alto", "index": "NDDI", "min_value": null, "max_value": null }, "geometry": { "type": "Polygon", "coordinates": [ [ [ -87.823129184, 13.409140664 ], [ -87.827873288, 13.409140664 ], [ -87.823129184, 13.411690896 ], [ -87.823129184, 13.409140664 ] ] ] } },
{ "type": "Feature", "properties": { "class_id": 5, "area_m2": 434636.90288013115, "class_name": "Muy Alto", "index": "NDDI", "min_value": null, "max_value": null }, "geometry": { "type": "Polygon", "coordinates": [ [ [ -87.832617391999989, 13.409140664 ], [ -87.837361496, 13.409140664 ], [ -87.8421056, 13.414241128 ], [ -87.832617391999989, 13.414241128 ], [ -87.832617391999989, 13.409140664 ] ] ] } },
{ "type": "Feature", "properties": { "class_id": 5, "area_m2": 289703.15846500214, "class_name": "Muy Alto", "index": "NDDI", "min_value": null, "max_value": null }, "geometry": { "type": "Polygon", "coordinates": [ [ [ -87.941731784, 13.470346232 ], [ -87.951219992, 13.470346232 ], [ -87.951219992, 13.472896464 ], [ -87.941731784, 13.472896464 ], [ -87.941731784, 13.470346232 ] ] ] } },
{ "type": "Feature", "properties": { "class_id": 5, "area_m2": 434563.01436568063, "class_name": "Muy Alto", "index": "NDDI", "min_value": null, "max_value": null }, "geometry": { "type": "Polygon", "coordinates": [ [ [ -87.989172824, 13.475446696 ], [ -87.979684616, 13.475446696 ], [ -87.98442872, 13.470346232 ], [ -87.989172824, 13.470346232 ], [ -87.989172824, 13.475446696 ] ] ] } },
{ "type": "Feature", "properties": { "class_id": 5, "area_m2": 72424.708947119827, "class_name": "Muy Alto", "index": "NDDI", "min_value": null, "max_value": null }, "geometry": { "type": "Polygon", "coordinates": [ [ [ -87.970196408, 13.477996928 ], [ -87.965452304, 13.477996928 ], [ -87.965452304, 13.475446696 ], [ -87.970196408, 13.477996928 ] ] ] } },
{ "type": "Feature", "properties": { "class_id": 5, "area_m2": 72425.096014553856, "class_name": "Muy Alto", "index": "NDDI", "min_value": null, "max_value": null }, "geometry": { "type": "Polygon", "coordinates": [ [ [ -87.979684616, 13.477996928 ], [ -87.974940511999989, 13.477996928 ], [ -87.974940511999989, 13.475446696 ], [ -87.979684616, 13.477996928 ] ] ] } },
{ "type": "Feature", "properties": { "class_id": 5, "area_m2": 72424.148466760569, "class_name": "Muy Alto", "index": "NDDI", "min_value": null, "max_value": null }, "geometry": { "type": "Polygon", "coordinates": [ [ [ -87.974940511999989, 13.48054716 ], [ -87.970196408, 13.48054716 ], [ -87.970196408, 13.477996928 ], [ -87.974940511999989, 13.48054716 ] ] ] } },
{ "type": "Feature", "properties": { "class_id": 5, "area_m2": 289699.31944558321, "class_name": "Muy Alto", "index": "NDDI", "min_value": null, "max_value": null }, "geometry": { "type": "Polygon", "coordinates": [ [ [ -88.003405136, 13.48054716 ], [ -88.00814924, 13.48054716 ], [ -88.00814924, 13.485647624 ], [ -88.003405136, 13.485647624 ], [ -88.003405136, 13.48054716 ] ] ] } },
{ "type": "Feature", "properties": { "class_id": 5, "area_m2": 724230.45480773575, "class_name": "Muy Alto", "index": "NDDI", "min_value": null, "max_value": null }, "geometry": { "type": "Polygon", "coordinates": [ [ [ -87.989172824, 13.483097392 ], [ -87.989172824, 13.490748088 ], [ -87.979684616, 13.488197856 ], [ -87.979684616, 13.483097392 ], [ -87.989172824, 13.483097392 ] ] ] } },
{ "type": "Feature", "properties": { "class_id": 5, "area_m2": 1303568.4276535874, "class_name": "Muy Alto", "index": "NDDI", "min_value": null, "max_value": null }, "geometry": { "type": "Polygon", "coordinates": [ [ [ -88.060334384, 13.511149944 ], [ -88.050846176, 13.511149944 ], [ -88.050846176, 13.503499248 ], [ -88.046102072, 13.503499248 ], [ -88.046102072, 13.498398784 ], [ -88.05559028, 13.498398784 ], [ -88.05559028, 13.50604948 ], [ -88.060334384, 13.50604948 ], [ -88.060334384, 13.511149944 ] ] ] } },
{ "type": "Feature", "properties": { "class_id": 5, "area_m2": 72410.910187891684, "class_name": "Muy Alto", "index": "NDDI", "min_value": null, "max_value": null }, "geometry": { "type": "Polygon", "coordinates": [ [ [ -87.861082016, 13.511149944 ], [ -87.86582612, 13.511149944 ], [ -87.861082016, 13.513700176 ], [ -87.861082016, 13.511149944 ] ] ] } },
{ "type": "Feature", "properties": { "class_id": 5, "area_m2": 72409.21381162414, "class_name": "Muy Alto", "index": "NDDI", "min_value": null, "max_value": null }, "geometry": { "type": "Polygon", "coordinates": [ [ [ -87.861082016, 13.516250408 ], [ -87.856337912, 13.516250408 ], [ -87.856337912, 13.513700176 ], [ -87.861082016, 13.516250408 ] ] ] } },
{ "type": "Feature", "properties": { "class_id": 5, "area_m2": 72409.557209831226, "class_name": "Muy Alto", "index": "NDDI", "min_value": null, "max_value": null }, "geometry": { "type": "Polygon", "coordinates": [ [ [ -87.870570224, 13.516250408 ], [ -87.86582612, 13.516250408 ], [ -87.86582612, 13.513700176 ], [ -87.870570224, 13.516250408 ] ] ] } },
{ "type": "Feature", "properties": { "class_id": 5, "area_m2": 289661.92679126147, "class_name": "Muy Alto", "index": "NDDI", "min_value": null, "max_value": null }, "geometry": { "type": "Polygon", "coordinates": [ [ [ -88.03186976, 13.516250408 ], [ -88.036613863999989, 13.516250408 ], [ -88.036613863999989, 13.521350872 ], [ -88.03186976, 13.521350872 ], [ -88.03186976, 13.516250408 ] ] ] } },
{ "type": "Feature", "properties": { "class_id": 5, "area_m2": 289609.88784245774, "class_name": "Muy Alto", "index": "NDDI", "min_value": null, "max_value": null }, "geometry": { "type": "Polygon", "coordinates": [ [ [ -87.813640975999988, 13.5315518 ], [ -87.81838508, 13.5315518 ], [ -87.81838508, 13.536652264 ], [ -87.813640975999988, 13.536652264 ], [ -87.813640975999988, 13.5315518 ] ] ] } },
{ "type": "Feature", "properties": { "class_id": 5, "area_m2": 289588.69560511655, "class_name": "Muy Alto", "index": "NDDI", "min_value": null, "max_value": null }, "geometry": { "type": "Polygon", "coordinates": [ [ [ -87.813640975999988, 13.549403424 ], [ -87.81838508, 13.549403424 ], [ -87.81838508, 13.554503888 ], [ -87.813640975999988, 13.554503888 ], [ -87.813640975999988, 13.549403424 ] ] ] } },
{ "type": "Feature", "properties": { "class_id": 5, "area_m2": 72396.627557783155, "class_name": "Muy Alto", "index": "NDDI", "min_value": null, "max_value": null }, "geometry": { "type": "Polygon", "coordinates": [ [ [ -87.81838508, 13.554503888 ], [ -87.823129184, 13.554503888 ], [ -87.823129184, 13.55705412 ], [ -87.81838508, 13.554503888 ] ] ] } },
{ "type": "Feature", "properties": { "class_id": 5, "area_m2": 434423.40987639094, "class_name": "Muy Alto", "index": "NDDI", "min_value": null, "max_value": null }, "geometry": { "type": "Polygon", "coordinates": [ [ [ -88.046102072, 13.562154584 ], [ -88.036613863999989, 13.562154584 ], [ -88.041357968, 13.55705412 ], [ -88.046102072, 13.55705412 ], [ -88.046102072, 13.562154584 ] ] ] } },
{ "type": "Feature", "properties": { "class_id": 5, "area_m2": 434359.99725052807, "class_name": "Muy Alto", "index": "NDDI", "min_value": null, "max_value": null }, "geometry": { "type": "Polygon", "coordinates": [ [ [ -87.827873288, 13.56980528 ], [ -87.823129184, 13.56980528 ], [ -87.823129184, 13.562154584 ], [ -87.827873288, 13.562154584 ], [ -87.827873288, 13.56980528 ] ] ] } },
{ "type": "Feature", "properties": { "class_id": 5, "area_m2": 723411.65469743579, "class_name": "Muy Alto", "index": "NDDI", "min_value": null, "max_value": null }, "geometry": { "type": "Polygon", "coordinates": [ [ [ -87.880058432, 13.750871752 ], [ -87.870570224, 13.74832152 ], [ -87.870570224, 13.743221056 ], [ -87.880058432, 13.743221056 ], [ -87.880058432, 13.750871752 ] ] ] } }
]
}
