{
"type": "FeatureCollection",
"name": "anomaly_2026_Q1_May_Jul_NDII",
"crs": { "type": "name", "properties": { "name": "urn:ogc:def:crs:OGC:1.3:CRS84" } },
"features": [
{ "type": "Feature", "properties": { "class_id": 1, "area_m2": 4354504.0625915173, "class_name": "Muy bajo", "index": "NDII", "min_value": null, "max_value": null }, "geometry": { "type": "Polygon", "coordinates": [ [ [ -88.838393887565516, 13.250721595818318 ], [ -88.838393887565516, 13.264196263443186 ], [ -88.811444552315791, 13.264196263443186 ], [ -88.811444552315791, 13.25072159581832 ], [ -88.838393887565516, 13.250721595818318 ] ] ] } },
{ "type": "Feature", "properties": { "class_id": 1, "area_m2": 2177087.7083074097, "class_name": "Muy bajo", "index": "NDII", "min_value": null, "max_value": null }, "geometry": { "type": "Polygon", "coordinates": [ [ [ -88.797969884690929, 13.277670931068055 ], [ -88.797969884690929, 13.264196263443187 ], [ -88.811444552315791, 13.264196263443186 ], [ -88.811444552315791, 13.277670931068053 ], [ -88.797969884690929, 13.277670931068055 ] ] ] } },
{ "type": "Feature", "properties": { "class_id": 1, "area_m2": 2176939.0876278514, "class_name": "Muy bajo", "index": "NDII", "min_value": null, "max_value": null }, "geometry": { "type": "Polygon", "coordinates": [ [ [ -88.797969884690929, 13.277670931068055 ], [ -88.797969884690929, 13.291145598692918 ], [ -88.784495217066066, 13.291145598692918 ], [ -88.784495217066066, 13.277670931068055 ], [ -88.797969884690929, 13.277670931068055 ] ] ] } },
{ "type": "Feature", "properties": { "class_id": 1, "area_m2": 2176150.4322863128, "class_name": "Muy bajo", "index": "NDII", "min_value": null, "max_value": null }, "geometry": { "type": "Polygon", "coordinates": [ [ [ -89.013564566688771, 13.439366942566435 ], [ -89.000089899063909, 13.439366942566428 ], [ -89.000089899063909, 13.425892274941573 ], [ -89.013564566688771, 13.425892274941562 ], [ -89.013564566688771, 13.439366942566435 ] ] ] } },
{ "type": "Feature", "properties": { "class_id": 1, "area_m2": 2173320.3528983961, "class_name": "Muy bajo", "index": "NDII", "min_value": null, "max_value": null }, "geometry": { "type": "Polygon", "coordinates": [ [ [ -88.555425867443347, 13.641486956939412 ], [ -88.541951199818484, 13.641486956939415 ], [ -88.541951199818484, 13.628012289314546 ], [ -88.555425867443347, 13.628012289314546 ], [ -88.555425867443347, 13.641486956939412 ] ] ] } },
{ "type": "Feature", "properties": { "class_id": 1, "area_m2": 6528994.5001879893, "class_name": "Muy bajo", "index": "NDII", "min_value": null, "max_value": null }, "geometry": { "type": "Polygon", "coordinates": [ [ [ -89.673823280307161, 13.641486956939413 ], [ -89.646873945057436, 13.641486956939415 ], [ -89.646873945057436, 13.628012289314546 ], [ -89.660348612682313, 13.628012289314549 ], [ -89.660348612682313, 13.614537621689678 ], [ -89.673823280307161, 13.61453762168968 ], [ -89.673823280307161, 13.641486956939413 ] ] ] } },
{ "type": "Feature", "properties": { "class_id": 1, "area_m2": 4352306.5537037216, "class_name": "Muy bajo", "index": "NDII", "min_value": null, "max_value": null }, "geometry": { "type": "Polygon", "coordinates": [ [ [ -89.673823280307161, 13.641486956939413 ], [ -89.687297947932038, 13.641486956939415 ], [ -89.687297947932038, 13.668436292189144 ], [ -89.673823280307161, 13.668436292189142 ], [ -89.673823280307161, 13.641486956939413 ] ] ] } },
{ "type": "Feature", "properties": { "class_id": 1, "area_m2": 28261949.187435232, "class_name": "Muy bajo", "index": "NDII", "min_value": null, "max_value": null }, "geometry": { "type": "Polygon", "coordinates": [ [ [ -89.080937904813098, 13.695385627438874 ], [ -89.067463237188235, 13.695385627438874 ], [ -89.067463237188235, 13.654961624564276 ], [ -89.027039234313634, 13.65496162456428 ], [ -89.027039234313634, 13.668436292189142 ], [ -89.013564566688771, 13.668436292189142 ], [ -89.013564566688771, 13.68191095981401 ], [ -89.000089899063909, 13.681910959814006 ], [ -89.000089899063909, 13.641486956939415 ], [ -89.09441257243796, 13.641486956939415 ], [ -89.09441257243796, 13.654961624564276 ], [ -89.080937904813098, 13.654961624564276 ], [ -89.080937904813098, 13.695385627438874 ] ] ] } },
{ "type": "Feature", "properties": { "class_id": 1, "area_m2": 28295747.58091332, "class_name": "Muy bajo", "index": "NDII", "min_value": null, "max_value": null }, "geometry": { "type": "Polygon", "coordinates": [ [ [ -89.916367297554743, 13.668436292189146 ], [ -89.943316632804468, 13.668436292189146 ], [ -89.943316632804468, 13.681910959814008 ], [ -89.929841965179605, 13.68191095981401 ], [ -89.929841965179605, 13.695385627438874 ], [ -89.916367297554743, 13.695385627438876 ], [ -89.916367297554743, 13.708860295063744 ], [ -89.902892629929894, 13.70886029506374 ], [ -89.902892629929894, 13.72233496268861 ], [ -89.875943294680141, 13.722334962688603 ], [ -89.875943294680141, 13.70886029506374 ], [ -89.862468627055279, 13.708860295063737 ], [ -89.862468627055279, 13.695385627438874 ], [ -89.902892629929894, 13.695385627438876 ], [ -89.902892629929894, 13.681910959814008 ], [ -89.889417962305018, 13.681910959814006 ], [ -89.889417962305018, 13.66843629218914 ], [ -89.902892629929894, 13.66843629218914 ], [ -89.902892629929894, 13.654961624564283 ], [ -89.916367297554743, 13.654961624564276 ], [ -89.916367297554743, 13.668436292189146 ] ] ] } },
{ "type": "Feature", "properties": { "class_id": 1, "area_m2": 2176141.548963502, "class_name": "Muy bajo", "index": "NDII", "min_value": null, "max_value": null }, "geometry": { "type": "Polygon", "coordinates": [ [ [ -89.875943294680141, 13.735809630313467 ], [ -89.862468627055279, 13.735809630313465 ], [ -89.862468627055279, 13.722334962688604 ], [ -89.875943294680141, 13.722334962688603 ], [ -89.875943294680141, 13.735809630313467 ] ] ] } },
{ "type": "Feature", "properties": { "class_id": 1, "area_m2": 2176538.6104190731, "class_name": "Muy bajo", "index": "NDII", "min_value": null, "max_value": null }, "geometry": { "type": "Polygon", "coordinates": [ [ [ -89.983740635679069, 13.735809630313467 ], [ -89.970265968054207, 13.735809630313472 ], [ -89.970265968054207, 13.722334962688606 ], [ -89.983740635679069, 13.722334962688603 ], [ -89.983740635679069, 13.735809630313467 ] ] ] } },
{ "type": "Feature", "properties": { "class_id": 1, "area_m2": 10880577.827767685, "class_name": "Muy bajo", "index": "NDII", "min_value": null, "max_value": null }, "geometry": { "type": "Polygon", "coordinates": [ [ [ -89.970265968054207, 13.789708300812936 ], [ -89.95679130042933, 13.789708300812933 ], [ -89.95679130042933, 13.77623363318807 ], [ -89.943316632804468, 13.776233633188061 ], [ -89.943316632804468, 13.762758965563203 ], [ -89.970265968054207, 13.762758965563203 ], [ -89.970265968054207, 13.749284297938337 ], [ -89.983740635679069, 13.749284297938335 ], [ -89.983740635679069, 13.776233633188061 ], [ -89.970265968054207, 13.776233633188063 ], [ -89.970265968054207, 13.789708300812936 ] ] ] } },
{ "type": "Feature", "properties": { "class_id": 1, "area_m2": 4352247.178345344, "class_name": "Muy bajo", "index": "NDII", "min_value": null, "max_value": null }, "geometry": { "type": "Polygon", "coordinates": [ [ [ -89.983740635679069, 13.776233633188061 ], [ -90.010689970928794, 13.77623363318806 ], [ -90.010689970928794, 13.789708300812931 ], [ -89.983740635679069, 13.789708300812933 ], [ -89.983740635679069, 13.776233633188061 ] ] ] } },
{ "type": "Feature", "properties": { "class_id": 1, "area_m2": 17372736.680505842, "class_name": "Muy bajo", "index": "NDII", "min_value": null, "max_value": null }, "geometry": { "type": "Polygon", "coordinates": [ [ [ -88.91924189331472, 13.951404312311315 ], [ -88.91924189331472, 13.937929644686445 ], [ -88.932716560939582, 13.937929644686452 ], [ -88.932716560939582, 13.924454977061579 ], [ -88.946191228564444, 13.924454977061584 ], [ -88.946191228564444, 13.93792964468645 ], [ -88.973140563814169, 13.937929644686445 ], [ -88.973140563814169, 13.924454977061583 ], [ -89.000089899063909, 13.924454977061584 ], [ -89.000089899063909, 13.937929644686452 ], [ -88.986615231439046, 13.937929644686445 ], [ -88.986615231439046, 13.951404312311315 ], [ -88.91924189331472, 13.951404312311315 ] ] ] } },
{ "type": "Feature", "properties": { "class_id": 1, "area_m2": 2171171.437203431, "class_name": "Muy bajo", "index": "NDII", "min_value": null, "max_value": null }, "geometry": { "type": "Polygon", "coordinates": [ [ [ -88.91924189331472, 13.951404312311315 ], [ -88.91924189331472, 13.964878979936181 ], [ -88.905767225689843, 13.964878979936181 ], [ -88.905767225689843, 13.951404312311309 ], [ -88.91924189331472, 13.951404312311315 ] ] ] } },
{ "type": "Feature", "properties": { "class_id": 1, "area_m2": 10853099.772775285, "class_name": "Muy bajo", "index": "NDII", "min_value": null, "max_value": null }, "geometry": { "type": "Polygon", "coordinates": [ [ [ -88.771020549441189, 14.005302982810772 ], [ -88.757545881816327, 14.005302982810777 ], [ -88.757545881816327, 13.978353647561047 ], [ -88.771020549441189, 13.97835364756105 ], [ -88.771020549441189, 13.964878979936181 ], [ -88.797969884690929, 13.964878979936181 ], [ -88.797969884690929, 13.97835364756105 ], [ -88.784495217066066, 13.97835364756104 ], [ -88.784495217066066, 13.991828315185906 ], [ -88.771020549441189, 13.991828315185909 ], [ -88.771020549441189, 14.005302982810772 ] ] ] } },
{ "type": "Feature", "properties": { "class_id": 1, "area_m2": 8683028.8010637816, "class_name": "Muy bajo", "index": "NDII", "min_value": null, "max_value": null }, "geometry": { "type": "Polygon", "coordinates": [ [ [ -89.09441257243796, 14.032252318060507 ], [ -89.107887240062837, 14.032252318060509 ], [ -89.107887240062837, 14.059201653310236 ], [ -89.09441257243796, 14.059201653310234 ], [ -89.09441257243796, 14.072676320935102 ], [ -89.080937904813098, 14.072676320935102 ], [ -89.080937904813098, 14.04572698568537 ], [ -89.09441257243796, 14.045726985685366 ], [ -89.09441257243796, 14.032252318060507 ] ] ] } },
{ "type": "Feature", "properties": { "class_id": 1, "area_m2": 13035037.851805497, "class_name": "Muy bajo", "index": "NDII", "min_value": null, "max_value": null }, "geometry": { "type": "Polygon", "coordinates": [ [ [ -89.673823280307161, 14.059201653310234 ], [ -89.660348612682313, 14.059201653310232 ], [ -89.660348612682313, 14.045726985685366 ], [ -89.673823280307161, 14.045726985685366 ], [ -89.673823280307161, 14.032252318060511 ], [ -89.687297947932038, 14.032252318060506 ], [ -89.687297947932038, 14.045726985685372 ], [ -89.7007726155569, 14.045726985685366 ], [ -89.7007726155569, 14.072676320935102 ], [ -89.673823280307161, 14.072676320935102 ], [ -89.673823280307161, 14.059201653310234 ] ] ] } },
{ "type": "Feature", "properties": { "class_id": 1, "area_m2": 13033539.982925497, "class_name": "Muy bajo", "index": "NDII", "min_value": null, "max_value": null }, "geometry": { "type": "Polygon", "coordinates": [ [ [ -89.633399277432574, 14.072676320935102 ], [ -89.619924609807711, 14.072676320935104 ], [ -89.619924609807711, 14.045726985685365 ], [ -89.646873945057436, 14.045726985685366 ], [ -89.646873945057436, 14.059201653310234 ], [ -89.660348612682313, 14.059201653310232 ], [ -89.660348612682313, 14.072676320935106 ], [ -89.646873945057436, 14.072676320935102 ], [ -89.646873945057436, 14.086150988559965 ], [ -89.633399277432574, 14.086150988559966 ], [ -89.633399277432574, 14.072676320935102 ] ] ] } },
{ "type": "Feature", "properties": { "class_id": 1, "area_m2": 4343528.5453598639, "class_name": "Muy bajo", "index": "NDII", "min_value": null, "max_value": null }, "geometry": { "type": "Polygon", "coordinates": [ [ [ -89.619924609807711, 14.1131003238097 ], [ -89.592975274557972, 14.113100323809695 ], [ -89.592975274557972, 14.099625656184834 ], [ -89.619924609807711, 14.099625656184839 ], [ -89.619924609807711, 14.1131003238097 ] ] ] } },
{ "type": "Feature", "properties": { "class_id": 1, "area_m2": 2175844.1098168776, "class_name": "Muy bajo", "index": "NDII", "min_value": null, "max_value": null }, "geometry": { "type": "Polygon", "coordinates": [ [ [ -88.366780520695244, 13.318094933942643 ], [ -88.353305853070367, 13.318094933942641 ], [ -88.353305853070367, 13.304620266317782 ], [ -88.366780520695244, 13.30462026631778 ], [ -88.366780520695244, 13.318094933942643 ] ] ] } },
{ "type": "Feature", "properties": { "class_id": 1, "area_m2": 2175444.3514370415, "class_name": "Muy bajo", "index": "NDII", "min_value": null, "max_value": null }, "geometry": { "type": "Polygon", "coordinates": [ [ [ -88.191609841571989, 13.331569601567509 ], [ -88.17813517394714, 13.33156960156751 ], [ -88.17813517394714, 13.318094933942648 ], [ -88.191609841571989, 13.318094933942648 ], [ -88.191609841571989, 13.331569601567509 ] ] ] } },
{ "type": "Feature", "properties": { "class_id": 1, "area_m2": 2175346.3698283294, "class_name": "Muy bajo", "index": "NDII", "min_value": null, "max_value": null }, "geometry": { "type": "Polygon", "coordinates": [ [ [ -88.205084509196851, 13.345044269192375 ], [ -88.191609841571989, 13.345044269192382 ], [ -88.191609841571989, 13.331569601567509 ], [ -88.205084509196851, 13.331569601567514 ], [ -88.205084509196851, 13.345044269192375 ] ] ] } },
{ "type": "Feature", "properties": { "class_id": 1, "area_m2": 36979552.248389564, "class_name": "Muy bajo", "index": "NDII", "min_value": null, "max_value": null }, "geometry": { "type": "Polygon", "coordinates": [ [ [ -88.353305853070367, 13.37199360444211 ], [ -88.339831185445505, 13.371993604442107 ], [ -88.339831185445505, 13.398942939691834 ], [ -88.31288185019578, 13.398942939691841 ], [ -88.31288185019578, 13.385468272066973 ], [ -88.28593251494604, 13.385468272066971 ], [ -88.28593251494604, 13.371993604442107 ], [ -88.272457847321178, 13.37199360444211 ], [ -88.272457847321178, 13.345044269192378 ], [ -88.28593251494604, 13.345044269192377 ], [ -88.28593251494604, 13.331569601567512 ], [ -88.31288185019578, 13.33156960156751 ], [ -88.31288185019578, 13.358518936817248 ], [ -88.353305853070367, 13.358518936817239 ], [ -88.353305853070367, 13.37199360444211 ] ] ] } },
{ "type": "Feature", "properties": { "class_id": 1, "area_m2": 32618371.816379473, "class_name": "Muy bajo", "index": "NDII", "min_value": null, "max_value": null }, "geometry": { "type": "Polygon", "coordinates": [ [ [ -88.043388497698473, 13.398942939691835 ], [ -88.05686316532335, 13.398942939691837 ], [ -88.05686316532335, 13.37199360444211 ], [ -88.070337832948198, 13.371993604442107 ], [ -88.070337832948198, 13.398942939691841 ], [ -88.08381250057306, 13.398942939691837 ], [ -88.08381250057306, 13.439366942566432 ], [ -88.05686316532335, 13.439366942566435 ], [ -88.05686316532335, 13.425892274941567 ], [ -88.043388497698473, 13.425892274941569 ], [ -88.043388497698473, 13.412417607316709 ], [ -88.016439162448734, 13.412417607316703 ], [ -88.016439162448734, 13.398942939691835 ], [ -88.02991383007361, 13.398942939691841 ], [ -88.02991383007361, 13.385468272066973 ], [ -88.016439162448734, 13.385468272066973 ], [ -88.016439162448734, 13.371993604442107 ], [ -88.043388497698473, 13.371993604442109 ], [ -88.043388497698473, 13.398942939691835 ] ] ] } },
{ "type": "Feature", "properties": { "class_id": 1, "area_m2": 2174102.7217927687, "class_name": "Muy bajo", "index": "NDII", "min_value": null, "max_value": null }, "geometry": { "type": "Polygon", "coordinates": [ [ [ -88.08381250057306, 13.466316277816162 ], [ -88.070337832948198, 13.466316277816164 ], [ -88.070337832948198, 13.452841610191305 ], [ -88.08381250057306, 13.452841610191301 ], [ -88.08381250057306, 13.466316277816162 ] ] ] } },
{ "type": "Feature", "properties": { "class_id": 1, "area_m2": 2174020.3609445314, "class_name": "Muy bajo", "index": "NDII", "min_value": null, "max_value": null }, "geometry": { "type": "Polygon", "coordinates": [ [ [ -88.1107618358228, 13.479790945441035 ], [ -88.097287168197937, 13.47979094544103 ], [ -88.097287168197937, 13.466316277816162 ], [ -88.1107618358228, 13.466316277816169 ], [ -88.1107618358228, 13.479790945441035 ] ] ] } },
{ "type": "Feature", "properties": { "class_id": 1, "area_m2": 2173919.6909268186, "class_name": "Muy bajo", "index": "NDII", "min_value": null, "max_value": null }, "geometry": { "type": "Polygon", "coordinates": [ [ [ -88.1107618358228, 13.479790945441035 ], [ -88.124236503447662, 13.47979094544103 ], [ -88.124236503447662, 13.493265613065899 ], [ -88.1107618358228, 13.493265613065899 ], [ -88.1107618358228, 13.479790945441035 ] ] ] } },
{ "type": "Feature", "properties": { "class_id": 1, "area_m2": 2172856.0636862698, "class_name": "Muy bajo", "index": "NDII", "min_value": null, "max_value": null }, "geometry": { "type": "Polygon", "coordinates": [ [ [ -88.205084509196851, 13.614537621689681 ], [ -88.218559176821714, 13.614537621689685 ], [ -88.218559176821714, 13.628012289314547 ], [ -88.205084509196851, 13.628012289314546 ], [ -88.205084509196851, 13.614537621689681 ] ] ] } },
{ "type": "Feature", "properties": { "class_id": 1, "area_m2": 28245975.606220357, "class_name": "Muy bajo", "index": "NDII", "min_value": null, "max_value": null }, "geometry": { "type": "Polygon", "coordinates": [ [ [ -88.205084509196851, 13.601062954064819 ], [ -88.205084509196851, 13.614537621689681 ], [ -88.191609841571989, 13.614537621689683 ], [ -88.191609841571989, 13.628012289314546 ], [ -88.205084509196851, 13.628012289314546 ], [ -88.205084509196851, 13.65496162456428 ], [ -88.164660506322264, 13.654961624564278 ], [ -88.164660506322264, 13.628012289314549 ], [ -88.151185838697387, 13.628012289314549 ], [ -88.151185838697387, 13.614537621689683 ], [ -88.137711171072525, 13.614537621689685 ], [ -88.137711171072525, 13.601062954064817 ], [ -88.164660506322264, 13.601062954064819 ], [ -88.164660506322264, 13.614537621689685 ], [ -88.17813517394714, 13.614537621689685 ], [ -88.17813517394714, 13.601062954064822 ], [ -88.205084509196851, 13.601062954064819 ] ] ] } },
{ "type": "Feature", "properties": { "class_id": 1, "area_m2": 2172755.8659237991, "class_name": "Muy bajo", "index": "NDII", "min_value": null, "max_value": null }, "geometry": { "type": "Polygon", "coordinates": [ [ [ -88.218559176821714, 13.628012289314547 ], [ -88.23203384444659, 13.628012289314549 ], [ -88.23203384444659, 13.641486956939415 ], [ -88.218559176821714, 13.641486956939413 ], [ -88.218559176821714, 13.628012289314547 ] ] ] } },
{ "type": "Feature", "properties": { "class_id": 1, "area_m2": 52138693.083619535, "class_name": "Muy bajo", "index": "NDII", "min_value": null, "max_value": null }, "geometry": { "type": "Polygon", "coordinates": [ [ [ -88.097287168197937, 13.641486956939412 ], [ -88.08381250057306, 13.641486956939413 ], [ -88.08381250057306, 13.654961624564283 ], [ -88.070337832948198, 13.654961624564278 ], [ -88.070337832948198, 13.668436292189137 ], [ -88.02991383007361, 13.66843629218914 ], [ -88.02991383007361, 13.681910959814013 ], [ -88.016439162448734, 13.68191095981401 ], [ -88.016439162448734, 13.654961624564283 ], [ -88.002964494823871, 13.65496162456428 ], [ -88.002964494823871, 13.628012289314546 ], [ -88.05686316532335, 13.628012289314546 ], [ -88.05686316532335, 13.601062954064815 ], [ -88.08381250057306, 13.601062954064819 ], [ -88.08381250057306, 13.61453762168968 ], [ -88.1107618358228, 13.614537621689683 ], [ -88.1107618358228, 13.628012289314553 ], [ -88.097287168197937, 13.628012289314546 ], [ -88.097287168197937, 13.641486956939412 ] ] ] } },
{ "type": "Feature", "properties": { "class_id": 1, "area_m2": 2172655.7720456324, "class_name": "Muy bajo", "index": "NDII", "min_value": null, "max_value": null }, "geometry": { "type": "Polygon", "coordinates": [ [ [ -88.245508512071453, 13.65496162456428 ], [ -88.23203384444659, 13.65496162456428 ], [ -88.23203384444659, 13.641486956939415 ], [ -88.245508512071453, 13.641486956939412 ], [ -88.245508512071453, 13.65496162456428 ] ] ] } },
{ "type": "Feature", "properties": { "class_id": 1, "area_m2": 2173173.129336989, "class_name": "Muy bajo", "index": "NDII", "min_value": null, "max_value": null }, "geometry": { "type": "Polygon", "coordinates": [ [ [ -88.541951199818484, 13.654961624564285 ], [ -88.528476532193622, 13.654961624564278 ], [ -88.528476532193622, 13.641486956939421 ], [ -88.541951199818484, 13.641486956939415 ], [ -88.541951199818484, 13.654961624564285 ] ] ] } },
{ "type": "Feature", "properties": { "class_id": 1, "area_m2": 36932949.541035369, "class_name": "Muy bajo", "index": "NDII", "min_value": null, "max_value": null }, "geometry": { "type": "Polygon", "coordinates": [ [ [ -88.501527196943883, 13.695385627438874 ], [ -88.51500186456876, 13.695385627438879 ], [ -88.51500186456876, 13.722334962688606 ], [ -88.528476532193622, 13.722334962688606 ], [ -88.528476532193622, 13.776233633188063 ], [ -88.51500186456876, 13.776233633188065 ], [ -88.51500186456876, 13.735809630313467 ], [ -88.501527196943883, 13.735809630313472 ], [ -88.501527196943883, 13.722334962688606 ], [ -88.474577861694158, 13.722334962688603 ], [ -88.474577861694158, 13.708860295063738 ], [ -88.461103194069295, 13.708860295063738 ], [ -88.461103194069295, 13.68191095981401 ], [ -88.474577861694158, 13.681910959814005 ], [ -88.474577861694158, 13.66843629218914 ], [ -88.501527196943883, 13.66843629218914 ], [ -88.501527196943883, 13.695385627438874 ] ] ] } },
{ "type": "Feature", "properties": { "class_id": 1, "area_m2": 2172317.0525330789, "class_name": "Muy bajo", "index": "NDII", "min_value": null, "max_value": null }, "geometry": { "type": "Polygon", "coordinates": [ [ [ -88.474577861694158, 13.735809630313467 ], [ -88.461103194069295, 13.735809630313469 ], [ -88.461103194069295, 13.722334962688603 ], [ -88.474577861694158, 13.722334962688603 ], [ -88.474577861694158, 13.735809630313467 ] ] ] } },
{ "type": "Feature", "properties": { "class_id": 1, "area_m2": 4343441.5809903014, "class_name": "Muy bajo", "index": "NDII", "min_value": null, "max_value": null }, "geometry": { "type": "Polygon", "coordinates": [ [ [ -88.51500186456876, 13.816657636062667 ], [ -88.501527196943883, 13.816657636062663 ], [ -88.501527196943883, 13.789708300812929 ], [ -88.51500186456876, 13.789708300812933 ], [ -88.51500186456876, 13.816657636062667 ] ] ] } },
{ "type": "Feature", "properties": { "class_id": 1, "area_m2": 2171511.5844731587, "class_name": "Muy bajo", "index": "NDII", "min_value": null, "max_value": null }, "geometry": { "type": "Polygon", "coordinates": [ [ [ -88.501527196943883, 13.830132303687524 ], [ -88.48805252931902, 13.83013230368752 ], [ -88.48805252931902, 13.81665763606266 ], [ -88.501527196943883, 13.816657636062663 ], [ -88.501527196943883, 13.830132303687524 ] ] ] } },
{ "type": "Feature", "properties": { "class_id": 1, "area_m2": 2170979.1097112815, "class_name": "Muy bajo", "index": "NDII", "min_value": null, "max_value": null }, "geometry": { "type": "Polygon", "coordinates": [ [ [ -88.339831185445505, 13.85708163893726 ], [ -88.326356517820642, 13.85708163893726 ], [ -88.326356517820642, 13.84360697131239 ], [ -88.339831185445505, 13.84360697131239 ], [ -88.339831185445505, 13.85708163893726 ] ] ] } },
{ "type": "Feature", "properties": { "class_id": 1, "area_m2": 2170811.5955909174, "class_name": "Muy bajo", "index": "NDII", "min_value": null, "max_value": null }, "geometry": { "type": "Polygon", "coordinates": [ [ [ -88.31288185019578, 13.870556306562124 ], [ -88.299407182570931, 13.870556306562124 ], [ -88.299407182570931, 13.857081638937258 ], [ -88.31288185019578, 13.857081638937263 ], [ -88.31288185019578, 13.870556306562124 ] ] ] } },
{ "type": "Feature", "properties": { "class_id": 1, "area_m2": 2176480.643483921, "class_name": "Muy bajo", "index": "NDII", "min_value": null, "max_value": null }, "geometry": { "type": "Polygon", "coordinates": [ [ [ -87.90864182144982, 13.169873590069125 ], [ -87.895167153824957, 13.169873590069125 ], [ -87.895167153824957, 13.156398922444264 ], [ -87.90864182144982, 13.156398922444264 ], [ -87.90864182144982, 13.169873590069125 ] ] ] } },
{ "type": "Feature", "properties": { "class_id": 1, "area_m2": 2176427.1989855063, "class_name": "Muy bajo", "index": "NDII", "min_value": null, "max_value": null }, "geometry": { "type": "Polygon", "coordinates": [ [ [ -87.962540491949284, 13.183348257693991 ], [ -87.949065824324421, 13.183348257693991 ], [ -87.949065824324421, 13.169873590069125 ], [ -87.962540491949284, 13.169873590069123 ], [ -87.962540491949284, 13.183348257693991 ] ] ] } },
{ "type": "Feature", "properties": { "class_id": 1, "area_m2": 2175590.1797849038, "class_name": "Muy bajo", "index": "NDII", "min_value": null, "max_value": null }, "geometry": { "type": "Polygon", "coordinates": [ [ [ -87.949065824324421, 13.277670931068055 ], [ -87.935591156699559, 13.277670931068055 ], [ -87.935591156699559, 13.264196263443184 ], [ -87.949065824324421, 13.264196263443186 ], [ -87.949065824324421, 13.277670931068055 ] ] ] } },
{ "type": "Feature", "properties": { "class_id": 1, "area_m2": 19578322.157271016, "class_name": "Muy bajo", "index": "NDII", "min_value": null, "max_value": null }, "geometry": { "type": "Polygon", "coordinates": [ [ [ -87.989489827199009, 13.318094933942644 ], [ -87.976015159574146, 13.318094933942643 ], [ -87.976015159574146, 13.304620266317778 ], [ -87.962540491949284, 13.304620266317784 ], [ -87.962540491949284, 13.318094933942646 ], [ -87.949065824324421, 13.318094933942644 ], [ -87.949065824324421, 13.304620266317784 ], [ -87.935591156699559, 13.304620266317785 ], [ -87.935591156699559, 13.291145598692919 ], [ -87.949065824324421, 13.291145598692918 ], [ -87.949065824324421, 13.277670931068055 ], [ -87.989489827199009, 13.277670931068055 ], [ -87.989489827199009, 13.318094933942644 ] ] ] } },
{ "type": "Feature", "properties": { "class_id": 1, "area_m2": 6525295.6283294065, "class_name": "Muy bajo", "index": "NDII", "min_value": null, "max_value": null }, "geometry": { "type": "Polygon", "coordinates": [ [ [ -87.773895145201166, 13.318094933942648 ], [ -87.746945809951455, 13.318094933942646 ], [ -87.746945809951455, 13.291145598692918 ], [ -87.760420477576304, 13.291145598692918 ], [ -87.760420477576304, 13.304620266317784 ], [ -87.773895145201166, 13.304620266317782 ], [ -87.773895145201166, 13.318094933942648 ] ] ] } },
{ "type": "Feature", "properties": { "class_id": 1, "area_m2": 2175319.6830119258, "class_name": "Muy bajo", "index": "NDII", "min_value": null, "max_value": null }, "geometry": { "type": "Polygon", "coordinates": [ [ [ -88.002964494823871, 13.304620266317785 ], [ -88.016439162448734, 13.304620266317784 ], [ -88.016439162448734, 13.318094933942646 ], [ -88.002964494823871, 13.318094933942648 ], [ -88.002964494823871, 13.304620266317785 ] ] ] } },
{ "type": "Feature", "properties": { "class_id": 1, "area_m2": 10875295.65473081, "class_name": "Muy bajo", "index": "NDII", "min_value": null, "max_value": null }, "geometry": { "type": "Polygon", "coordinates": [ [ [ -87.868217818575218, 13.318094933942648 ], [ -87.895167153824957, 13.318094933942644 ], [ -87.895167153824957, 13.304620266317778 ], [ -87.90864182144982, 13.304620266317784 ], [ -87.90864182144982, 13.345044269192373 ], [ -87.895167153824957, 13.34504426919238 ], [ -87.895167153824957, 13.331569601567509 ], [ -87.868217818575218, 13.331569601567516 ], [ -87.868217818575218, 13.318094933942648 ] ] ] } },
{ "type": "Feature", "properties": { "class_id": 1, "area_m2": 2174965.0252244244, "class_name": "Muy bajo", "index": "NDII", "min_value": null, "max_value": null }, "geometry": { "type": "Polygon", "coordinates": [ [ [ -88.016439162448734, 13.358518936817246 ], [ -88.002964494823871, 13.358518936817244 ], [ -88.002964494823871, 13.345044269192378 ], [ -88.016439162448734, 13.34504426919238 ], [ -88.016439162448734, 13.358518936817246 ] ] ] } },
{ "type": "Feature", "properties": { "class_id": 1, "area_m2": 2174469.2184286141, "class_name": "Muy bajo", "index": "NDII", "min_value": null, "max_value": null }, "geometry": { "type": "Polygon", "coordinates": [ [ [ -87.787369812826029, 13.385468272066968 ], [ -87.773895145201166, 13.385468272066969 ], [ -87.773895145201166, 13.371993604442109 ], [ -87.787369812826029, 13.37199360444211 ], [ -87.787369812826029, 13.385468272066968 ] ] ] } },
{ "type": "Feature", "properties": { "class_id": 1, "area_m2": 8698741.2211676147, "class_name": "Muy bajo", "index": "NDII", "min_value": null, "max_value": null }, "geometry": { "type": "Polygon", "coordinates": [ [ [ -87.976015159574146, 13.398942939691834 ], [ -87.962540491949284, 13.398942939691841 ], [ -87.962540491949284, 13.371993604442107 ], [ -87.949065824324421, 13.37199360444211 ], [ -87.949065824324421, 13.358518936817241 ], [ -87.976015159574146, 13.358518936817243 ], [ -87.976015159574146, 13.398942939691834 ] ] ] } },
{ "type": "Feature", "properties": { "class_id": 1, "area_m2": 2174180.5626219534, "class_name": "Muy bajo", "index": "NDII", "min_value": null, "max_value": null }, "geometry": { "type": "Polygon", "coordinates": [ [ [ -87.733471142326565, 13.412417607316703 ], [ -87.719996474701702, 13.412417607316705 ], [ -87.719996474701702, 13.398942939691837 ], [ -87.733471142326565, 13.398942939691839 ], [ -87.733471142326565, 13.412417607316703 ] ] ] } },
{ "type": "Feature", "properties": { "class_id": 1, "area_m2": 2173993.922984466, "class_name": "Muy bajo", "index": "NDII", "min_value": null, "max_value": null }, "geometry": { "type": "Polygon", "coordinates": [ [ [ -87.787369812826029, 13.43936694256643 ], [ -87.773895145201166, 13.439366942566435 ], [ -87.773895145201166, 13.425892274941569 ], [ -87.787369812826029, 13.425892274941571 ], [ -87.787369812826029, 13.43936694256643 ] ] ] } },
{ "type": "Feature", "properties": { "class_id": 1, "area_m2": 276051859.0080983, "class_name": "Muy bajo", "index": "NDII", "min_value": null, "max_value": null }, "geometry": { "type": "Polygon", "coordinates": [ [ [ -87.895167153824957, 13.547164283565358 ], [ -87.935591156699559, 13.547164283565358 ], [ -87.935591156699559, 13.520214948315626 ], [ -87.895167153824957, 13.520214948315624 ], [ -87.895167153824957, 13.493265613065898 ], [ -87.868217818575218, 13.493265613065898 ], [ -87.868217818575218, 13.479790945441035 ], [ -87.841268483325493, 13.479790945441033 ], [ -87.841268483325493, 13.452841610191301 ], [ -87.854743150950355, 13.452841610191305 ], [ -87.854743150950355, 13.439366942566426 ], [ -87.868217818575218, 13.439366942566432 ], [ -87.868217818575218, 13.412417607316703 ], [ -87.90864182144982, 13.412417607316701 ], [ -87.90864182144982, 13.425892274941571 ], [ -87.922116489074682, 13.425892274941571 ], [ -87.922116489074682, 13.439366942566439 ], [ -87.962540491949284, 13.439366942566433 ], [ -87.962540491949284, 13.452841610191301 ], [ -87.989489827199009, 13.452841610191298 ], [ -87.989489827199009, 13.466316277816166 ], [ -88.002964494823871, 13.466316277816162 ], [ -88.002964494823871, 13.4528416101913 ], [ -88.02991383007361, 13.452841610191301 ], [ -88.02991383007361, 13.466316277816169 ], [ -88.043388497698473, 13.466316277816162 ], [ -88.043388497698473, 13.479790945441032 ], [ -88.05686316532335, 13.47979094544103 ], [ -88.05686316532335, 13.493265613065898 ], [ -88.070337832948198, 13.493265613065898 ], [ -88.070337832948198, 13.506740280690757 ], [ -88.097287168197937, 13.506740280690758 ], [ -88.097287168197937, 13.533689615940492 ], [ -88.124236503447662, 13.533689615940492 ], [ -88.124236503447662, 13.54716428356536 ], [ -88.151185838697387, 13.547164283565358 ], [ -88.151185838697387, 13.560638951190219 ], [ -88.164660506322264, 13.560638951190219 ], [ -88.164660506322264, 13.587588286439953 ], [ -88.137711171072525, 13.587588286439955 ], [ -88.137711171072525, 13.560638951190219 ], [ -88.070337832948198, 13.560638951190219 ], [ -88.070337832948198, 13.574113618815089 ], [ -88.016439162448734, 13.574113618815087 ], [ -88.016439162448734, 13.520214948315626 ], [ -88.002964494823871, 13.520214948315628 ], [ -88.002964494823871, 13.533689615940492 ], [ -87.949065824324421, 13.533689615940492 ], [ -87.949065824324421, 13.560638951190221 ], [ -87.895167153824957, 13.560638951190223 ], [ -87.895167153824957, 13.547164283565358 ] ] ] } },
{ "type": "Feature", "properties": { "class_id": 1, "area_m2": 10866420.441851126, "class_name": "Muy bajo", "index": "NDII", "min_value": null, "max_value": null }, "geometry": { "type": "Polygon", "coordinates": [ [ [ -87.82779381570063, 13.506740280690758 ], [ -87.868217818575218, 13.50674028069076 ], [ -87.868217818575218, 13.520214948315628 ], [ -87.881692486200095, 13.520214948315628 ], [ -87.881692486200095, 13.533689615940492 ], [ -87.854743150950355, 13.533689615940492 ], [ -87.854743150950355, 13.520214948315626 ], [ -87.82779381570063, 13.52021494831563 ], [ -87.82779381570063, 13.506740280690758 ] ] ] } },
{ "type": "Feature", "properties": { "class_id": 1, "area_m2": 2173106.7746692328, "class_name": "Muy bajo", "index": "NDII", "min_value": null, "max_value": null }, "geometry": { "type": "Polygon", "coordinates": [ [ [ -87.841268483325493, 13.547164283565353 ], [ -87.841268483325493, 13.533689615940492 ], [ -87.854743150950355, 13.533689615940492 ], [ -87.854743150950355, 13.547164283565353 ], [ -87.841268483325493, 13.547164283565353 ] ] ] } },
{ "type": "Feature", "properties": { "class_id": 1, "area_m2": 39109967.335787155, "class_name": "Muy bajo", "index": "NDII", "min_value": null, "max_value": null }, "geometry": { "type": "Polygon", "coordinates": [ [ [ -87.814319148075768, 13.547164283565358 ], [ -87.814319148075768, 13.520214948315623 ], [ -87.82779381570063, 13.52021494831563 ], [ -87.82779381570063, 13.547164283565353 ], [ -87.841268483325493, 13.547164283565353 ], [ -87.841268483325493, 13.574113618815087 ], [ -87.82779381570063, 13.574113618815085 ], [ -87.82779381570063, 13.601062954064814 ], [ -87.841268483325493, 13.601062954064817 ], [ -87.841268483325493, 13.61453762168968 ], [ -87.814319148075768, 13.614537621689678 ], [ -87.814319148075768, 13.601062954064815 ], [ -87.773895145201166, 13.601062954064815 ], [ -87.773895145201166, 13.574113618815087 ], [ -87.800844480450891, 13.574113618815092 ], [ -87.800844480450891, 13.547164283565353 ], [ -87.814319148075768, 13.547164283565358 ] ] ] } },
{ "type": "Feature", "properties": { "class_id": 1, "area_m2": 2173005.2499188627, "class_name": "Muy bajo", "index": "NDII", "min_value": null, "max_value": null }, "geometry": { "type": "Polygon", "coordinates": [ [ [ -87.976015159574146, 13.574113618815083 ], [ -87.962540491949284, 13.574113618815083 ], [ -87.962540491949284, 13.560638951190217 ], [ -87.976015159574146, 13.560638951190215 ], [ -87.976015159574146, 13.574113618815083 ] ] ] } },
{ "type": "Feature", "properties": { "class_id": 1, "area_m2": 2173038.5965144671, "class_name": "Muy bajo", "index": "NDII", "min_value": null, "max_value": null }, "geometry": { "type": "Polygon", "coordinates": [ [ [ -88.002964494823871, 13.574113618815089 ], [ -87.989489827199009, 13.574113618815087 ], [ -87.989489827199009, 13.560638951190217 ], [ -88.002964494823871, 13.560638951190223 ], [ -88.002964494823871, 13.574113618815089 ] ] ] } },
{ "type": "Feature", "properties": { "class_id": 1, "area_m2": 2172315.5554276169, "class_name": "Muy bajo", "index": "NDII", "min_value": null, "max_value": null }, "geometry": { "type": "Polygon", "coordinates": [ [ [ -87.787369812826029, 13.628012289314547 ], [ -87.773895145201166, 13.628012289314549 ], [ -87.773895145201166, 13.61453762168968 ], [ -87.787369812826029, 13.614537621689681 ], [ -87.787369812826029, 13.628012289314547 ] ] ] } },
{ "type": "Feature", "properties": { "class_id": 1, "area_m2": 4344147.2719164407, "class_name": "Muy bajo", "index": "NDII", "min_value": null, "max_value": null }, "geometry": { "type": "Polygon", "coordinates": [ [ [ -87.90864182144982, 13.668436292189138 ], [ -87.881692486200095, 13.66843629218914 ], [ -87.881692486200095, 13.65496162456428 ], [ -87.90864182144982, 13.654961624564276 ], [ -87.90864182144982, 13.668436292189138 ] ] ] } },
{ "type": "Feature", "properties": { "class_id": 2, "area_m2": 19590847.271051373, "class_name": "Bajo", "index": "NDII", "min_value": null, "max_value": null }, "geometry": { "type": "Polygon", "coordinates": [ [ [ -89.579500606933109, 13.560638951190215 ], [ -89.539076604058522, 13.560638951190215 ], [ -89.539076604058522, 13.533689615940492 ], [ -89.552551271683384, 13.533689615940496 ], [ -89.552551271683384, 13.520214948315623 ], [ -89.566025939308247, 13.520214948315626 ], [ -89.566025939308247, 13.547164283565357 ], [ -89.579500606933109, 13.54716428356536 ], [ -89.579500606933109, 13.533689615940494 ], [ -89.592975274557972, 13.533689615940492 ], [ -89.592975274557972, 13.574113618815089 ], [ -89.579500606933109, 13.57411361881509 ], [ -89.579500606933109, 13.560638951190215 ] ] ] } },
{ "type": "Feature", "properties": { "class_id": 2, "area_m2": 10886689.310446221, "class_name": "Bajo", "index": "NDII", "min_value": null, "max_value": null }, "geometry": { "type": "Polygon", "coordinates": [ [ [ -89.727721950806625, 13.533689615940492 ], [ -89.768145953681227, 13.533689615940492 ], [ -89.768145953681227, 13.560638951190219 ], [ -89.741196618431488, 13.560638951190223 ], [ -89.741196618431488, 13.547164283565351 ], [ -89.727721950806625, 13.547164283565355 ], [ -89.727721950806625, 13.533689615940492 ] ] ] } },
{ "type": "Feature", "properties": { "class_id": 2, "area_m2": 4352353.2302054027, "class_name": "Bajo", "index": "NDII", "min_value": null, "max_value": null }, "geometry": { "type": "Polygon", "coordinates": [ [ [ -89.417804595434731, 13.560638951190217 ], [ -89.390855260184992, 13.560638951190219 ], [ -89.390855260184992, 13.547164283565358 ], [ -89.417804595434731, 13.547164283565353 ], [ -89.417804595434731, 13.560638951190217 ] ] ] } },
{ "type": "Feature", "properties": { "class_id": 2, "area_m2": 60945896.648364343, "class_name": "Bajo", "index": "NDII", "min_value": null, "max_value": null }, "geometry": { "type": "Polygon", "coordinates": [ [ [ -89.633399277432574, 13.547164283565355 ], [ -89.619924609807711, 13.54716428356536 ], [ -89.619924609807711, 13.533689615940492 ], [ -89.646873945057436, 13.533689615940494 ], [ -89.646873945057436, 13.547164283565358 ], [ -89.714247283181763, 13.547164283565357 ], [ -89.714247283181763, 13.560638951190223 ], [ -89.660348612682313, 13.560638951190219 ], [ -89.660348612682313, 13.574113618815085 ], [ -89.673823280307161, 13.574113618815092 ], [ -89.673823280307161, 13.61453762168968 ], [ -89.660348612682313, 13.614537621689678 ], [ -89.660348612682313, 13.628012289314549 ], [ -89.646873945057436, 13.628012289314546 ], [ -89.646873945057436, 13.641486956939415 ], [ -89.660348612682313, 13.641486956939413 ], [ -89.660348612682313, 13.654961624564278 ], [ -89.646873945057436, 13.65496162456428 ], [ -89.646873945057436, 13.66843629218914 ], [ -89.633399277432574, 13.668436292189146 ], [ -89.633399277432574, 13.61453762168968 ], [ -89.619924609807711, 13.61453762168968 ], [ -89.619924609807711, 13.560638951190217 ], [ -89.633399277432574, 13.560638951190223 ], [ -89.633399277432574, 13.547164283565355 ] ], [ [ -89.646873945057436, 13.61453762168968 ], [ -89.646873945057436, 13.601062954064821 ], [ -89.633399277432574, 13.601062954064822 ], [ -89.633399277432574, 13.61453762168968 ], [ -89.646873945057436, 13.61453762168968 ] ] ] } },
{ "type": "Feature", "properties": { "class_id": 2, "area_m2": 2176924.2752608764, "class_name": "Bajo", "index": "NDII", "min_value": null, "max_value": null }, "geometry": { "type": "Polygon", "coordinates": [ [ [ -89.822044624180691, 13.628012289314549 ], [ -89.808569956555814, 13.628012289314542 ], [ -89.808569956555814, 13.614537621689685 ], [ -89.822044624180691, 13.61453762168968 ], [ -89.822044624180691, 13.628012289314549 ] ] ] } },
{ "type": "Feature", "properties": { "class_id": 2, "area_m2": 52233477.158918805, "class_name": "Bajo", "index": "NDII", "min_value": null, "max_value": null }, "geometry": { "type": "Polygon", "coordinates": [ [ [ -89.714247283181763, 13.65496162456428 ], [ -89.727721950806625, 13.654961624564283 ], [ -89.727721950806625, 13.68191095981401 ], [ -89.714247283181763, 13.68191095981401 ], [ -89.714247283181763, 13.695385627438874 ], [ -89.687297947932038, 13.695385627438876 ], [ -89.687297947932038, 13.641486956939415 ], [ -89.673823280307161, 13.641486956939413 ], [ -89.673823280307161, 13.61453762168968 ], [ -89.7007726155569, 13.614537621689683 ], [ -89.7007726155569, 13.628012289314547 ], [ -89.714247283181763, 13.628012289314549 ], [ -89.714247283181763, 13.614537621689685 ], [ -89.727721950806625, 13.614537621689681 ], [ -89.727721950806625, 13.601062954064817 ], [ -89.741196618431488, 13.601062954064815 ], [ -89.741196618431488, 13.61453762168968 ], [ -89.768145953681227, 13.614537621689683 ], [ -89.768145953681227, 13.641486956939413 ], [ -89.714247283181763, 13.641486956939413 ], [ -89.714247283181763, 13.65496162456428 ] ] ] } },
{ "type": "Feature", "properties": { "class_id": 2, "area_m2": 2176047.0371931628, "class_name": "Bajo", "index": "NDII", "min_value": null, "max_value": null }, "geometry": { "type": "Polygon", "coordinates": [ [ [ -89.660348612682313, 13.654961624564278 ], [ -89.673823280307161, 13.65496162456428 ], [ -89.673823280307161, 13.668436292189142 ], [ -89.660348612682313, 13.66843629218914 ], [ -89.660348612682313, 13.654961624564278 ] ] ] } },
{ "type": "Feature", "properties": { "class_id": 2, "area_m2": 2176369.7763470323, "class_name": "Bajo", "index": "NDII", "min_value": null, "max_value": null }, "geometry": { "type": "Polygon", "coordinates": [ [ [ -89.768145953681227, 13.66843629218914 ], [ -89.754671286056364, 13.668436292189146 ], [ -89.754671286056364, 13.654961624564278 ], [ -89.768145953681227, 13.65496162456428 ], [ -89.768145953681227, 13.66843629218914 ] ] ] } },
{ "type": "Feature", "properties": { "class_id": 2, "area_m2": 2176949.2924173716, "class_name": "Bajo", "index": "NDII", "min_value": null, "max_value": null }, "geometry": { "type": "Polygon", "coordinates": [ [ [ -89.929841965179605, 13.66843629218914 ], [ -89.916367297554743, 13.668436292189146 ], [ -89.916367297554743, 13.654961624564276 ], [ -89.929841965179605, 13.65496162456428 ], [ -89.929841965179605, 13.66843629218914 ] ] ] } },
{ "type": "Feature", "properties": { "class_id": 2, "area_m2": 2175790.3756336626, "class_name": "Bajo", "index": "NDII", "min_value": null, "max_value": null }, "geometry": { "type": "Polygon", "coordinates": [ [ [ -89.633399277432574, 13.681910959814006 ], [ -89.619924609807711, 13.68191095981401 ], [ -89.619924609807711, 13.66843629218914 ], [ -89.633399277432574, 13.668436292189146 ], [ -89.633399277432574, 13.681910959814006 ] ] ] } },
{ "type": "Feature", "properties": { "class_id": 2, "area_m2": 21766209.517238997, "class_name": "Bajo", "index": "NDII", "min_value": null, "max_value": null }, "geometry": { "type": "Polygon", "coordinates": [ [ [ -89.862468627055279, 13.654961624564278 ], [ -89.902892629929894, 13.654961624564283 ], [ -89.902892629929894, 13.66843629218914 ], [ -89.889417962305018, 13.66843629218914 ], [ -89.889417962305018, 13.681910959814006 ], [ -89.902892629929894, 13.681910959814008 ], [ -89.902892629929894, 13.695385627438876 ], [ -89.862468627055279, 13.695385627438874 ], [ -89.862468627055279, 13.708860295063737 ], [ -89.848993959430416, 13.708860295063745 ], [ -89.848993959430416, 13.68191095981401 ], [ -89.862468627055279, 13.68191095981401 ], [ -89.862468627055279, 13.654961624564278 ] ] ] } },
{ "type": "Feature", "properties": { "class_id": 2, "area_m2": 2176032.5782742277, "class_name": "Bajo", "index": "NDII", "min_value": null, "max_value": null }, "geometry": { "type": "Polygon", "coordinates": [ [ [ -89.741196618431488, 13.695385627438876 ], [ -89.727721950806625, 13.695385627438874 ], [ -89.727721950806625, 13.68191095981401 ], [ -89.741196618431488, 13.681910959814006 ], [ -89.741196618431488, 13.695385627438876 ] ] ] } },
{ "type": "Feature", "properties": { "class_id": 2, "area_m2": 8707117.3456737306, "class_name": "Bajo", "index": "NDII", "min_value": null, "max_value": null }, "geometry": { "type": "Polygon", "coordinates": [ [ [ -89.95679130042933, 13.70886029506374 ], [ -89.943316632804468, 13.708860295063744 ], [ -89.943316632804468, 13.695385627438872 ], [ -89.929841965179605, 13.695385627438874 ], [ -89.929841965179605, 13.68191095981401 ], [ -89.943316632804468, 13.681910959814008 ], [ -89.943316632804468, 13.668436292189146 ], [ -89.95679130042933, 13.668436292189142 ], [ -89.95679130042933, 13.70886029506374 ] ] ] } },
{ "type": "Feature", "properties": { "class_id": 2, "area_m2": 2176583.0146477227, "class_name": "Bajo", "index": "NDII", "min_value": null, "max_value": null }, "geometry": { "type": "Polygon", "coordinates": [ [ [ -89.916367297554743, 13.695385627438876 ], [ -89.929841965179605, 13.695385627438874 ], [ -89.929841965179605, 13.708860295063738 ], [ -89.916367297554743, 13.708860295063744 ], [ -89.916367297554743, 13.695385627438876 ] ] ] } },
{ "type": "Feature", "properties": { "class_id": 2, "area_m2": 2175881.5670351945, "class_name": "Bajo", "index": "NDII", "min_value": null, "max_value": null }, "geometry": { "type": "Polygon", "coordinates": [ [ [ -89.768145953681227, 13.722334962688603 ], [ -89.754671286056364, 13.722334962688603 ], [ -89.754671286056364, 13.708860295063733 ], [ -89.768145953681227, 13.70886029506374 ], [ -89.768145953681227, 13.722334962688603 ] ] ] } },
{ "type": "Feature", "properties": { "class_id": 2, "area_m2": 4350815.6050113048, "class_name": "Bajo", "index": "NDII", "min_value": null, "max_value": null }, "geometry": { "type": "Polygon", "coordinates": [ [ [ -89.646873945057436, 13.735809630313469 ], [ -89.633399277432574, 13.735809630313469 ], [ -89.633399277432574, 13.70886029506374 ], [ -89.646873945057436, 13.708860295063735 ], [ -89.646873945057436, 13.735809630313469 ] ] ] } },
{ "type": "Feature", "properties": { "class_id": 2, "area_m2": 6528985.9048950449, "class_name": "Bajo", "index": "NDII", "min_value": null, "max_value": null }, "geometry": { "type": "Polygon", "coordinates": [ [ [ -89.889417962305018, 13.722334962688606 ], [ -89.902892629929894, 13.72233496268861 ], [ -89.902892629929894, 13.70886029506374 ], [ -89.916367297554743, 13.708860295063744 ], [ -89.916367297554743, 13.73580963031347 ], [ -89.889417962305018, 13.735809630313469 ], [ -89.889417962305018, 13.722334962688606 ] ] ] } },
{ "type": "Feature", "properties": { "class_id": 2, "area_m2": 8706306.4855073784, "class_name": "Bajo", "index": "NDII", "min_value": null, "max_value": null }, "geometry": { "type": "Polygon", "coordinates": [ [ [ -89.997215303303932, 13.722334962688604 ], [ -89.970265968054207, 13.722334962688606 ], [ -89.970265968054207, 13.735809630313472 ], [ -89.95679130042933, 13.735809630313467 ], [ -89.95679130042933, 13.70886029506374 ], [ -89.997215303303932, 13.708860295063737 ], [ -89.997215303303932, 13.722334962688604 ] ] ] } },
{ "type": "Feature", "properties": { "class_id": 2, "area_m2": 2176794.2592750452, "class_name": "Bajo", "index": "NDII", "min_value": null, "max_value": null }, "geometry": { "type": "Polygon", "coordinates": [ [ [ -90.051113973803396, 13.735809630313467 ], [ -90.037639306178534, 13.735809630313467 ], [ -90.037639306178534, 13.722334962688606 ], [ -90.051113973803396, 13.722334962688601 ], [ -90.051113973803396, 13.735809630313467 ] ] ] } },
{ "type": "Feature", "properties": { "class_id": 2, "area_m2": 6528823.6585546415, "class_name": "Bajo", "index": "NDII", "min_value": null, "max_value": null }, "geometry": { "type": "Polygon", "coordinates": [ [ [ -89.943316632804468, 13.735809630313467 ], [ -89.95679130042933, 13.735809630313467 ], [ -89.95679130042933, 13.749284297938337 ], [ -89.970265968054207, 13.749284297938337 ], [ -89.970265968054207, 13.762758965563203 ], [ -89.943316632804468, 13.762758965563203 ], [ -89.943316632804468, 13.735809630313467 ] ] ] } },
{ "type": "Feature", "properties": { "class_id": 2, "area_m2": 2174455.833491547, "class_name": "Bajo", "index": "NDII", "min_value": null, "max_value": null }, "geometry": { "type": "Polygon", "coordinates": [ [ [ -89.444753930684456, 13.762758965563199 ], [ -89.431279263059594, 13.762758965563203 ], [ -89.431279263059594, 13.749284297938337 ], [ -89.444753930684456, 13.749284297938337 ], [ -89.444753930684456, 13.762758965563199 ] ] ] } },
{ "type": "Feature", "properties": { "class_id": 2, "area_m2": 4353046.1808129335, "class_name": "Bajo", "index": "NDII", "min_value": null, "max_value": null }, "geometry": { "type": "Polygon", "coordinates": [ [ [ -90.051113973803396, 13.762758965563199 ], [ -90.024164638553657, 13.762758965563194 ], [ -90.024164638553657, 13.749284297938337 ], [ -90.051113973803396, 13.749284297938335 ], [ -90.051113973803396, 13.762758965563199 ] ] ] } },
{ "type": "Feature", "properties": { "class_id": 2, "area_m2": 8705352.5361532345, "class_name": "Bajo", "index": "NDII", "min_value": null, "max_value": null }, "geometry": { "type": "Polygon", "coordinates": [ [ [ -90.024164638553657, 13.762758965563194 ], [ -90.024164638553657, 13.776233633188061 ], [ -89.983740635679069, 13.776233633188061 ], [ -89.983740635679069, 13.749284297938335 ], [ -89.997215303303932, 13.749284297938337 ], [ -89.997215303303932, 13.762758965563201 ], [ -90.024164638553657, 13.762758965563194 ] ] ] } },
{ "type": "Feature", "properties": { "class_id": 2, "area_m2": 2176047.4978250642, "class_name": "Bajo", "index": "NDII", "min_value": null, "max_value": null }, "geometry": { "type": "Polygon", "coordinates": [ [ [ -89.983740635679069, 13.776233633188061 ], [ -89.983740635679069, 13.789708300812933 ], [ -89.970265968054207, 13.789708300812936 ], [ -89.970265968054207, 13.776233633188063 ], [ -89.983740635679069, 13.776233633188061 ] ] ] } },
{ "type": "Feature", "properties": { "class_id": 2, "area_m2": 2175975.049023367, "class_name": "Bajo", "index": "NDII", "min_value": null, "max_value": null }, "geometry": { "type": "Polygon", "coordinates": [ [ [ -89.997215303303932, 13.803182968437797 ], [ -89.983740635679069, 13.803182968437797 ], [ -89.983740635679069, 13.789708300812933 ], [ -89.997215303303932, 13.789708300812929 ], [ -89.997215303303932, 13.803182968437797 ] ] ] } },
{ "type": "Feature", "properties": { "class_id": 2, "area_m2": 2175985.0185555671, "class_name": "Bajo", "index": "NDII", "min_value": null, "max_value": null }, "geometry": { "type": "Polygon", "coordinates": [ [ [ -90.064588641428259, 13.83013230368752 ], [ -90.051113973803396, 13.83013230368752 ], [ -90.051113973803396, 13.816657636062663 ], [ -90.064588641428259, 13.816657636062663 ], [ -90.064588641428259, 13.83013230368752 ] ] ] } },
{ "type": "Feature", "properties": { "class_id": 2, "area_m2": 2175913.5156322182, "class_name": "Bajo", "index": "NDII", "min_value": null, "max_value": null }, "geometry": { "type": "Polygon", "coordinates": [ [ [ -90.064588641428259, 13.83013230368752 ], [ -90.078063309053121, 13.830132303687524 ], [ -90.078063309053121, 13.84360697131239 ], [ -90.064588641428259, 13.84360697131239 ], [ -90.064588641428259, 13.83013230368752 ] ] ] } },
{ "type": "Feature", "properties": { "class_id": 2, "area_m2": 2174005.3081080928, "class_name": "Bajo", "index": "NDII", "min_value": null, "max_value": null }, "geometry": { "type": "Polygon", "coordinates": [ [ [ -89.687297947932038, 13.897505641811852 ], [ -89.673823280307161, 13.897505641811854 ], [ -89.673823280307161, 13.884030974186985 ], [ -89.687297947932038, 13.88403097418699 ], [ -89.687297947932038, 13.897505641811852 ] ] ] } },
{ "type": "Feature", "properties": { "class_id": 2, "area_m2": 2173926.9746505255, "class_name": "Bajo", "index": "NDII", "min_value": null, "max_value": null }, "geometry": { "type": "Polygon", "coordinates": [ [ [ -89.687297947932038, 13.897505641811852 ], [ -89.7007726155569, 13.897505641811856 ], [ -89.7007726155569, 13.91098030943672 ], [ -89.687297947932038, 13.91098030943672 ], [ -89.687297947932038, 13.897505641811852 ] ] ] } },
{ "type": "Feature", "properties": { "class_id": 2, "area_m2": 4346372.05973069, "class_name": "Bajo", "index": "NDII", "min_value": null, "max_value": null }, "geometry": { "type": "Polygon", "coordinates": [ [ [ -89.754671286056364, 14.005302982810772 ], [ -89.781620621306104, 14.005302982810772 ], [ -89.781620621306104, 14.018777650435643 ], [ -89.754671286056364, 14.018777650435645 ], [ -89.754671286056364, 14.005302982810772 ] ] ] } },
{ "type": "Feature", "properties": { "class_id": 2, "area_m2": 2172761.6219732445, "class_name": "Bajo", "index": "NDII", "min_value": null, "max_value": null }, "geometry": { "type": "Polygon", "coordinates": [ [ [ -89.687297947932038, 14.032252318060506 ], [ -89.673823280307161, 14.032252318060511 ], [ -89.673823280307161, 14.018777650435641 ], [ -89.687297947932038, 14.018777650435641 ], [ -89.687297947932038, 14.032252318060506 ] ] ] } },
{ "type": "Feature", "properties": { "class_id": 2, "area_m2": 2172421.322458894, "class_name": "Bajo", "index": "NDII", "min_value": null, "max_value": null }, "geometry": { "type": "Polygon", "coordinates": [ [ [ -89.660348612682313, 14.059201653310232 ], [ -89.646873945057436, 14.059201653310234 ], [ -89.646873945057436, 14.045726985685366 ], [ -89.660348612682313, 14.045726985685366 ], [ -89.660348612682313, 14.059201653310232 ] ] ] } },
{ "type": "Feature", "properties": { "class_id": 2, "area_m2": 4345079.7249443894, "class_name": "Bajo", "index": "NDII", "min_value": null, "max_value": null }, "geometry": { "type": "Polygon", "coordinates": [ [ [ -89.7007726155569, 14.045726985685366 ], [ -89.714247283181763, 14.045726985685368 ], [ -89.714247283181763, 14.072676320935102 ], [ -89.7007726155569, 14.072676320935102 ], [ -89.7007726155569, 14.045726985685366 ] ] ] } },
{ "type": "Feature", "properties": { "class_id": 2, "area_m2": 2172341.0338355559, "class_name": "Bajo", "index": "NDII", "min_value": null, "max_value": null }, "geometry": { "type": "Polygon", "coordinates": [ [ [ -89.673823280307161, 14.072676320935102 ], [ -89.660348612682313, 14.072676320935106 ], [ -89.660348612682313, 14.059201653310232 ], [ -89.673823280307161, 14.059201653310234 ], [ -89.673823280307161, 14.072676320935102 ] ] ] } },
{ "type": "Feature", "properties": { "class_id": 2, "area_m2": 65157918.909721062, "class_name": "Bajo", "index": "NDII", "min_value": null, "max_value": null }, "geometry": { "type": "Polygon", "coordinates": [ [ [ -89.592975274557972, 14.059201653310232 ], [ -89.579500606933109, 14.059201653310234 ], [ -89.579500606933109, 14.032252318060507 ], [ -89.592975274557972, 14.032252318060507 ], [ -89.592975274557972, 14.018777650435645 ], [ -89.619924609807711, 14.018777650435641 ], [ -89.619924609807711, 14.032252318060504 ], [ -89.606449942182834, 14.032252318060507 ], [ -89.606449942182834, 14.045726985685373 ], [ -89.619924609807711, 14.045726985685365 ], [ -89.619924609807711, 14.072676320935104 ], [ -89.606449942182834, 14.072676320935102 ], [ -89.606449942182834, 14.086150988559972 ], [ -89.646873945057436, 14.086150988559965 ], [ -89.646873945057436, 14.099625656184831 ], [ -89.633399277432574, 14.099625656184836 ], [ -89.633399277432574, 14.113100323809697 ], [ -89.619924609807711, 14.1131003238097 ], [ -89.619924609807711, 14.099625656184839 ], [ -89.579500606933109, 14.099625656184831 ], [ -89.579500606933109, 14.140049659059429 ], [ -89.566025939308247, 14.140049659059432 ], [ -89.566025939308247, 14.113100323809698 ], [ -89.552551271683384, 14.113100323809693 ], [ -89.552551271683384, 14.099625656184836 ], [ -89.525601936433645, 14.099625656184834 ], [ -89.525601936433645, 14.086150988559972 ], [ -89.512127268808783, 14.086150988559968 ], [ -89.512127268808783, 14.072676320935102 ], [ -89.525601936433645, 14.072676320935102 ], [ -89.525601936433645, 14.059201653310238 ], [ -89.539076604058522, 14.059201653310236 ], [ -89.539076604058522, 14.072676320935104 ], [ -89.579500606933109, 14.072676320935102 ], [ -89.579500606933109, 14.086150988559972 ], [ -89.592975274557972, 14.086150988559968 ], [ -89.592975274557972, 14.059201653310232 ] ] ] } },
{ "type": "Feature", "properties": { "class_id": 2, "area_m2": 2172170.7271476467, "class_name": "Bajo", "index": "NDII", "min_value": null, "max_value": null }, "geometry": { "type": "Polygon", "coordinates": [ [ [ -89.660348612682313, 14.086150988559968 ], [ -89.646873945057436, 14.086150988559965 ], [ -89.646873945057436, 14.072676320935102 ], [ -89.660348612682313, 14.072676320935106 ], [ -89.660348612682313, 14.086150988559968 ] ] ] } },
{ "type": "Feature", "properties": { "class_id": 2, "area_m2": 4342855.5547429956, "class_name": "Bajo", "index": "NDII", "min_value": null, "max_value": null }, "geometry": { "type": "Polygon", "coordinates": [ [ [ -89.606449942182834, 14.153524326684291 ], [ -89.592975274557972, 14.153524326684295 ], [ -89.592975274557972, 14.126574991434564 ], [ -89.606449942182834, 14.12657499143457 ], [ -89.606449942182834, 14.153524326684291 ] ] ] } },
{ "type": "Feature", "properties": { "class_id": 2, "area_m2": 4341668.6650977302, "class_name": "Bajo", "index": "NDII", "min_value": null, "max_value": null }, "geometry": { "type": "Polygon", "coordinates": [ [ [ -89.444753930684456, 14.153524326684289 ], [ -89.417804595434731, 14.153524326684293 ], [ -89.417804595434731, 14.140049659059422 ], [ -89.444753930684456, 14.140049659059425 ], [ -89.444753930684456, 14.153524326684289 ] ] ] } },
{ "type": "Feature", "properties": { "class_id": 2, "area_m2": 2170561.8093179357, "class_name": "Bajo", "index": "NDII", "min_value": null, "max_value": null }, "geometry": { "type": "Polygon", "coordinates": [ [ [ -89.431279263059594, 14.180473661934025 ], [ -89.417804595434731, 14.180473661934023 ], [ -89.417804595434731, 14.166998994309159 ], [ -89.431279263059594, 14.166998994309159 ], [ -89.431279263059594, 14.180473661934025 ] ] ] } },
{ "type": "Feature", "properties": { "class_id": 2, "area_m2": 2170432.9996329821, "class_name": "Bajo", "index": "NDII", "min_value": null, "max_value": null }, "geometry": { "type": "Polygon", "coordinates": [ [ [ -89.458228598309319, 14.193948329558889 ], [ -89.471703265934181, 14.193948329558882 ], [ -89.471703265934181, 14.20742299718375 ], [ -89.458228598309319, 14.207422997183754 ], [ -89.458228598309319, 14.193948329558889 ] ] ] } },
{ "type": "Feature", "properties": { "class_id": 2, "area_m2": 4340146.9179630596, "class_name": "Bajo", "index": "NDII", "min_value": null, "max_value": null }, "geometry": { "type": "Polygon", "coordinates": [ [ [ -89.49865260118392, 14.261321667683211 ], [ -89.485177933559058, 14.261321667683216 ], [ -89.485177933559058, 14.234372332433486 ], [ -89.49865260118392, 14.234372332433486 ], [ -89.49865260118392, 14.261321667683211 ] ] ] } },
{ "type": "Feature", "properties": { "class_id": 2, "area_m2": 6509636.6108893473, "class_name": "Bajo", "index": "NDII", "min_value": null, "max_value": null }, "geometry": { "type": "Polygon", "coordinates": [ [ [ -89.525601936433645, 14.28827100293295 ], [ -89.49865260118392, 14.288271002932946 ], [ -89.49865260118392, 14.261321667683211 ], [ -89.512127268808783, 14.261321667683211 ], [ -89.512127268808783, 14.274796335308078 ], [ -89.525601936433645, 14.274796335308082 ], [ -89.525601936433645, 14.28827100293295 ] ] ] } },
{ "type": "Feature", "properties": { "class_id": 2, "area_m2": 4338877.4113860922, "class_name": "Bajo", "index": "NDII", "min_value": null, "max_value": null }, "geometry": { "type": "Polygon", "coordinates": [ [ [ -89.579500606933109, 14.355644341057268 ], [ -89.566025939308247, 14.355644341057275 ], [ -89.566025939308247, 14.328695005807541 ], [ -89.579500606933109, 14.328695005807539 ], [ -89.579500606933109, 14.355644341057268 ] ] ] } },
{ "type": "Feature", "properties": { "class_id": 2, "area_m2": 6530290.6198230227, "class_name": "Bajo", "index": "NDII", "min_value": null, "max_value": null }, "geometry": { "type": "Polygon", "coordinates": [ [ [ -88.878817890440118, 13.318094933942648 ], [ -88.905767225689843, 13.318094933942648 ], [ -88.905767225689843, 13.345044269192377 ], [ -88.89229255806498, 13.345044269192373 ], [ -88.89229255806498, 13.33156960156751 ], [ -88.878817890440118, 13.331569601567512 ], [ -88.878817890440118, 13.318094933942648 ] ] ] } },
{ "type": "Feature", "properties": { "class_id": 2, "area_m2": 2176746.0641489807, "class_name": "Bajo", "index": "NDII", "min_value": null, "max_value": null }, "geometry": { "type": "Polygon", "coordinates": [ [ [ -89.013564566688771, 13.371993604442109 ], [ -89.000089899063909, 13.371993604442109 ], [ -89.000089899063909, 13.358518936817246 ], [ -89.013564566688771, 13.358518936817248 ], [ -89.013564566688771, 13.371993604442109 ] ] ] } },
{ "type": "Feature", "properties": { "class_id": 2, "area_m2": 2176459.2129221549, "class_name": "Bajo", "index": "NDII", "min_value": null, "max_value": null }, "geometry": { "type": "Polygon", "coordinates": [ [ [ -88.946191228564444, 13.385468272066975 ], [ -88.932716560939582, 13.385468272066971 ], [ -88.932716560939582, 13.37199360444211 ], [ -88.946191228564444, 13.37199360444211 ], [ -88.946191228564444, 13.385468272066975 ] ] ] } },
{ "type": "Feature", "properties": { "class_id": 2, "area_m2": 2176036.3771852762, "class_name": "Bajo", "index": "NDII", "min_value": null, "max_value": null }, "geometry": { "type": "Polygon", "coordinates": [ [ [ -88.905767225689843, 13.412417607316703 ], [ -88.91924189331472, 13.412417607316705 ], [ -88.91924189331472, 13.425892274941571 ], [ -88.905767225689843, 13.425892274941569 ], [ -88.905767225689843, 13.412417607316703 ] ] ] } },
{ "type": "Feature", "properties": { "class_id": 2, "area_m2": 4353136.8721511196, "class_name": "Bajo", "index": "NDII", "min_value": null, "max_value": null }, "geometry": { "type": "Polygon", "coordinates": [ [ [ -89.134836575312562, 13.425892274941569 ], [ -89.107887240062837, 13.425892274941569 ], [ -89.107887240062837, 13.412417607316705 ], [ -89.134836575312562, 13.412417607316701 ], [ -89.134836575312562, 13.425892274941569 ] ] ] } },
{ "type": "Feature", "properties": { "class_id": 2, "area_m2": 2176015.6937600365, "class_name": "Bajo", "index": "NDII", "min_value": null, "max_value": null }, "geometry": { "type": "Polygon", "coordinates": [ [ [ -88.959665896189307, 13.439366942566432 ], [ -88.946191228564444, 13.439366942566432 ], [ -88.946191228564444, 13.425892274941569 ], [ -88.959665896189307, 13.425892274941569 ], [ -88.959665896189307, 13.439366942566432 ] ] ] } },
{ "type": "Feature", "properties": { "class_id": 2, "area_m2": 113163371.02715473, "class_name": "Bajo", "index": "NDII", "min_value": null, "max_value": null }, "geometry": { "type": "Polygon", "coordinates": [ [ [ -89.053988569563359, 13.493265613065899 ], [ -89.053988569563359, 13.466316277816166 ], [ -89.040513901938496, 13.466316277816166 ], [ -89.040513901938496, 13.493265613065899 ], [ -89.027039234313634, 13.493265613065899 ], [ -89.027039234313634, 13.452841610191305 ], [ -89.040513901938496, 13.452841610191298 ], [ -89.040513901938496, 13.425892274941573 ], [ -89.027039234313634, 13.425892274941571 ], [ -89.027039234313634, 13.439366942566432 ], [ -89.013564566688771, 13.439366942566435 ], [ -89.013564566688771, 13.425892274941562 ], [ -89.000089899063909, 13.425892274941573 ], [ -89.000089899063909, 13.439366942566428 ], [ -88.986615231439046, 13.439366942566435 ], [ -88.986615231439046, 13.452841610191305 ], [ -88.973140563814169, 13.452841610191301 ], [ -88.973140563814169, 13.358518936817241 ], [ -88.986615231439046, 13.358518936817244 ], [ -88.986615231439046, 13.37199360444211 ], [ -89.000089899063909, 13.371993604442109 ], [ -89.000089899063909, 13.412417607316705 ], [ -89.027039234313634, 13.412417607316705 ], [ -89.027039234313634, 13.398942939691839 ], [ -89.040513901938496, 13.398942939691832 ], [ -89.040513901938496, 13.385468272066969 ], [ -89.067463237188235, 13.385468272066969 ], [ -89.067463237188235, 13.398942939691839 ], [ -89.080937904813098, 13.398942939691841 ], [ -89.080937904813098, 13.412417607316701 ], [ -89.09441257243796, 13.412417607316707 ], [ -89.09441257243796, 13.425892274941567 ], [ -89.053988569563359, 13.425892274941571 ], [ -89.053988569563359, 13.452841610191301 ], [ -89.067463237188235, 13.452841610191301 ], [ -89.067463237188235, 13.439366942566433 ], [ -89.09441257243796, 13.439366942566435 ], [ -89.09441257243796, 13.452841610191307 ], [ -89.121361907687685, 13.452841610191305 ], [ -89.121361907687685, 13.466316277816162 ], [ -89.134836575312562, 13.466316277816164 ], [ -89.134836575312562, 13.452841610191301 ], [ -89.161785910562287, 13.452841610191301 ], [ -89.161785910562287, 13.466316277816166 ], [ -89.148311242937424, 13.466316277816164 ], [ -89.148311242937424, 13.47979094544103 ], [ -89.121361907687685, 13.479790945441035 ], [ -89.121361907687685, 13.493265613065899 ], [ -89.107887240062837, 13.493265613065901 ], [ -89.107887240062837, 13.506740280690764 ], [ -89.09441257243796, 13.506740280690755 ], [ -89.09441257243796, 13.493265613065898 ], [ -89.053988569563359, 13.493265613065899 ] ], [ [ -89.053988569563359, 13.398942939691841 ], [ -89.053988569563359, 13.412417607316709 ], [ -89.067463237188235, 13.4124176073167 ], [ -89.067463237188235, 13.398942939691839 ], [ -89.053988569563359, 13.398942939691841 ] ], [ [ -89.09441257243796, 13.47979094544103 ], [ -89.09441257243796, 13.466316277816162 ], [ -89.080937904813098, 13.466316277816166 ], [ -89.080937904813098, 13.47979094544103 ], [ -89.09441257243796, 13.47979094544103 ] ] ] } },
{ "type": "Feature", "properties": { "class_id": 2, "area_m2": 2176395.0785655654, "class_name": "Bajo", "index": "NDII", "min_value": null, "max_value": null }, "geometry": { "type": "Polygon", "coordinates": [ [ [ -89.09441257243796, 13.425892274941567 ], [ -89.107887240062837, 13.425892274941569 ], [ -89.107887240062837, 13.439366942566433 ], [ -89.09441257243796, 13.439366942566435 ], [ -89.09441257243796, 13.425892274941567 ] ] ] } },
{ "type": "Feature", "properties": { "class_id": 2, "area_m2": 2176030.9517148635, "class_name": "Bajo", "index": "NDII", "min_value": null, "max_value": null }, "geometry": { "type": "Polygon", "coordinates": [ [ [ -89.013564566688771, 13.452841610191298 ], [ -89.000089899063909, 13.4528416101913 ], [ -89.000089899063909, 13.439366942566428 ], [ -89.013564566688771, 13.439366942566435 ], [ -89.013564566688771, 13.452841610191298 ] ] ] } },
{ "type": "Feature", "properties": { "class_id": 2, "area_m2": 2176457.1750541897, "class_name": "Bajo", "index": "NDII", "min_value": null, "max_value": null }, "geometry": { "type": "Polygon", "coordinates": [ [ [ -89.175260578187149, 13.452841610191301 ], [ -89.161785910562287, 13.452841610191301 ], [ -89.161785910562287, 13.439366942566433 ], [ -89.175260578187149, 13.439366942566432 ], [ -89.175260578187149, 13.452841610191301 ] ] ] } },
{ "type": "Feature", "properties": { "class_id": 2, "area_m2": 2175678.05318138, "class_name": "Bajo", "index": "NDII", "min_value": null, "max_value": null }, "geometry": { "type": "Polygon", "coordinates": [ [ [ -88.905767225689843, 13.452841610191301 ], [ -88.91924189331472, 13.452841610191301 ], [ -88.91924189331472, 13.466316277816162 ], [ -88.905767225689843, 13.466316277816166 ], [ -88.905767225689843, 13.452841610191301 ] ] ] } },
{ "type": "Feature", "properties": { "class_id": 2, "area_m2": 6529235.6833562823, "class_name": "Bajo", "index": "NDII", "min_value": null, "max_value": null }, "geometry": { "type": "Polygon", "coordinates": [ [ [ -89.215684581061751, 13.466316277816166 ], [ -89.175260578187149, 13.466316277816162 ], [ -89.175260578187149, 13.452841610191301 ], [ -89.215684581061751, 13.452841610191301 ], [ -89.215684581061751, 13.466316277816166 ] ] ] } },
{ "type": "Feature", "properties": { "class_id": 2, "area_m2": 4352772.1763692265, "class_name": "Bajo", "index": "NDII", "min_value": null, "max_value": null }, "geometry": { "type": "Polygon", "coordinates": [ [ [ -89.215684581061751, 13.466316277816166 ], [ -89.242633916311476, 13.466316277816162 ], [ -89.242633916311476, 13.47979094544103 ], [ -89.215684581061751, 13.479790945441032 ], [ -89.215684581061751, 13.466316277816166 ] ] ] } },
{ "type": "Feature", "properties": { "class_id": 2, "area_m2": 4351260.7000375241, "class_name": "Bajo", "index": "NDII", "min_value": null, "max_value": null }, "geometry": { "type": "Polygon", "coordinates": [ [ [ -88.959665896189307, 13.466316277816162 ], [ -88.973140563814169, 13.466316277816164 ], [ -88.973140563814169, 13.493265613065898 ], [ -88.959665896189307, 13.493265613065898 ], [ -88.959665896189307, 13.466316277816162 ] ] ] } },
{ "type": "Feature", "properties": { "class_id": 2, "area_m2": 2175471.2085278067, "class_name": "Bajo", "index": "NDII", "min_value": null, "max_value": null }, "geometry": { "type": "Polygon", "coordinates": [ [ [ -88.932716560939582, 13.493265613065899 ], [ -88.91924189331472, 13.493265613065898 ], [ -88.91924189331472, 13.47979094544103 ], [ -88.932716560939582, 13.479790945441032 ], [ -88.932716560939582, 13.493265613065899 ] ] ] } },
{ "type": "Feature", "properties": { "class_id": 2, "area_m2": 2176323.230641257, "class_name": "Bajo", "index": "NDII", "min_value": null, "max_value": null }, "geometry": { "type": "Polygon", "coordinates": [ [ [ -89.256108583936339, 13.493265613065899 ], [ -89.242633916311476, 13.493265613065898 ], [ -89.242633916311476, 13.47979094544103 ], [ -89.256108583936339, 13.47979094544103 ], [ -89.256108583936339, 13.493265613065899 ] ] ] } },
{ "type": "Feature", "properties": { "class_id": 2, "area_m2": 4351035.650210401, "class_name": "Bajo", "index": "NDII", "min_value": null, "max_value": null }, "geometry": { "type": "Polygon", "coordinates": [ [ [ -89.027039234313634, 13.506740280690758 ], [ -89.053988569563359, 13.506740280690758 ], [ -89.053988569563359, 13.520214948315623 ], [ -89.027039234313634, 13.520214948315623 ], [ -89.027039234313634, 13.506740280690758 ] ] ] } },
{ "type": "Feature", "properties": { "class_id": 2, "area_m2": 2175002.9286626722, "class_name": "Bajo", "index": "NDII", "min_value": null, "max_value": null }, "geometry": { "type": "Polygon", "coordinates": [ [ [ -89.080937904813098, 13.587588286439953 ], [ -89.067463237188235, 13.587588286439953 ], [ -89.067463237188235, 13.574113618815089 ], [ -89.080937904813098, 13.574113618815089 ], [ -89.080937904813098, 13.587588286439953 ] ] ] } },
{ "type": "Feature", "properties": { "class_id": 2, "area_m2": 2175793.3849808518, "class_name": "Bajo", "index": "NDII", "min_value": null, "max_value": null }, "geometry": { "type": "Polygon", "coordinates": [ [ [ -89.363905924935267, 13.587588286439955 ], [ -89.350431257310419, 13.587588286439953 ], [ -89.350431257310419, 13.574113618815089 ], [ -89.363905924935267, 13.57411361881509 ], [ -89.363905924935267, 13.587588286439955 ] ] ] } },
{ "type": "Feature", "properties": { "class_id": 2, "area_m2": 4348863.4916326981, "class_name": "Bajo", "index": "NDII", "min_value": null, "max_value": null }, "geometry": { "type": "Polygon", "coordinates": [ [ [ -89.053988569563359, 13.641486956939415 ], [ -89.027039234313634, 13.641486956939413 ], [ -89.027039234313634, 13.628012289314549 ], [ -89.053988569563359, 13.628012289314546 ], [ -89.053988569563359, 13.641486956939415 ] ] ] } },
{ "type": "Feature", "properties": { "class_id": 2, "area_m2": 2174518.9871581225, "class_name": "Bajo", "index": "NDII", "min_value": null, "max_value": null }, "geometry": { "type": "Polygon", "coordinates": [ [ [ -89.080937904813098, 13.641486956939415 ], [ -89.067463237188235, 13.641486956939413 ], [ -89.067463237188235, 13.628012289314549 ], [ -89.080937904813098, 13.628012289314547 ], [ -89.080937904813098, 13.641486956939415 ] ] ] } },
{ "type": "Feature", "properties": { "class_id": 2, "area_m2": 2173558.5655513573, "class_name": "Bajo", "index": "NDII", "min_value": null, "max_value": null }, "geometry": { "type": "Polygon", "coordinates": [ [ [ -88.838393887565516, 13.681910959814008 ], [ -88.824919219940654, 13.681910959814006 ], [ -88.824919219940654, 13.66843629218914 ], [ -88.838393887565516, 13.668436292189138 ], [ -88.838393887565516, 13.681910959814008 ] ] ] } },
{ "type": "Feature", "properties": { "class_id": 2, "area_m2": 19565305.277233273, "class_name": "Bajo", "index": "NDII", "min_value": null, "max_value": null }, "geometry": { "type": "Polygon", "coordinates": [ [ [ -89.000089899063909, 13.695385627438876 ], [ -88.986615231439046, 13.695385627438872 ], [ -88.986615231439046, 13.68191095981401 ], [ -89.013564566688771, 13.68191095981401 ], [ -89.013564566688771, 13.668436292189142 ], [ -89.027039234313634, 13.668436292189142 ], [ -89.027039234313634, 13.65496162456428 ], [ -89.040513901938496, 13.65496162456428 ], [ -89.040513901938496, 13.681910959814006 ], [ -89.027039234313634, 13.68191095981401 ], [ -89.027039234313634, 13.695385627438874 ], [ -89.040513901938496, 13.695385627438874 ], [ -89.040513901938496, 13.708860295063738 ], [ -89.000089899063909, 13.708860295063744 ], [ -89.000089899063909, 13.695385627438876 ] ] ] } },
{ "type": "Feature", "properties": { "class_id": 2, "area_m2": 2174285.0415791059, "class_name": "Bajo", "index": "NDII", "min_value": null, "max_value": null }, "geometry": { "type": "Polygon", "coordinates": [ [ [ -89.161785910562287, 13.681910959814013 ], [ -89.175260578187149, 13.681910959814006 ], [ -89.175260578187149, 13.695385627438874 ], [ -89.161785910562287, 13.695385627438874 ], [ -89.161785910562287, 13.681910959814013 ] ] ] } },
{ "type": "Feature", "properties": { "class_id": 2, "area_m2": 2173911.4051925628, "class_name": "Bajo", "index": "NDII", "min_value": null, "max_value": null }, "geometry": { "type": "Polygon", "coordinates": [ [ [ -89.080937904813098, 13.708860295063744 ], [ -89.067463237188235, 13.70886029506374 ], [ -89.067463237188235, 13.695385627438874 ], [ -89.080937904813098, 13.695385627438874 ], [ -89.080937904813098, 13.708860295063744 ] ] ] } },
{ "type": "Feature", "properties": { "class_id": 2, "area_m2": 2173764.6968561378, "class_name": "Bajo", "index": "NDII", "min_value": null, "max_value": null }, "geometry": { "type": "Polygon", "coordinates": [ [ [ -89.336956589685542, 13.803182968437799 ], [ -89.323481922060665, 13.803182968437797 ], [ -89.323481922060665, 13.789708300812933 ], [ -89.336956589685542, 13.789708300812935 ], [ -89.336956589685542, 13.803182968437799 ] ] ] } },
{ "type": "Feature", "properties": { "class_id": 2, "area_m2": 2171707.3829637235, "class_name": "Bajo", "index": "NDII", "min_value": null, "max_value": null }, "geometry": { "type": "Polygon", "coordinates": [ [ [ -88.986615231439046, 13.924454977061588 ], [ -88.973140563814169, 13.924454977061583 ], [ -88.973140563814169, 13.91098030943672 ], [ -88.986615231439046, 13.91098030943672 ], [ -88.986615231439046, 13.924454977061588 ] ] ] } },
{ "type": "Feature", "properties": { "class_id": 2, "area_m2": 2171493.4144488014, "class_name": "Bajo", "index": "NDII", "min_value": null, "max_value": null }, "geometry": { "type": "Polygon", "coordinates": [ [ [ -89.000089899063909, 13.951404312311315 ], [ -88.986615231439046, 13.951404312311315 ], [ -88.986615231439046, 13.937929644686445 ], [ -89.000089899063909, 13.937929644686452 ], [ -89.000089899063909, 13.951404312311315 ] ] ] } },
{ "type": "Feature", "properties": { "class_id": 2, "area_m2": 6513645.9913472831, "class_name": "Bajo", "index": "NDII", "min_value": null, "max_value": null }, "geometry": { "type": "Polygon", "coordinates": [ [ [ -88.91924189331472, 13.951404312311315 ], [ -88.905767225689843, 13.951404312311309 ], [ -88.905767225689843, 13.964878979936181 ], [ -88.89229255806498, 13.964878979936181 ], [ -88.89229255806498, 13.937929644686452 ], [ -88.91924189331472, 13.937929644686445 ], [ -88.91924189331472, 13.951404312311315 ] ] ] } },
{ "type": "Feature", "properties": { "class_id": 2, "area_m2": 2170981.636601822, "class_name": "Bajo", "index": "NDII", "min_value": null, "max_value": null }, "geometry": { "type": "Polygon", "coordinates": [ [ [ -88.838393887565516, 13.964878979936181 ], [ -88.824919219940654, 13.964878979936181 ], [ -88.824919219940654, 13.951404312311309 ], [ -88.838393887565516, 13.951404312311309 ], [ -88.838393887565516, 13.964878979936181 ] ] ] } },
{ "type": "Feature", "properties": { "class_id": 2, "area_m2": 2171203.8696891768, "class_name": "Bajo", "index": "NDII", "min_value": null, "max_value": null }, "geometry": { "type": "Polygon", "coordinates": [ [ [ -88.91924189331472, 13.951404312311315 ], [ -88.932716560939582, 13.951404312311315 ], [ -88.932716560939582, 13.964878979936181 ], [ -88.91924189331472, 13.964878979936181 ], [ -88.91924189331472, 13.951404312311315 ] ] ] } },
{ "type": "Feature", "properties": { "class_id": 2, "area_m2": 2171335.8831573334, "class_name": "Bajo", "index": "NDII", "min_value": null, "max_value": null }, "geometry": { "type": "Polygon", "coordinates": [ [ [ -88.986615231439046, 13.964878979936181 ], [ -88.973140563814169, 13.964878979936181 ], [ -88.973140563814169, 13.951404312311315 ], [ -88.986615231439046, 13.951404312311315 ], [ -88.986615231439046, 13.964878979936181 ] ] ] } },
{ "type": "Feature", "properties": { "class_id": 2, "area_m2": 2171133.3891148488, "class_name": "Bajo", "index": "NDII", "min_value": null, "max_value": null }, "geometry": { "type": "Polygon", "coordinates": [ [ [ -89.053988569563359, 14.005302982810772 ], [ -89.040513901938496, 14.005302982810772 ], [ -89.040513901938496, 13.991828315185908 ], [ -89.053988569563359, 13.991828315185911 ], [ -89.053988569563359, 14.005302982810772 ] ] ] } },
{ "type": "Feature", "properties": { "class_id": 2, "area_m2": 2170906.2301369156, "class_name": "Bajo", "index": "NDII", "min_value": null, "max_value": null }, "geometry": { "type": "Polygon", "coordinates": [ [ [ -89.013564566688771, 14.018777650435641 ], [ -89.000089899063909, 14.018777650435641 ], [ -89.000089899063909, 14.005302982810777 ], [ -89.013564566688771, 14.005302982810774 ], [ -89.013564566688771, 14.018777650435641 ] ] ] } },
{ "type": "Feature", "properties": { "class_id": 2, "area_m2": 2170864.4032505443, "class_name": "Bajo", "index": "NDII", "min_value": null, "max_value": null }, "geometry": { "type": "Polygon", "coordinates": [ [ [ -89.09441257243796, 14.045726985685366 ], [ -89.080937904813098, 14.04572698568537 ], [ -89.080937904813098, 14.032252318060504 ], [ -89.09441257243796, 14.032252318060507 ], [ -89.09441257243796, 14.045726985685366 ] ] ] } },
{ "type": "Feature", "properties": { "class_id": 2, "area_m2": 4341189.1686578272, "class_name": "Bajo", "index": "NDII", "min_value": null, "max_value": null }, "geometry": { "type": "Polygon", "coordinates": [ [ [ -89.013564566688771, 14.059201653310234 ], [ -89.000089899063909, 14.059201653310234 ], [ -89.000089899063909, 14.032252318060511 ], [ -89.013564566688771, 14.032252318060504 ], [ -89.013564566688771, 14.059201653310234 ] ] ] } },
{ "type": "Feature", "properties": { "class_id": 2, "area_m2": 2170649.9891498704, "class_name": "Bajo", "index": "NDII", "min_value": null, "max_value": null }, "geometry": { "type": "Polygon", "coordinates": [ [ [ -89.107887240062837, 14.072676320935102 ], [ -89.09441257243796, 14.072676320935102 ], [ -89.09441257243796, 14.059201653310234 ], [ -89.107887240062837, 14.059201653310236 ], [ -89.107887240062837, 14.072676320935102 ] ] ] } },
{ "type": "Feature", "properties": { "class_id": 2, "area_m2": 2170765.6852427851, "class_name": "Bajo", "index": "NDII", "min_value": null, "max_value": null }, "geometry": { "type": "Polygon", "coordinates": [ [ [ -89.229159248686628, 14.086150988559963 ], [ -89.242633916311476, 14.086150988559963 ], [ -89.242633916311476, 14.099625656184829 ], [ -89.229159248686628, 14.099625656184831 ], [ -89.229159248686628, 14.086150988559963 ] ] ] } },
{ "type": "Feature", "properties": { "class_id": 2, "area_m2": 15196005.069518941, "class_name": "Bajo", "index": "NDII", "min_value": null, "max_value": null }, "geometry": { "type": "Polygon", "coordinates": [ [ [ -89.283057919186078, 14.072676320935102 ], [ -89.29653258681094, 14.072676320935106 ], [ -89.29653258681094, 14.099625656184827 ], [ -89.283057919186078, 14.099625656184834 ], [ -89.283057919186078, 14.113100323809698 ], [ -89.242633916311476, 14.113100323809698 ], [ -89.242633916311476, 14.099625656184829 ], [ -89.256108583936339, 14.099625656184836 ], [ -89.256108583936339, 14.086150988559966 ], [ -89.283057919186078, 14.086150988559968 ], [ -89.283057919186078, 14.072676320935102 ] ] ] } },
{ "type": "Feature", "properties": { "class_id": 2, "area_m2": 2170065.8567272089, "class_name": "Bajo", "index": "NDII", "min_value": null, "max_value": null }, "geometry": { "type": "Polygon", "coordinates": [ [ [ -89.027039234313634, 14.113100323809698 ], [ -89.013564566688771, 14.113100323809698 ], [ -89.013564566688771, 14.099625656184829 ], [ -89.027039234313634, 14.099625656184834 ], [ -89.027039234313634, 14.113100323809698 ] ] ] } },
{ "type": "Feature", "properties": { "class_id": 2, "area_m2": 2170440.1681157551, "class_name": "Bajo", "index": "NDII", "min_value": null, "max_value": null }, "geometry": { "type": "Polygon", "coordinates": [ [ [ -89.377380592560129, 14.166998994309154 ], [ -89.390855260184992, 14.166998994309157 ], [ -89.390855260184992, 14.180473661934025 ], [ -89.377380592560129, 14.180473661934029 ], [ -89.377380592560129, 14.166998994309154 ] ] ] } },
{ "type": "Feature", "properties": { "class_id": 2, "area_m2": 17361452.951808341, "class_name": "Bajo", "index": "NDII", "min_value": null, "max_value": null }, "geometry": { "type": "Polygon", "coordinates": [ [ [ -89.350431257310419, 14.193948329558884 ], [ -89.363905924935267, 14.193948329558882 ], [ -89.363905924935267, 14.207422997183748 ], [ -89.390855260184992, 14.207422997183755 ], [ -89.390855260184992, 14.22089766480862 ], [ -89.323481922060665, 14.220897664808621 ], [ -89.323481922060665, 14.207422997183752 ], [ -89.336956589685542, 14.20742299718375 ], [ -89.336956589685542, 14.180473661934025 ], [ -89.350431257310419, 14.180473661934027 ], [ -89.350431257310419, 14.193948329558884 ] ] ] } },
{ "type": "Feature", "properties": { "class_id": 2, "area_m2": 2167850.6507117162, "class_name": "Bajo", "index": "NDII", "min_value": null, "max_value": null }, "geometry": { "type": "Polygon", "coordinates": [ [ [ -89.148311242937424, 14.382593676307003 ], [ -89.134836575312562, 14.382593676307003 ], [ -89.134836575312562, 14.369119008682137 ], [ -89.148311242937424, 14.369119008682134 ], [ -89.148311242937424, 14.382593676307003 ] ] ] } },
{ "type": "Feature", "properties": { "class_id": 2, "area_m2": 2177114.1290740324, "class_name": "Bajo", "index": "NDII", "min_value": null, "max_value": null }, "geometry": { "type": "Polygon", "coordinates": [ [ [ -88.407204523569831, 13.169873590069127 ], [ -88.420679191194694, 13.169873590069123 ], [ -88.420679191194694, 13.183348257693991 ], [ -88.407204523569831, 13.183348257693996 ], [ -88.407204523569831, 13.169873590069127 ] ] ] } },
{ "type": "Feature", "properties": { "class_id": 2, "area_m2": 2177171.5179623822, "class_name": "Bajo", "index": "NDII", "min_value": null, "max_value": null }, "geometry": { "type": "Polygon", "coordinates": [ [ [ -88.51500186456876, 13.196822925318861 ], [ -88.501527196943883, 13.196822925318855 ], [ -88.501527196943883, 13.183348257693996 ], [ -88.51500186456876, 13.183348257693993 ], [ -88.51500186456876, 13.196822925318861 ] ] ] } },
{ "type": "Feature", "properties": { "class_id": 2, "area_m2": 6531398.0393193252, "class_name": "Bajo", "index": "NDII", "min_value": null, "max_value": null }, "geometry": { "type": "Polygon", "coordinates": [ [ [ -88.568900535068209, 13.210297592943727 ], [ -88.528476532193622, 13.210297592943723 ], [ -88.528476532193622, 13.196822925318859 ], [ -88.568900535068209, 13.196822925318864 ], [ -88.568900535068209, 13.210297592943727 ] ] ] } },
{ "type": "Feature", "properties": { "class_id": 2, "area_m2": 2177150.1280773226, "class_name": "Bajo", "index": "NDII", "min_value": null, "max_value": null }, "geometry": { "type": "Polygon", "coordinates": [ [ [ -88.622799205567674, 13.223772260568589 ], [ -88.609324537942811, 13.223772260568587 ], [ -88.609324537942811, 13.210297592943727 ], [ -88.622799205567674, 13.210297592943727 ], [ -88.622799205567674, 13.223772260568589 ] ] ] } },
{ "type": "Feature", "properties": { "class_id": 2, "area_m2": 13062786.926100509, "class_name": "Bajo", "index": "NDII", "min_value": null, "max_value": null }, "geometry": { "type": "Polygon", "coordinates": [ [ [ -88.622799205567674, 13.223772260568589 ], [ -88.703647211316863, 13.223772260568589 ], [ -88.703647211316863, 13.237246928193455 ], [ -88.622799205567674, 13.237246928193452 ], [ -88.622799205567674, 13.223772260568589 ] ] ] } },
{ "type": "Feature", "properties": { "class_id": 2, "area_m2": 2176316.6787474174, "class_name": "Bajo", "index": "NDII", "min_value": null, "max_value": null }, "geometry": { "type": "Polygon", "coordinates": [ [ [ -88.43415385881957, 13.277670931068053 ], [ -88.420679191194694, 13.277670931068048 ], [ -88.420679191194694, 13.264196263443186 ], [ -88.43415385881957, 13.264196263443186 ], [ -88.43415385881957, 13.277670931068053 ] ] ] } },
{ "type": "Feature", "properties": { "class_id": 2, "area_m2": 2177118.5816745334, "class_name": "Bajo", "index": "NDII", "min_value": null, "max_value": null }, "geometry": { "type": "Polygon", "coordinates": [ [ [ -88.824919219940654, 13.277670931068053 ], [ -88.811444552315791, 13.277670931068053 ], [ -88.811444552315791, 13.264196263443186 ], [ -88.824919219940654, 13.264196263443189 ], [ -88.824919219940654, 13.277670931068053 ] ] ] } },
{ "type": "Feature", "properties": { "class_id": 2, "area_m2": 2176348.8383517652, "class_name": "Bajo", "index": "NDII", "min_value": null, "max_value": null }, "geometry": { "type": "Polygon", "coordinates": [ [ [ -88.501527196943883, 13.27767093106805 ], [ -88.51500186456876, 13.277670931068053 ], [ -88.51500186456876, 13.291145598692919 ], [ -88.501527196943883, 13.291145598692914 ], [ -88.501527196943883, 13.27767093106805 ] ] ] } },
{ "type": "Feature", "properties": { "class_id": 2, "area_m2": 2176789.3495706604, "class_name": "Bajo", "index": "NDII", "min_value": null, "max_value": null }, "geometry": { "type": "Polygon", "coordinates": [ [ [ -88.730596546566602, 13.291145598692918 ], [ -88.71712187894174, 13.291145598692919 ], [ -88.71712187894174, 13.277670931068053 ], [ -88.730596546566602, 13.27767093106805 ], [ -88.730596546566602, 13.291145598692918 ] ] ] } },
{ "type": "Feature", "properties": { "class_id": 2, "area_m2": 2176129.9285225221, "class_name": "Bajo", "index": "NDII", "min_value": null, "max_value": null }, "geometry": { "type": "Polygon", "coordinates": [ [ [ -88.461103194069295, 13.304620266317782 ], [ -88.447628526444433, 13.304620266317784 ], [ -88.447628526444433, 13.291145598692918 ], [ -88.461103194069295, 13.291145598692918 ], [ -88.461103194069295, 13.304620266317782 ] ] ] } },
{ "type": "Feature", "properties": { "class_id": 2, "area_m2": 2176790.5892130472, "class_name": "Bajo", "index": "NDII", "min_value": null, "max_value": null }, "geometry": { "type": "Polygon", "coordinates": [ [ [ -88.784495217066066, 13.304620266317784 ], [ -88.771020549441189, 13.304620266317778 ], [ -88.771020549441189, 13.291145598692916 ], [ -88.784495217066066, 13.291145598692918 ], [ -88.784495217066066, 13.304620266317784 ] ] ] } },
{ "type": "Feature", "properties": { "class_id": 2, "area_m2": 6527816.1473037368, "class_name": "Bajo", "index": "NDII", "min_value": null, "max_value": null }, "geometry": { "type": "Polygon", "coordinates": [ [ [ -88.43415385881957, 13.318094933942646 ], [ -88.393729855944969, 13.318094933942641 ], [ -88.393729855944969, 13.304620266317782 ], [ -88.43415385881957, 13.304620266317784 ], [ -88.43415385881957, 13.318094933942646 ] ] ] } },
{ "type": "Feature", "properties": { "class_id": 2, "area_m2": 4352098.5779271126, "class_name": "Bajo", "index": "NDII", "min_value": null, "max_value": null }, "geometry": { "type": "Polygon", "coordinates": [ [ [ -88.48805252931902, 13.318094933942644 ], [ -88.461103194069295, 13.318094933942648 ], [ -88.461103194069295, 13.304620266317782 ], [ -88.48805252931902, 13.304620266317778 ], [ -88.48805252931902, 13.318094933942644 ] ] ] } },
{ "type": "Feature", "properties": { "class_id": 2, "area_m2": 4353254.5392779214, "class_name": "Bajo", "index": "NDII", "min_value": null, "max_value": null }, "geometry": { "type": "Polygon", "coordinates": [ [ [ -88.771020549441189, 13.318094933942644 ], [ -88.744071214191464, 13.318094933942648 ], [ -88.744071214191464, 13.304620266317784 ], [ -88.771020549441189, 13.304620266317778 ], [ -88.771020549441189, 13.318094933942644 ] ] ] } },
{ "type": "Feature", "properties": { "class_id": 2, "area_m2": 2176465.9971463294, "class_name": "Bajo", "index": "NDII", "min_value": null, "max_value": null }, "geometry": { "type": "Polygon", "coordinates": [ [ [ -88.784495217066066, 13.331569601567514 ], [ -88.797969884690929, 13.331569601567512 ], [ -88.797969884690929, 13.345044269192378 ], [ -88.784495217066066, 13.345044269192373 ], [ -88.784495217066066, 13.331569601567514 ] ] ] } },
{ "type": "Feature", "properties": { "class_id": 2, "area_m2": 2175841.4799326244, "class_name": "Bajo", "index": "NDII", "min_value": null, "max_value": null }, "geometry": { "type": "Polygon", "coordinates": [ [ [ -88.730596546566602, 13.398942939691835 ], [ -88.71712187894174, 13.398942939691837 ], [ -88.71712187894174, 13.385468272066968 ], [ -88.730596546566602, 13.385468272066975 ], [ -88.730596546566602, 13.398942939691835 ] ] ] } },
{ "type": "Feature", "properties": { "class_id": 2, "area_m2": 2176052.4426331352, "class_name": "Bajo", "index": "NDII", "min_value": null, "max_value": null }, "geometry": { "type": "Polygon", "coordinates": [ [ [ -88.824919219940654, 13.398942939691839 ], [ -88.811444552315791, 13.398942939691839 ], [ -88.811444552315791, 13.385468272066973 ], [ -88.824919219940654, 13.385468272066975 ], [ -88.824919219940654, 13.398942939691839 ] ] ] } },
{ "type": "Feature", "properties": { "class_id": 2, "area_m2": 2175574.1242035269, "class_name": "Bajo", "index": "NDII", "min_value": null, "max_value": null }, "geometry": { "type": "Polygon", "coordinates": [ [ [ -88.71712187894174, 13.425892274941571 ], [ -88.703647211316863, 13.425892274941571 ], [ -88.703647211316863, 13.412417607316709 ], [ -88.71712187894174, 13.412417607316701 ], [ -88.71712187894174, 13.425892274941571 ] ] ] } },
{ "type": "Feature", "properties": { "class_id": 2, "area_m2": 15225912.575624676, "class_name": "Bajo", "index": "NDII", "min_value": null, "max_value": null }, "geometry": { "type": "Polygon", "coordinates": [ [ [ -88.690172543692, 13.452841610191298 ], [ -88.703647211316863, 13.452841610191307 ], [ -88.703647211316863, 13.466316277816162 ], [ -88.676697876067138, 13.466316277816162 ], [ -88.676697876067138, 13.47979094544103 ], [ -88.649748540817413, 13.479790945441032 ], [ -88.649748540817413, 13.452841610191301 ], [ -88.676697876067138, 13.452841610191303 ], [ -88.676697876067138, 13.439366942566433 ], [ -88.690172543692, 13.43936694256643 ], [ -88.690172543692, 13.452841610191298 ] ] ] } },
{ "type": "Feature", "properties": { "class_id": 2, "area_m2": 8701639.4600475505, "class_name": "Bajo", "index": "NDII", "min_value": null, "max_value": null }, "geometry": { "type": "Polygon", "coordinates": [ [ [ -88.811444552315791, 13.479790945441028 ], [ -88.797969884690929, 13.479790945441035 ], [ -88.797969884690929, 13.466316277816169 ], [ -88.784495217066066, 13.466316277816166 ], [ -88.784495217066066, 13.439366942566432 ], [ -88.797969884690929, 13.439366942566437 ], [ -88.797969884690929, 13.452841610191303 ], [ -88.811444552315791, 13.452841610191298 ], [ -88.811444552315791, 13.479790945441028 ] ] ] } },
{ "type": "Feature", "properties": { "class_id": 2, "area_m2": 34801625.127790108, "class_name": "Bajo", "index": "NDII", "min_value": null, "max_value": null }, "geometry": { "type": "Polygon", "coordinates": [ [ [ -88.730596546566602, 13.506740280690753 ], [ -88.71712187894174, 13.506740280690755 ], [ -88.71712187894174, 13.479790945441035 ], [ -88.703647211316863, 13.47979094544103 ], [ -88.703647211316863, 13.466316277816162 ], [ -88.744071214191464, 13.466316277816162 ], [ -88.744071214191464, 13.439366942566435 ], [ -88.771020549441189, 13.439366942566432 ], [ -88.771020549441189, 13.479790945441033 ], [ -88.757545881816327, 13.479790945441032 ], [ -88.757545881816327, 13.506740280690765 ], [ -88.744071214191464, 13.506740280690757 ], [ -88.744071214191464, 13.52021494831563 ], [ -88.730596546566602, 13.520214948315628 ], [ -88.730596546566602, 13.506740280690753 ] ] ] } },
{ "type": "Feature", "properties": { "class_id": 2, "area_m2": 2175124.9310189523, "class_name": "Bajo", "index": "NDII", "min_value": null, "max_value": null }, "geometry": { "type": "Polygon", "coordinates": [ [ [ -88.771020549441189, 13.479790945441033 ], [ -88.784495217066066, 13.47979094544103 ], [ -88.784495217066066, 13.493265613065898 ], [ -88.771020549441189, 13.493265613065899 ], [ -88.771020549441189, 13.479790945441033 ] ] ] } },
{ "type": "Feature", "properties": { "class_id": 2, "area_m2": 4349440.0113508524, "class_name": "Bajo", "index": "NDII", "min_value": null, "max_value": null }, "geometry": { "type": "Polygon", "coordinates": [ [ [ -88.771020549441189, 13.533689615940496 ], [ -88.744071214191464, 13.533689615940492 ], [ -88.744071214191464, 13.52021494831563 ], [ -88.771020549441189, 13.520214948315623 ], [ -88.771020549441189, 13.533689615940496 ] ] ] } },
{ "type": "Feature", "properties": { "class_id": 2, "area_m2": 2174795.3121039486, "class_name": "Bajo", "index": "NDII", "min_value": null, "max_value": null }, "geometry": { "type": "Polygon", "coordinates": [ [ [ -88.797969884690929, 13.533689615940492 ], [ -88.784495217066066, 13.533689615940492 ], [ -88.784495217066066, 13.520214948315626 ], [ -88.797969884690929, 13.520214948315628 ], [ -88.797969884690929, 13.533689615940492 ] ] ] } },
{ "type": "Feature", "properties": { "class_id": 2, "area_m2": 17387548.479351457, "class_name": "Bajo", "index": "NDII", "min_value": null, "max_value": null }, "geometry": { "type": "Polygon", "coordinates": [ [ [ -88.501527196943883, 13.614537621689681 ], [ -88.51500186456876, 13.614537621689681 ], [ -88.51500186456876, 13.628012289314544 ], [ -88.48805252931902, 13.628012289314549 ], [ -88.48805252931902, 13.614537621689681 ], [ -88.461103194069295, 13.614537621689685 ], [ -88.461103194069295, 13.587588286439953 ], [ -88.501527196943883, 13.587588286439953 ], [ -88.501527196943883, 13.614537621689681 ] ] ] } },
{ "type": "Feature", "properties": { "class_id": 2, "area_m2": 2173026.0257479679, "class_name": "Bajo", "index": "NDII", "min_value": null, "max_value": null }, "geometry": { "type": "Polygon", "coordinates": [ [ [ -88.51500186456876, 13.668436292189146 ], [ -88.51500186456876, 13.654961624564278 ], [ -88.528476532193622, 13.654961624564278 ], [ -88.528476532193622, 13.668436292189138 ], [ -88.51500186456876, 13.668436292189146 ] ] ] } },
{ "type": "Feature", "properties": { "class_id": 2, "area_m2": 2172879.0420195628, "class_name": "Bajo", "index": "NDII", "min_value": null, "max_value": null }, "geometry": { "type": "Polygon", "coordinates": [ [ [ -88.51500186456876, 13.668436292189146 ], [ -88.51500186456876, 13.68191095981401 ], [ -88.501527196943883, 13.681910959814005 ], [ -88.501527196943883, 13.66843629218914 ], [ -88.51500186456876, 13.668436292189146 ] ] ] } },
{ "type": "Feature", "properties": { "class_id": 2, "area_m2": 2173496.9011621173, "class_name": "Bajo", "index": "NDII", "min_value": null, "max_value": null }, "geometry": { "type": "Polygon", "coordinates": [ [ [ -88.797969884690929, 13.668436292189142 ], [ -88.811444552315791, 13.668436292189142 ], [ -88.811444552315791, 13.68191095981401 ], [ -88.797969884690929, 13.68191095981401 ], [ -88.797969884690929, 13.668436292189142 ] ] ] } },
{ "type": "Feature", "properties": { "class_id": 2, "area_m2": 2172535.6898190631, "class_name": "Bajo", "index": "NDII", "min_value": null, "max_value": null }, "geometry": { "type": "Polygon", "coordinates": [ [ [ -88.461103194069295, 13.708860295063738 ], [ -88.447628526444433, 13.70886029506374 ], [ -88.447628526444433, 13.695385627438876 ], [ -88.461103194069295, 13.695385627438872 ], [ -88.461103194069295, 13.708860295063738 ] ] ] } },
{ "type": "Feature", "properties": { "class_id": 2, "area_m2": 2172540.108845036, "class_name": "Bajo", "index": "NDII", "min_value": null, "max_value": null }, "geometry": { "type": "Polygon", "coordinates": [ [ [ -88.528476532193622, 13.722334962688606 ], [ -88.51500186456876, 13.722334962688606 ], [ -88.51500186456876, 13.70886029506374 ], [ -88.528476532193622, 13.708860295063744 ], [ -88.528476532193622, 13.722334962688606 ] ] ] } },
{ "type": "Feature", "properties": { "class_id": 2, "area_m2": 4344709.3171092216, "class_name": "Bajo", "index": "NDII", "min_value": null, "max_value": null }, "geometry": { "type": "Polygon", "coordinates": [ [ [ -88.501527196943883, 13.735809630313472 ], [ -88.474577861694158, 13.735809630313467 ], [ -88.474577861694158, 13.722334962688603 ], [ -88.501527196943883, 13.722334962688606 ], [ -88.501527196943883, 13.735809630313472 ] ] ] } },
{ "type": "Feature", "properties": { "class_id": 2, "area_m2": 2172252.7701767944, "class_name": "Bajo", "index": "NDII", "min_value": null, "max_value": null }, "geometry": { "type": "Polygon", "coordinates": [ [ [ -88.568900535068209, 13.762758965563199 ], [ -88.555425867443347, 13.762758965563199 ], [ -88.555425867443347, 13.749284297938337 ], [ -88.568900535068209, 13.749284297938337 ], [ -88.568900535068209, 13.762758965563199 ] ] ] } },
{ "type": "Feature", "properties": { "class_id": 2, "area_m2": 2171829.6801059721, "class_name": "Bajo", "index": "NDII", "min_value": null, "max_value": null }, "geometry": { "type": "Polygon", "coordinates": [ [ [ -88.407204523569831, 13.776233633188069 ], [ -88.393729855944969, 13.77623363318807 ], [ -88.393729855944969, 13.762758965563199 ], [ -88.407204523569831, 13.762758965563197 ], [ -88.407204523569831, 13.776233633188069 ] ] ] } },
{ "type": "Feature", "properties": { "class_id": 2, "area_m2": 2171904.4165195674, "class_name": "Bajo", "index": "NDII", "min_value": null, "max_value": null }, "geometry": { "type": "Polygon", "coordinates": [ [ [ -88.51500186456876, 13.789708300812933 ], [ -88.501527196943883, 13.789708300812929 ], [ -88.501527196943883, 13.776233633188063 ], [ -88.51500186456876, 13.776233633188065 ], [ -88.51500186456876, 13.789708300812933 ] ] ] } },
{ "type": "Feature", "properties": { "class_id": 2, "area_m2": 2172227.2509479844, "class_name": "Bajo", "index": "NDII", "min_value": null, "max_value": null }, "geometry": { "type": "Polygon", "coordinates": [ [ [ -88.663223208442275, 13.776233633188067 ], [ -88.676697876067138, 13.776233633188067 ], [ -88.676697876067138, 13.789708300812933 ], [ -88.663223208442275, 13.789708300812929 ], [ -88.663223208442275, 13.776233633188067 ] ] ] } },
{ "type": "Feature", "properties": { "class_id": 2, "area_m2": 2171412.2508124229, "class_name": "Bajo", "index": "NDII", "min_value": null, "max_value": null }, "geometry": { "type": "Polygon", "coordinates": [ [ [ -88.447628526444433, 13.830132303687524 ], [ -88.43415385881957, 13.830132303687522 ], [ -88.43415385881957, 13.816657636062663 ], [ -88.447628526444433, 13.816657636062663 ], [ -88.447628526444433, 13.830132303687524 ] ] ] } },
{ "type": "Feature", "properties": { "class_id": 2, "area_m2": 4342947.9196627717, "class_name": "Bajo", "index": "NDII", "min_value": null, "max_value": null }, "geometry": { "type": "Polygon", "coordinates": [ [ [ -88.48805252931902, 13.83013230368752 ], [ -88.461103194069295, 13.830132303687522 ], [ -88.461103194069295, 13.816657636062663 ], [ -88.48805252931902, 13.81665763606266 ], [ -88.48805252931902, 13.83013230368752 ] ] ] } },
{ "type": "Feature", "properties": { "class_id": 2, "area_m2": 2171388.8774533551, "class_name": "Bajo", "index": "NDII", "min_value": null, "max_value": null }, "geometry": { "type": "Polygon", "coordinates": [ [ [ -88.48805252931902, 13.83013230368752 ], [ -88.501527196943883, 13.830132303687524 ], [ -88.501527196943883, 13.84360697131239 ], [ -88.48805252931902, 13.843606971312393 ], [ -88.48805252931902, 13.83013230368752 ] ] ] } },
{ "type": "Feature", "properties": { "class_id": 2, "area_m2": 4341726.9009714015, "class_name": "Bajo", "index": "NDII", "min_value": null, "max_value": null }, "geometry": { "type": "Polygon", "coordinates": [ [ [ -88.555425867443347, 13.91098030943672 ], [ -88.528476532193622, 13.910980309436724 ], [ -88.528476532193622, 13.897505641811854 ], [ -88.555425867443347, 13.897505641811854 ], [ -88.555425867443347, 13.91098030943672 ] ] ] } },
{ "type": "Feature", "properties": { "class_id": 2, "area_m2": 8682011.8676704857, "class_name": "Bajo", "index": "NDII", "min_value": null, "max_value": null }, "geometry": { "type": "Polygon", "coordinates": [ [ [ -88.528476532193622, 13.951404312311311 ], [ -88.501527196943883, 13.951404312311309 ], [ -88.501527196943883, 13.924454977061583 ], [ -88.528476532193622, 13.924454977061583 ], [ -88.528476532193622, 13.951404312311311 ] ] ] } },
{ "type": "Feature", "properties": { "class_id": 2, "area_m2": 2170180.6883636946, "class_name": "Bajo", "index": "NDII", "min_value": null, "max_value": null }, "geometry": { "type": "Polygon", "coordinates": [ [ [ -88.501527196943883, 13.964878979936181 ], [ -88.51500186456876, 13.964878979936181 ], [ -88.51500186456876, 13.978353647561047 ], [ -88.501527196943883, 13.978353647561045 ], [ -88.501527196943883, 13.964878979936181 ] ] ] } },
{ "type": "Feature", "properties": { "class_id": 2, "area_m2": 4341623.0500461673, "class_name": "Bajo", "index": "NDII", "min_value": null, "max_value": null }, "geometry": { "type": "Polygon", "coordinates": [ [ [ -88.824919219940654, 13.978353647561043 ], [ -88.797969884690929, 13.97835364756105 ], [ -88.797969884690929, 13.964878979936181 ], [ -88.824919219940654, 13.964878979936181 ], [ -88.824919219940654, 13.978353647561043 ] ] ] } },
{ "type": "Feature", "properties": { "class_id": 2, "area_m2": 2170487.3577291784, "class_name": "Bajo", "index": "NDII", "min_value": null, "max_value": null }, "geometry": { "type": "Polygon", "coordinates": [ [ [ -88.784495217066066, 14.005302982810772 ], [ -88.771020549441189, 14.005302982810772 ], [ -88.771020549441189, 13.991828315185909 ], [ -88.784495217066066, 13.991828315185906 ], [ -88.784495217066066, 14.005302982810772 ] ] ] } },
{ "type": "Feature", "properties": { "class_id": 2, "area_m2": 2176936.940860759, "class_name": "Bajo", "index": "NDII", "min_value": null, "max_value": null }, "geometry": { "type": "Polygon", "coordinates": [ [ [ -88.245508512071453, 13.169873590069127 ], [ -88.23203384444659, 13.169873590069129 ], [ -88.23203384444659, 13.156398922444264 ], [ -88.245508512071453, 13.156398922444264 ], [ -88.245508512071453, 13.169873590069127 ] ] ] } },
{ "type": "Feature", "properties": { "class_id": 2, "area_m2": 26117767.05353776, "class_name": "Bajo", "index": "NDII", "min_value": null, "max_value": null }, "geometry": { "type": "Polygon", "coordinates": [ [ [ -88.164660506322264, 13.196822925318861 ], [ -88.097287168197937, 13.196822925318861 ], [ -88.097287168197937, 13.183348257693991 ], [ -88.1107618358228, 13.183348257693995 ], [ -88.1107618358228, 13.169873590069125 ], [ -88.205084509196851, 13.169873590069129 ], [ -88.205084509196851, 13.183348257693991 ], [ -88.164660506322264, 13.183348257694004 ], [ -88.164660506322264, 13.196822925318861 ] ] ] } },
{ "type": "Feature", "properties": { "class_id": 2, "area_m2": 2176483.3027063236, "class_name": "Bajo", "index": "NDII", "min_value": null, "max_value": null }, "geometry": { "type": "Polygon", "coordinates": [ [ [ -88.17813517394714, 13.210297592943725 ], [ -88.164660506322264, 13.210297592943723 ], [ -88.164660506322264, 13.196822925318861 ], [ -88.17813517394714, 13.196822925318861 ], [ -88.17813517394714, 13.210297592943725 ] ] ] } },
{ "type": "Feature", "properties": { "class_id": 2, "area_m2": 21762711.686761912, "class_name": "Bajo", "index": "NDII", "min_value": null, "max_value": null }, "geometry": { "type": "Polygon", "coordinates": [ [ [ -88.043388497698473, 13.196822925318861 ], [ -88.02991383007361, 13.196822925318866 ], [ -88.02991383007361, 13.183348257693993 ], [ -88.070337832948198, 13.183348257693989 ], [ -88.070337832948198, 13.210297592943723 ], [ -88.097287168197937, 13.210297592943725 ], [ -88.097287168197937, 13.223772260568591 ], [ -88.08381250057306, 13.223772260568589 ], [ -88.08381250057306, 13.237246928193452 ], [ -88.070337832948198, 13.237246928193448 ], [ -88.070337832948198, 13.223772260568587 ], [ -88.043388497698473, 13.223772260568591 ], [ -88.043388497698473, 13.196822925318861 ] ] ] } },
{ "type": "Feature", "properties": { "class_id": 2, "area_m2": 8706329.0849069152, "class_name": "Bajo", "index": "NDII", "min_value": null, "max_value": null }, "geometry": { "type": "Polygon", "coordinates": [ [ [ -88.299407182570931, 13.210297592943725 ], [ -88.28593251494604, 13.210297592943723 ], [ -88.28593251494604, 13.196822925318855 ], [ -88.31288185019578, 13.196822925318857 ], [ -88.31288185019578, 13.237246928193455 ], [ -88.299407182570931, 13.237246928193453 ], [ -88.299407182570931, 13.210297592943725 ] ] ] } },
{ "type": "Feature", "properties": { "class_id": 2, "area_m2": 2176433.2846624292, "class_name": "Bajo", "index": "NDII", "min_value": null, "max_value": null }, "geometry": { "type": "Polygon", "coordinates": [ [ [ -88.366780520695244, 13.250721595818323 ], [ -88.353305853070367, 13.25072159581832 ], [ -88.353305853070367, 13.237246928193453 ], [ -88.366780520695244, 13.237246928193452 ], [ -88.366780520695244, 13.250721595818323 ] ] ] } },
{ "type": "Feature", "properties": { "class_id": 2, "area_m2": 2176197.9684778298, "class_name": "Bajo", "index": "NDII", "min_value": null, "max_value": null }, "geometry": { "type": "Polygon", "coordinates": [ [ [ -88.366780520695244, 13.27767093106805 ], [ -88.353305853070367, 13.277670931068053 ], [ -88.353305853070367, 13.264196263443187 ], [ -88.366780520695244, 13.264196263443189 ], [ -88.366780520695244, 13.27767093106805 ] ] ] } },
{ "type": "Feature", "properties": { "class_id": 2, "area_m2": 2175871.3799395454, "class_name": "Bajo", "index": "NDII", "min_value": null, "max_value": null }, "geometry": { "type": "Polygon", "coordinates": [ [ [ -88.299407182570931, 13.291145598692916 ], [ -88.31288185019578, 13.291145598692919 ], [ -88.31288185019578, 13.304620266317784 ], [ -88.299407182570931, 13.30462026631778 ], [ -88.299407182570931, 13.291145598692916 ] ] ] } },
{ "type": "Feature", "properties": { "class_id": 2, "area_m2": 2175962.1806153902, "class_name": "Bajo", "index": "NDII", "min_value": null, "max_value": null }, "geometry": { "type": "Polygon", "coordinates": [ [ [ -88.366780520695244, 13.30462026631778 ], [ -88.353305853070367, 13.304620266317782 ], [ -88.353305853070367, 13.291145598692918 ], [ -88.366780520695244, 13.291145598692918 ], [ -88.366780520695244, 13.30462026631778 ] ] ] } },
{ "type": "Feature", "properties": { "class_id": 2, "area_m2": 23931143.622473158, "class_name": "Bajo", "index": "NDII", "min_value": null, "max_value": null }, "geometry": { "type": "Polygon", "coordinates": [ [ [ -88.137711171072525, 13.291145598692923 ], [ -88.205084509196851, 13.291145598692919 ], [ -88.205084509196851, 13.304620266317784 ], [ -88.23203384444659, 13.304620266317784 ], [ -88.23203384444659, 13.331569601567512 ], [ -88.218559176821714, 13.331569601567509 ], [ -88.218559176821714, 13.318094933942648 ], [ -88.164660506322264, 13.318094933942648 ], [ -88.164660506322264, 13.304620266317789 ], [ -88.137711171072525, 13.304620266317785 ], [ -88.137711171072525, 13.291145598692923 ] ] ] } },
{ "type": "Feature", "properties": { "class_id": 2, "area_m2": 8701816.9158883542, "class_name": "Bajo", "index": "NDII", "min_value": null, "max_value": null }, "geometry": { "type": "Polygon", "coordinates": [ [ [ -88.124236503447662, 13.304620266317784 ], [ -88.137711171072525, 13.304620266317785 ], [ -88.137711171072525, 13.318094933942644 ], [ -88.164660506322264, 13.318094933942648 ], [ -88.164660506322264, 13.331569601567516 ], [ -88.124236503447662, 13.331569601567509 ], [ -88.124236503447662, 13.304620266317784 ] ] ] } },
{ "type": "Feature", "properties": { "class_id": 2, "area_m2": 2175327.4836137295, "class_name": "Bajo", "index": "NDII", "min_value": null, "max_value": null }, "geometry": { "type": "Polygon", "coordinates": [ [ [ -88.1107618358228, 13.331569601567509 ], [ -88.097287168197937, 13.331569601567512 ], [ -88.097287168197937, 13.318094933942648 ], [ -88.1107618358228, 13.318094933942646 ], [ -88.1107618358228, 13.331569601567509 ] ] ] } },
{ "type": "Feature", "properties": { "class_id": 2, "area_m2": 2175725.9211163777, "class_name": "Bajo", "index": "NDII", "min_value": null, "max_value": null }, "geometry": { "type": "Polygon", "coordinates": [ [ [ -88.366780520695244, 13.33156960156751 ], [ -88.353305853070367, 13.331569601567514 ], [ -88.353305853070367, 13.318094933942641 ], [ -88.366780520695244, 13.318094933942643 ], [ -88.366780520695244, 13.33156960156751 ] ] ] } },
{ "type": "Feature", "properties": { "class_id": 2, "area_m2": 2175172.1299879625, "class_name": "Bajo", "index": "NDII", "min_value": null, "max_value": null }, "geometry": { "type": "Polygon", "coordinates": [ [ [ -88.08381250057306, 13.345044269192375 ], [ -88.070337832948198, 13.34504426919238 ], [ -88.070337832948198, 13.331569601567509 ], [ -88.08381250057306, 13.331569601567509 ], [ -88.08381250057306, 13.345044269192375 ] ] ] } },
{ "type": "Feature", "properties": { "class_id": 2, "area_m2": 17404071.182827521, "class_name": "Bajo", "index": "NDII", "min_value": null, "max_value": null }, "geometry": { "type": "Polygon", "coordinates": [ [ [ -88.28593251494604, 13.318094933942646 ], [ -88.339831185445505, 13.318094933942646 ], [ -88.339831185445505, 13.358518936817241 ], [ -88.31288185019578, 13.358518936817248 ], [ -88.31288185019578, 13.33156960156751 ], [ -88.28593251494604, 13.331569601567512 ], [ -88.28593251494604, 13.318094933942646 ] ] ] } },
{ "type": "Feature", "properties": { "class_id": 2, "area_m2": 10876134.74262514, "class_name": "Bajo", "index": "NDII", "min_value": null, "max_value": null }, "geometry": { "type": "Polygon", "coordinates": [ [ [ -88.353305853070367, 13.358518936817239 ], [ -88.366780520695244, 13.358518936817244 ], [ -88.366780520695244, 13.398942939691837 ], [ -88.339831185445505, 13.398942939691834 ], [ -88.339831185445505, 13.371993604442107 ], [ -88.353305853070367, 13.37199360444211 ], [ -88.353305853070367, 13.358518936817239 ] ] ] } },
{ "type": "Feature", "properties": { "class_id": 2, "area_m2": 67423344.785216272, "class_name": "Bajo", "index": "NDII", "min_value": null, "max_value": null }, "geometry": { "type": "Polygon", "coordinates": [ [ [ -88.17813517394714, 13.358518936817244 ], [ -88.164660506322264, 13.358518936817244 ], [ -88.164660506322264, 13.371993604442109 ], [ -88.151185838697387, 13.37199360444211 ], [ -88.151185838697387, 13.34504426919238 ], [ -88.164660506322264, 13.34504426919238 ], [ -88.164660506322264, 13.331569601567516 ], [ -88.191609841571989, 13.331569601567509 ], [ -88.191609841571989, 13.345044269192382 ], [ -88.205084509196851, 13.345044269192375 ], [ -88.205084509196851, 13.331569601567514 ], [ -88.218559176821714, 13.331569601567509 ], [ -88.218559176821714, 13.358518936817246 ], [ -88.23203384444659, 13.358518936817244 ], [ -88.23203384444659, 13.398942939691837 ], [ -88.218559176821714, 13.398942939691841 ], [ -88.218559176821714, 13.412417607316705 ], [ -88.191609841571989, 13.412417607316705 ], [ -88.191609841571989, 13.43936694256643 ], [ -88.164660506322264, 13.439366942566432 ], [ -88.164660506322264, 13.425892274941571 ], [ -88.151185838697387, 13.425892274941571 ], [ -88.151185838697387, 13.412417607316707 ], [ -88.137711171072525, 13.412417607316709 ], [ -88.137711171072525, 13.385468272066975 ], [ -88.151185838697387, 13.385468272066975 ], [ -88.151185838697387, 13.398942939691841 ], [ -88.164660506322264, 13.398942939691837 ], [ -88.164660506322264, 13.412417607316705 ], [ -88.17813517394714, 13.4124176073167 ], [ -88.17813517394714, 13.385468272066973 ], [ -88.191609841571989, 13.385468272066975 ], [ -88.191609841571989, 13.371993604442109 ], [ -88.17813517394714, 13.371993604442107 ], [ -88.17813517394714, 13.358518936817244 ] ] ] } },
{ "type": "Feature", "properties": { "class_id": 2, "area_m2": 10873510.670626579, "class_name": "Bajo", "index": "NDII", "min_value": null, "max_value": null }, "geometry": { "type": "Polygon", "coordinates": [ [ [ -88.070337832948198, 13.371993604442107 ], [ -88.08381250057306, 13.371993604442109 ], [ -88.08381250057306, 13.385468272066969 ], [ -88.1107618358228, 13.385468272066975 ], [ -88.1107618358228, 13.398942939691835 ], [ -88.097287168197937, 13.398942939691841 ], [ -88.097287168197937, 13.412417607316705 ], [ -88.08381250057306, 13.412417607316701 ], [ -88.08381250057306, 13.398942939691837 ], [ -88.070337832948198, 13.398942939691841 ], [ -88.070337832948198, 13.371993604442107 ] ] ] } },
{ "type": "Feature", "properties": { "class_id": 2, "area_m2": 19574660.030970369, "class_name": "Bajo", "index": "NDII", "min_value": null, "max_value": null }, "geometry": { "type": "Polygon", "coordinates": [ [ [ -88.31288185019578, 13.385468272066973 ], [ -88.31288185019578, 13.398942939691841 ], [ -88.339831185445505, 13.398942939691834 ], [ -88.339831185445505, 13.412417607316703 ], [ -88.326356517820642, 13.412417607316705 ], [ -88.326356517820642, 13.425892274941573 ], [ -88.299407182570931, 13.425892274941569 ], [ -88.299407182570931, 13.398942939691835 ], [ -88.272457847321178, 13.398942939691839 ], [ -88.272457847321178, 13.37199360444211 ], [ -88.28593251494604, 13.371993604442107 ], [ -88.28593251494604, 13.385468272066971 ], [ -88.31288185019578, 13.385468272066973 ] ] ] } },
{ "type": "Feature", "properties": { "class_id": 2, "area_m2": 4349597.0185942482, "class_name": "Bajo", "index": "NDII", "min_value": null, "max_value": null }, "geometry": { "type": "Polygon", "coordinates": [ [ [ -88.272457847321178, 13.398942939691839 ], [ -88.272457847321178, 13.425892274941569 ], [ -88.258983179696315, 13.425892274941569 ], [ -88.258983179696315, 13.398942939691839 ], [ -88.272457847321178, 13.398942939691839 ] ] ] } },
{ "type": "Feature", "properties": { "class_id": 2, "area_m2": 2174359.6130521949, "class_name": "Bajo", "index": "NDII", "min_value": null, "max_value": null }, "geometry": { "type": "Polygon", "coordinates": [ [ [ -88.097287168197937, 13.425892274941569 ], [ -88.097287168197937, 13.439366942566435 ], [ -88.08381250057306, 13.439366942566432 ], [ -88.08381250057306, 13.425892274941571 ], [ -88.097287168197937, 13.425892274941569 ] ] ] } },
{ "type": "Feature", "properties": { "class_id": 2, "area_m2": 78266445.96066691, "class_name": "Bajo", "index": "NDII", "min_value": null, "max_value": null }, "geometry": { "type": "Polygon", "coordinates": [ [ [ -88.097287168197937, 13.533689615940492 ], [ -88.097287168197937, 13.506740280690758 ], [ -88.070337832948198, 13.506740280690757 ], [ -88.070337832948198, 13.493265613065898 ], [ -88.05686316532335, 13.493265613065898 ], [ -88.05686316532335, 13.47979094544103 ], [ -88.043388497698473, 13.479790945441032 ], [ -88.043388497698473, 13.466316277816162 ], [ -88.05686316532335, 13.466316277816169 ], [ -88.05686316532335, 13.452841610191301 ], [ -88.043388497698473, 13.452841610191301 ], [ -88.043388497698473, 13.425892274941569 ], [ -88.05686316532335, 13.425892274941567 ], [ -88.05686316532335, 13.439366942566435 ], [ -88.08381250057306, 13.439366942566432 ], [ -88.08381250057306, 13.452841610191301 ], [ -88.1107618358228, 13.452841610191301 ], [ -88.1107618358228, 13.425892274941567 ], [ -88.097287168197937, 13.425892274941569 ], [ -88.097287168197937, 13.412417607316705 ], [ -88.1107618358228, 13.412417607316705 ], [ -88.1107618358228, 13.398942939691835 ], [ -88.124236503447662, 13.398942939691841 ], [ -88.124236503447662, 13.4124176073167 ], [ -88.137711171072525, 13.412417607316709 ], [ -88.137711171072525, 13.43936694256643 ], [ -88.151185838697387, 13.43936694256643 ], [ -88.151185838697387, 13.452841610191301 ], [ -88.137711171072525, 13.452841610191301 ], [ -88.137711171072525, 13.50674028069076 ], [ -88.124236503447662, 13.506740280690762 ], [ -88.124236503447662, 13.520214948315628 ], [ -88.1107618358228, 13.520214948315626 ], [ -88.1107618358228, 13.533689615940492 ], [ -88.097287168197937, 13.533689615940492 ] ], [ [ -88.070337832948198, 13.452841610191305 ], [ -88.070337832948198, 13.466316277816164 ], [ -88.08381250057306, 13.466316277816162 ], [ -88.08381250057306, 13.452841610191301 ], [ -88.070337832948198, 13.452841610191305 ] ], [ [ -88.1107618358228, 13.466316277816169 ], [ -88.124236503447662, 13.466316277816166 ], [ -88.124236503447662, 13.452841610191301 ], [ -88.1107618358228, 13.452841610191301 ], [ -88.1107618358228, 13.466316277816169 ] ], [ [ -88.097287168197937, 13.466316277816162 ], [ -88.097287168197937, 13.47979094544103 ], [ -88.1107618358228, 13.479790945441035 ], [ -88.1107618358228, 13.466316277816169 ], [ -88.097287168197937, 13.466316277816162 ] ], [ [ -88.1107618358228, 13.493265613065899 ], [ -88.124236503447662, 13.493265613065899 ], [ -88.124236503447662, 13.47979094544103 ], [ -88.1107618358228, 13.479790945441035 ], [ -88.1107618358228, 13.493265613065899 ] ] ] } },
{ "type": "Feature", "properties": { "class_id": 2, "area_m2": 21742584.398947187, "class_name": "Bajo", "index": "NDII", "min_value": null, "max_value": null }, "geometry": { "type": "Polygon", "coordinates": [ [ [ -88.191609841571989, 13.466316277816167 ], [ -88.191609841571989, 13.43936694256643 ], [ -88.218559176821714, 13.439366942566432 ], [ -88.218559176821714, 13.452841610191298 ], [ -88.23203384444659, 13.452841610191298 ], [ -88.23203384444659, 13.466316277816164 ], [ -88.245508512071453, 13.466316277816162 ], [ -88.245508512071453, 13.479790945441032 ], [ -88.258983179696315, 13.479790945441032 ], [ -88.258983179696315, 13.493265613065901 ], [ -88.23203384444659, 13.493265613065899 ], [ -88.23203384444659, 13.479790945441033 ], [ -88.205084509196851, 13.47979094544103 ], [ -88.205084509196851, 13.466316277816167 ], [ -88.191609841571989, 13.466316277816167 ] ] ] } },
{ "type": "Feature", "properties": { "class_id": 2, "area_m2": 2174037.6986465701, "class_name": "Bajo", "index": "NDII", "min_value": null, "max_value": null }, "geometry": { "type": "Polygon", "coordinates": [ [ [ -88.205084509196851, 13.47979094544103 ], [ -88.205084509196851, 13.493265613065901 ], [ -88.191609841571989, 13.493265613065899 ], [ -88.191609841571989, 13.47979094544103 ], [ -88.205084509196851, 13.47979094544103 ] ] ] } },
{ "type": "Feature", "properties": { "class_id": 2, "area_m2": 39122131.290963843, "class_name": "Bajo", "index": "NDII", "min_value": null, "max_value": null }, "geometry": { "type": "Polygon", "coordinates": [ [ [ -88.245508512071453, 13.587588286439953 ], [ -88.23203384444659, 13.587588286439953 ], [ -88.23203384444659, 13.57411361881509 ], [ -88.218559176821714, 13.574113618815087 ], [ -88.218559176821714, 13.601062954064815 ], [ -88.191609841571989, 13.601062954064815 ], [ -88.191609841571989, 13.587588286439949 ], [ -88.205084509196851, 13.587588286439956 ], [ -88.205084509196851, 13.547164283565353 ], [ -88.191609841571989, 13.547164283565351 ], [ -88.191609841571989, 13.520214948315628 ], [ -88.205084509196851, 13.520214948315623 ], [ -88.205084509196851, 13.506740280690764 ], [ -88.218559176821714, 13.506740280690758 ], [ -88.218559176821714, 13.533689615940498 ], [ -88.245508512071453, 13.533689615940494 ], [ -88.245508512071453, 13.560638951190217 ], [ -88.258983179696315, 13.560638951190223 ], [ -88.258983179696315, 13.574113618815089 ], [ -88.245508512071453, 13.574113618815087 ], [ -88.245508512071453, 13.587588286439953 ] ] ] } },
{ "type": "Feature", "properties": { "class_id": 2, "area_m2": 2173219.0576011101, "class_name": "Bajo", "index": "NDII", "min_value": null, "max_value": null }, "geometry": { "type": "Polygon", "coordinates": [ [ [ -88.137711171072525, 13.574113618815094 ], [ -88.124236503447662, 13.574113618815089 ], [ -88.124236503447662, 13.560638951190219 ], [ -88.137711171072525, 13.560638951190219 ], [ -88.137711171072525, 13.574113618815094 ] ] ] } },
{ "type": "Feature", "properties": { "class_id": 2, "area_m2": 6519676.1192726055, "class_name": "Bajo", "index": "NDII", "min_value": null, "max_value": null }, "geometry": { "type": "Polygon", "coordinates": [ [ [ -88.17813517394714, 13.574113618815087 ], [ -88.191609841571989, 13.574113618815085 ], [ -88.191609841571989, 13.587588286439949 ], [ -88.164660506322264, 13.587588286439953 ], [ -88.164660506322264, 13.560638951190219 ], [ -88.17813517394714, 13.560638951190215 ], [ -88.17813517394714, 13.574113618815087 ] ] ] } },
{ "type": "Feature", "properties": { "class_id": 2, "area_m2": 2173345.4120369018, "class_name": "Bajo", "index": "NDII", "min_value": null, "max_value": null }, "geometry": { "type": "Polygon", "coordinates": [ [ [ -88.299407182570931, 13.587588286439955 ], [ -88.28593251494604, 13.587588286439953 ], [ -88.28593251494604, 13.57411361881509 ], [ -88.299407182570931, 13.574113618815085 ], [ -88.299407182570931, 13.587588286439955 ] ] ] } },
{ "type": "Feature", "properties": { "class_id": 2, "area_m2": 4346014.5857342156, "class_name": "Bajo", "index": "NDII", "min_value": null, "max_value": null }, "geometry": { "type": "Polygon", "coordinates": [ [ [ -88.164660506322264, 13.601062954064819 ], [ -88.137711171072525, 13.601062954064817 ], [ -88.137711171072525, 13.587588286439955 ], [ -88.164660506322264, 13.587588286439953 ], [ -88.164660506322264, 13.601062954064819 ] ] ] } },
{ "type": "Feature", "properties": { "class_id": 2, "area_m2": 2172916.1744271498, "class_name": "Bajo", "index": "NDII", "min_value": null, "max_value": null }, "geometry": { "type": "Polygon", "coordinates": [ [ [ -88.17813517394714, 13.614537621689685 ], [ -88.164660506322264, 13.614537621689685 ], [ -88.164660506322264, 13.601062954064819 ], [ -88.17813517394714, 13.601062954064822 ], [ -88.17813517394714, 13.614537621689685 ] ] ] } },
{ "type": "Feature", "properties": { "class_id": 2, "area_m2": 26078109.969677564, "class_name": "Bajo", "index": "NDII", "min_value": null, "max_value": null }, "geometry": { "type": "Polygon", "coordinates": [ [ [ -88.366780520695244, 13.587588286439953 ], [ -88.380255188320106, 13.587588286439953 ], [ -88.380255188320106, 13.628012289314546 ], [ -88.339831185445505, 13.628012289314549 ], [ -88.339831185445505, 13.614537621689678 ], [ -88.326356517820642, 13.614537621689683 ], [ -88.326356517820642, 13.628012289314549 ], [ -88.299407182570931, 13.628012289314546 ], [ -88.299407182570931, 13.61453762168968 ], [ -88.31288185019578, 13.614537621689685 ], [ -88.31288185019578, 13.601062954064815 ], [ -88.299407182570931, 13.601062954064819 ], [ -88.299407182570931, 13.587588286439955 ], [ -88.326356517820642, 13.587588286439953 ], [ -88.326356517820642, 13.601062954064819 ], [ -88.353305853070367, 13.601062954064822 ], [ -88.353305853070367, 13.614537621689687 ], [ -88.366780520695244, 13.614537621689681 ], [ -88.366780520695244, 13.587588286439953 ] ] ] } },
{ "type": "Feature", "properties": { "class_id": 2, "area_m2": 2172835.6284855427, "class_name": "Bajo", "index": "NDII", "min_value": null, "max_value": null }, "geometry": { "type": "Polygon", "coordinates": [ [ [ -88.191609841571989, 13.614537621689683 ], [ -88.205084509196851, 13.614537621689681 ], [ -88.205084509196851, 13.628012289314546 ], [ -88.191609841571989, 13.628012289314546 ], [ -88.191609841571989, 13.614537621689683 ] ] ] } },
{ "type": "Feature", "properties": { "class_id": 2, "area_m2": 71706126.767524928, "class_name": "Bajo", "index": "NDII", "min_value": null, "max_value": null }, "geometry": { "type": "Polygon", "coordinates": [ [ [ -88.28593251494604, 13.66843629218914 ], [ -88.28593251494604, 13.654961624564283 ], [ -88.258983179696315, 13.654961624564276 ], [ -88.258983179696315, 13.668436292189142 ], [ -88.164660506322264, 13.668436292189146 ], [ -88.164660506322264, 13.654961624564278 ], [ -88.205084509196851, 13.65496162456428 ], [ -88.205084509196851, 13.628012289314546 ], [ -88.218559176821714, 13.628012289314547 ], [ -88.218559176821714, 13.601062954064815 ], [ -88.245508512071453, 13.601062954064819 ], [ -88.245508512071453, 13.587588286439953 ], [ -88.258983179696315, 13.587588286439953 ], [ -88.258983179696315, 13.574113618815089 ], [ -88.272457847321178, 13.574113618815092 ], [ -88.272457847321178, 13.587588286439955 ], [ -88.28593251494604, 13.587588286439953 ], [ -88.28593251494604, 13.601062954064815 ], [ -88.299407182570931, 13.601062954064819 ], [ -88.299407182570931, 13.61453762168968 ], [ -88.28593251494604, 13.614537621689681 ], [ -88.28593251494604, 13.641486956939413 ], [ -88.299407182570931, 13.641486956939412 ], [ -88.299407182570931, 13.668436292189137 ], [ -88.28593251494604, 13.66843629218914 ] ], [ [ -88.218559176821714, 13.641486956939413 ], [ -88.23203384444659, 13.641486956939415 ], [ -88.23203384444659, 13.628012289314549 ], [ -88.218559176821714, 13.628012289314547 ], [ -88.218559176821714, 13.641486956939413 ] ], [ [ -88.23203384444659, 13.65496162456428 ], [ -88.245508512071453, 13.65496162456428 ], [ -88.245508512071453, 13.641486956939412 ], [ -88.23203384444659, 13.641486956939415 ], [ -88.23203384444659, 13.65496162456428 ] ], [ [ -88.272457847321178, 13.641486956939415 ], [ -88.272457847321178, 13.628012289314546 ], [ -88.258983179696315, 13.628012289314549 ], [ -88.258983179696315, 13.641486956939412 ], [ -88.272457847321178, 13.641486956939415 ] ] ] } },
{ "type": "Feature", "properties": { "class_id": 2, "area_m2": 2171953.6456701867, "class_name": "Bajo", "index": "NDII", "min_value": null, "max_value": null }, "geometry": { "type": "Polygon", "coordinates": [ [ [ -88.097287168197937, 13.708860295063744 ], [ -88.08381250057306, 13.708860295063744 ], [ -88.08381250057306, 13.695385627438874 ], [ -88.097287168197937, 13.695385627438876 ], [ -88.097287168197937, 13.708860295063744 ] ] ] } },
{ "type": "Feature", "properties": { "class_id": 2, "area_m2": 4343439.548321615, "class_name": "Bajo", "index": "NDII", "min_value": null, "max_value": null }, "geometry": { "type": "Polygon", "coordinates": [ [ [ -88.08381250057306, 13.722334962688601 ], [ -88.1107618358228, 13.722334962688606 ], [ -88.1107618358228, 13.735809630313469 ], [ -88.08381250057306, 13.735809630313467 ], [ -88.08381250057306, 13.722334962688601 ] ] ] } },
{ "type": "Feature", "properties": { "class_id": 2, "area_m2": 2172079.8475781553, "class_name": "Bajo", "index": "NDII", "min_value": null, "max_value": null }, "geometry": { "type": "Polygon", "coordinates": [ [ [ -88.339831185445505, 13.735809630313469 ], [ -88.326356517820642, 13.735809630313472 ], [ -88.326356517820642, 13.722334962688606 ], [ -88.339831185445505, 13.722334962688608 ], [ -88.339831185445505, 13.735809630313469 ] ] ] } },
{ "type": "Feature", "properties": { "class_id": 2, "area_m2": 2172125.4601414325, "class_name": "Bajo", "index": "NDII", "min_value": null, "max_value": null }, "geometry": { "type": "Polygon", "coordinates": [ [ [ -88.366780520695244, 13.735809630313467 ], [ -88.353305853070367, 13.735809630313469 ], [ -88.353305853070367, 13.722334962688599 ], [ -88.366780520695244, 13.722334962688603 ], [ -88.366780520695244, 13.735809630313467 ] ] ] } },
{ "type": "Feature", "properties": { "class_id": 2, "area_m2": 2171980.7023641025, "class_name": "Bajo", "index": "NDII", "min_value": null, "max_value": null }, "geometry": { "type": "Polygon", "coordinates": [ [ [ -88.339831185445505, 13.735809630313469 ], [ -88.353305853070367, 13.735809630313469 ], [ -88.353305853070367, 13.749284297938337 ], [ -88.339831185445505, 13.749284297938337 ], [ -88.339831185445505, 13.735809630313469 ] ] ] } },
{ "type": "Feature", "properties": { "class_id": 2, "area_m2": 2171881.6600635475, "class_name": "Bajo", "index": "NDII", "min_value": null, "max_value": null }, "geometry": { "type": "Polygon", "coordinates": [ [ [ -88.366780520695244, 13.762758965563203 ], [ -88.353305853070367, 13.762758965563199 ], [ -88.353305853070367, 13.749284297938337 ], [ -88.366780520695244, 13.749284297938337 ], [ -88.366780520695244, 13.762758965563203 ] ] ] } },
{ "type": "Feature", "properties": { "class_id": 2, "area_m2": 39084449.274812229, "class_name": "Bajo", "index": "NDII", "min_value": null, "max_value": null }, "geometry": { "type": "Polygon", "coordinates": [ [ [ -88.353305853070367, 13.870556306562124 ], [ -88.31288185019578, 13.870556306562124 ], [ -88.31288185019578, 13.803182968437799 ], [ -88.326356517820642, 13.803182968437797 ], [ -88.326356517820642, 13.789708300812935 ], [ -88.339831185445505, 13.789708300812928 ], [ -88.339831185445505, 13.776233633188067 ], [ -88.366780520695244, 13.776233633188063 ], [ -88.366780520695244, 13.762758965563203 ], [ -88.380255188320106, 13.762758965563204 ], [ -88.380255188320106, 13.776233633188067 ], [ -88.393729855944969, 13.77623363318807 ], [ -88.393729855944969, 13.789708300812933 ], [ -88.380255188320106, 13.789708300812933 ], [ -88.380255188320106, 13.803182968437797 ], [ -88.339831185445505, 13.803182968437797 ], [ -88.339831185445505, 13.81665763606266 ], [ -88.326356517820642, 13.816657636062669 ], [ -88.326356517820642, 13.830132303687527 ], [ -88.339831185445505, 13.83013230368752 ], [ -88.339831185445505, 13.84360697131239 ], [ -88.326356517820642, 13.84360697131239 ], [ -88.326356517820642, 13.85708163893726 ], [ -88.353305853070367, 13.85708163893726 ], [ -88.353305853070367, 13.870556306562124 ] ] ] } },
{ "type": "Feature", "properties": { "class_id": 2, "area_m2": 2170789.6270615631, "class_name": "Bajo", "index": "NDII", "min_value": null, "max_value": null }, "geometry": { "type": "Polygon", "coordinates": [ [ [ -88.299407182570931, 13.870556306562124 ], [ -88.28593251494604, 13.870556306562127 ], [ -88.28593251494604, 13.857081638937261 ], [ -88.299407182570931, 13.857081638937258 ], [ -88.299407182570931, 13.870556306562124 ] ] ] } },
{ "type": "Feature", "properties": { "class_id": 2, "area_m2": 2170688.592930635, "class_name": "Bajo", "index": "NDII", "min_value": null, "max_value": null }, "geometry": { "type": "Polygon", "coordinates": [ [ [ -88.299407182570931, 13.870556306562124 ], [ -88.31288185019578, 13.870556306562124 ], [ -88.31288185019578, 13.884030974186986 ], [ -88.299407182570931, 13.88403097418699 ], [ -88.299407182570931, 13.870556306562124 ] ] ] } },
{ "type": "Feature", "properties": { "class_id": 2, "area_m2": 2170848.7322979136, "class_name": "Bajo", "index": "NDII", "min_value": null, "max_value": null }, "geometry": { "type": "Polygon", "coordinates": [ [ [ -88.407204523569831, 13.88403097418699 ], [ -88.393729855944969, 13.884030974186988 ], [ -88.393729855944969, 13.870556306562124 ], [ -88.407204523569831, 13.87055630656212 ], [ -88.407204523569831, 13.88403097418699 ] ] ] } },
{ "type": "Feature", "properties": { "class_id": 2, "area_m2": 6529389.3730958691, "class_name": "Bajo", "index": "NDII", "min_value": null, "max_value": null }, "geometry": { "type": "Polygon", "coordinates": [ [ [ -87.922116489074682, 13.156398922444264 ], [ -87.949065824324421, 13.15639892244427 ], [ -87.949065824324421, 13.183348257693991 ], [ -87.935591156699559, 13.183348257693993 ], [ -87.935591156699559, 13.16987359006913 ], [ -87.922116489074682, 13.169873590069129 ], [ -87.922116489074682, 13.156398922444264 ] ] ] } },
{ "type": "Feature", "properties": { "class_id": 2, "area_m2": 2176171.1313052075, "class_name": "Bajo", "index": "NDII", "min_value": null, "max_value": null }, "geometry": { "type": "Polygon", "coordinates": [ [ [ -87.70652180707684, 13.169873590069127 ], [ -87.719996474701702, 13.169873590069129 ], [ -87.719996474701702, 13.183348257693993 ], [ -87.70652180707684, 13.183348257693991 ], [ -87.70652180707684, 13.169873590069127 ] ] ] } },
{ "type": "Feature", "properties": { "class_id": 2, "area_m2": 21763183.905633125, "class_name": "Bajo", "index": "NDII", "min_value": null, "max_value": null }, "geometry": { "type": "Polygon", "coordinates": [ [ [ -88.016439162448734, 13.196822925318857 ], [ -87.989489827199009, 13.196822925318857 ], [ -87.989489827199009, 13.21029759294373 ], [ -87.976015159574146, 13.210297592943727 ], [ -87.976015159574146, 13.223772260568587 ], [ -87.962540491949284, 13.223772260568586 ], [ -87.962540491949284, 13.196822925318859 ], [ -87.949065824324421, 13.196822925318861 ], [ -87.949065824324421, 13.183348257693991 ], [ -87.962540491949284, 13.183348257693991 ], [ -87.962540491949284, 13.169873590069123 ], [ -87.976015159574146, 13.169873590069129 ], [ -87.976015159574146, 13.183348257693991 ], [ -88.002964494823871, 13.183348257693995 ], [ -88.002964494823871, 13.169873590069129 ], [ -88.016439162448734, 13.169873590069127 ], [ -88.016439162448734, 13.196822925318857 ] ] ] } },
{ "type": "Feature", "properties": { "class_id": 2, "area_m2": 2176277.5756588997, "class_name": "Bajo", "index": "NDII", "min_value": null, "max_value": null }, "geometry": { "type": "Polygon", "coordinates": [ [ [ -88.016439162448734, 13.196822925318857 ], [ -88.02991383007361, 13.196822925318866 ], [ -88.02991383007361, 13.210297592943727 ], [ -88.016439162448734, 13.210297592943725 ], [ -88.016439162448734, 13.196822925318857 ] ] ] } },
{ "type": "Feature", "properties": { "class_id": 2, "area_m2": 6528329.0538856983, "class_name": "Bajo", "index": "NDII", "min_value": null, "max_value": null }, "geometry": { "type": "Polygon", "coordinates": [ [ [ -87.949065824324421, 13.210297592943725 ], [ -87.935591156699559, 13.210297592943727 ], [ -87.935591156699559, 13.223772260568591 ], [ -87.922116489074682, 13.223772260568587 ], [ -87.922116489074682, 13.196822925318861 ], [ -87.949065824324421, 13.196822925318861 ], [ -87.949065824324421, 13.210297592943725 ] ] ] } },
{ "type": "Feature", "properties": { "class_id": 2, "area_m2": 2175660.683249705, "class_name": "Bajo", "index": "NDII", "min_value": null, "max_value": null }, "geometry": { "type": "Polygon", "coordinates": [ [ [ -87.90864182144982, 13.264196263443187 ], [ -87.895167153824957, 13.26419626344318 ], [ -87.895167153824957, 13.25072159581832 ], [ -87.90864182144982, 13.250721595818318 ], [ -87.90864182144982, 13.264196263443187 ] ] ] } },
{ "type": "Feature", "properties": { "class_id": 2, "area_m2": 17405807.374508385, "class_name": "Bajo", "index": "NDII", "min_value": null, "max_value": null }, "geometry": { "type": "Polygon", "coordinates": [ [ [ -87.989489827199009, 13.250721595818323 ], [ -87.989489827199009, 13.277670931068055 ], [ -87.949065824324421, 13.277670931068055 ], [ -87.949065824324421, 13.264196263443186 ], [ -87.935591156699559, 13.264196263443184 ], [ -87.935591156699559, 13.250721595818327 ], [ -87.949065824324421, 13.250721595818323 ], [ -87.949065824324421, 13.237246928193457 ], [ -87.962540491949284, 13.237246928193448 ], [ -87.962540491949284, 13.250721595818323 ], [ -87.989489827199009, 13.250721595818323 ] ] ] } },
{ "type": "Feature", "properties": { "class_id": 2, "area_m2": 2175574.2485073619, "class_name": "Bajo", "index": "NDII", "min_value": null, "max_value": null }, "geometry": { "type": "Polygon", "coordinates": [ [ [ -87.935591156699559, 13.264196263443184 ], [ -87.935591156699559, 13.277670931068055 ], [ -87.922116489074682, 13.277670931068053 ], [ -87.922116489074682, 13.264196263443186 ], [ -87.935591156699559, 13.264196263443184 ] ] ] } },
{ "type": "Feature", "properties": { "class_id": 2, "area_m2": 2175257.6167478915, "class_name": "Bajo", "index": "NDII", "min_value": null, "max_value": null }, "geometry": { "type": "Polygon", "coordinates": [ [ [ -87.733471142326565, 13.27767093106805 ], [ -87.746945809951455, 13.27767093106805 ], [ -87.746945809951455, 13.291145598692918 ], [ -87.733471142326565, 13.291145598692918 ], [ -87.733471142326565, 13.27767093106805 ] ] ] } },
{ "type": "Feature", "properties": { "class_id": 2, "area_m2": 2175410.108380144, "class_name": "Bajo", "index": "NDII", "min_value": null, "max_value": null }, "geometry": { "type": "Polygon", "coordinates": [ [ [ -87.895167153824957, 13.291145598692921 ], [ -87.881692486200095, 13.291145598692919 ], [ -87.881692486200095, 13.27767093106805 ], [ -87.895167153824957, 13.277670931068053 ], [ -87.895167153824957, 13.291145598692921 ] ] ] } },
{ "type": "Feature", "properties": { "class_id": 2, "area_m2": 2175472.4456191845, "class_name": "Bajo", "index": "NDII", "min_value": null, "max_value": null }, "geometry": { "type": "Polygon", "coordinates": [ [ [ -87.949065824324421, 13.291145598692918 ], [ -87.935591156699559, 13.291145598692919 ], [ -87.935591156699559, 13.277670931068055 ], [ -87.949065824324421, 13.277670931068055 ], [ -87.949065824324421, 13.291145598692918 ] ] ] } },
{ "type": "Feature", "properties": { "class_id": 2, "area_m2": 2175165.456412354, "class_name": "Bajo", "index": "NDII", "min_value": null, "max_value": null }, "geometry": { "type": "Polygon", "coordinates": [ [ [ -87.773895145201166, 13.304620266317782 ], [ -87.760420477576304, 13.304620266317784 ], [ -87.760420477576304, 13.291145598692918 ], [ -87.773895145201166, 13.291145598692923 ], [ -87.773895145201166, 13.304620266317782 ] ] ] } },
{ "type": "Feature", "properties": { "class_id": 2, "area_m2": 2175218.8790704538, "class_name": "Bajo", "index": "NDII", "min_value": null, "max_value": null }, "geometry": { "type": "Polygon", "coordinates": [ [ [ -88.02991383007361, 13.331569601567512 ], [ -88.016439162448734, 13.331569601567514 ], [ -88.016439162448734, 13.318094933942646 ], [ -88.02991383007361, 13.318094933942646 ], [ -88.02991383007361, 13.331569601567512 ] ] ] } },
{ "type": "Feature", "properties": { "class_id": 2, "area_m2": 8699692.6854236871, "class_name": "Bajo", "index": "NDII", "min_value": null, "max_value": null }, "geometry": { "type": "Polygon", "coordinates": [ [ [ -88.002964494823871, 13.358518936817244 ], [ -88.016439162448734, 13.358518936817246 ], [ -88.016439162448734, 13.34504426919238 ], [ -88.043388497698473, 13.345044269192378 ], [ -88.043388497698473, 13.358518936817244 ], [ -88.02991383007361, 13.358518936817244 ], [ -88.02991383007361, 13.37199360444211 ], [ -88.002964494823871, 13.37199360444211 ], [ -88.002964494823871, 13.358518936817244 ] ] ] } },
{ "type": "Feature", "properties": { "class_id": 2, "area_m2": 184856711.22524986, "class_name": "Bajo", "index": "NDII", "min_value": null, "max_value": null }, "geometry": { "type": "Polygon", "coordinates": [ [ [ -87.881692486200095, 13.412417607316705 ], [ -87.881692486200095, 13.398942939691844 ], [ -87.895167153824957, 13.398942939691842 ], [ -87.895167153824957, 13.358518936817244 ], [ -87.854743150950355, 13.358518936817244 ], [ -87.854743150950355, 13.331569601567514 ], [ -87.841268483325493, 13.331569601567512 ], [ -87.841268483325493, 13.304620266317784 ], [ -87.895167153824957, 13.304620266317778 ], [ -87.895167153824957, 13.291145598692921 ], [ -87.90864182144982, 13.291145598692919 ], [ -87.90864182144982, 13.27767093106805 ], [ -87.922116489074682, 13.277670931068053 ], [ -87.922116489074682, 13.291145598692918 ], [ -87.935591156699559, 13.291145598692919 ], [ -87.935591156699559, 13.304620266317785 ], [ -87.949065824324421, 13.304620266317784 ], [ -87.949065824324421, 13.318094933942644 ], [ -87.962540491949284, 13.318094933942646 ], [ -87.962540491949284, 13.304620266317784 ], [ -87.976015159574146, 13.304620266317778 ], [ -87.976015159574146, 13.318094933942643 ], [ -87.989489827199009, 13.318094933942644 ], [ -87.989489827199009, 13.291145598692921 ], [ -88.002964494823871, 13.291145598692918 ], [ -88.002964494823871, 13.358518936817244 ], [ -87.949065824324421, 13.358518936817241 ], [ -87.949065824324421, 13.37199360444211 ], [ -87.962540491949284, 13.371993604442107 ], [ -87.962540491949284, 13.398942939691841 ], [ -87.976015159574146, 13.398942939691834 ], [ -87.976015159574146, 13.371993604442105 ], [ -88.002964494823871, 13.37199360444211 ], [ -88.002964494823871, 13.385468272066975 ], [ -88.02991383007361, 13.385468272066973 ], [ -88.02991383007361, 13.398942939691841 ], [ -88.016439162448734, 13.398942939691835 ], [ -88.016439162448734, 13.412417607316703 ], [ -87.989489827199009, 13.412417607316705 ], [ -87.989489827199009, 13.425892274941571 ], [ -87.976015159574146, 13.425892274941569 ], [ -87.976015159574146, 13.452841610191305 ], [ -87.962540491949284, 13.452841610191301 ], [ -87.962540491949284, 13.439366942566433 ], [ -87.922116489074682, 13.439366942566439 ], [ -87.922116489074682, 13.425892274941571 ], [ -87.90864182144982, 13.425892274941571 ], [ -87.90864182144982, 13.412417607316701 ], [ -87.881692486200095, 13.412417607316705 ] ], [ [ -87.895167153824957, 13.318094933942644 ], [ -87.868217818575218, 13.318094933942648 ], [ -87.868217818575218, 13.331569601567516 ], [ -87.895167153824957, 13.331569601567509 ], [ -87.895167153824957, 13.34504426919238 ], [ -87.90864182144982, 13.345044269192373 ], [ -87.90864182144982, 13.304620266317784 ], [ -87.895167153824957, 13.304620266317778 ], [ -87.895167153824957, 13.318094933942644 ] ] ] } },
{ "type": "Feature", "properties": { "class_id": 2, "area_m2": 2174456.0594204129, "class_name": "Bajo", "index": "NDII", "min_value": null, "max_value": null }, "geometry": { "type": "Polygon", "coordinates": [ [ [ -87.760420477576304, 13.371993604442109 ], [ -87.773895145201166, 13.371993604442109 ], [ -87.773895145201166, 13.385468272066969 ], [ -87.760420477576304, 13.385468272066971 ], [ -87.760420477576304, 13.371993604442109 ] ] ] } },
{ "type": "Feature", "properties": { "class_id": 2, "area_m2": 8699214.5619968213, "class_name": "Bajo", "index": "NDII", "min_value": null, "max_value": null }, "geometry": { "type": "Polygon", "coordinates": [ [ [ -88.070337832948198, 13.371993604442107 ], [ -88.05686316532335, 13.37199360444211 ], [ -88.05686316532335, 13.398942939691837 ], [ -88.043388497698473, 13.398942939691835 ], [ -88.043388497698473, 13.358518936817244 ], [ -88.070337832948198, 13.358518936817248 ], [ -88.070337832948198, 13.371993604442107 ] ] ] } },
{ "type": "Feature", "properties": { "class_id": 2, "area_m2": 2174406.3565206081, "class_name": "Bajo", "index": "NDII", "min_value": null, "max_value": null }, "geometry": { "type": "Polygon", "coordinates": [ [ [ -88.043388497698473, 13.425892274941569 ], [ -88.02991383007361, 13.425892274941569 ], [ -88.02991383007361, 13.41241760731671 ], [ -88.043388497698473, 13.412417607316709 ], [ -88.043388497698473, 13.425892274941569 ] ] ] } },
{ "type": "Feature", "properties": { "class_id": 2, "area_m2": 17392164.153187979, "class_name": "Bajo", "index": "NDII", "min_value": null, "max_value": null }, "geometry": { "type": "Polygon", "coordinates": [ [ [ -87.800844480450891, 13.439366942566432 ], [ -87.787369812826029, 13.43936694256643 ], [ -87.787369812826029, 13.425892274941571 ], [ -87.800844480450891, 13.425892274941571 ], [ -87.800844480450891, 13.412417607316705 ], [ -87.841268483325493, 13.412417607316705 ], [ -87.841268483325493, 13.425892274941567 ], [ -87.82779381570063, 13.425892274941571 ], [ -87.82779381570063, 13.452841610191303 ], [ -87.800844480450891, 13.452841610191301 ], [ -87.800844480450891, 13.439366942566432 ] ] ] } },
{ "type": "Feature", "properties": { "class_id": 2, "area_m2": 8696281.2548569608, "class_name": "Bajo", "index": "NDII", "min_value": null, "max_value": null }, "geometry": { "type": "Polygon", "coordinates": [ [ [ -87.854743150950355, 13.452841610191305 ], [ -87.841268483325493, 13.452841610191301 ], [ -87.841268483325493, 13.425892274941567 ], [ -87.854743150950355, 13.425892274941567 ], [ -87.854743150950355, 13.412417607316701 ], [ -87.868217818575218, 13.412417607316703 ], [ -87.868217818575218, 13.439366942566432 ], [ -87.854743150950355, 13.439366942566426 ], [ -87.854743150950355, 13.452841610191305 ] ] ] } },
{ "type": "Feature", "properties": { "class_id": 2, "area_m2": 2173997.0482968441, "class_name": "Bajo", "index": "NDII", "min_value": null, "max_value": null }, "geometry": { "type": "Polygon", "coordinates": [ [ [ -88.002964494823871, 13.466316277816162 ], [ -87.989489827199009, 13.466316277816166 ], [ -87.989489827199009, 13.452841610191298 ], [ -88.002964494823871, 13.4528416101913 ], [ -88.002964494823871, 13.466316277816162 ] ] ] } },
{ "type": "Feature", "properties": { "class_id": 2, "area_m2": 2174048.8540315656, "class_name": "Bajo", "index": "NDII", "min_value": null, "max_value": null }, "geometry": { "type": "Polygon", "coordinates": [ [ [ -88.02991383007361, 13.452841610191301 ], [ -88.043388497698473, 13.452841610191301 ], [ -88.043388497698473, 13.466316277816162 ], [ -88.02991383007361, 13.466316277816169 ], [ -88.02991383007361, 13.452841610191301 ] ] ] } },
{ "type": "Feature", "properties": { "class_id": 2, "area_m2": 147808160.60188541, "class_name": "Bajo", "index": "NDII", "min_value": null, "max_value": null }, "geometry": { "type": "Polygon", "coordinates": [ [ [ -87.719996474701702, 13.439366942566433 ], [ -87.733471142326565, 13.439366942566437 ], [ -87.733471142326565, 13.425892274941571 ], [ -87.719996474701702, 13.425892274941573 ], [ -87.719996474701702, 13.412417607316705 ], [ -87.733471142326565, 13.412417607316703 ], [ -87.733471142326565, 13.398942939691839 ], [ -87.719996474701702, 13.398942939691837 ], [ -87.719996474701702, 13.385468272066971 ], [ -87.733471142326565, 13.385468272066975 ], [ -87.733471142326565, 13.358518936817244 ], [ -87.760420477576304, 13.358518936817243 ], [ -87.760420477576304, 13.371993604442109 ], [ -87.746945809951455, 13.371993604442107 ], [ -87.746945809951455, 13.385468272066973 ], [ -87.760420477576304, 13.385468272066971 ], [ -87.760420477576304, 13.398942939691834 ], [ -87.746945809951455, 13.398942939691839 ], [ -87.746945809951455, 13.412417607316705 ], [ -87.773895145201166, 13.4124176073167 ], [ -87.773895145201166, 13.385468272066969 ], [ -87.800844480450891, 13.385468272066969 ], [ -87.800844480450891, 13.398942939691837 ], [ -87.787369812826029, 13.398942939691834 ], [ -87.787369812826029, 13.425892274941571 ], [ -87.773895145201166, 13.425892274941569 ], [ -87.773895145201166, 13.452841610191301 ], [ -87.787369812826029, 13.452841610191298 ], [ -87.787369812826029, 13.466316277816166 ], [ -87.800844480450891, 13.466316277816167 ], [ -87.800844480450891, 13.47979094544103 ], [ -87.82779381570063, 13.479790945441032 ], [ -87.82779381570063, 13.452841610191303 ], [ -87.841268483325493, 13.452841610191301 ], [ -87.841268483325493, 13.479790945441033 ], [ -87.868217818575218, 13.479790945441035 ], [ -87.868217818575218, 13.493265613065898 ], [ -87.895167153824957, 13.493265613065898 ], [ -87.895167153824957, 13.520214948315624 ], [ -87.935591156699559, 13.520214948315626 ], [ -87.935591156699559, 13.547164283565358 ], [ -87.895167153824957, 13.547164283565358 ], [ -87.895167153824957, 13.533689615940492 ], [ -87.881692486200095, 13.533689615940492 ], [ -87.881692486200095, 13.520214948315628 ], [ -87.868217818575218, 13.520214948315628 ], [ -87.868217818575218, 13.50674028069076 ], [ -87.82779381570063, 13.506740280690758 ], [ -87.82779381570063, 13.52021494831563 ], [ -87.814319148075768, 13.520214948315623 ], [ -87.814319148075768, 13.547164283565358 ], [ -87.800844480450891, 13.547164283565353 ], [ -87.800844480450891, 13.574113618815092 ], [ -87.773895145201166, 13.574113618815087 ], [ -87.773895145201166, 13.560638951190219 ], [ -87.787369812826029, 13.560638951190221 ], [ -87.787369812826029, 13.506740280690765 ], [ -87.773895145201166, 13.506740280690757 ], [ -87.773895145201166, 13.47979094544103 ], [ -87.760420477576304, 13.47979094544103 ], [ -87.760420477576304, 13.466316277816166 ], [ -87.746945809951455, 13.466316277816166 ], [ -87.746945809951455, 13.479790945441028 ], [ -87.719996474701702, 13.47979094544103 ], [ -87.719996474701702, 13.439366942566433 ] ], [ [ -87.733471142326565, 13.452841610191303 ], [ -87.746945809951455, 13.452841610191301 ], [ -87.746945809951455, 13.43936694256643 ], [ -87.733471142326565, 13.439366942566437 ], [ -87.733471142326565, 13.452841610191303 ] ] ] } },
{ "type": "Feature", "properties": { "class_id": 2, "area_m2": 6519476.8737635864, "class_name": "Bajo", "index": "NDII", "min_value": null, "max_value": null }, "geometry": { "type": "Polygon", "coordinates": [ [ [ -87.841268483325493, 13.547164283565353 ], [ -87.82779381570063, 13.547164283565353 ], [ -87.82779381570063, 13.52021494831563 ], [ -87.854743150950355, 13.520214948315626 ], [ -87.854743150950355, 13.533689615940492 ], [ -87.841268483325493, 13.533689615940492 ], [ -87.841268483325493, 13.547164283565353 ] ] ] } },
{ "type": "Feature", "properties": { "class_id": 2, "area_m2": 23902136.72084913, "class_name": "Bajo", "index": "NDII", "min_value": null, "max_value": null }, "geometry": { "type": "Polygon", "coordinates": [ [ [ -87.841268483325493, 13.601062954064817 ], [ -87.82779381570063, 13.601062954064814 ], [ -87.82779381570063, 13.574113618815085 ], [ -87.841268483325493, 13.574113618815087 ], [ -87.841268483325493, 13.547164283565353 ], [ -87.854743150950355, 13.547164283565353 ], [ -87.854743150950355, 13.533689615940492 ], [ -87.881692486200095, 13.533689615940492 ], [ -87.881692486200095, 13.547164283565353 ], [ -87.895167153824957, 13.547164283565358 ], [ -87.895167153824957, 13.560638951190223 ], [ -87.868217818575218, 13.560638951190217 ], [ -87.868217818575218, 13.57411361881509 ], [ -87.854743150950355, 13.574113618815085 ], [ -87.854743150950355, 13.587588286439953 ], [ -87.841268483325493, 13.587588286439955 ], [ -87.841268483325493, 13.601062954064817 ] ] ] } },
{ "type": "Feature", "properties": { "class_id": 2, "area_m2": 2172505.2391872918, "class_name": "Bajo", "index": "NDII", "min_value": null, "max_value": null }, "geometry": { "type": "Polygon", "coordinates": [ [ [ -87.841268483325493, 13.601062954064817 ], [ -87.854743150950355, 13.601062954064817 ], [ -87.854743150950355, 13.614537621689685 ], [ -87.841268483325493, 13.61453762168968 ], [ -87.841268483325493, 13.601062954064817 ] ] ] } },
{ "type": "Feature", "properties": { "class_id": 2, "area_m2": 30411677.835551985, "class_name": "Bajo", "index": "NDII", "min_value": null, "max_value": null }, "geometry": { "type": "Polygon", "coordinates": [ [ [ -87.787369812826029, 13.628012289314547 ], [ -87.787369812826029, 13.641486956939415 ], [ -87.773895145201166, 13.641486956939412 ], [ -87.773895145201166, 13.65496162456428 ], [ -87.746945809951455, 13.654961624564283 ], [ -87.746945809951455, 13.641486956939412 ], [ -87.760420477576304, 13.641486956939413 ], [ -87.760420477576304, 13.601062954064817 ], [ -87.814319148075768, 13.601062954064815 ], [ -87.814319148075768, 13.614537621689678 ], [ -87.841268483325493, 13.61453762168968 ], [ -87.841268483325493, 13.628012289314549 ], [ -87.82779381570063, 13.628012289314546 ], [ -87.82779381570063, 13.641486956939413 ], [ -87.814319148075768, 13.641486956939413 ], [ -87.814319148075768, 13.628012289314549 ], [ -87.787369812826029, 13.628012289314547 ] ], [ [ -87.787369812826029, 13.614537621689681 ], [ -87.773895145201166, 13.61453762168968 ], [ -87.773895145201166, 13.628012289314549 ], [ -87.787369812826029, 13.628012289314547 ], [ -87.787369812826029, 13.614537621689681 ] ] ] } },
{ "type": "Feature", "properties": { "class_id": 2, "area_m2": 236809326.16084558, "class_name": "Bajo", "index": "NDII", "min_value": null, "max_value": null }, "geometry": { "type": "Polygon", "coordinates": [ [ [ -88.08381250057306, 13.722334962688601 ], [ -88.02991383007361, 13.722334962688604 ], [ -88.02991383007361, 13.73580963031347 ], [ -88.002964494823871, 13.735809630313472 ], [ -88.002964494823871, 13.695385627438876 ], [ -88.016439162448734, 13.695385627438872 ], [ -88.016439162448734, 13.68191095981401 ], [ -88.002964494823871, 13.68191095981401 ], [ -88.002964494823871, 13.66843629218914 ], [ -87.949065824324421, 13.66843629218914 ], [ -87.949065824324421, 13.654961624564276 ], [ -87.935591156699559, 13.654961624564283 ], [ -87.935591156699559, 13.641486956939412 ], [ -87.949065824324421, 13.641486956939412 ], [ -87.949065824324421, 13.628012289314546 ], [ -87.935591156699559, 13.628012289314551 ], [ -87.935591156699559, 13.614537621689687 ], [ -87.962540491949284, 13.614537621689683 ], [ -87.962540491949284, 13.601062954064819 ], [ -87.976015159574146, 13.601062954064817 ], [ -87.976015159574146, 13.560638951190215 ], [ -87.962540491949284, 13.560638951190217 ], [ -87.962540491949284, 13.574113618815083 ], [ -87.895167153824957, 13.574113618815085 ], [ -87.895167153824957, 13.560638951190223 ], [ -87.949065824324421, 13.560638951190221 ], [ -87.949065824324421, 13.533689615940492 ], [ -87.976015159574146, 13.533689615940492 ], [ -87.976015159574146, 13.547164283565353 ], [ -87.989489827199009, 13.547164283565358 ], [ -87.989489827199009, 13.574113618815087 ], [ -88.002964494823871, 13.574113618815089 ], [ -88.002964494823871, 13.520214948315628 ], [ -88.016439162448734, 13.520214948315626 ], [ -88.016439162448734, 13.574113618815087 ], [ -88.070337832948198, 13.574113618815089 ], [ -88.070337832948198, 13.560638951190219 ], [ -88.097287168197937, 13.560638951190219 ], [ -88.097287168197937, 13.574113618815085 ], [ -88.08381250057306, 13.57411361881509 ], [ -88.08381250057306, 13.587588286439953 ], [ -88.1107618358228, 13.587588286439955 ], [ -88.1107618358228, 13.601062954064822 ], [ -88.124236503447662, 13.601062954064822 ], [ -88.124236503447662, 13.614537621689681 ], [ -88.151185838697387, 13.614537621689683 ], [ -88.151185838697387, 13.628012289314549 ], [ -88.164660506322264, 13.628012289314549 ], [ -88.164660506322264, 13.654961624564278 ], [ -88.151185838697387, 13.654961624564278 ], [ -88.151185838697387, 13.66843629218914 ], [ -88.137711171072525, 13.668436292189142 ], [ -88.137711171072525, 13.681910959814003 ], [ -88.08381250057306, 13.681910959814008 ], [ -88.08381250057306, 13.695385627438874 ], [ -88.070337832948198, 13.695385627438872 ], [ -88.070337832948198, 13.681910959814012 ], [ -88.05686316532335, 13.68191095981401 ], [ -88.05686316532335, 13.695385627438874 ], [ -88.02991383007361, 13.695385627438874 ], [ -88.02991383007361, 13.708860295063744 ], [ -88.08381250057306, 13.708860295063744 ], [ -88.08381250057306, 13.722334962688601 ] ], [ [ -88.02991383007361, 13.681910959814013 ], [ -88.02991383007361, 13.66843629218914 ], [ -88.070337832948198, 13.668436292189137 ], [ -88.070337832948198, 13.654961624564278 ], [ -88.08381250057306, 13.654961624564283 ], [ -88.08381250057306, 13.641486956939413 ], [ -88.097287168197937, 13.641486956939412 ], [ -88.097287168197937, 13.628012289314546 ], [ -88.1107618358228, 13.628012289314553 ], [ -88.1107618358228, 13.614537621689683 ], [ -88.08381250057306, 13.61453762168968 ], [ -88.08381250057306, 13.601062954064819 ], [ -88.05686316532335, 13.601062954064815 ], [ -88.05686316532335, 13.628012289314546 ], [ -88.002964494823871, 13.628012289314546 ], [ -88.002964494823871, 13.65496162456428 ], [ -88.016439162448734, 13.654961624564283 ], [ -88.016439162448734, 13.68191095981401 ], [ -88.02991383007361, 13.681910959814013 ] ], [ [ -88.137711171072525, 13.628012289314547 ], [ -88.137711171072525, 13.641486956939415 ], [ -88.151185838697387, 13.641486956939413 ], [ -88.151185838697387, 13.628012289314549 ], [ -88.137711171072525, 13.628012289314547 ] ], [ [ -88.124236503447662, 13.641486956939412 ], [ -88.124236503447662, 13.654961624564278 ], [ -88.137711171072525, 13.65496162456428 ], [ -88.137711171072525, 13.641486956939415 ], [ -88.124236503447662, 13.641486956939412 ] ] ] } },
{ "type": "Feature", "properties": { "class_id": 2, "area_m2": 2172354.1565108728, "class_name": "Bajo", "index": "NDII", "min_value": null, "max_value": null }, "geometry": { "type": "Polygon", "coordinates": [ [ [ -87.922116489074682, 13.628012289314549 ], [ -87.935591156699559, 13.628012289314551 ], [ -87.935591156699559, 13.641486956939412 ], [ -87.922116489074682, 13.641486956939413 ], [ -87.922116489074682, 13.628012289314549 ] ] ] } },
{ "type": "Feature", "properties": { "class_id": 2, "area_m2": 2171831.7850554143, "class_name": "Bajo", "index": "NDII", "min_value": null, "max_value": null }, "geometry": { "type": "Polygon", "coordinates": [ [ [ -87.787369812826029, 13.681910959814006 ], [ -87.773895145201166, 13.681910959814006 ], [ -87.773895145201166, 13.668436292189142 ], [ -87.787369812826029, 13.668436292189135 ], [ -87.787369812826029, 13.681910959814006 ] ] ] } },
{ "type": "Feature", "properties": { "class_id": 2, "area_m2": 4343852.6574104512, "class_name": "Bajo", "index": "NDII", "min_value": null, "max_value": null }, "geometry": { "type": "Polygon", "coordinates": [ [ [ -87.989489827199009, 13.695385627438879 ], [ -87.962540491949284, 13.695385627438876 ], [ -87.962540491949284, 13.68191095981401 ], [ -87.989489827199009, 13.681910959814006 ], [ -87.989489827199009, 13.695385627438879 ] ] ] } },
{ "type": "Feature", "properties": { "class_id": 2, "area_m2": 89041308.852081537, "class_name": "Bajo", "index": "NDII", "min_value": null, "max_value": null }, "geometry": { "type": "Polygon", "coordinates": [ [ [ -87.922116489074682, 13.641486956939413 ], [ -87.922116489074682, 13.654961624564283 ], [ -87.935591156699559, 13.654961624564283 ], [ -87.935591156699559, 13.668436292189142 ], [ -87.949065824324421, 13.66843629218914 ], [ -87.949065824324421, 13.681910959814008 ], [ -87.895167153824957, 13.681910959814006 ], [ -87.895167153824957, 13.695385627438876 ], [ -87.881692486200095, 13.695385627438872 ], [ -87.881692486200095, 13.708860295063744 ], [ -87.895167153824957, 13.708860295063744 ], [ -87.895167153824957, 13.722334962688606 ], [ -87.881692486200095, 13.722334962688606 ], [ -87.881692486200095, 13.735809630313472 ], [ -87.895167153824957, 13.735809630313467 ], [ -87.895167153824957, 13.762758965563201 ], [ -87.868217818575218, 13.762758965563201 ], [ -87.868217818575218, 13.735809630313472 ], [ -87.854743150950355, 13.735809630313472 ], [ -87.854743150950355, 13.722334962688606 ], [ -87.841268483325493, 13.722334962688603 ], [ -87.841268483325493, 13.735809630313467 ], [ -87.800844480450891, 13.735809630313472 ], [ -87.800844480450891, 13.695385627438874 ], [ -87.814319148075768, 13.695385627438874 ], [ -87.814319148075768, 13.668436292189138 ], [ -87.82779381570063, 13.66843629218914 ], [ -87.82779381570063, 13.654961624564274 ], [ -87.841268483325493, 13.654961624564276 ], [ -87.841268483325493, 13.668436292189142 ], [ -87.854743150950355, 13.66843629218914 ], [ -87.854743150950355, 13.681910959814006 ], [ -87.868217818575218, 13.681910959814008 ], [ -87.868217818575218, 13.654961624564283 ], [ -87.881692486200095, 13.65496162456428 ], [ -87.881692486200095, 13.66843629218914 ], [ -87.90864182144982, 13.668436292189138 ], [ -87.90864182144982, 13.654961624564276 ], [ -87.895167153824957, 13.65496162456428 ], [ -87.895167153824957, 13.641486956939415 ], [ -87.922116489074682, 13.641486956939413 ] ], [ [ -87.814319148075768, 13.722334962688606 ], [ -87.82779381570063, 13.722334962688599 ], [ -87.82779381570063, 13.695385627438874 ], [ -87.814319148075768, 13.695385627438874 ], [ -87.814319148075768, 13.722334962688606 ] ] ] } },
{ "type": "Feature", "properties": { "class_id": 2, "area_m2": 2171537.2173033375, "class_name": "Bajo", "index": "NDII", "min_value": null, "max_value": null }, "geometry": { "type": "Polygon", "coordinates": [ [ [ -87.962540491949284, 13.73580963031347 ], [ -87.949065824324421, 13.735809630313467 ], [ -87.949065824324421, 13.722334962688606 ], [ -87.962540491949284, 13.722334962688603 ], [ -87.962540491949284, 13.73580963031347 ] ] ] } },
{ "type": "Feature", "properties": { "class_id": 2, "area_m2": 2171237.7520954353, "class_name": "Bajo", "index": "NDII", "min_value": null, "max_value": null }, "geometry": { "type": "Polygon", "coordinates": [ [ [ -87.800844480450891, 13.749284297938337 ], [ -87.787369812826029, 13.749284297938337 ], [ -87.787369812826029, 13.735809630313467 ], [ -87.800844480450891, 13.735809630313472 ], [ -87.800844480450891, 13.749284297938337 ] ] ] } },
{ "type": "Feature", "properties": { "class_id": 2, "area_m2": 4342005.9933642037, "class_name": "Bajo", "index": "NDII", "min_value": null, "max_value": null }, "geometry": { "type": "Polygon", "coordinates": [ [ [ -87.746945809951455, 13.776233633188067 ], [ -87.733471142326565, 13.776233633188065 ], [ -87.733471142326565, 13.749284297938338 ], [ -87.746945809951455, 13.749284297938331 ], [ -87.746945809951455, 13.776233633188067 ] ] ] } },
{ "type": "Feature", "properties": { "class_id": 2, "area_m2": 4342359.6266133338, "class_name": "Bajo", "index": "NDII", "min_value": null, "max_value": null }, "geometry": { "type": "Polygon", "coordinates": [ [ [ -87.949065824324421, 13.762758965563203 ], [ -87.976015159574146, 13.762758965563197 ], [ -87.976015159574146, 13.776233633188061 ], [ -87.949065824324421, 13.776233633188061 ], [ -87.949065824324421, 13.762758965563203 ] ] ] } },
{ "type": "Feature", "properties": { "class_id": 2, "area_m2": 2170710.4678760348, "class_name": "Bajo", "index": "NDII", "min_value": null, "max_value": null }, "geometry": { "type": "Polygon", "coordinates": [ [ [ -87.760420477576304, 13.803182968437797 ], [ -87.746945809951455, 13.803182968437797 ], [ -87.746945809951455, 13.789708300812933 ], [ -87.760420477576304, 13.789708300812933 ], [ -87.760420477576304, 13.803182968437797 ] ] ] } },
{ "type": "Feature", "properties": { "class_id": 2, "area_m2": 2170864.4903830891, "class_name": "Bajo", "index": "NDII", "min_value": null, "max_value": null }, "geometry": { "type": "Polygon", "coordinates": [ [ [ -87.90864182144982, 13.803182968437795 ], [ -87.895167153824957, 13.803182968437797 ], [ -87.895167153824957, 13.789708300812931 ], [ -87.90864182144982, 13.789708300812933 ], [ -87.90864182144982, 13.803182968437795 ] ] ] } },
{ "type": "Feature", "properties": { "class_id": 2, "area_m2": 13024492.17552012, "class_name": "Bajo", "index": "NDII", "min_value": null, "max_value": null }, "geometry": { "type": "Polygon", "coordinates": [ [ [ -87.82779381570063, 13.830132303687522 ], [ -87.814319148075768, 13.830132303687522 ], [ -87.814319148075768, 13.776233633188067 ], [ -87.82779381570063, 13.776233633188061 ], [ -87.82779381570063, 13.789708300812928 ], [ -87.854743150950355, 13.789708300812933 ], [ -87.854743150950355, 13.803182968437795 ], [ -87.82779381570063, 13.803182968437797 ], [ -87.82779381570063, 13.830132303687522 ] ] ] } },
{ "type": "Feature", "properties": { "class_id": 2, "area_m2": 2170712.1216079951, "class_name": "Bajo", "index": "NDII", "min_value": null, "max_value": null }, "geometry": { "type": "Polygon", "coordinates": [ [ [ -87.881692486200095, 13.816657636062667 ], [ -87.868217818575218, 13.816657636062667 ], [ -87.868217818575218, 13.803182968437797 ], [ -87.881692486200095, 13.803182968437797 ], [ -87.881692486200095, 13.816657636062667 ] ] ] } },
{ "type": "Feature", "properties": { "class_id": 2, "area_m2": 6512250.2606717004, "class_name": "Bajo", "index": "NDII", "min_value": null, "max_value": null }, "geometry": { "type": "Polygon", "coordinates": [ [ [ -87.962540491949284, 13.816657636062656 ], [ -87.976015159574146, 13.816657636062667 ], [ -87.976015159574146, 13.83013230368752 ], [ -87.949065824324421, 13.830132303687522 ], [ -87.949065824324421, 13.803182968437797 ], [ -87.962540491949284, 13.803182968437795 ], [ -87.962540491949284, 13.816657636062656 ] ] ] } },
{ "type": "Feature", "properties": { "class_id": 2, "area_m2": 2170749.0425851038, "class_name": "Bajo", "index": "NDII", "min_value": null, "max_value": null }, "geometry": { "type": "Polygon", "coordinates": [ [ [ -88.016439162448734, 13.830132303687522 ], [ -88.002964494823871, 13.830132303687522 ], [ -88.002964494823871, 13.816657636062663 ], [ -88.016439162448734, 13.81665763606266 ], [ -88.016439162448734, 13.830132303687522 ] ] ] } },
{ "type": "Feature", "properties": { "class_id": 3, "area_m2": 8708644.3040509056, "class_name": "Normal", "index": "NDII", "min_value": null, "max_value": null }, "geometry": { "type": "Polygon", "coordinates": [ [ [ -89.7007726155569, 13.547164283565353 ], [ -89.646873945057436, 13.547164283565358 ], [ -89.646873945057436, 13.533689615940494 ], [ -89.7007726155569, 13.533689615940492 ], [ -89.7007726155569, 13.547164283565353 ] ] ] } },
{ "type": "Feature", "properties": { "class_id": 3, "area_m2": 2177508.4247133289, "class_name": "Normal", "index": "NDII", "min_value": null, "max_value": null }, "geometry": { "type": "Polygon", "coordinates": [ [ [ -89.781620621306104, 13.54716428356536 ], [ -89.768145953681227, 13.547164283565358 ], [ -89.768145953681227, 13.533689615940492 ], [ -89.781620621306104, 13.533689615940492 ], [ -89.781620621306104, 13.54716428356536 ] ] ] } },
{ "type": "Feature", "properties": { "class_id": 3, "area_m2": 4355254.4683468239, "class_name": "Normal", "index": "NDII", "min_value": null, "max_value": null }, "geometry": { "type": "Polygon", "coordinates": [ [ [ -89.822044624180691, 13.547164283565353 ], [ -89.795095288930952, 13.547164283565353 ], [ -89.795095288930952, 13.533689615940492 ], [ -89.822044624180691, 13.533689615940496 ], [ -89.822044624180691, 13.547164283565353 ] ] ] } },
{ "type": "Feature", "properties": { "class_id": 3, "area_m2": 6531839.9817870418, "class_name": "Normal", "index": "NDII", "min_value": null, "max_value": null }, "geometry": { "type": "Polygon", "coordinates": [ [ [ -89.741196618431488, 13.560638951190223 ], [ -89.714247283181763, 13.560638951190223 ], [ -89.714247283181763, 13.533689615940492 ], [ -89.727721950806625, 13.533689615940492 ], [ -89.727721950806625, 13.547164283565355 ], [ -89.741196618431488, 13.547164283565351 ], [ -89.741196618431488, 13.560638951190223 ] ] ] } },
{ "type": "Feature", "properties": { "class_id": 3, "area_m2": 4354392.3743781885, "class_name": "Normal", "index": "NDII", "min_value": null, "max_value": null }, "geometry": { "type": "Polygon", "coordinates": [ [ [ -89.768145953681227, 13.574113618815089 ], [ -89.741196618431488, 13.574113618815085 ], [ -89.741196618431488, 13.560638951190223 ], [ -89.768145953681227, 13.560638951190219 ], [ -89.768145953681227, 13.574113618815089 ] ] ] } },
{ "type": "Feature", "properties": { "class_id": 3, "area_m2": 21767638.122691233, "class_name": "Normal", "index": "NDII", "min_value": null, "max_value": null }, "geometry": { "type": "Polygon", "coordinates": [ [ [ -89.660348612682313, 13.560638951190219 ], [ -89.714247283181763, 13.560638951190223 ], [ -89.714247283181763, 13.574113618815089 ], [ -89.687297947932038, 13.574113618815083 ], [ -89.687297947932038, 13.587588286439949 ], [ -89.714247283181763, 13.587588286439953 ], [ -89.714247283181763, 13.601062954064817 ], [ -89.7007726155569, 13.601062954064819 ], [ -89.7007726155569, 13.614537621689683 ], [ -89.673823280307161, 13.61453762168968 ], [ -89.673823280307161, 13.574113618815092 ], [ -89.660348612682313, 13.574113618815085 ], [ -89.660348612682313, 13.560638951190219 ] ] ] } },
{ "type": "Feature", "properties": { "class_id": 3, "area_m2": 2176883.9343897351, "class_name": "Normal", "index": "NDII", "min_value": null, "max_value": null }, "geometry": { "type": "Polygon", "coordinates": [ [ [ -89.741196618431488, 13.601062954064815 ], [ -89.727721950806625, 13.601062954064817 ], [ -89.727721950806625, 13.587588286439949 ], [ -89.741196618431488, 13.587588286439956 ], [ -89.741196618431488, 13.601062954064815 ] ] ] } },
{ "type": "Feature", "properties": { "class_id": 3, "area_m2": 2176716.2995813265, "class_name": "Normal", "index": "NDII", "min_value": null, "max_value": null }, "geometry": { "type": "Polygon", "coordinates": [ [ [ -89.714247283181763, 13.614537621689685 ], [ -89.714247283181763, 13.601062954064817 ], [ -89.727721950806625, 13.601062954064817 ], [ -89.727721950806625, 13.614537621689681 ], [ -89.714247283181763, 13.614537621689685 ] ] ] } },
{ "type": "Feature", "properties": { "class_id": 3, "area_m2": 4353665.4082319494, "class_name": "Normal", "index": "NDII", "min_value": null, "max_value": null }, "geometry": { "type": "Polygon", "coordinates": [ [ [ -89.741196618431488, 13.601062954064815 ], [ -89.768145953681227, 13.601062954064822 ], [ -89.768145953681227, 13.614537621689683 ], [ -89.741196618431488, 13.61453762168968 ], [ -89.741196618431488, 13.601062954064815 ] ] ] } },
{ "type": "Feature", "properties": { "class_id": 3, "area_m2": 2176548.792566068, "class_name": "Normal", "index": "NDII", "min_value": null, "max_value": null }, "geometry": { "type": "Polygon", "coordinates": [ [ [ -89.7007726155569, 13.614537621689683 ], [ -89.714247283181763, 13.614537621689685 ], [ -89.714247283181763, 13.628012289314549 ], [ -89.7007726155569, 13.628012289314547 ], [ -89.7007726155569, 13.614537621689683 ] ] ] } },
{ "type": "Feature", "properties": { "class_id": 3, "area_m2": 45714169.190631583, "class_name": "Normal", "index": "NDII", "min_value": null, "max_value": null }, "geometry": { "type": "Polygon", "coordinates": [ [ [ -89.862468627055279, 13.628012289314549 ], [ -89.902892629929894, 13.628012289314549 ], [ -89.902892629929894, 13.641486956939413 ], [ -89.929841965179605, 13.641486956939415 ], [ -89.929841965179605, 13.65496162456428 ], [ -89.862468627055279, 13.654961624564278 ], [ -89.862468627055279, 13.68191095981401 ], [ -89.848993959430416, 13.68191095981401 ], [ -89.848993959430416, 13.695385627438871 ], [ -89.822044624180691, 13.695385627438876 ], [ -89.822044624180691, 13.66843629218914 ], [ -89.835519291805554, 13.66843629218914 ], [ -89.835519291805554, 13.641486956939413 ], [ -89.822044624180691, 13.641486956939415 ], [ -89.822044624180691, 13.628012289314549 ], [ -89.835519291805554, 13.628012289314546 ], [ -89.835519291805554, 13.601062954064819 ], [ -89.848993959430416, 13.601062954064815 ], [ -89.848993959430416, 13.641486956939415 ], [ -89.862468627055279, 13.641486956939415 ], [ -89.862468627055279, 13.628012289314549 ] ] ] } },
{ "type": "Feature", "properties": { "class_id": 3, "area_m2": 2176999.0829264326, "class_name": "Normal", "index": "NDII", "min_value": null, "max_value": null }, "geometry": { "type": "Polygon", "coordinates": [ [ [ -89.929841965179605, 13.65496162456428 ], [ -89.943316632804468, 13.65496162456428 ], [ -89.943316632804468, 13.668436292189146 ], [ -89.929841965179605, 13.66843629218914 ], [ -89.929841965179605, 13.65496162456428 ] ] ] } },
{ "type": "Feature", "properties": { "class_id": 3, "area_m2": 2175986.2584422166, "class_name": "Normal", "index": "NDII", "min_value": null, "max_value": null }, "geometry": { "type": "Polygon", "coordinates": [ [ [ -89.727721950806625, 13.68191095981401 ], [ -89.727721950806625, 13.695385627438874 ], [ -89.714247283181763, 13.695385627438874 ], [ -89.714247283181763, 13.68191095981401 ], [ -89.727721950806625, 13.68191095981401 ] ] ] } },
{ "type": "Feature", "properties": { "class_id": 3, "area_m2": 52224405.470338136, "class_name": "Normal", "index": "NDII", "min_value": null, "max_value": null }, "geometry": { "type": "Polygon", "coordinates": [ [ [ -89.781620621306104, 13.681910959814008 ], [ -89.768145953681227, 13.68191095981401 ], [ -89.768145953681227, 13.695385627438874 ], [ -89.781620621306104, 13.695385627438874 ], [ -89.781620621306104, 13.708860295063744 ], [ -89.795095288930952, 13.70886029506374 ], [ -89.795095288930952, 13.735809630313467 ], [ -89.781620621306104, 13.735809630313469 ], [ -89.781620621306104, 13.762758965563199 ], [ -89.768145953681227, 13.762758965563204 ], [ -89.768145953681227, 13.735809630313467 ], [ -89.741196618431488, 13.735809630313469 ], [ -89.741196618431488, 13.708860295063745 ], [ -89.727721950806625, 13.708860295063733 ], [ -89.727721950806625, 13.695385627438874 ], [ -89.741196618431488, 13.695385627438876 ], [ -89.741196618431488, 13.681910959814006 ], [ -89.727721950806625, 13.68191095981401 ], [ -89.727721950806625, 13.654961624564283 ], [ -89.714247283181763, 13.65496162456428 ], [ -89.714247283181763, 13.641486956939413 ], [ -89.768145953681227, 13.641486956939413 ], [ -89.768145953681227, 13.65496162456428 ], [ -89.741196618431488, 13.65496162456428 ], [ -89.741196618431488, 13.66843629218914 ], [ -89.781620621306104, 13.668436292189138 ], [ -89.781620621306104, 13.681910959814008 ] ], [ [ -89.754671286056364, 13.708860295063733 ], [ -89.754671286056364, 13.722334962688603 ], [ -89.768145953681227, 13.722334962688603 ], [ -89.768145953681227, 13.70886029506374 ], [ -89.754671286056364, 13.708860295063733 ] ] ] } },
{ "type": "Feature", "properties": { "class_id": 3, "area_m2": 2176968.6154395444, "class_name": "Normal", "index": "NDII", "min_value": null, "max_value": null }, "geometry": { "type": "Polygon", "coordinates": [ [ [ -90.051113973803396, 13.70886029506374 ], [ -90.064588641428259, 13.70886029506374 ], [ -90.064588641428259, 13.722334962688606 ], [ -90.051113973803396, 13.722334962688601 ], [ -90.051113973803396, 13.70886029506374 ] ] ] } },
{ "type": "Feature", "properties": { "class_id": 3, "area_m2": 2176950.4137807107, "class_name": "Normal", "index": "NDII", "min_value": null, "max_value": null }, "geometry": { "type": "Polygon", "coordinates": [ [ [ -90.091537976677984, 13.735809630313469 ], [ -90.078063309053121, 13.735809630313472 ], [ -90.078063309053121, 13.722334962688604 ], [ -90.091537976677984, 13.722334962688606 ], [ -90.091537976677984, 13.735809630313469 ] ] ] } },
{ "type": "Feature", "properties": { "class_id": 3, "area_m2": 6529248.4616326615, "class_name": "Normal", "index": "NDII", "min_value": null, "max_value": null }, "geometry": { "type": "Polygon", "coordinates": [ [ [ -89.997215303303932, 13.749284297938337 ], [ -89.95679130042933, 13.749284297938337 ], [ -89.95679130042933, 13.735809630313467 ], [ -89.997215303303932, 13.735809630313467 ], [ -89.997215303303932, 13.749284297938337 ] ] ] } },
{ "type": "Feature", "properties": { "class_id": 3, "area_m2": 2176880.2456757063, "class_name": "Normal", "index": "NDII", "min_value": null, "max_value": null }, "geometry": { "type": "Polygon", "coordinates": [ [ [ -90.10501264430286, 13.749284297938337 ], [ -90.091537976677984, 13.749284297938337 ], [ -90.091537976677984, 13.735809630313469 ], [ -90.10501264430286, 13.735809630313472 ], [ -90.10501264430286, 13.749284297938337 ] ] ] } },
{ "type": "Feature", "properties": { "class_id": 3, "area_m2": 2175655.7673248299, "class_name": "Normal", "index": "NDII", "min_value": null, "max_value": null }, "geometry": { "type": "Polygon", "coordinates": [ [ [ -89.795095288930952, 13.749284297938337 ], [ -89.808569956555814, 13.749284297938337 ], [ -89.808569956555814, 13.762758965563195 ], [ -89.795095288930952, 13.762758965563199 ], [ -89.795095288930952, 13.749284297938337 ] ] ] } },
{ "type": "Feature", "properties": { "class_id": 3, "area_m2": 6525789.5682701739, "class_name": "Normal", "index": "NDII", "min_value": null, "max_value": null }, "geometry": { "type": "Polygon", "coordinates": [ [ [ -89.754671286056364, 13.789708300812933 ], [ -89.727721950806625, 13.789708300812928 ], [ -89.727721950806625, 13.776233633188063 ], [ -89.741196618431488, 13.776233633188067 ], [ -89.741196618431488, 13.762758965563197 ], [ -89.754671286056364, 13.762758965563195 ], [ -89.754671286056364, 13.789708300812933 ] ] ] } },
{ "type": "Feature", "properties": { "class_id": 3, "area_m2": 2175287.2306553232, "class_name": "Normal", "index": "NDII", "min_value": null, "max_value": null }, "geometry": { "type": "Polygon", "coordinates": [ [ [ -89.808569956555814, 13.803182968437797 ], [ -89.795095288930952, 13.803182968437797 ], [ -89.795095288930952, 13.789708300812929 ], [ -89.808569956555814, 13.789708300812929 ], [ -89.808569956555814, 13.803182968437797 ] ] ] } },
{ "type": "Feature", "properties": { "class_id": 3, "area_m2": 2175576.4896497191, "class_name": "Normal", "index": "NDII", "min_value": null, "max_value": null }, "geometry": { "type": "Polygon", "coordinates": [ [ [ -89.889417962305018, 13.803182968437797 ], [ -89.875943294680141, 13.803182968437797 ], [ -89.875943294680141, 13.789708300812933 ], [ -89.889417962305018, 13.789708300812933 ], [ -89.889417962305018, 13.803182968437797 ] ] ] } },
{ "type": "Feature", "properties": { "class_id": 3, "area_m2": 226315477.77822766, "class_name": "Normal", "index": "NDII", "min_value": null, "max_value": null }, "geometry": { "type": "Polygon", "coordinates": [ [ [ -90.024164638553657, 13.857081638937258 ], [ -90.024164638553657, 13.830132303687522 ], [ -89.997215303303932, 13.830132303687527 ], [ -89.997215303303932, 13.816657636062661 ], [ -89.95679130042933, 13.816657636062672 ], [ -89.95679130042933, 13.803182968437799 ], [ -89.943316632804468, 13.803182968437795 ], [ -89.943316632804468, 13.816657636062667 ], [ -89.889417962305018, 13.816657636062658 ], [ -89.889417962305018, 13.803182968437797 ], [ -89.929841965179605, 13.803182968437797 ], [ -89.929841965179605, 13.762758965563201 ], [ -89.916367297554743, 13.762758965563201 ], [ -89.916367297554743, 13.776233633188061 ], [ -89.902892629929894, 13.776233633188065 ], [ -89.902892629929894, 13.749284297938337 ], [ -89.889417962305018, 13.749284297938337 ], [ -89.889417962305018, 13.762758965563197 ], [ -89.875943294680141, 13.762758965563203 ], [ -89.875943294680141, 13.776233633188067 ], [ -89.835519291805554, 13.776233633188061 ], [ -89.835519291805554, 13.762758965563204 ], [ -89.848993959430416, 13.762758965563197 ], [ -89.848993959430416, 13.722334962688606 ], [ -89.835519291805554, 13.722334962688606 ], [ -89.835519291805554, 13.708860295063737 ], [ -89.862468627055279, 13.708860295063737 ], [ -89.862468627055279, 13.735809630313465 ], [ -89.875943294680141, 13.735809630313467 ], [ -89.875943294680141, 13.722334962688603 ], [ -89.889417962305018, 13.722334962688606 ], [ -89.889417962305018, 13.735809630313469 ], [ -89.929841965179605, 13.735809630313467 ], [ -89.929841965179605, 13.722334962688604 ], [ -89.916367297554743, 13.72233496268861 ], [ -89.916367297554743, 13.708860295063744 ], [ -89.929841965179605, 13.708860295063738 ], [ -89.929841965179605, 13.695385627438874 ], [ -89.943316632804468, 13.695385627438872 ], [ -89.943316632804468, 13.708860295063744 ], [ -89.95679130042933, 13.70886029506374 ], [ -89.95679130042933, 13.681910959814013 ], [ -90.010689970928794, 13.68191095981401 ], [ -90.010689970928794, 13.695385627438876 ], [ -90.037639306178534, 13.695385627438876 ], [ -90.037639306178534, 13.735809630313467 ], [ -90.064588641428259, 13.735809630313469 ], [ -90.064588641428259, 13.789708300812928 ], [ -90.051113973803396, 13.789708300812926 ], [ -90.051113973803396, 13.803182968437797 ], [ -90.078063309053121, 13.803182968437799 ], [ -90.078063309053121, 13.816657636062661 ], [ -90.091537976677984, 13.816657636062663 ], [ -90.091537976677984, 13.830132303687524 ], [ -90.064588641428259, 13.83013230368752 ], [ -90.064588641428259, 13.84360697131239 ], [ -90.078063309053121, 13.84360697131239 ], [ -90.078063309053121, 13.857081638937258 ], [ -90.091537976677984, 13.857081638937258 ], [ -90.091537976677984, 13.870556306562127 ], [ -90.064588641428259, 13.870556306562124 ], [ -90.064588641428259, 13.88403097418699 ], [ -90.051113973803396, 13.884030974186985 ], [ -90.051113973803396, 13.897505641811849 ], [ -90.037639306178534, 13.897505641811851 ], [ -90.037639306178534, 13.91098030943672 ], [ -90.024164638553657, 13.91098030943672 ], [ -90.024164638553657, 13.884030974186986 ], [ -90.010689970928794, 13.884030974186985 ], [ -90.010689970928794, 13.857081638937265 ], [ -90.024164638553657, 13.857081638937258 ] ], [ [ -89.875943294680141, 13.749284297938337 ], [ -89.862468627055279, 13.749284297938337 ], [ -89.862468627055279, 13.762758965563199 ], [ -89.875943294680141, 13.762758965563203 ], [ -89.875943294680141, 13.749284297938337 ] ], [ [ -89.95679130042933, 13.735809630313467 ], [ -89.943316632804468, 13.735809630313467 ], [ -89.943316632804468, 13.776233633188061 ], [ -89.95679130042933, 13.77623363318807 ], [ -89.95679130042933, 13.789708300812933 ], [ -89.983740635679069, 13.789708300812933 ], [ -89.983740635679069, 13.803182968437797 ], [ -89.997215303303932, 13.803182968437797 ], [ -89.997215303303932, 13.789708300812929 ], [ -90.010689970928794, 13.789708300812931 ], [ -90.010689970928794, 13.77623363318806 ], [ -90.024164638553657, 13.776233633188061 ], [ -90.024164638553657, 13.762758965563194 ], [ -89.997215303303932, 13.762758965563201 ], [ -89.997215303303932, 13.749284297938337 ], [ -90.010689970928794, 13.749284297938338 ], [ -90.010689970928794, 13.735809630313476 ], [ -89.997215303303932, 13.735809630313467 ], [ -89.997215303303932, 13.708860295063737 ], [ -89.95679130042933, 13.70886029506374 ], [ -89.95679130042933, 13.735809630313467 ] ], [ [ -90.051113973803396, 13.762758965563199 ], [ -90.051113973803396, 13.749284297938335 ], [ -90.024164638553657, 13.749284297938337 ], [ -90.024164638553657, 13.762758965563194 ], [ -90.051113973803396, 13.762758965563199 ] ], [ [ -90.024164638553657, 13.73580963031347 ], [ -90.024164638553657, 13.722334962688603 ], [ -90.010689970928794, 13.722334962688606 ], [ -90.010689970928794, 13.735809630313476 ], [ -90.024164638553657, 13.73580963031347 ] ], [ [ -90.064588641428259, 13.816657636062663 ], [ -90.051113973803396, 13.816657636062663 ], [ -90.051113973803396, 13.83013230368752 ], [ -90.064588641428259, 13.83013230368752 ], [ -90.064588641428259, 13.816657636062663 ] ], [ [ -90.051113973803396, 13.857081638937263 ], [ -90.051113973803396, 13.843606971312393 ], [ -90.037639306178534, 13.84360697131239 ], [ -90.037639306178534, 13.85708163893726 ], [ -90.051113973803396, 13.857081638937263 ] ] ] } },
{ "type": "Feature", "properties": { "class_id": 3, "area_m2": 4352829.4255216038, "class_name": "Normal", "index": "NDII", "min_value": null, "max_value": null }, "geometry": { "type": "Polygon", "coordinates": [ [ [ -90.091537976677984, 13.789708300812928 ], [ -90.118487311927723, 13.789708300812936 ], [ -90.118487311927723, 13.803182968437797 ], [ -90.091537976677984, 13.803182968437797 ], [ -90.091537976677984, 13.789708300812928 ] ] ] } },
{ "type": "Feature", "properties": { "class_id": 3, "area_m2": 4349889.4011633117, "class_name": "Normal", "index": "NDII", "min_value": null, "max_value": null }, "geometry": { "type": "Polygon", "coordinates": [ [ [ -89.714247283181763, 13.789708300812933 ], [ -89.727721950806625, 13.789708300812928 ], [ -89.727721950806625, 13.816657636062663 ], [ -89.714247283181763, 13.816657636062665 ], [ -89.714247283181763, 13.789708300812933 ] ] ] } },
{ "type": "Feature", "properties": { "class_id": 3, "area_m2": 2175307.7184680481, "class_name": "Normal", "index": "NDII", "min_value": null, "max_value": null }, "geometry": { "type": "Polygon", "coordinates": [ [ [ -89.848993959430416, 13.816657636062663 ], [ -89.835519291805554, 13.816657636062663 ], [ -89.835519291805554, 13.803182968437797 ], [ -89.848993959430416, 13.803182968437797 ], [ -89.848993959430416, 13.816657636062663 ] ] ] } },
{ "type": "Feature", "properties": { "class_id": 3, "area_m2": 4349459.6182048181, "class_name": "Normal", "index": "NDII", "min_value": null, "max_value": null }, "geometry": { "type": "Polygon", "coordinates": [ [ [ -89.7007726155569, 13.830132303687522 ], [ -89.687297947932038, 13.83013230368752 ], [ -89.687297947932038, 13.803182968437797 ], [ -89.7007726155569, 13.803182968437797 ], [ -89.7007726155569, 13.830132303687522 ] ] ] } },
{ "type": "Feature", "properties": { "class_id": 3, "area_m2": 2174636.7923583547, "class_name": "Normal", "index": "NDII", "min_value": null, "max_value": null }, "geometry": { "type": "Polygon", "coordinates": [ [ [ -89.727721950806625, 13.843606971312393 ], [ -89.714247283181763, 13.843606971312393 ], [ -89.714247283181763, 13.830132303687526 ], [ -89.727721950806625, 13.830132303687522 ], [ -89.727721950806625, 13.843606971312393 ] ] ] } },
{ "type": "Feature", "properties": { "class_id": 3, "area_m2": 2175304.9465609626, "class_name": "Normal", "index": "NDII", "min_value": null, "max_value": null }, "geometry": { "type": "Polygon", "coordinates": [ [ [ -89.902892629929894, 13.83013230368752 ], [ -89.916367297554743, 13.830132303687526 ], [ -89.916367297554743, 13.843606971312392 ], [ -89.902892629929894, 13.843606971312388 ], [ -89.902892629929894, 13.83013230368752 ] ] ] } },
{ "type": "Feature", "properties": { "class_id": 3, "area_m2": 4349464.7701950576, "class_name": "Normal", "index": "NDII", "min_value": null, "max_value": null }, "geometry": { "type": "Polygon", "coordinates": [ [ [ -89.795095288930952, 13.843606971312386 ], [ -89.808569956555814, 13.84360697131239 ], [ -89.808569956555814, 13.870556306562124 ], [ -89.795095288930952, 13.870556306562122 ], [ -89.795095288930952, 13.843606971312386 ] ] ] } },
{ "type": "Feature", "properties": { "class_id": 3, "area_m2": 2174252.6275149635, "class_name": "Normal", "index": "NDII", "min_value": null, "max_value": null }, "geometry": { "type": "Polygon", "coordinates": [ [ [ -89.687297947932038, 13.870556306562117 ], [ -89.673823280307161, 13.870556306562124 ], [ -89.673823280307161, 13.85708163893726 ], [ -89.687297947932038, 13.85708163893726 ], [ -89.687297947932038, 13.870556306562117 ] ] ] } },
{ "type": "Feature", "properties": { "class_id": 3, "area_m2": 2174766.054743242, "class_name": "Normal", "index": "NDII", "min_value": null, "max_value": null }, "geometry": { "type": "Polygon", "coordinates": [ [ [ -89.835519291805554, 13.870556306562117 ], [ -89.822044624180691, 13.870556306562124 ], [ -89.822044624180691, 13.85708163893726 ], [ -89.835519291805554, 13.85708163893726 ], [ -89.835519291805554, 13.870556306562117 ] ] ] } },
{ "type": "Feature", "properties": { "class_id": 3, "area_m2": 10874019.68799581, "class_name": "Normal", "index": "NDII", "min_value": null, "max_value": null }, "geometry": { "type": "Polygon", "coordinates": [ [ [ -89.875943294680141, 13.897505641811854 ], [ -89.862468627055279, 13.897505641811854 ], [ -89.862468627055279, 13.884030974186986 ], [ -89.848993959430416, 13.884030974186986 ], [ -89.848993959430416, 13.870556306562122 ], [ -89.862468627055279, 13.870556306562118 ], [ -89.862468627055279, 13.84360697131239 ], [ -89.875943294680141, 13.84360697131239 ], [ -89.875943294680141, 13.897505641811854 ] ] ] } },
{ "type": "Feature", "properties": { "class_id": 3, "area_m2": 2174358.9187643337, "class_name": "Normal", "index": "NDII", "min_value": null, "max_value": null }, "geometry": { "type": "Polygon", "coordinates": [ [ [ -89.741196618431488, 13.870556306562122 ], [ -89.754671286056364, 13.870556306562115 ], [ -89.754671286056364, 13.884030974186988 ], [ -89.741196618431488, 13.88403097418699 ], [ -89.741196618431488, 13.870556306562122 ] ] ] } },
{ "type": "Feature", "properties": { "class_id": 3, "area_m2": 2174499.608484162, "class_name": "Normal", "index": "NDII", "min_value": null, "max_value": null }, "geometry": { "type": "Polygon", "coordinates": [ [ [ -89.781620621306104, 13.87055630656212 ], [ -89.795095288930952, 13.870556306562122 ], [ -89.795095288930952, 13.884030974186985 ], [ -89.781620621306104, 13.88403097418699 ], [ -89.781620621306104, 13.87055630656212 ] ] ] } },
{ "type": "Feature", "properties": { "class_id": 3, "area_m2": 13045366.457290318, "class_name": "Normal", "index": "NDII", "min_value": null, "max_value": null }, "geometry": { "type": "Polygon", "coordinates": [ [ [ -89.714247283181763, 13.88403097418699 ], [ -89.741196618431488, 13.88403097418699 ], [ -89.741196618431488, 13.897505641811851 ], [ -89.687297947932038, 13.897505641811852 ], [ -89.687297947932038, 13.870556306562117 ], [ -89.714247283181763, 13.870556306562127 ], [ -89.714247283181763, 13.88403097418699 ] ] ] } },
{ "type": "Feature", "properties": { "class_id": 3, "area_m2": 2174518.5566003961, "class_name": "Normal", "index": "NDII", "min_value": null, "max_value": null }, "geometry": { "type": "Polygon", "coordinates": [ [ [ -89.822044624180691, 13.884030974186983 ], [ -89.835519291805554, 13.884030974186985 ], [ -89.835519291805554, 13.897505641811851 ], [ -89.822044624180691, 13.897505641811851 ], [ -89.822044624180691, 13.884030974186983 ] ] ] } },
{ "type": "Feature", "properties": { "class_id": 3, "area_m2": 4348722.3754514167, "class_name": "Normal", "index": "NDII", "min_value": null, "max_value": null }, "geometry": { "type": "Polygon", "coordinates": [ [ [ -89.795095288930952, 13.884030974186985 ], [ -89.808569956555814, 13.884030974186981 ], [ -89.808569956555814, 13.91098030943672 ], [ -89.795095288930952, 13.91098030943672 ], [ -89.795095288930952, 13.884030974186985 ] ] ] } },
{ "type": "Feature", "properties": { "class_id": 3, "area_m2": 2173881.4711516234, "class_name": "Normal", "index": "NDII", "min_value": null, "max_value": null }, "geometry": { "type": "Polygon", "coordinates": [ [ [ -89.687297947932038, 13.91098030943672 ], [ -89.673823280307161, 13.91098030943672 ], [ -89.673823280307161, 13.897505641811854 ], [ -89.687297947932038, 13.897505641811852 ], [ -89.687297947932038, 13.91098030943672 ] ] ] } },
{ "type": "Feature", "properties": { "class_id": 3, "area_m2": 4347835.615507002, "class_name": "Normal", "index": "NDII", "min_value": null, "max_value": null }, "geometry": { "type": "Polygon", "coordinates": [ [ [ -89.714247283181763, 13.91098030943672 ], [ -89.741196618431488, 13.91098030943672 ], [ -89.741196618431488, 13.924454977061584 ], [ -89.714247283181763, 13.924454977061584 ], [ -89.714247283181763, 13.91098030943672 ] ] ] } },
{ "type": "Feature", "properties": { "class_id": 3, "area_m2": 6524638.6115638334, "class_name": "Normal", "index": "NDII", "min_value": null, "max_value": null }, "geometry": { "type": "Polygon", "coordinates": [ [ [ -90.024164638553657, 13.937929644686447 ], [ -89.997215303303932, 13.937929644686449 ], [ -89.997215303303932, 13.92445497706159 ], [ -90.010689970928794, 13.924454977061584 ], [ -90.010689970928794, 13.91098030943672 ], [ -90.024164638553657, 13.91098030943672 ], [ -90.024164638553657, 13.937929644686447 ] ] ] } },
{ "type": "Feature", "properties": { "class_id": 3, "area_m2": 2173863.1742858719, "class_name": "Normal", "index": "NDII", "min_value": null, "max_value": null }, "geometry": { "type": "Polygon", "coordinates": [ [ [ -89.754671286056364, 13.93792964468645 ], [ -89.741196618431488, 13.93792964468645 ], [ -89.741196618431488, 13.924454977061584 ], [ -89.754671286056364, 13.924454977061583 ], [ -89.754671286056364, 13.93792964468645 ] ] ] } },
{ "type": "Feature", "properties": { "class_id": 3, "area_m2": 2174242.6746276943, "class_name": "Normal", "index": "NDII", "min_value": null, "max_value": null }, "geometry": { "type": "Polygon", "coordinates": [ [ [ -89.862468627055279, 13.93792964468645 ], [ -89.848993959430416, 13.93792964468645 ], [ -89.848993959430416, 13.924454977061583 ], [ -89.862468627055279, 13.924454977061584 ], [ -89.862468627055279, 13.93792964468645 ] ] ] } },
{ "type": "Feature", "properties": { "class_id": 3, "area_m2": 2174687.1741723018, "class_name": "Normal", "index": "NDII", "min_value": null, "max_value": null }, "geometry": { "type": "Polygon", "coordinates": [ [ [ -89.983740635679069, 13.937929644686445 ], [ -89.970265968054207, 13.937929644686449 ], [ -89.970265968054207, 13.924454977061584 ], [ -89.983740635679069, 13.924454977061574 ], [ -89.983740635679069, 13.937929644686445 ] ] ] } },
{ "type": "Feature", "properties": { "class_id": 3, "area_m2": 4347338.9740481451, "class_name": "Normal", "index": "NDII", "min_value": null, "max_value": null }, "geometry": { "type": "Polygon", "coordinates": [ [ [ -89.714247283181763, 13.93792964468645 ], [ -89.741196618431488, 13.93792964468645 ], [ -89.741196618431488, 13.951404312311311 ], [ -89.714247283181763, 13.951404312311315 ], [ -89.714247283181763, 13.93792964468645 ] ] ] } },
{ "type": "Feature", "properties": { "class_id": 3, "area_m2": 2173869.4260523715, "class_name": "Normal", "index": "NDII", "min_value": null, "max_value": null }, "geometry": { "type": "Polygon", "coordinates": [ [ [ -89.848993959430416, 13.964878979936181 ], [ -89.862468627055279, 13.964878979936184 ], [ -89.862468627055279, 13.978353647561043 ], [ -89.848993959430416, 13.97835364756104 ], [ -89.848993959430416, 13.964878979936181 ] ] ] } },
{ "type": "Feature", "properties": { "class_id": 3, "area_m2": 2173506.0319944648, "class_name": "Normal", "index": "NDII", "min_value": null, "max_value": null }, "geometry": { "type": "Polygon", "coordinates": [ [ [ -89.795095288930952, 13.991828315185913 ], [ -89.781620621306104, 13.991828315185908 ], [ -89.781620621306104, 13.978353647561045 ], [ -89.795095288930952, 13.978353647561043 ], [ -89.795095288930952, 13.991828315185913 ] ] ] } },
{ "type": "Feature", "properties": { "class_id": 3, "area_m2": 2173696.5664187274, "class_name": "Normal", "index": "NDII", "min_value": null, "max_value": null }, "geometry": { "type": "Polygon", "coordinates": [ [ [ -89.848993959430416, 13.991828315185908 ], [ -89.835519291805554, 13.991828315185904 ], [ -89.835519291805554, 13.978353647561041 ], [ -89.848993959430416, 13.97835364756104 ], [ -89.848993959430416, 13.991828315185908 ] ] ] } },
{ "type": "Feature", "properties": { "class_id": 3, "area_m2": 6519595.9603586942, "class_name": "Normal", "index": "NDII", "min_value": null, "max_value": null }, "geometry": { "type": "Polygon", "coordinates": [ [ [ -89.768145953681227, 14.005302982810777 ], [ -89.754671286056364, 14.005302982810772 ], [ -89.754671286056364, 14.018777650435645 ], [ -89.741196618431488, 14.018777650435641 ], [ -89.741196618431488, 13.991828315185913 ], [ -89.768145953681227, 13.991828315185911 ], [ -89.768145953681227, 14.005302982810777 ] ] ] } },
{ "type": "Feature", "properties": { "class_id": 3, "area_m2": 2173256.4559493875, "class_name": "Normal", "index": "NDII", "min_value": null, "max_value": null }, "geometry": { "type": "Polygon", "coordinates": [ [ [ -89.781620621306104, 14.005302982810772 ], [ -89.795095288930952, 14.00530298281077 ], [ -89.795095288930952, 14.018777650435643 ], [ -89.781620621306104, 14.018777650435643 ], [ -89.781620621306104, 14.005302982810772 ] ] ] } },
{ "type": "Feature", "properties": { "class_id": 3, "area_m2": 2173592.1815647646, "class_name": "Normal", "index": "NDII", "min_value": null, "max_value": null }, "geometry": { "type": "Polygon", "coordinates": [ [ [ -89.875943294680141, 14.00530298281077 ], [ -89.889417962305018, 14.005302982810772 ], [ -89.889417962305018, 14.018777650435645 ], [ -89.875943294680141, 14.018777650435641 ], [ -89.875943294680141, 14.00530298281077 ] ] ] } },
{ "type": "Feature", "properties": { "class_id": 3, "area_m2": 4345843.377992264, "class_name": "Normal", "index": "NDII", "min_value": null, "max_value": null }, "geometry": { "type": "Polygon", "coordinates": [ [ [ -89.741196618431488, 14.032252318060507 ], [ -89.714247283181763, 14.032252318060511 ], [ -89.714247283181763, 14.018777650435643 ], [ -89.741196618431488, 14.018777650435641 ], [ -89.741196618431488, 14.032252318060507 ] ] ] } },
{ "type": "Feature", "properties": { "class_id": 3, "area_m2": 2173037.6488193679, "class_name": "Normal", "index": "NDII", "min_value": null, "max_value": null }, "geometry": { "type": "Polygon", "coordinates": [ [ [ -89.768145953681227, 14.032252318060504 ], [ -89.754671286056364, 14.032252318060504 ], [ -89.754671286056364, 14.018777650435645 ], [ -89.768145953681227, 14.018777650435641 ], [ -89.768145953681227, 14.032252318060504 ] ] ] } },
{ "type": "Feature", "properties": { "class_id": 3, "area_m2": 6518289.3366814367, "class_name": "Normal", "index": "NDII", "min_value": null, "max_value": null }, "geometry": { "type": "Polygon", "coordinates": [ [ [ -89.7007726155569, 14.032252318060507 ], [ -89.714247283181763, 14.032252318060511 ], [ -89.714247283181763, 14.045726985685368 ], [ -89.687297947932038, 14.045726985685372 ], [ -89.687297947932038, 14.018777650435641 ], [ -89.7007726155569, 14.018777650435641 ], [ -89.7007726155569, 14.032252318060507 ] ] ] } },
{ "type": "Feature", "properties": { "class_id": 3, "area_m2": 15205049.952350957, "class_name": "Normal", "index": "NDII", "min_value": null, "max_value": null }, "geometry": { "type": "Polygon", "coordinates": [ [ [ -89.687297947932038, 14.086150988559965 ], [ -89.660348612682313, 14.086150988559968 ], [ -89.660348612682313, 14.072676320935106 ], [ -89.714247283181763, 14.072676320935102 ], [ -89.714247283181763, 14.099625656184829 ], [ -89.7007726155569, 14.099625656184834 ], [ -89.7007726155569, 14.113100323809698 ], [ -89.687297947932038, 14.1131003238097 ], [ -89.687297947932038, 14.086150988559965 ] ] ] } },
{ "type": "Feature", "properties": { "class_id": 3, "area_m2": 4353073.2113776943, "class_name": "Normal", "index": "NDII", "min_value": null, "max_value": null }, "geometry": { "type": "Polygon", "coordinates": [ [ [ -89.336956589685542, 13.479790945441032 ], [ -89.350431257310419, 13.479790945441032 ], [ -89.350431257310419, 13.506740280690762 ], [ -89.336956589685542, 13.506740280690758 ], [ -89.336956589685542, 13.479790945441032 ] ] ] } },
{ "type": "Feature", "properties": { "class_id": 3, "area_m2": 4353575.2029320598, "class_name": "Normal", "index": "NDII", "min_value": null, "max_value": null }, "geometry": { "type": "Polygon", "coordinates": [ [ [ -89.49865260118392, 13.520214948315623 ], [ -89.471703265934181, 13.520214948315623 ], [ -89.471703265934181, 13.506740280690757 ], [ -89.49865260118392, 13.506740280690762 ], [ -89.49865260118392, 13.520214948315623 ] ] ] } },
{ "type": "Feature", "properties": { "class_id": 3, "area_m2": 10881063.140373055, "class_name": "Normal", "index": "NDII", "min_value": null, "max_value": null }, "geometry": { "type": "Polygon", "coordinates": [ [ [ -89.431279263059594, 13.560638951190219 ], [ -89.417804595434731, 13.560638951190217 ], [ -89.417804595434731, 13.547164283565353 ], [ -89.390855260184992, 13.547164283565358 ], [ -89.390855260184992, 13.533689615940492 ], [ -89.444753930684456, 13.533689615940492 ], [ -89.444753930684456, 13.547164283565353 ], [ -89.431279263059594, 13.547164283565358 ], [ -89.431279263059594, 13.560638951190219 ] ] ] } },
{ "type": "Feature", "properties": { "class_id": 3, "area_m2": 84890979.613783479, "class_name": "Normal", "index": "NDII", "min_value": null, "max_value": null }, "geometry": { "type": "Polygon", "coordinates": [ [ [ -89.566025939308247, 13.587588286439953 ], [ -89.539076604058522, 13.587588286439953 ], [ -89.539076604058522, 13.57411361881509 ], [ -89.49865260118392, 13.574113618815083 ], [ -89.49865260118392, 13.520214948315623 ], [ -89.539076604058522, 13.520214948315623 ], [ -89.539076604058522, 13.506740280690762 ], [ -89.579500606933109, 13.506740280690762 ], [ -89.579500606933109, 13.520214948315623 ], [ -89.646873945057436, 13.520214948315626 ], [ -89.646873945057436, 13.533689615940494 ], [ -89.619924609807711, 13.533689615940492 ], [ -89.619924609807711, 13.54716428356536 ], [ -89.633399277432574, 13.547164283565355 ], [ -89.633399277432574, 13.560638951190223 ], [ -89.619924609807711, 13.560638951190217 ], [ -89.619924609807711, 13.61453762168968 ], [ -89.606449942182834, 13.614537621689685 ], [ -89.606449942182834, 13.587588286439953 ], [ -89.592975274557972, 13.587588286439955 ], [ -89.592975274557972, 13.533689615940492 ], [ -89.579500606933109, 13.533689615940494 ], [ -89.579500606933109, 13.54716428356536 ], [ -89.566025939308247, 13.547164283565357 ], [ -89.566025939308247, 13.520214948315626 ], [ -89.552551271683384, 13.520214948315623 ], [ -89.552551271683384, 13.533689615940496 ], [ -89.539076604058522, 13.533689615940492 ], [ -89.539076604058522, 13.560638951190215 ], [ -89.579500606933109, 13.560638951190215 ], [ -89.579500606933109, 13.57411361881509 ], [ -89.566025939308247, 13.574113618815085 ], [ -89.566025939308247, 13.587588286439953 ] ] ] } },
{ "type": "Feature", "properties": { "class_id": 3, "area_m2": 10879484.385156257, "class_name": "Normal", "index": "NDII", "min_value": null, "max_value": null }, "geometry": { "type": "Polygon", "coordinates": [ [ [ -89.404329927809869, 13.601062954064822 ], [ -89.390855260184992, 13.601062954064819 ], [ -89.390855260184992, 13.574113618815089 ], [ -89.363905924935267, 13.57411361881509 ], [ -89.363905924935267, 13.560638951190215 ], [ -89.404329927809869, 13.560638951190223 ], [ -89.404329927809869, 13.601062954064822 ] ] ] } },
{ "type": "Feature", "properties": { "class_id": 3, "area_m2": 2176163.1830270961, "class_name": "Normal", "index": "NDII", "min_value": null, "max_value": null }, "geometry": { "type": "Polygon", "coordinates": [ [ [ -89.471703265934181, 13.574113618815083 ], [ -89.485177933559058, 13.574113618815089 ], [ -89.485177933559058, 13.587588286439953 ], [ -89.471703265934181, 13.587588286439949 ], [ -89.471703265934181, 13.574113618815083 ] ] ] } },
{ "type": "Feature", "properties": { "class_id": 3, "area_m2": 6528399.9779956583, "class_name": "Normal", "index": "NDII", "min_value": null, "max_value": null }, "geometry": { "type": "Polygon", "coordinates": [ [ [ -89.525601936433645, 13.587588286439953 ], [ -89.539076604058522, 13.587588286439953 ], [ -89.539076604058522, 13.614537621689683 ], [ -89.512127268808783, 13.61453762168968 ], [ -89.512127268808783, 13.601062954064819 ], [ -89.525601936433645, 13.601062954064819 ], [ -89.525601936433645, 13.587588286439953 ] ] ] } },
{ "type": "Feature", "properties": { "class_id": 3, "area_m2": 13053631.922169641, "class_name": "Normal", "index": "NDII", "min_value": null, "max_value": null }, "geometry": { "type": "Polygon", "coordinates": [ [ [ -89.363905924935267, 13.628012289314547 ], [ -89.350431257310419, 13.628012289314549 ], [ -89.350431257310419, 13.587588286439953 ], [ -89.377380592560129, 13.587588286439953 ], [ -89.377380592560129, 13.601062954064822 ], [ -89.390855260184992, 13.601062954064819 ], [ -89.390855260184992, 13.614537621689685 ], [ -89.363905924935267, 13.614537621689685 ], [ -89.363905924935267, 13.628012289314547 ] ] ] } },
{ "type": "Feature", "properties": { "class_id": 3, "area_m2": 2176442.9312317586, "class_name": "Normal", "index": "NDII", "min_value": null, "max_value": null }, "geometry": { "type": "Polygon", "coordinates": [ [ [ -89.646873945057436, 13.61453762168968 ], [ -89.633399277432574, 13.61453762168968 ], [ -89.633399277432574, 13.601062954064822 ], [ -89.646873945057436, 13.601062954064821 ], [ -89.646873945057436, 13.61453762168968 ] ] ] } },
{ "type": "Feature", "properties": { "class_id": 3, "area_m2": 34812322.634521559, "class_name": "Normal", "index": "NDII", "min_value": null, "max_value": null }, "geometry": { "type": "Polygon", "coordinates": [ [ [ -89.458228598309319, 13.587588286439956 ], [ -89.444753930684456, 13.587588286439953 ], [ -89.444753930684456, 13.601062954064822 ], [ -89.458228598309319, 13.601062954064819 ], [ -89.458228598309319, 13.628012289314549 ], [ -89.471703265934181, 13.628012289314549 ], [ -89.471703265934181, 13.654961624564274 ], [ -89.458228598309319, 13.65496162456428 ], [ -89.458228598309319, 13.641486956939412 ], [ -89.417804595434731, 13.641486956939413 ], [ -89.417804595434731, 13.574113618815089 ], [ -89.458228598309319, 13.574113618815089 ], [ -89.458228598309319, 13.587588286439956 ] ] ] } },
{ "type": "Feature", "properties": { "class_id": 3, "area_m2": 2175551.3362948364, "class_name": "Normal", "index": "NDII", "min_value": null, "max_value": null }, "geometry": { "type": "Polygon", "coordinates": [ [ [ -89.390855260184992, 13.614537621689685 ], [ -89.404329927809869, 13.614537621689681 ], [ -89.404329927809869, 13.628012289314546 ], [ -89.390855260184992, 13.628012289314549 ], [ -89.390855260184992, 13.614537621689685 ] ] ] } },
{ "type": "Feature", "properties": { "class_id": 3, "area_m2": 2175599.1751912073, "class_name": "Normal", "index": "NDII", "min_value": null, "max_value": null }, "geometry": { "type": "Polygon", "coordinates": [ [ [ -89.49865260118392, 13.654961624564287 ], [ -89.485177933559058, 13.65496162456428 ], [ -89.485177933559058, 13.641486956939413 ], [ -89.49865260118392, 13.641486956939415 ], [ -89.49865260118392, 13.654961624564287 ] ] ] } },
{ "type": "Feature", "properties": { "class_id": 3, "area_m2": 2176168.7385334186, "class_name": "Normal", "index": "NDII", "min_value": null, "max_value": null }, "geometry": { "type": "Polygon", "coordinates": [ [ [ -89.673823280307161, 13.65496162456428 ], [ -89.660348612682313, 13.654961624564278 ], [ -89.660348612682313, 13.641486956939413 ], [ -89.673823280307161, 13.641486956939413 ], [ -89.673823280307161, 13.65496162456428 ] ] ] } },
{ "type": "Feature", "properties": { "class_id": 3, "area_m2": 2175435.3757283222, "class_name": "Normal", "index": "NDII", "min_value": null, "max_value": null }, "geometry": { "type": "Polygon", "coordinates": [ [ [ -89.485177933559058, 13.66843629218914 ], [ -89.471703265934181, 13.66843629218914 ], [ -89.471703265934181, 13.654961624564274 ], [ -89.485177933559058, 13.65496162456428 ], [ -89.485177933559058, 13.66843629218914 ] ] ] } },
{ "type": "Feature", "properties": { "class_id": 3, "area_m2": 180546178.47247162, "class_name": "Normal", "index": "NDII", "min_value": null, "max_value": null }, "geometry": { "type": "Polygon", "coordinates": [ [ [ -89.579500606933109, 13.722334962688606 ], [ -89.606449942182834, 13.722334962688606 ], [ -89.606449942182834, 13.695385627438874 ], [ -89.592975274557972, 13.695385627438876 ], [ -89.592975274557972, 13.681910959814013 ], [ -89.606449942182834, 13.681910959814008 ], [ -89.606449942182834, 13.668436292189138 ], [ -89.592975274557972, 13.668436292189137 ], [ -89.592975274557972, 13.628012289314547 ], [ -89.606449942182834, 13.628012289314546 ], [ -89.606449942182834, 13.65496162456428 ], [ -89.619924609807711, 13.654961624564283 ], [ -89.619924609807711, 13.61453762168968 ], [ -89.633399277432574, 13.61453762168968 ], [ -89.633399277432574, 13.668436292189146 ], [ -89.619924609807711, 13.66843629218914 ], [ -89.619924609807711, 13.695385627438876 ], [ -89.633399277432574, 13.695385627438874 ], [ -89.633399277432574, 13.681910959814006 ], [ -89.646873945057436, 13.681910959814006 ], [ -89.646873945057436, 13.65496162456428 ], [ -89.660348612682313, 13.654961624564278 ], [ -89.660348612682313, 13.66843629218914 ], [ -89.687297947932038, 13.668436292189144 ], [ -89.687297947932038, 13.695385627438876 ], [ -89.714247283181763, 13.695385627438874 ], [ -89.714247283181763, 13.722334962688603 ], [ -89.687297947932038, 13.722334962688604 ], [ -89.687297947932038, 13.749284297938337 ], [ -89.673823280307161, 13.749284297938337 ], [ -89.673823280307161, 13.776233633188067 ], [ -89.633399277432574, 13.776233633188061 ], [ -89.633399277432574, 13.789708300812933 ], [ -89.660348612682313, 13.789708300812931 ], [ -89.660348612682313, 13.816657636062663 ], [ -89.646873945057436, 13.816657636062663 ], [ -89.646873945057436, 13.830132303687524 ], [ -89.633399277432574, 13.830132303687522 ], [ -89.633399277432574, 13.816657636062663 ], [ -89.606449942182834, 13.81665763606266 ], [ -89.606449942182834, 13.789708300812931 ], [ -89.592975274557972, 13.789708300812933 ], [ -89.592975274557972, 13.81665763606266 ], [ -89.579500606933109, 13.816657636062665 ], [ -89.579500606933109, 13.803182968437797 ], [ -89.539076604058522, 13.803182968437797 ], [ -89.539076604058522, 13.789708300812931 ], [ -89.552551271683384, 13.789708300812933 ], [ -89.552551271683384, 13.776233633188067 ], [ -89.539076604058522, 13.776233633188065 ], [ -89.539076604058522, 13.762758965563201 ], [ -89.552551271683384, 13.762758965563197 ], [ -89.552551271683384, 13.749284297938337 ], [ -89.566025939308247, 13.749284297938337 ], [ -89.566025939308247, 13.762758965563203 ], [ -89.592975274557972, 13.762758965563199 ], [ -89.592975274557972, 13.735809630313476 ], [ -89.579500606933109, 13.735809630313469 ], [ -89.579500606933109, 13.722334962688606 ] ], [ [ -89.619924609807711, 13.789708300812933 ], [ -89.619924609807711, 13.776233633188063 ], [ -89.606449942182834, 13.776233633188067 ], [ -89.606449942182834, 13.789708300812931 ], [ -89.619924609807711, 13.789708300812933 ] ], [ [ -89.660348612682313, 13.722334962688603 ], [ -89.660348612682313, 13.73580963031347 ], [ -89.673823280307161, 13.735809630313469 ], [ -89.673823280307161, 13.722334962688608 ], [ -89.660348612682313, 13.722334962688603 ] ], [ [ -89.633399277432574, 13.70886029506374 ], [ -89.633399277432574, 13.735809630313469 ], [ -89.646873945057436, 13.735809630313469 ], [ -89.646873945057436, 13.708860295063735 ], [ -89.633399277432574, 13.70886029506374 ] ] ] } },
{ "type": "Feature", "properties": { "class_id": 3, "area_m2": 2174416.6535226242, "class_name": "Normal", "index": "NDII", "min_value": null, "max_value": null }, "geometry": { "type": "Polygon", "coordinates": [ [ [ -89.336956589685542, 13.722334962688606 ], [ -89.350431257310419, 13.722334962688604 ], [ -89.350431257310419, 13.735809630313467 ], [ -89.336956589685542, 13.735809630313474 ], [ -89.336956589685542, 13.722334962688606 ] ] ] } },
{ "type": "Feature", "properties": { "class_id": 3, "area_m2": 4349293.4045620272, "class_name": "Normal", "index": "NDII", "min_value": null, "max_value": null }, "geometry": { "type": "Polygon", "coordinates": [ [ [ -89.525601936433645, 13.776233633188063 ], [ -89.512127268808783, 13.776233633188063 ], [ -89.512127268808783, 13.749284297938333 ], [ -89.525601936433645, 13.749284297938337 ], [ -89.525601936433645, 13.776233633188063 ] ] ] } },
{ "type": "Feature", "properties": { "class_id": 3, "area_m2": 2174297.3865571031, "class_name": "Normal", "index": "NDII", "min_value": null, "max_value": null }, "geometry": { "type": "Polygon", "coordinates": [ [ [ -89.512127268808783, 13.803182968437797 ], [ -89.49865260118392, 13.803182968437797 ], [ -89.49865260118392, 13.789708300812931 ], [ -89.512127268808783, 13.789708300812929 ], [ -89.512127268808783, 13.803182968437797 ] ] ] } },
{ "type": "Feature", "properties": { "class_id": 3, "area_m2": 6522030.9305244051, "class_name": "Normal", "index": "NDII", "min_value": null, "max_value": null }, "geometry": { "type": "Polygon", "coordinates": [ [ [ -89.471703265934181, 13.803182968437794 ], [ -89.485177933559058, 13.803182968437797 ], [ -89.485177933559058, 13.830132303687526 ], [ -89.458228598309319, 13.830132303687524 ], [ -89.458228598309319, 13.816657636062661 ], [ -89.471703265934181, 13.816657636062663 ], [ -89.471703265934181, 13.803182968437794 ] ] ] } },
{ "type": "Feature", "properties": { "class_id": 3, "area_m2": 2174051.4468778078, "class_name": "Normal", "index": "NDII", "min_value": null, "max_value": null }, "geometry": { "type": "Polygon", "coordinates": [ [ [ -89.49865260118392, 13.816657636062663 ], [ -89.512127268808783, 13.816657636062667 ], [ -89.512127268808783, 13.830132303687524 ], [ -89.49865260118392, 13.830132303687527 ], [ -89.49865260118392, 13.816657636062663 ] ] ] } },
{ "type": "Feature", "properties": { "class_id": 3, "area_m2": 4348316.6978836702, "class_name": "Normal", "index": "NDII", "min_value": null, "max_value": null }, "geometry": { "type": "Polygon", "coordinates": [ [ [ -89.525601936433645, 13.81665763606266 ], [ -89.552551271683384, 13.81665763606266 ], [ -89.552551271683384, 13.830132303687524 ], [ -89.525601936433645, 13.830132303687522 ], [ -89.525601936433645, 13.81665763606266 ] ] ] } },
{ "type": "Feature", "properties": { "class_id": 3, "area_m2": 2174409.0767629179, "class_name": "Normal", "index": "NDII", "min_value": null, "max_value": null }, "geometry": { "type": "Polygon", "coordinates": [ [ [ -89.660348612682313, 13.84360697131239 ], [ -89.646873945057436, 13.843606971312393 ], [ -89.646873945057436, 13.830132303687524 ], [ -89.660348612682313, 13.830132303687524 ], [ -89.660348612682313, 13.84360697131239 ] ] ] } },
{ "type": "Feature", "properties": { "class_id": 3, "area_m2": 167351981.36442938, "class_name": "Normal", "index": "NDII", "min_value": null, "max_value": null }, "geometry": { "type": "Polygon", "coordinates": [ [ [ -89.417804595434731, 13.722334962688603 ], [ -89.417804595434731, 13.749284297938333 ], [ -89.431279263059594, 13.749284297938337 ], [ -89.431279263059594, 13.762758965563203 ], [ -89.458228598309319, 13.762758965563203 ], [ -89.458228598309319, 13.816657636062661 ], [ -89.444753930684456, 13.816657636062658 ], [ -89.444753930684456, 13.789708300812933 ], [ -89.431279263059594, 13.789708300812933 ], [ -89.431279263059594, 13.803182968437797 ], [ -89.417804595434731, 13.803182968437797 ], [ -89.417804595434731, 13.830132303687522 ], [ -89.404329927809869, 13.830132303687524 ], [ -89.404329927809869, 13.84360697131239 ], [ -89.390855260184992, 13.84360697131239 ], [ -89.390855260184992, 13.897505641811854 ], [ -89.377380592560129, 13.897505641811852 ], [ -89.377380592560129, 13.91098030943672 ], [ -89.390855260184992, 13.91098030943672 ], [ -89.390855260184992, 13.924454977061581 ], [ -89.417804595434731, 13.924454977061579 ], [ -89.417804595434731, 13.951404312311315 ], [ -89.404329927809869, 13.951404312311315 ], [ -89.404329927809869, 13.937929644686449 ], [ -89.390855260184992, 13.937929644686443 ], [ -89.390855260184992, 13.964878979936181 ], [ -89.377380592560129, 13.964878979936184 ], [ -89.377380592560129, 13.951404312311311 ], [ -89.363905924935267, 13.951404312311311 ], [ -89.363905924935267, 13.964878979936181 ], [ -89.336956589685542, 13.964878979936183 ], [ -89.336956589685542, 13.951404312311309 ], [ -89.310007254435803, 13.951404312311315 ], [ -89.310007254435803, 13.93792964468645 ], [ -89.323481922060665, 13.93792964468645 ], [ -89.323481922060665, 13.910980309436724 ], [ -89.310007254435803, 13.91098030943672 ], [ -89.310007254435803, 13.897505641811851 ], [ -89.29653258681094, 13.897505641811852 ], [ -89.29653258681094, 13.884030974186986 ], [ -89.323481922060665, 13.88403097418699 ], [ -89.323481922060665, 13.897505641811852 ], [ -89.336956589685542, 13.897505641811852 ], [ -89.336956589685542, 13.88403097418699 ], [ -89.350431257310419, 13.884030974186988 ], [ -89.350431257310419, 13.870556306562117 ], [ -89.363905924935267, 13.870556306562124 ], [ -89.363905924935267, 13.843606971312393 ], [ -89.350431257310419, 13.843606971312392 ], [ -89.350431257310419, 13.789708300812933 ], [ -89.377380592560129, 13.789708300812928 ], [ -89.377380592560129, 13.776233633188065 ], [ -89.390855260184992, 13.776233633188069 ], [ -89.390855260184992, 13.762758965563203 ], [ -89.404329927809869, 13.762758965563206 ], [ -89.404329927809869, 13.735809630313472 ], [ -89.390855260184992, 13.735809630313467 ], [ -89.390855260184992, 13.749284297938337 ], [ -89.377380592560129, 13.749284297938337 ], [ -89.377380592560129, 13.722334962688604 ], [ -89.417804595434731, 13.722334962688603 ] ], [ [ -89.336956589685542, 13.91098030943672 ], [ -89.350431257310419, 13.91098030943672 ], [ -89.350431257310419, 13.897505641811851 ], [ -89.336956589685542, 13.897505641811852 ], [ -89.336956589685542, 13.91098030943672 ] ], [ [ -89.363905924935267, 13.81665763606266 ], [ -89.363905924935267, 13.83013230368752 ], [ -89.390855260184992, 13.830132303687526 ], [ -89.390855260184992, 13.816657636062665 ], [ -89.363905924935267, 13.81665763606266 ] ] ] } },
{ "type": "Feature", "properties": { "class_id": 3, "area_m2": 4347314.5923149418, "class_name": "Normal", "index": "NDII", "min_value": null, "max_value": null }, "geometry": { "type": "Polygon", "coordinates": [ [ [ -89.431279263059594, 13.830132303687527 ], [ -89.444753930684456, 13.830132303687519 ], [ -89.444753930684456, 13.85708163893726 ], [ -89.431279263059594, 13.857081638937258 ], [ -89.431279263059594, 13.830132303687527 ] ] ] } },
{ "type": "Feature", "properties": { "class_id": 3, "area_m2": 4347483.3795464775, "class_name": "Normal", "index": "NDII", "min_value": null, "max_value": null }, "geometry": { "type": "Polygon", "coordinates": [ [ [ -89.49865260118392, 13.857081638937258 ], [ -89.471703265934181, 13.857081638937258 ], [ -89.471703265934181, 13.843606971312388 ], [ -89.49865260118392, 13.843606971312392 ], [ -89.49865260118392, 13.857081638937258 ] ] ] } },
{ "type": "Feature", "properties": { "class_id": 3, "area_m2": 2173724.1966223586, "class_name": "Normal", "index": "NDII", "min_value": null, "max_value": null }, "geometry": { "type": "Polygon", "coordinates": [ [ [ -89.512127268808783, 13.857081638937261 ], [ -89.525601936433645, 13.857081638937258 ], [ -89.525601936433645, 13.87055630656212 ], [ -89.512127268808783, 13.870556306562124 ], [ -89.512127268808783, 13.857081638937261 ] ] ] } },
{ "type": "Feature", "properties": { "class_id": 3, "area_m2": 6521429.5656932136, "class_name": "Normal", "index": "NDII", "min_value": null, "max_value": null }, "geometry": { "type": "Polygon", "coordinates": [ [ [ -89.539076604058522, 13.84360697131239 ], [ -89.552551271683384, 13.84360697131239 ], [ -89.552551271683384, 13.884030974186985 ], [ -89.539076604058522, 13.884030974186985 ], [ -89.539076604058522, 13.84360697131239 ] ] ] } },
{ "type": "Feature", "properties": { "class_id": 3, "area_m2": 15218016.541844115, "class_name": "Normal", "index": "NDII", "min_value": null, "max_value": null }, "geometry": { "type": "Polygon", "coordinates": [ [ [ -89.646873945057436, 13.897505641811851 ], [ -89.633399277432574, 13.897505641811854 ], [ -89.633399277432574, 13.870556306562124 ], [ -89.619924609807711, 13.870556306562122 ], [ -89.619924609807711, 13.857081638937258 ], [ -89.646873945057436, 13.857081638937258 ], [ -89.646873945057436, 13.870556306562124 ], [ -89.673823280307161, 13.870556306562124 ], [ -89.673823280307161, 13.897505641811854 ], [ -89.660348612682313, 13.897505641811851 ], [ -89.660348612682313, 13.88403097418699 ], [ -89.646873945057436, 13.884030974186983 ], [ -89.646873945057436, 13.897505641811851 ] ] ] } },
{ "type": "Feature", "properties": { "class_id": 3, "area_m2": 2173606.0272923838, "class_name": "Normal", "index": "NDII", "min_value": null, "max_value": null }, "geometry": { "type": "Polygon", "coordinates": [ [ [ -89.566025939308247, 13.897505641811854 ], [ -89.552551271683384, 13.897505641811852 ], [ -89.552551271683384, 13.884030974186985 ], [ -89.566025939308247, 13.88403097418699 ], [ -89.566025939308247, 13.897505641811854 ] ] ] } },
{ "type": "Feature", "properties": { "class_id": 3, "area_m2": 4347350.2634572713, "class_name": "Normal", "index": "NDII", "min_value": null, "max_value": null }, "geometry": { "type": "Polygon", "coordinates": [ [ [ -89.606449942182834, 13.91098030943672 ], [ -89.592975274557972, 13.91098030943672 ], [ -89.592975274557972, 13.88403097418699 ], [ -89.606449942182834, 13.884030974186985 ], [ -89.606449942182834, 13.91098030943672 ] ] ] } },
{ "type": "Feature", "properties": { "class_id": 3, "area_m2": 2173142.9932704503, "class_name": "Normal", "index": "NDII", "min_value": null, "max_value": null }, "geometry": { "type": "Polygon", "coordinates": [ [ [ -89.444753930684456, 13.897505641811849 ], [ -89.458228598309319, 13.897505641811854 ], [ -89.458228598309319, 13.91098030943672 ], [ -89.444753930684456, 13.910980309436718 ], [ -89.444753930684456, 13.897505641811849 ] ] ] } },
{ "type": "Feature", "properties": { "class_id": 3, "area_m2": 2173102.5942292698, "class_name": "Normal", "index": "NDII", "min_value": null, "max_value": null }, "geometry": { "type": "Polygon", "coordinates": [ [ [ -89.471703265934181, 13.91098030943672 ], [ -89.485177933559058, 13.91098030943672 ], [ -89.485177933559058, 13.924454977061584 ], [ -89.471703265934181, 13.924454977061584 ], [ -89.471703265934181, 13.91098030943672 ] ] ] } },
{ "type": "Feature", "properties": { "class_id": 3, "area_m2": 4347111.3552800268, "class_name": "Normal", "index": "NDII", "min_value": null, "max_value": null }, "geometry": { "type": "Polygon", "coordinates": [ [ [ -89.633399277432574, 13.924454977061584 ], [ -89.606449942182834, 13.924454977061584 ], [ -89.606449942182834, 13.91098030943672 ], [ -89.633399277432574, 13.91098030943672 ], [ -89.633399277432574, 13.924454977061584 ] ] ] } },
{ "type": "Feature", "properties": { "class_id": 3, "area_m2": 15208753.678432815, "class_name": "Normal", "index": "NDII", "min_value": null, "max_value": null }, "geometry": { "type": "Polygon", "coordinates": [ [ [ -89.592975274557972, 14.032252318060507 ], [ -89.579500606933109, 14.032252318060507 ], [ -89.579500606933109, 14.005302982810775 ], [ -89.606449942182834, 14.005302982810772 ], [ -89.606449942182834, 13.991828315185909 ], [ -89.633399277432574, 13.991828315185913 ], [ -89.633399277432574, 14.018777650435643 ], [ -89.592975274557972, 14.018777650435645 ], [ -89.592975274557972, 14.032252318060507 ] ] ] } },
{ "type": "Feature", "properties": { "class_id": 3, "area_m2": 4345727.8835734706, "class_name": "Normal", "index": "NDII", "min_value": null, "max_value": null }, "geometry": { "type": "Polygon", "coordinates": [ [ [ -89.687297947932038, 14.018777650435641 ], [ -89.660348612682313, 14.018777650435641 ], [ -89.660348612682313, 14.005302982810772 ], [ -89.687297947932038, 14.005302982810772 ], [ -89.687297947932038, 14.018777650435641 ] ] ] } },
{ "type": "Feature", "properties": { "class_id": 3, "area_m2": 2172412.9190383125, "class_name": "Normal", "index": "NDII", "min_value": null, "max_value": null }, "geometry": { "type": "Polygon", "coordinates": [ [ [ -89.606449942182834, 14.032252318060507 ], [ -89.619924609807711, 14.032252318060504 ], [ -89.619924609807711, 14.045726985685365 ], [ -89.606449942182834, 14.045726985685373 ], [ -89.606449942182834, 14.032252318060507 ] ] ] } },
{ "type": "Feature", "properties": { "class_id": 3, "area_m2": 2172591.4088346539, "class_name": "Normal", "index": "NDII", "min_value": null, "max_value": null }, "geometry": { "type": "Polygon", "coordinates": [ [ [ -89.660348612682313, 14.032252318060502 ], [ -89.673823280307161, 14.032252318060511 ], [ -89.673823280307161, 14.045726985685366 ], [ -89.660348612682313, 14.045726985685366 ], [ -89.660348612682313, 14.032252318060502 ] ] ] } },
{ "type": "Feature", "properties": { "class_id": 3, "area_m2": 19548779.357106443, "class_name": "Normal", "index": "NDII", "min_value": null, "max_value": null }, "geometry": { "type": "Polygon", "coordinates": [ [ [ -89.566025939308247, 14.032252318060504 ], [ -89.579500606933109, 14.032252318060507 ], [ -89.579500606933109, 14.059201653310234 ], [ -89.592975274557972, 14.059201653310232 ], [ -89.592975274557972, 14.086150988559968 ], [ -89.579500606933109, 14.086150988559972 ], [ -89.579500606933109, 14.072676320935102 ], [ -89.539076604058522, 14.072676320935104 ], [ -89.539076604058522, 14.045726985685373 ], [ -89.566025939308247, 14.045726985685366 ], [ -89.566025939308247, 14.032252318060504 ] ] ] } },
{ "type": "Feature", "properties": { "class_id": 3, "area_m2": 2171859.1685471791, "class_name": "Normal", "index": "NDII", "min_value": null, "max_value": null }, "geometry": { "type": "Polygon", "coordinates": [ [ [ -89.525601936433645, 14.072676320935102 ], [ -89.512127268808783, 14.072676320935102 ], [ -89.512127268808783, 14.059201653310236 ], [ -89.525601936433645, 14.059201653310238 ], [ -89.525601936433645, 14.072676320935102 ] ] ] } },
{ "type": "Feature", "properties": { "class_id": 3, "area_m2": 4344118.8531659758, "class_name": "Normal", "index": "NDII", "min_value": null, "max_value": null }, "geometry": { "type": "Polygon", "coordinates": [ [ [ -89.633399277432574, 14.086150988559966 ], [ -89.606449942182834, 14.086150988559972 ], [ -89.606449942182834, 14.072676320935102 ], [ -89.633399277432574, 14.072676320935102 ], [ -89.633399277432574, 14.086150988559966 ] ] ] } },
{ "type": "Feature", "properties": { "class_id": 3, "area_m2": 2172045.2523772572, "class_name": "Normal", "index": "NDII", "min_value": null, "max_value": null }, "geometry": { "type": "Polygon", "coordinates": [ [ [ -89.646873945057436, 14.086150988559965 ], [ -89.660348612682313, 14.086150988559968 ], [ -89.660348612682313, 14.099625656184834 ], [ -89.646873945057436, 14.099625656184831 ], [ -89.646873945057436, 14.086150988559965 ] ] ] } },
{ "type": "Feature", "properties": { "class_id": 3, "area_m2": 4342252.1653568307, "class_name": "Normal", "index": "NDII", "min_value": null, "max_value": null }, "geometry": { "type": "Polygon", "coordinates": [ [ [ -89.471703265934181, 14.126574991434564 ], [ -89.49865260118392, 14.126574991434564 ], [ -89.49865260118392, 14.140049659059423 ], [ -89.471703265934181, 14.140049659059429 ], [ -89.471703265934181, 14.126574991434564 ] ] ] } },
{ "type": "Feature", "properties": { "class_id": 3, "area_m2": 91194743.157828674, "class_name": "Normal", "index": "NDII", "min_value": null, "max_value": null }, "geometry": { "type": "Polygon", "coordinates": [ [ [ -89.633399277432574, 14.099625656184836 ], [ -89.646873945057436, 14.099625656184831 ], [ -89.646873945057436, 14.113100323809698 ], [ -89.660348612682313, 14.113100323809695 ], [ -89.660348612682313, 14.126574991434564 ], [ -89.673823280307161, 14.126574991434564 ], [ -89.673823280307161, 14.140049659059429 ], [ -89.687297947932038, 14.140049659059429 ], [ -89.687297947932038, 14.153524326684289 ], [ -89.673823280307161, 14.153524326684289 ], [ -89.673823280307161, 14.180473661934023 ], [ -89.660348612682313, 14.180473661934025 ], [ -89.660348612682313, 14.166998994309157 ], [ -89.646873945057436, 14.166998994309159 ], [ -89.646873945057436, 14.153524326684288 ], [ -89.633399277432574, 14.153524326684295 ], [ -89.633399277432574, 14.166998994309159 ], [ -89.592975274557972, 14.166998994309155 ], [ -89.592975274557972, 14.207422997183754 ], [ -89.552551271683384, 14.207422997183754 ], [ -89.552551271683384, 14.220897664808616 ], [ -89.539076604058522, 14.220897664808625 ], [ -89.539076604058522, 14.166998994309155 ], [ -89.552551271683384, 14.166998994309155 ], [ -89.552551271683384, 14.153524326684289 ], [ -89.566025939308247, 14.153524326684295 ], [ -89.566025939308247, 14.140049659059432 ], [ -89.579500606933109, 14.140049659059429 ], [ -89.579500606933109, 14.099625656184831 ], [ -89.592975274557972, 14.099625656184834 ], [ -89.592975274557972, 14.113100323809695 ], [ -89.633399277432574, 14.113100323809697 ], [ -89.633399277432574, 14.099625656184836 ] ], [ [ -89.660348612682313, 14.153524326684295 ], [ -89.660348612682313, 14.140049659059429 ], [ -89.646873945057436, 14.140049659059427 ], [ -89.646873945057436, 14.153524326684288 ], [ -89.660348612682313, 14.153524326684295 ] ], [ [ -89.646873945057436, 14.126574991434564 ], [ -89.633399277432574, 14.126574991434564 ], [ -89.633399277432574, 14.140049659059423 ], [ -89.646873945057436, 14.140049659059427 ], [ -89.646873945057436, 14.126574991434564 ] ], [ [ -89.606449942182834, 14.153524326684291 ], [ -89.606449942182834, 14.12657499143457 ], [ -89.592975274557972, 14.126574991434564 ], [ -89.592975274557972, 14.153524326684295 ], [ -89.606449942182834, 14.153524326684291 ] ] ] } },
{ "type": "Feature", "properties": { "class_id": 3, "area_m2": 6513600.7284659483, "class_name": "Normal", "index": "NDII", "min_value": null, "max_value": null }, "geometry": { "type": "Polygon", "coordinates": [ [ [ -89.646873945057436, 14.166998994309159 ], [ -89.646873945057436, 14.180473661934025 ], [ -89.660348612682313, 14.180473661934025 ], [ -89.660348612682313, 14.193948329558886 ], [ -89.633399277432574, 14.193948329558889 ], [ -89.633399277432574, 14.166998994309159 ], [ -89.646873945057436, 14.166998994309159 ] ] ] } },
{ "type": "Feature", "properties": { "class_id": 3, "area_m2": 6510778.4458801458, "class_name": "Normal", "index": "NDII", "min_value": null, "max_value": null }, "geometry": { "type": "Polygon", "coordinates": [ [ [ -89.512127268808783, 14.234372332433486 ], [ -89.525601936433645, 14.234372332433486 ], [ -89.525601936433645, 14.247847000058346 ], [ -89.49865260118392, 14.247847000058352 ], [ -89.49865260118392, 14.22089766480862 ], [ -89.512127268808783, 14.220897664808623 ], [ -89.512127268808783, 14.234372332433486 ] ] ] } },
{ "type": "Feature", "properties": { "class_id": 3, "area_m2": 2170095.0087140705, "class_name": "Normal", "index": "NDII", "min_value": null, "max_value": null }, "geometry": { "type": "Polygon", "coordinates": [ [ [ -89.471703265934181, 14.234372332433486 ], [ -89.485177933559058, 14.234372332433486 ], [ -89.485177933559058, 14.247847000058352 ], [ -89.471703265934181, 14.247847000058346 ], [ -89.471703265934181, 14.234372332433486 ] ] ] } },
{ "type": "Feature", "properties": { "class_id": 3, "area_m2": 2169883.1737805647, "class_name": "Normal", "index": "NDII", "min_value": null, "max_value": null }, "geometry": { "type": "Polygon", "coordinates": [ [ [ -89.485177933559058, 14.261321667683216 ], [ -89.49865260118392, 14.261321667683211 ], [ -89.49865260118392, 14.274796335308082 ], [ -89.485177933559058, 14.274796335308078 ], [ -89.485177933559058, 14.261321667683216 ] ] ] } },
{ "type": "Feature", "properties": { "class_id": 3, "area_m2": 4339978.6990912659, "class_name": "Normal", "index": "NDII", "min_value": null, "max_value": null }, "geometry": { "type": "Polygon", "coordinates": [ [ [ -89.552551271683384, 14.288271002932946 ], [ -89.539076604058522, 14.288271002932948 ], [ -89.539076604058522, 14.261321667683216 ], [ -89.552551271683384, 14.261321667683214 ], [ -89.552551271683384, 14.288271002932946 ] ] ] } },
{ "type": "Feature", "properties": { "class_id": 3, "area_m2": 2169671.0651368275, "class_name": "Normal", "index": "NDII", "min_value": null, "max_value": null }, "geometry": { "type": "Polygon", "coordinates": [ [ [ -89.512127268808783, 14.301745670557811 ], [ -89.49865260118392, 14.301745670557809 ], [ -89.49865260118392, 14.288271002932946 ], [ -89.512127268808783, 14.288271002932946 ], [ -89.512127268808783, 14.301745670557811 ] ] ] } },
{ "type": "Feature", "properties": { "class_id": 3, "area_m2": 6508520.0175827453, "class_name": "Normal", "index": "NDII", "min_value": null, "max_value": null }, "geometry": { "type": "Polygon", "coordinates": [ [ [ -89.458228598309319, 14.288271002932948 ], [ -89.485177933559058, 14.288271002932946 ], [ -89.485177933559058, 14.315220338182675 ], [ -89.471703265934181, 14.315220338182669 ], [ -89.471703265934181, 14.301745670557812 ], [ -89.458228598309319, 14.301745670557812 ], [ -89.458228598309319, 14.288271002932948 ] ] ] } },
{ "type": "Feature", "properties": { "class_id": 3, "area_m2": 4338457.9204925122, "class_name": "Normal", "index": "NDII", "min_value": null, "max_value": null }, "geometry": { "type": "Polygon", "coordinates": [ [ [ -89.431279263059594, 14.315220338182678 ], [ -89.458228598309319, 14.315220338182675 ], [ -89.458228598309319, 14.328695005807539 ], [ -89.431279263059594, 14.328695005807541 ], [ -89.431279263059594, 14.315220338182678 ] ] ] } },
{ "type": "Feature", "properties": { "class_id": 3, "area_m2": 62910157.545658499, "class_name": "Normal", "index": "NDII", "min_value": null, "max_value": null }, "geometry": { "type": "Polygon", "coordinates": [ [ [ -89.49865260118392, 14.315220338182671 ], [ -89.512127268808783, 14.315220338182673 ], [ -89.512127268808783, 14.301745670557811 ], [ -89.552551271683384, 14.301745670557816 ], [ -89.552551271683384, 14.315220338182669 ], [ -89.592975274557972, 14.315220338182677 ], [ -89.592975274557972, 14.342169673432402 ], [ -89.579500606933109, 14.34216967343241 ], [ -89.579500606933109, 14.328695005807539 ], [ -89.566025939308247, 14.328695005807541 ], [ -89.566025939308247, 14.369119008682137 ], [ -89.579500606933109, 14.369119008682137 ], [ -89.579500606933109, 14.396068343931869 ], [ -89.552551271683384, 14.396068343931869 ], [ -89.552551271683384, 14.382593676307 ], [ -89.539076604058522, 14.382593676307 ], [ -89.539076604058522, 14.369119008682134 ], [ -89.49865260118392, 14.369119008682141 ], [ -89.49865260118392, 14.355644341057271 ], [ -89.512127268808783, 14.355644341057275 ], [ -89.512127268808783, 14.342169673432409 ], [ -89.49865260118392, 14.342169673432409 ], [ -89.49865260118392, 14.315220338182671 ] ], [ [ -89.539076604058522, 14.315220338182675 ], [ -89.539076604058522, 14.328695005807536 ], [ -89.552551271683384, 14.328695005807541 ], [ -89.552551271683384, 14.315220338182669 ], [ -89.539076604058522, 14.315220338182675 ] ] ] } },
{ "type": "Feature", "properties": { "class_id": 3, "area_m2": 2168455.8030530508, "class_name": "Normal", "index": "NDII", "min_value": null, "max_value": null }, "geometry": { "type": "Polygon", "coordinates": [ [ [ -89.363905924935267, 14.382593676307003 ], [ -89.350431257310419, 14.382593676307003 ], [ -89.350431257310419, 14.369119008682141 ], [ -89.363905924935267, 14.369119008682141 ], [ -89.363905924935267, 14.382593676307003 ] ] ] } },
{ "type": "Feature", "properties": { "class_id": 3, "area_m2": 10843509.56376417, "class_name": "Normal", "index": "NDII", "min_value": null, "max_value": null }, "geometry": { "type": "Polygon", "coordinates": [ [ [ -89.458228598309319, 14.369119008682144 ], [ -89.431279263059594, 14.369119008682141 ], [ -89.431279263059594, 14.396068343931876 ], [ -89.417804595434731, 14.396068343931869 ], [ -89.417804595434731, 14.355644341057268 ], [ -89.458228598309319, 14.355644341057271 ], [ -89.458228598309319, 14.369119008682144 ] ] ] } },
{ "type": "Feature", "properties": { "class_id": 3, "area_m2": 23850816.775551524, "class_name": "Normal", "index": "NDII", "min_value": null, "max_value": null }, "geometry": { "type": "Polygon", "coordinates": [ [ [ -89.404329927809869, 14.44996701443133 ], [ -89.390855260184992, 14.44996701443133 ], [ -89.390855260184992, 14.4230176791816 ], [ -89.377380592560129, 14.423017679181607 ], [ -89.377380592560129, 14.409543011556739 ], [ -89.350431257310419, 14.409543011556734 ], [ -89.350431257310419, 14.396068343931864 ], [ -89.363905924935267, 14.396068343931857 ], [ -89.363905924935267, 14.382593676307003 ], [ -89.390855260184992, 14.382593676306998 ], [ -89.390855260184992, 14.369119008682144 ], [ -89.404329927809869, 14.369119008682141 ], [ -89.404329927809869, 14.396068343931869 ], [ -89.390855260184992, 14.396068343931857 ], [ -89.390855260184992, 14.409543011556739 ], [ -89.404329927809869, 14.409543011556734 ], [ -89.404329927809869, 14.44996701443133 ] ] ] } },
{ "type": "Feature", "properties": { "class_id": 3, "area_m2": 23942771.498902287, "class_name": "Normal", "index": "NDII", "min_value": null, "max_value": null }, "geometry": { "type": "Polygon", "coordinates": [ [ [ -89.040513901938496, 13.371993604442109 ], [ -89.067463237188235, 13.371993604442109 ], [ -89.067463237188235, 13.385468272066969 ], [ -89.040513901938496, 13.385468272066969 ], [ -89.040513901938496, 13.398942939691832 ], [ -89.027039234313634, 13.398942939691839 ], [ -89.027039234313634, 13.412417607316705 ], [ -89.000089899063909, 13.412417607316705 ], [ -89.000089899063909, 13.371993604442109 ], [ -89.027039234313634, 13.371993604442114 ], [ -89.027039234313634, 13.358518936817244 ], [ -89.040513901938496, 13.358518936817241 ], [ -89.040513901938496, 13.371993604442109 ] ] ] } },
{ "type": "Feature", "properties": { "class_id": 3, "area_m2": 2176527.5035592099, "class_name": "Normal", "index": "NDII", "min_value": null, "max_value": null }, "geometry": { "type": "Polygon", "coordinates": [ [ [ -89.053988569563359, 13.398942939691841 ], [ -89.067463237188235, 13.398942939691839 ], [ -89.067463237188235, 13.4124176073167 ], [ -89.053988569563359, 13.412417607316709 ], [ -89.053988569563359, 13.398942939691841 ] ] ] } },
{ "type": "Feature", "properties": { "class_id": 3, "area_m2": 13059698.913756678, "class_name": "Normal", "index": "NDII", "min_value": null, "max_value": null }, "geometry": { "type": "Polygon", "coordinates": [ [ [ -89.067463237188235, 13.398942939691839 ], [ -89.067463237188235, 13.385468272066969 ], [ -89.09441257243796, 13.385468272066969 ], [ -89.09441257243796, 13.398942939691834 ], [ -89.121361907687685, 13.398942939691834 ], [ -89.121361907687685, 13.412417607316703 ], [ -89.107887240062837, 13.412417607316705 ], [ -89.107887240062837, 13.425892274941569 ], [ -89.09441257243796, 13.425892274941567 ], [ -89.09441257243796, 13.412417607316707 ], [ -89.080937904813098, 13.412417607316701 ], [ -89.080937904813098, 13.398942939691841 ], [ -89.067463237188235, 13.398942939691839 ] ] ] } },
{ "type": "Feature", "properties": { "class_id": 3, "area_m2": 8704976.1181983072, "class_name": "Normal", "index": "NDII", "min_value": null, "max_value": null }, "geometry": { "type": "Polygon", "coordinates": [ [ [ -89.053988569563359, 13.452841610191301 ], [ -89.053988569563359, 13.425892274941571 ], [ -89.09441257243796, 13.425892274941567 ], [ -89.09441257243796, 13.439366942566435 ], [ -89.067463237188235, 13.439366942566433 ], [ -89.067463237188235, 13.452841610191301 ], [ -89.053988569563359, 13.452841610191301 ] ] ] } },
{ "type": "Feature", "properties": { "class_id": 3, "area_m2": 21764110.400783774, "class_name": "Normal", "index": "NDII", "min_value": null, "max_value": null }, "geometry": { "type": "Polygon", "coordinates": [ [ [ -89.134836575312562, 13.466316277816164 ], [ -89.121361907687685, 13.466316277816162 ], [ -89.121361907687685, 13.452841610191305 ], [ -89.09441257243796, 13.452841610191307 ], [ -89.09441257243796, 13.439366942566435 ], [ -89.107887240062837, 13.439366942566433 ], [ -89.107887240062837, 13.425892274941569 ], [ -89.134836575312562, 13.425892274941569 ], [ -89.134836575312562, 13.412417607316701 ], [ -89.148311242937424, 13.412417607316707 ], [ -89.148311242937424, 13.425892274941569 ], [ -89.161785910562287, 13.425892274941571 ], [ -89.161785910562287, 13.439366942566433 ], [ -89.148311242937424, 13.439366942566435 ], [ -89.148311242937424, 13.452841610191303 ], [ -89.134836575312562, 13.452841610191301 ], [ -89.134836575312562, 13.466316277816164 ] ] ] } },
{ "type": "Feature", "properties": { "class_id": 3, "area_m2": 4353025.6726256022, "class_name": "Normal", "index": "NDII", "min_value": null, "max_value": null }, "geometry": { "type": "Polygon", "coordinates": [ [ [ -89.175260578187149, 13.439366942566432 ], [ -89.202209913436889, 13.439366942566432 ], [ -89.202209913436889, 13.452841610191301 ], [ -89.175260578187149, 13.452841610191301 ], [ -89.175260578187149, 13.439366942566432 ] ] ] } },
{ "type": "Feature", "properties": { "class_id": 3, "area_m2": 2176486.9156538062, "class_name": "Normal", "index": "NDII", "min_value": null, "max_value": null }, "geometry": { "type": "Polygon", "coordinates": [ [ [ -89.215684581061751, 13.452841610191301 ], [ -89.229159248686628, 13.452841610191307 ], [ -89.229159248686628, 13.466316277816167 ], [ -89.215684581061751, 13.466316277816166 ], [ -89.215684581061751, 13.452841610191301 ] ] ] } },
{ "type": "Feature", "properties": { "class_id": 3, "area_m2": 2176000.537642573, "class_name": "Normal", "index": "NDII", "min_value": null, "max_value": null }, "geometry": { "type": "Polygon", "coordinates": [ [ [ -89.09441257243796, 13.47979094544103 ], [ -89.080937904813098, 13.47979094544103 ], [ -89.080937904813098, 13.466316277816166 ], [ -89.09441257243796, 13.466316277816162 ], [ -89.09441257243796, 13.47979094544103 ] ] ] } },
{ "type": "Feature", "properties": { "class_id": 3, "area_m2": 2176443.1752719497, "class_name": "Normal", "index": "NDII", "min_value": null, "max_value": null }, "geometry": { "type": "Polygon", "coordinates": [ [ [ -89.242633916311476, 13.466316277816162 ], [ -89.256108583936339, 13.466316277816162 ], [ -89.256108583936339, 13.47979094544103 ], [ -89.242633916311476, 13.47979094544103 ], [ -89.242633916311476, 13.466316277816162 ] ] ] } },
{ "type": "Feature", "properties": { "class_id": 3, "area_m2": 28290721.154804189, "class_name": "Normal", "index": "NDII", "min_value": null, "max_value": null }, "geometry": { "type": "Polygon", "coordinates": [ [ [ -89.310007254435803, 13.547164283565358 ], [ -89.29653258681094, 13.547164283565358 ], [ -89.29653258681094, 13.533689615940489 ], [ -89.269583251561215, 13.533689615940492 ], [ -89.269583251561215, 13.493265613065901 ], [ -89.256108583936339, 13.493265613065899 ], [ -89.256108583936339, 13.47979094544103 ], [ -89.310007254435803, 13.479790945441032 ], [ -89.310007254435803, 13.506740280690762 ], [ -89.29653258681094, 13.506740280690762 ], [ -89.29653258681094, 13.520214948315624 ], [ -89.310007254435803, 13.52021494831563 ], [ -89.310007254435803, 13.547164283565358 ] ] ] } },
{ "type": "Feature", "properties": { "class_id": 3, "area_m2": 10878539.244279047, "class_name": "Normal", "index": "NDII", "min_value": null, "max_value": null }, "geometry": { "type": "Polygon", "coordinates": [ [ [ -89.336956589685542, 13.560638951190221 ], [ -89.350431257310419, 13.560638951190223 ], [ -89.350431257310419, 13.587588286439953 ], [ -89.336956589685542, 13.587588286439953 ], [ -89.336956589685542, 13.601062954064819 ], [ -89.323481922060665, 13.601062954064817 ], [ -89.323481922060665, 13.587588286439953 ], [ -89.310007254435803, 13.587588286439958 ], [ -89.310007254435803, 13.574113618815087 ], [ -89.336956589685542, 13.574113618815083 ], [ -89.336956589685542, 13.560638951190221 ] ] ] } },
{ "type": "Feature", "properties": { "class_id": 3, "area_m2": 2174882.1203135145, "class_name": "Normal", "index": "NDII", "min_value": null, "max_value": null }, "geometry": { "type": "Polygon", "coordinates": [ [ [ -89.067463237188235, 13.587588286439953 ], [ -89.080937904813098, 13.587588286439953 ], [ -89.080937904813098, 13.601062954064815 ], [ -89.067463237188235, 13.601062954064817 ], [ -89.067463237188235, 13.587588286439953 ] ] ] } },
{ "type": "Feature", "properties": { "class_id": 3, "area_m2": 2175276.7303542127, "class_name": "Normal", "index": "NDII", "min_value": null, "max_value": null }, "geometry": { "type": "Polygon", "coordinates": [ [ [ -89.256108583936339, 13.601062954064822 ], [ -89.269583251561215, 13.601062954064812 ], [ -89.269583251561215, 13.614537621689678 ], [ -89.256108583936339, 13.614537621689683 ], [ -89.256108583936339, 13.601062954064822 ] ] ] } },
{ "type": "Feature", "properties": { "class_id": 3, "area_m2": 2174912.9793101144, "class_name": "Normal", "index": "NDII", "min_value": null, "max_value": null }, "geometry": { "type": "Polygon", "coordinates": [ [ [ -89.269583251561215, 13.654961624564283 ], [ -89.256108583936339, 13.65496162456428 ], [ -89.256108583936339, 13.641486956939412 ], [ -89.269583251561215, 13.641486956939412 ], [ -89.269583251561215, 13.654961624564283 ] ] ] } },
{ "type": "Feature", "properties": { "class_id": 3, "area_m2": 2174528.2786487057, "class_name": "Normal", "index": "NDII", "min_value": null, "max_value": null }, "geometry": { "type": "Polygon", "coordinates": [ [ [ -89.175260578187149, 13.668436292189146 ], [ -89.161785910562287, 13.668436292189142 ], [ -89.161785910562287, 13.654961624564283 ], [ -89.175260578187149, 13.65496162456428 ], [ -89.175260578187149, 13.668436292189146 ] ] ] } },
{ "type": "Feature", "properties": { "class_id": 3, "area_m2": 10870563.571958061, "class_name": "Normal", "index": "NDII", "min_value": null, "max_value": null }, "geometry": { "type": "Polygon", "coordinates": [ [ [ -89.040513901938496, 13.65496162456428 ], [ -89.067463237188235, 13.654961624564276 ], [ -89.067463237188235, 13.695385627438874 ], [ -89.053988569563359, 13.695385627438879 ], [ -89.053988569563359, 13.681910959814013 ], [ -89.040513901938496, 13.681910959814006 ], [ -89.040513901938496, 13.65496162456428 ] ] ] } },
{ "type": "Feature", "properties": { "class_id": 3, "area_m2": 2174443.626309562, "class_name": "Normal", "index": "NDII", "min_value": null, "max_value": null }, "geometry": { "type": "Polygon", "coordinates": [ [ [ -89.175260578187149, 13.668436292189146 ], [ -89.188735245812012, 13.668436292189137 ], [ -89.188735245812012, 13.681910959814006 ], [ -89.175260578187149, 13.681910959814006 ], [ -89.175260578187149, 13.668436292189146 ] ] ] } },
{ "type": "Feature", "properties": { "class_id": 3, "area_m2": 2174786.1176881716, "class_name": "Normal", "index": "NDII", "min_value": null, "max_value": null }, "geometry": { "type": "Polygon", "coordinates": [ [ [ -89.29653258681094, 13.668436292189144 ], [ -89.310007254435803, 13.668436292189138 ], [ -89.310007254435803, 13.68191095981401 ], [ -89.29653258681094, 13.68191095981401 ], [ -89.29653258681094, 13.668436292189144 ] ] ] } },
{ "type": "Feature", "properties": { "class_id": 3, "area_m2": 6523777.1514535146, "class_name": "Normal", "index": "NDII", "min_value": null, "max_value": null }, "geometry": { "type": "Polygon", "coordinates": [ [ [ -89.256108583936339, 13.66843629218914 ], [ -89.269583251561215, 13.668436292189146 ], [ -89.269583251561215, 13.695385627438874 ], [ -89.242633916311476, 13.695385627438876 ], [ -89.242633916311476, 13.68191095981401 ], [ -89.256108583936339, 13.68191095981401 ], [ -89.256108583936339, 13.66843629218914 ] ] ] } },
{ "type": "Feature", "properties": { "class_id": 3, "area_m2": 2173841.5140954549, "class_name": "Normal", "index": "NDII", "min_value": null, "max_value": null }, "geometry": { "type": "Polygon", "coordinates": [ [ [ -89.053988569563359, 13.70886029506374 ], [ -89.040513901938496, 13.708860295063738 ], [ -89.040513901938496, 13.695385627438874 ], [ -89.053988569563359, 13.695385627438879 ], [ -89.053988569563359, 13.70886029506374 ] ] ] } },
{ "type": "Feature", "properties": { "class_id": 3, "area_m2": 4348352.5425925786, "class_name": "Normal", "index": "NDII", "min_value": null, "max_value": null }, "geometry": { "type": "Polygon", "coordinates": [ [ [ -89.202209913436889, 13.722334962688601 ], [ -89.188735245812012, 13.722334962688606 ], [ -89.188735245812012, 13.695385627438874 ], [ -89.202209913436889, 13.695385627438874 ], [ -89.202209913436889, 13.722334962688601 ] ] ] } },
{ "type": "Feature", "properties": { "class_id": 3, "area_m2": 2174381.5831256812, "class_name": "Normal", "index": "NDII", "min_value": null, "max_value": null }, "geometry": { "type": "Polygon", "coordinates": [ [ [ -89.283057919186078, 13.70886029506374 ], [ -89.29653258681094, 13.708860295063742 ], [ -89.29653258681094, 13.722334962688608 ], [ -89.283057919186078, 13.722334962688603 ], [ -89.283057919186078, 13.70886029506374 ] ] ] } },
{ "type": "Feature", "properties": { "class_id": 3, "area_m2": 91294126.879631609, "class_name": "Normal", "index": "NDII", "min_value": null, "max_value": null }, "geometry": { "type": "Polygon", "coordinates": [ [ [ -89.067463237188235, 13.722334962688604 ], [ -89.080937904813098, 13.722334962688608 ], [ -89.080937904813098, 13.708860295063744 ], [ -89.134836575312562, 13.708860295063744 ], [ -89.134836575312562, 13.641486956939417 ], [ -89.148311242937424, 13.641486956939412 ], [ -89.148311242937424, 13.668436292189142 ], [ -89.161785910562287, 13.668436292189142 ], [ -89.161785910562287, 13.695385627438874 ], [ -89.148311242937424, 13.695385627438876 ], [ -89.148311242937424, 13.722334962688601 ], [ -89.161785910562287, 13.722334962688606 ], [ -89.161785910562287, 13.749284297938337 ], [ -89.148311242937424, 13.749284297938337 ], [ -89.148311242937424, 13.762758965563203 ], [ -89.134836575312562, 13.762758965563199 ], [ -89.134836575312562, 13.77623363318807 ], [ -89.121361907687685, 13.776233633188069 ], [ -89.121361907687685, 13.803182968437795 ], [ -89.107887240062837, 13.803182968437797 ], [ -89.107887240062837, 13.776233633188067 ], [ -89.09441257243796, 13.776233633188063 ], [ -89.09441257243796, 13.762758965563197 ], [ -89.080937904813098, 13.762758965563199 ], [ -89.080937904813098, 13.776233633188067 ], [ -89.067463237188235, 13.776233633188067 ], [ -89.067463237188235, 13.762758965563197 ], [ -89.053988569563359, 13.762758965563199 ], [ -89.053988569563359, 13.776233633188067 ], [ -89.040513901938496, 13.776233633188069 ], [ -89.040513901938496, 13.789708300812938 ], [ -89.027039234313634, 13.789708300812933 ], [ -89.027039234313634, 13.749284297938337 ], [ -89.080937904813098, 13.749284297938331 ], [ -89.080937904813098, 13.735809630313469 ], [ -89.067463237188235, 13.735809630313469 ], [ -89.067463237188235, 13.722334962688604 ] ], [ [ -89.121361907687685, 13.735809630313472 ], [ -89.121361907687685, 13.749284297938337 ], [ -89.134836575312562, 13.749284297938333 ], [ -89.134836575312562, 13.735809630313467 ], [ -89.121361907687685, 13.735809630313472 ] ] ] } },
{ "type": "Feature", "properties": { "class_id": 3, "area_m2": 2173515.8643817343, "class_name": "Normal", "index": "NDII", "min_value": null, "max_value": null }, "geometry": { "type": "Polygon", "coordinates": [ [ [ -89.161785910562287, 13.776233633188067 ], [ -89.148311242937424, 13.77623363318807 ], [ -89.148311242937424, 13.762758965563203 ], [ -89.161785910562287, 13.762758965563197 ], [ -89.161785910562287, 13.776233633188067 ] ] ] } },
{ "type": "Feature", "properties": { "class_id": 3, "area_m2": 2173503.9364729016, "class_name": "Normal", "index": "NDII", "min_value": null, "max_value": null }, "geometry": { "type": "Polygon", "coordinates": [ [ [ -89.202209913436889, 13.789708300812931 ], [ -89.188735245812012, 13.789708300812931 ], [ -89.188735245812012, 13.776233633188063 ], [ -89.202209913436889, 13.776233633188067 ], [ -89.202209913436889, 13.789708300812931 ] ] ] } },
{ "type": "Feature", "properties": { "class_id": 3, "area_m2": 2173654.5703080688, "class_name": "Normal", "index": "NDII", "min_value": null, "max_value": null }, "geometry": { "type": "Polygon", "coordinates": [ [ [ -89.256108583936339, 13.789708300812931 ], [ -89.242633916311476, 13.789708300812933 ], [ -89.242633916311476, 13.776233633188067 ], [ -89.256108583936339, 13.776233633188063 ], [ -89.256108583936339, 13.789708300812931 ] ] ] } },
{ "type": "Feature", "properties": { "class_id": 3, "area_m2": 2173927.0044136983, "class_name": "Normal", "index": "NDII", "min_value": null, "max_value": null }, "geometry": { "type": "Polygon", "coordinates": [ [ [ -89.336956589685542, 13.776233633188067 ], [ -89.350431257310419, 13.776233633188067 ], [ -89.350431257310419, 13.789708300812933 ], [ -89.336956589685542, 13.789708300812935 ], [ -89.336956589685542, 13.776233633188067 ] ] ] } },
{ "type": "Feature", "properties": { "class_id": 3, "area_m2": 2173456.1477820929, "class_name": "Normal", "index": "NDII", "min_value": null, "max_value": null }, "geometry": { "type": "Polygon", "coordinates": [ [ [ -89.215684581061751, 13.789708300812929 ], [ -89.229159248686628, 13.789708300812933 ], [ -89.229159248686628, 13.803182968437797 ], [ -89.215684581061751, 13.803182968437797 ], [ -89.215684581061751, 13.789708300812929 ] ] ] } },
{ "type": "Feature", "properties": { "class_id": 3, "area_m2": 2173725.3259861679, "class_name": "Normal", "index": "NDII", "min_value": null, "max_value": null }, "geometry": { "type": "Polygon", "coordinates": [ [ [ -89.323481922060665, 13.803182968437797 ], [ -89.310007254435803, 13.803182968437797 ], [ -89.310007254435803, 13.789708300812931 ], [ -89.323481922060665, 13.789708300812933 ], [ -89.323481922060665, 13.803182968437797 ] ] ] } },
{ "type": "Feature", "properties": { "class_id": 3, "area_m2": 13037425.562686676, "class_name": "Normal", "index": "NDII", "min_value": null, "max_value": null }, "geometry": { "type": "Polygon", "coordinates": [ [ [ -89.053988569563359, 13.816657636062663 ], [ -89.067463237188235, 13.816657636062667 ], [ -89.067463237188235, 13.803182968437797 ], [ -89.040513901938496, 13.803182968437797 ], [ -89.040513901938496, 13.789708300812938 ], [ -89.080937904813098, 13.789708300812933 ], [ -89.080937904813098, 13.830132303687522 ], [ -89.053988569563359, 13.830132303687522 ], [ -89.053988569563359, 13.816657636062663 ] ] ] } },
{ "type": "Feature", "properties": { "class_id": 3, "area_m2": 2173221.4770554849, "class_name": "Normal", "index": "NDII", "min_value": null, "max_value": null }, "geometry": { "type": "Polygon", "coordinates": [ [ [ -89.175260578187149, 13.803182968437799 ], [ -89.188735245812012, 13.803182968437797 ], [ -89.188735245812012, 13.816657636062665 ], [ -89.175260578187149, 13.81665763606266 ], [ -89.175260578187149, 13.803182968437799 ] ] ] } },
{ "type": "Feature", "properties": { "class_id": 3, "area_m2": 13039741.12968909, "class_name": "Normal", "index": "NDII", "min_value": null, "max_value": null }, "geometry": { "type": "Polygon", "coordinates": [ [ [ -89.242633916311476, 13.81665763606266 ], [ -89.269583251561215, 13.816657636062661 ], [ -89.269583251561215, 13.83013230368752 ], [ -89.283057919186078, 13.830132303687522 ], [ -89.283057919186078, 13.843606971312386 ], [ -89.256108583936339, 13.84360697131239 ], [ -89.256108583936339, 13.830132303687522 ], [ -89.229159248686628, 13.830132303687524 ], [ -89.229159248686628, 13.803182968437797 ], [ -89.242633916311476, 13.803182968437795 ], [ -89.242633916311476, 13.81665763606266 ] ] ] } },
{ "type": "Feature", "properties": { "class_id": 3, "area_m2": 2173272.7141227778, "class_name": "Normal", "index": "NDII", "min_value": null, "max_value": null }, "geometry": { "type": "Polygon", "coordinates": [ [ [ -89.323481922060665, 13.843606971312392 ], [ -89.336956589685542, 13.84360697131239 ], [ -89.336956589685542, 13.857081638937265 ], [ -89.323481922060665, 13.857081638937263 ], [ -89.323481922060665, 13.843606971312392 ] ] ] } },
{ "type": "Feature", "properties": { "class_id": 3, "area_m2": 2172371.4294589371, "class_name": "Normal", "index": "NDII", "min_value": null, "max_value": null }, "geometry": { "type": "Polygon", "coordinates": [ [ [ -89.040513901938496, 13.857081638937258 ], [ -89.053988569563359, 13.857081638937263 ], [ -89.053988569563359, 13.870556306562122 ], [ -89.040513901938496, 13.870556306562118 ], [ -89.040513901938496, 13.857081638937258 ] ] ] } },
{ "type": "Feature", "properties": { "class_id": 3, "area_m2": 2172476.3922958462, "class_name": "Normal", "index": "NDII", "min_value": null, "max_value": null }, "geometry": { "type": "Polygon", "coordinates": [ [ [ -89.09441257243796, 13.87055630656212 ], [ -89.080937904813098, 13.870556306562124 ], [ -89.080937904813098, 13.857081638937261 ], [ -89.09441257243796, 13.85708163893726 ], [ -89.09441257243796, 13.87055630656212 ] ] ] } },
{ "type": "Feature", "properties": { "class_id": 3, "area_m2": 4346025.6008495586, "class_name": "Normal", "index": "NDII", "min_value": null, "max_value": null }, "geometry": { "type": "Polygon", "coordinates": [ [ [ -89.29653258681094, 13.870556306562124 ], [ -89.269583251561215, 13.870556306562118 ], [ -89.269583251561215, 13.857081638937258 ], [ -89.29653258681094, 13.85708163893726 ], [ -89.29653258681094, 13.870556306562124 ] ] ] } },
{ "type": "Feature", "properties": { "class_id": 3, "area_m2": 2172661.5810849615, "class_name": "Normal", "index": "NDII", "min_value": null, "max_value": null }, "geometry": { "type": "Polygon", "coordinates": [ [ [ -89.29653258681094, 13.91098030943672 ], [ -89.283057919186078, 13.91098030943672 ], [ -89.283057919186078, 13.897505641811854 ], [ -89.29653258681094, 13.897505641811852 ], [ -89.29653258681094, 13.91098030943672 ] ] ] } },
{ "type": "Feature", "properties": { "class_id": 3, "area_m2": 4345029.4536692807, "class_name": "Normal", "index": "NDII", "min_value": null, "max_value": null }, "geometry": { "type": "Polygon", "coordinates": [ [ [ -89.29653258681094, 13.91098030943672 ], [ -89.310007254435803, 13.91098030943672 ], [ -89.310007254435803, 13.93792964468645 ], [ -89.29653258681094, 13.937929644686445 ], [ -89.29653258681094, 13.91098030943672 ] ] ] } },
{ "type": "Feature", "properties": { "class_id": 3, "area_m2": 2172012.8659283402, "class_name": "Normal", "index": "NDII", "min_value": null, "max_value": null }, "geometry": { "type": "Polygon", "coordinates": [ [ [ -89.229159248686628, 13.951404312311315 ], [ -89.242633916311476, 13.951404312311309 ], [ -89.242633916311476, 13.964878979936177 ], [ -89.229159248686628, 13.964878979936177 ], [ -89.229159248686628, 13.951404312311315 ] ] ] } },
{ "type": "Feature", "properties": { "class_id": 3, "area_m2": 2171593.6293294351, "class_name": "Normal", "index": "NDII", "min_value": null, "max_value": null }, "geometry": { "type": "Polygon", "coordinates": [ [ [ -89.134836575312562, 13.978353647561043 ], [ -89.121361907687685, 13.978353647561049 ], [ -89.121361907687685, 13.964878979936183 ], [ -89.134836575312562, 13.964878979936181 ], [ -89.134836575312562, 13.978353647561043 ] ] ] } },
{ "type": "Feature", "properties": { "class_id": 3, "area_m2": 17375529.828446217, "class_name": "Normal", "index": "NDII", "min_value": null, "max_value": null }, "geometry": { "type": "Polygon", "coordinates": [ [ [ -89.310007254435803, 13.991828315185909 ], [ -89.256108583936339, 13.991828315185913 ], [ -89.256108583936339, 13.978353647561043 ], [ -89.242633916311476, 13.978353647561041 ], [ -89.242633916311476, 13.964878979936177 ], [ -89.29653258681094, 13.964878979936181 ], [ -89.29653258681094, 13.978353647561047 ], [ -89.310007254435803, 13.978353647561045 ], [ -89.310007254435803, 13.991828315185909 ] ] ] } },
{ "type": "Feature", "properties": { "class_id": 3, "area_m2": 23888169.997490313, "class_name": "Normal", "index": "NDII", "min_value": null, "max_value": null }, "geometry": { "type": "Polygon", "coordinates": [ [ [ -89.175260578187149, 13.937929644686447 ], [ -89.202209913436889, 13.937929644686447 ], [ -89.202209913436889, 13.951404312311311 ], [ -89.188735245812012, 13.951404312311317 ], [ -89.188735245812012, 13.964878979936181 ], [ -89.202209913436889, 13.964878979936175 ], [ -89.202209913436889, 13.991828315185909 ], [ -89.188735245812012, 13.991828315185911 ], [ -89.188735245812012, 14.032252318060509 ], [ -89.175260578187149, 14.032252318060502 ], [ -89.175260578187149, 14.018777650435641 ], [ -89.161785910562287, 14.018777650435641 ], [ -89.161785910562287, 14.005302982810777 ], [ -89.175260578187149, 14.005302982810772 ], [ -89.175260578187149, 13.937929644686447 ] ] ] } },
{ "type": "Feature", "properties": { "class_id": 3, "area_m2": 2171238.1688817753, "class_name": "Normal", "index": "NDII", "min_value": null, "max_value": null }, "geometry": { "type": "Polygon", "coordinates": [ [ [ -89.080937904813098, 13.991828315185909 ], [ -89.09441257243796, 13.991828315185909 ], [ -89.09441257243796, 14.005302982810772 ], [ -89.080937904813098, 14.005302982810775 ], [ -89.080937904813098, 13.991828315185909 ] ] ] } },
{ "type": "Feature", "properties": { "class_id": 3, "area_m2": 2171417.3696758174, "class_name": "Normal", "index": "NDII", "min_value": null, "max_value": null }, "geometry": { "type": "Polygon", "coordinates": [ [ [ -89.148311242937424, 13.991828315185911 ], [ -89.161785910562287, 13.991828315185911 ], [ -89.161785910562287, 14.005302982810777 ], [ -89.148311242937424, 14.005302982810774 ], [ -89.148311242937424, 13.991828315185911 ] ] ] } },
{ "type": "Feature", "properties": { "class_id": 3, "area_m2": 2171870.7576781893, "class_name": "Normal", "index": "NDII", "min_value": null, "max_value": null }, "geometry": { "type": "Polygon", "coordinates": [ [ [ -89.323481922060665, 14.005302982810774 ], [ -89.310007254435803, 14.005302982810774 ], [ -89.310007254435803, 13.991828315185909 ], [ -89.323481922060665, 13.991828315185906 ], [ -89.323481922060665, 14.005302982810774 ] ] ] } },
{ "type": "Feature", "properties": { "class_id": 3, "area_m2": 2170704.4487631144, "class_name": "Normal", "index": "NDII", "min_value": null, "max_value": null }, "geometry": { "type": "Polygon", "coordinates": [ [ [ -89.080937904813098, 14.059201653310234 ], [ -89.067463237188235, 14.059201653310234 ], [ -89.067463237188235, 14.045726985685373 ], [ -89.080937904813098, 14.04572698568537 ], [ -89.080937904813098, 14.059201653310234 ] ] ] } },
{ "type": "Feature", "properties": { "class_id": 3, "area_m2": 6512431.2151306998, "class_name": "Normal", "index": "NDII", "min_value": null, "max_value": null }, "geometry": { "type": "Polygon", "coordinates": [ [ [ -89.121361907687685, 14.072676320935102 ], [ -89.107887240062837, 14.072676320935102 ], [ -89.107887240062837, 14.032252318060509 ], [ -89.121361907687685, 14.032252318060506 ], [ -89.121361907687685, 14.072676320935102 ] ] ] } },
{ "type": "Feature", "properties": { "class_id": 3, "area_m2": 2170793.6801703088, "class_name": "Normal", "index": "NDII", "min_value": null, "max_value": null }, "geometry": { "type": "Polygon", "coordinates": [ [ [ -89.148311242937424, 14.059201653310234 ], [ -89.161785910562287, 14.059201653310234 ], [ -89.161785910562287, 14.072676320935102 ], [ -89.148311242937424, 14.072676320935102 ], [ -89.148311242937424, 14.059201653310234 ] ] ] } },
{ "type": "Feature", "properties": { "class_id": 3, "area_m2": 2170419.5694089802, "class_name": "Normal", "index": "NDII", "min_value": null, "max_value": null }, "geometry": { "type": "Polygon", "coordinates": [ [ [ -89.053988569563359, 14.072676320935102 ], [ -89.067463237188235, 14.072676320935102 ], [ -89.067463237188235, 14.086150988559968 ], [ -89.053988569563359, 14.086150988559968 ], [ -89.053988569563359, 14.072676320935102 ] ] ] } },
{ "type": "Feature", "properties": { "class_id": 3, "area_m2": 672861718.00894737, "class_name": "Normal", "index": "NDII", "min_value": null, "max_value": null }, "geometry": { "type": "Polygon", "coordinates": [ [ [ -89.539076604058522, 14.126574991434564 ], [ -89.539076604058522, 14.113100323809697 ], [ -89.471703265934181, 14.113100323809697 ], [ -89.471703265934181, 14.086150988559961 ], [ -89.458228598309319, 14.086150988559965 ], [ -89.458228598309319, 14.140049659059429 ], [ -89.471703265934181, 14.140049659059429 ], [ -89.471703265934181, 14.153524326684295 ], [ -89.485177933559058, 14.153524326684289 ], [ -89.485177933559058, 14.166998994309155 ], [ -89.458228598309319, 14.166998994309157 ], [ -89.458228598309319, 14.207422997183754 ], [ -89.471703265934181, 14.20742299718375 ], [ -89.471703265934181, 14.234372332433486 ], [ -89.458228598309319, 14.234372332433487 ], [ -89.458228598309319, 14.247847000058348 ], [ -89.444753930684456, 14.247847000058355 ], [ -89.444753930684456, 14.261321667683214 ], [ -89.417804595434731, 14.261321667683216 ], [ -89.417804595434731, 14.234372332433482 ], [ -89.336956589685542, 14.234372332433486 ], [ -89.336956589685542, 14.261321667683216 ], [ -89.323481922060665, 14.261321667683216 ], [ -89.323481922060665, 14.274796335308082 ], [ -89.310007254435803, 14.274796335308082 ], [ -89.310007254435803, 14.288271002932946 ], [ -89.323481922060665, 14.288271002932946 ], [ -89.323481922060665, 14.301745670557816 ], [ -89.336956589685542, 14.301745670557812 ], [ -89.336956589685542, 14.315220338182673 ], [ -89.310007254435803, 14.315220338182677 ], [ -89.310007254435803, 14.301745670557809 ], [ -89.283057919186078, 14.301745670557811 ], [ -89.283057919186078, 14.274796335308078 ], [ -89.242633916311476, 14.274796335308078 ], [ -89.242633916311476, 14.261321667683216 ], [ -89.256108583936339, 14.261321667683212 ], [ -89.256108583936339, 14.234372332433486 ], [ -89.283057919186078, 14.234372332433486 ], [ -89.283057919186078, 14.193948329558888 ], [ -89.29653258681094, 14.193948329558882 ], [ -89.29653258681094, 14.180473661934025 ], [ -89.269583251561215, 14.180473661934025 ], [ -89.269583251561215, 14.193948329558882 ], [ -89.256108583936339, 14.19394832955888 ], [ -89.256108583936339, 14.20742299718375 ], [ -89.242633916311476, 14.207422997183752 ], [ -89.242633916311476, 14.220897664808618 ], [ -89.229159248686628, 14.220897664808621 ], [ -89.229159248686628, 14.207422997183752 ], [ -89.215684581061751, 14.207422997183748 ], [ -89.215684581061751, 14.193948329558886 ], [ -89.202209913436889, 14.193948329558886 ], [ -89.202209913436889, 14.180473661934025 ], [ -89.188735245812012, 14.180473661934025 ], [ -89.188735245812012, 14.166998994309155 ], [ -89.161785910562287, 14.166998994309159 ], [ -89.161785910562287, 14.180473661934029 ], [ -89.175260578187149, 14.180473661934021 ], [ -89.175260578187149, 14.193948329558886 ], [ -89.148311242937424, 14.193948329558888 ], [ -89.148311242937424, 14.207422997183752 ], [ -89.134836575312562, 14.207422997183752 ], [ -89.134836575312562, 14.193948329558889 ], [ -89.121361907687685, 14.193948329558889 ], [ -89.121361907687685, 14.166998994309159 ], [ -89.09441257243796, 14.166998994309155 ], [ -89.09441257243796, 14.180473661934029 ], [ -89.067463237188235, 14.180473661934032 ], [ -89.067463237188235, 14.166998994309155 ], [ -89.053988569563359, 14.166998994309155 ], [ -89.053988569563359, 14.153524326684289 ], [ -89.027039234313634, 14.153524326684291 ], [ -89.027039234313634, 14.099625656184834 ], [ -89.040513901938496, 14.099625656184825 ], [ -89.040513901938496, 14.113100323809698 ], [ -89.053988569563359, 14.1131003238097 ], [ -89.053988569563359, 14.099625656184832 ], [ -89.080937904813098, 14.099625656184829 ], [ -89.080937904813098, 14.086150988559965 ], [ -89.09441257243796, 14.086150988559965 ], [ -89.09441257243796, 14.140049659059425 ], [ -89.148311242937424, 14.140049659059423 ], [ -89.148311242937424, 14.153524326684295 ], [ -89.215684581061751, 14.153524326684289 ], [ -89.215684581061751, 14.072676320935102 ], [ -89.202209913436889, 14.072676320935102 ], [ -89.202209913436889, 14.059201653310234 ], [ -89.215684581061751, 14.059201653310234 ], [ -89.215684581061751, 14.045726985685368 ], [ -89.229159248686628, 14.045726985685365 ], [ -89.229159248686628, 14.032252318060507 ], [ -89.242633916311476, 14.032252318060506 ], [ -89.242633916311476, 14.00530298281077 ], [ -89.256108583936339, 14.005302982810777 ], [ -89.256108583936339, 14.018777650435641 ], [ -89.283057919186078, 14.018777650435641 ], [ -89.283057919186078, 14.032252318060507 ], [ -89.29653258681094, 14.032252318060502 ], [ -89.29653258681094, 14.018777650435641 ], [ -89.310007254435803, 14.018777650435645 ], [ -89.310007254435803, 14.032252318060507 ], [ -89.323481922060665, 14.032252318060507 ], [ -89.323481922060665, 14.018777650435645 ], [ -89.336956589685542, 14.018777650435643 ], [ -89.336956589685542, 14.032252318060502 ], [ -89.350431257310419, 14.032252318060504 ], [ -89.350431257310419, 14.045726985685365 ], [ -89.377380592560129, 14.045726985685365 ], [ -89.377380592560129, 14.059201653310234 ], [ -89.363905924935267, 14.059201653310234 ], [ -89.363905924935267, 14.072676320935102 ], [ -89.390855260184992, 14.072676320935102 ], [ -89.390855260184992, 14.059201653310234 ], [ -89.431279263059594, 14.059201653310234 ], [ -89.431279263059594, 14.072676320935102 ], [ -89.444753930684456, 14.072676320935095 ], [ -89.444753930684456, 14.059201653310234 ], [ -89.471703265934181, 14.059201653310234 ], [ -89.471703265934181, 14.045726985685366 ], [ -89.485177933559058, 14.045726985685366 ], [ -89.485177933559058, 14.032252318060507 ], [ -89.49865260118392, 14.032252318060507 ], [ -89.49865260118392, 14.072676320935102 ], [ -89.512127268808783, 14.072676320935102 ], [ -89.512127268808783, 14.086150988559968 ], [ -89.525601936433645, 14.086150988559972 ], [ -89.525601936433645, 14.099625656184834 ], [ -89.552551271683384, 14.099625656184836 ], [ -89.552551271683384, 14.113100323809693 ], [ -89.566025939308247, 14.113100323809698 ], [ -89.566025939308247, 14.140049659059432 ], [ -89.552551271683384, 14.140049659059429 ], [ -89.552551271683384, 14.126574991434561 ], [ -89.539076604058522, 14.126574991434564 ] ], [ [ -89.283057919186078, 14.247847000058348 ], [ -89.29653258681094, 14.247847000058352 ], [ -89.29653258681094, 14.234372332433489 ], [ -89.283057919186078, 14.234372332433486 ], [ -89.283057919186078, 14.247847000058348 ] ], [ [ -89.471703265934181, 14.072676320935098 ], [ -89.485177933559058, 14.072676320935106 ], [ -89.485177933559058, 14.059201653310238 ], [ -89.471703265934181, 14.059201653310234 ], [ -89.471703265934181, 14.072676320935098 ] ], [ [ -89.336956589685542, 14.180473661934025 ], [ -89.336956589685542, 14.20742299718375 ], [ -89.323481922060665, 14.207422997183752 ], [ -89.323481922060665, 14.220897664808621 ], [ -89.390855260184992, 14.22089766480862 ], [ -89.390855260184992, 14.207422997183755 ], [ -89.363905924935267, 14.207422997183748 ], [ -89.363905924935267, 14.193948329558882 ], [ -89.350431257310419, 14.193948329558884 ], [ -89.350431257310419, 14.180473661934027 ], [ -89.336956589685542, 14.180473661934025 ] ], [ [ -89.431279263059594, 14.180473661934025 ], [ -89.431279263059594, 14.166998994309159 ], [ -89.417804595434731, 14.166998994309159 ], [ -89.417804595434731, 14.180473661934023 ], [ -89.431279263059594, 14.180473661934025 ] ], [ [ -89.390855260184992, 14.180473661934025 ], [ -89.390855260184992, 14.166998994309157 ], [ -89.377380592560129, 14.166998994309154 ], [ -89.377380592560129, 14.180473661934029 ], [ -89.390855260184992, 14.180473661934025 ] ], [ [ -89.336956589685542, 14.126574991434561 ], [ -89.336956589685542, 14.113100323809698 ], [ -89.310007254435803, 14.113100323809698 ], [ -89.310007254435803, 14.180473661934025 ], [ -89.323481922060665, 14.18047366193403 ], [ -89.323481922060665, 14.153524326684291 ], [ -89.336956589685542, 14.153524326684298 ], [ -89.336956589685542, 14.166998994309159 ], [ -89.363905924935267, 14.166998994309159 ], [ -89.363905924935267, 14.140049659059427 ], [ -89.390855260184992, 14.140049659059432 ], [ -89.390855260184992, 14.113100323809698 ], [ -89.377380592560129, 14.1131003238097 ], [ -89.377380592560129, 14.099625656184834 ], [ -89.363905924935267, 14.099625656184831 ], [ -89.363905924935267, 14.126574991434564 ], [ -89.350431257310419, 14.126574991434559 ], [ -89.350431257310419, 14.140049659059423 ], [ -89.323481922060665, 14.140049659059429 ], [ -89.323481922060665, 14.126574991434561 ], [ -89.336956589685542, 14.126574991434561 ] ], [ [ -89.256108583936339, 14.180473661934025 ], [ -89.256108583936339, 14.166998994309155 ], [ -89.242633916311476, 14.166998994309157 ], [ -89.242633916311476, 14.180473661934025 ], [ -89.256108583936339, 14.180473661934025 ] ], [ [ -89.444753930684456, 14.153524326684289 ], [ -89.444753930684456, 14.140049659059425 ], [ -89.417804595434731, 14.140049659059422 ], [ -89.417804595434731, 14.153524326684293 ], [ -89.444753930684456, 14.153524326684289 ] ], [ [ -89.242633916311476, 14.153524326684295 ], [ -89.242633916311476, 14.140049659059427 ], [ -89.229159248686628, 14.140049659059429 ], [ -89.229159248686628, 14.153524326684289 ], [ -89.242633916311476, 14.153524326684295 ] ], [ [ -89.080937904813098, 14.153524326684295 ], [ -89.080937904813098, 14.140049659059432 ], [ -89.067463237188235, 14.140049659059429 ], [ -89.067463237188235, 14.153524326684293 ], [ -89.080937904813098, 14.153524326684295 ] ], [ [ -89.283057919186078, 14.072676320935102 ], [ -89.283057919186078, 14.086150988559968 ], [ -89.256108583936339, 14.086150988559966 ], [ -89.256108583936339, 14.099625656184836 ], [ -89.242633916311476, 14.099625656184829 ], [ -89.242633916311476, 14.113100323809698 ], [ -89.283057919186078, 14.113100323809698 ], [ -89.283057919186078, 14.099625656184834 ], [ -89.29653258681094, 14.099625656184827 ], [ -89.29653258681094, 14.072676320935106 ], [ -89.283057919186078, 14.072676320935102 ] ], [ [ -89.242633916311476, 14.086150988559963 ], [ -89.229159248686628, 14.086150988559963 ], [ -89.229159248686628, 14.099625656184831 ], [ -89.242633916311476, 14.099625656184829 ], [ -89.242633916311476, 14.086150988559963 ] ], [ [ -89.256108583936339, 14.072676320935102 ], [ -89.256108583936339, 14.059201653310234 ], [ -89.242633916311476, 14.059201653310234 ], [ -89.242633916311476, 14.0726763209351 ], [ -89.256108583936339, 14.072676320935102 ] ] ] } },
{ "type": "Feature", "properties": { "class_id": 3, "area_m2": 2169411.1922990065, "class_name": "Normal", "index": "NDII", "min_value": null, "max_value": null }, "geometry": { "type": "Polygon", "coordinates": [ [ [ -89.148311242937424, 14.207422997183752 ], [ -89.161785910562287, 14.207422997183748 ], [ -89.161785910562287, 14.220897664808616 ], [ -89.148311242937424, 14.220897664808621 ], [ -89.148311242937424, 14.207422997183752 ] ] ] } },
{ "type": "Feature", "properties": { "class_id": 3, "area_m2": 2169544.498823754, "class_name": "Normal", "index": "NDII", "min_value": null, "max_value": null }, "geometry": { "type": "Polygon", "coordinates": [ [ [ -89.242633916311476, 14.220897664808618 ], [ -89.256108583936339, 14.220897664808621 ], [ -89.256108583936339, 14.234372332433486 ], [ -89.242633916311476, 14.234372332433486 ], [ -89.242633916311476, 14.220897664808618 ] ] ] } },
{ "type": "Feature", "properties": { "class_id": 3, "area_m2": 2168651.0996438721, "class_name": "Normal", "index": "NDII", "min_value": null, "max_value": null }, "geometry": { "type": "Polygon", "coordinates": [ [ [ -89.161785910562287, 14.301745670557816 ], [ -89.148311242937424, 14.301745670557821 ], [ -89.148311242937424, 14.288271002932943 ], [ -89.161785910562287, 14.288271002932948 ], [ -89.161785910562287, 14.301745670557816 ] ] ] } },
{ "type": "Feature", "properties": { "class_id": 3, "area_m2": 13008676.155488221, "class_name": "Normal", "index": "NDII", "min_value": null, "max_value": null }, "geometry": { "type": "Polygon", "coordinates": [ [ [ -89.148311242937424, 14.369119008682134 ], [ -89.121361907687685, 14.369119008682141 ], [ -89.121361907687685, 14.342169673432402 ], [ -89.134836575312562, 14.342169673432405 ], [ -89.134836575312562, 14.315220338182677 ], [ -89.148311242937424, 14.315220338182677 ], [ -89.148311242937424, 14.369119008682134 ] ] ] } },
{ "type": "Feature", "properties": { "class_id": 3, "area_m2": 8674312.6716689244, "class_name": "Normal", "index": "NDII", "min_value": null, "max_value": null }, "geometry": { "type": "Polygon", "coordinates": [ [ [ -89.336956589685542, 14.355644341057275 ], [ -89.323481922060665, 14.355644341057275 ], [ -89.323481922060665, 14.342169673432409 ], [ -89.363905924935267, 14.342169673432409 ], [ -89.363905924935267, 14.355644341057275 ], [ -89.350431257310419, 14.355644341057275 ], [ -89.350431257310419, 14.369119008682141 ], [ -89.336956589685542, 14.369119008682134 ], [ -89.336956589685542, 14.355644341057275 ] ] ] } },
{ "type": "Feature", "properties": { "class_id": 3, "area_m2": 2177149.6852723854, "class_name": "Normal", "index": "NDII", "min_value": null, "max_value": null }, "geometry": { "type": "Polygon", "coordinates": [ [ [ -88.838393887565516, 13.277670931068053 ], [ -88.824919219940654, 13.277670931068053 ], [ -88.824919219940654, 13.264196263443189 ], [ -88.838393887565516, 13.264196263443186 ], [ -88.838393887565516, 13.277670931068053 ] ] ] } },
{ "type": "Feature", "properties": { "class_id": 3, "area_m2": 76186390.666354656, "class_name": "Normal", "index": "NDII", "min_value": null, "max_value": null }, "geometry": { "type": "Polygon", "coordinates": [ [ [ -88.784495217066066, 13.291145598692918 ], [ -88.771020549441189, 13.291145598692916 ], [ -88.771020549441189, 13.304620266317778 ], [ -88.730596546566602, 13.30462026631778 ], [ -88.730596546566602, 13.318094933942648 ], [ -88.703647211316863, 13.318094933942646 ], [ -88.703647211316863, 13.291145598692918 ], [ -88.676697876067138, 13.291145598692918 ], [ -88.676697876067138, 13.264196263443184 ], [ -88.703647211316863, 13.264196263443186 ], [ -88.703647211316863, 13.25072159581832 ], [ -88.649748540817413, 13.250721595818318 ], [ -88.649748540817413, 13.237246928193453 ], [ -88.771020549441189, 13.237246928193457 ], [ -88.771020549441189, 13.250721595818318 ], [ -88.811444552315791, 13.25072159581832 ], [ -88.811444552315791, 13.264196263443186 ], [ -88.797969884690929, 13.264196263443187 ], [ -88.797969884690929, 13.277670931068055 ], [ -88.784495217066066, 13.277670931068055 ], [ -88.784495217066066, 13.291145598692918 ] ], [ [ -88.757545881816327, 13.291145598692918 ], [ -88.757545881816327, 13.250721595818321 ], [ -88.730596546566602, 13.250721595818323 ], [ -88.730596546566602, 13.264196263443186 ], [ -88.744071214191464, 13.264196263443187 ], [ -88.744071214191464, 13.27767093106805 ], [ -88.71712187894174, 13.277670931068053 ], [ -88.71712187894174, 13.291145598692919 ], [ -88.757545881816327, 13.291145598692918 ] ] ] } },
{ "type": "Feature", "properties": { "class_id": 3, "area_m2": 6531068.1264856961, "class_name": "Normal", "index": "NDII", "min_value": null, "max_value": null }, "geometry": { "type": "Polygon", "coordinates": [ [ [ -88.838393887565516, 13.277670931068053 ], [ -88.865343222815255, 13.27767093106805 ], [ -88.865343222815255, 13.304620266317784 ], [ -88.851868555190393, 13.304620266317789 ], [ -88.851868555190393, 13.291145598692921 ], [ -88.838393887565516, 13.291145598692918 ], [ -88.838393887565516, 13.277670931068053 ] ] ] } },
{ "type": "Feature", "properties": { "class_id": 3, "area_m2": 2176464.2560985251, "class_name": "Normal", "index": "NDII", "min_value": null, "max_value": null }, "geometry": { "type": "Polygon", "coordinates": [ [ [ -88.730596546566602, 13.318094933942648 ], [ -88.744071214191464, 13.318094933942648 ], [ -88.744071214191464, 13.331569601567516 ], [ -88.730596546566602, 13.331569601567509 ], [ -88.730596546566602, 13.318094933942648 ] ] ] } },
{ "type": "Feature", "properties": { "class_id": 3, "area_m2": 2175870.9279711191, "class_name": "Normal", "index": "NDII", "min_value": null, "max_value": null }, "geometry": { "type": "Polygon", "coordinates": [ [ [ -88.730596546566602, 13.385468272066975 ], [ -88.744071214191464, 13.385468272066975 ], [ -88.744071214191464, 13.398942939691842 ], [ -88.730596546566602, 13.398942939691835 ], [ -88.730596546566602, 13.385468272066975 ] ] ] } },
{ "type": "Feature", "properties": { "class_id": 3, "area_m2": 2175960.6509915781, "class_name": "Normal", "index": "NDII", "min_value": null, "max_value": null }, "geometry": { "type": "Polygon", "coordinates": [ [ [ -88.784495217066066, 13.398942939691835 ], [ -88.771020549441189, 13.398942939691839 ], [ -88.771020549441189, 13.385468272066969 ], [ -88.784495217066066, 13.385468272066968 ], [ -88.784495217066066, 13.398942939691835 ] ] ] } },
{ "type": "Feature", "properties": { "class_id": 3, "area_m2": 2176058.9788865987, "class_name": "Normal", "index": "NDII", "min_value": null, "max_value": null }, "geometry": { "type": "Polygon", "coordinates": [ [ [ -88.878817890440118, 13.412417607316705 ], [ -88.865343222815255, 13.412417607316705 ], [ -88.865343222815255, 13.398942939691841 ], [ -88.878817890440118, 13.398942939691837 ], [ -88.878817890440118, 13.412417607316705 ] ] ] } },
{ "type": "Feature", "properties": { "class_id": 3, "area_m2": 663587185.43003297, "class_name": "Normal", "index": "NDII", "min_value": null, "max_value": null }, "geometry": { "type": "Polygon", "coordinates": [ [ [ -88.905767225689843, 13.587588286439953 ], [ -88.905767225689843, 13.560638951190217 ], [ -88.89229255806498, 13.560638951190217 ], [ -88.89229255806498, 13.533689615940492 ], [ -88.878817890440118, 13.533689615940492 ], [ -88.878817890440118, 13.520214948315624 ], [ -88.89229255806498, 13.520214948315621 ], [ -88.89229255806498, 13.493265613065899 ], [ -88.878817890440118, 13.493265613065898 ], [ -88.878817890440118, 13.506740280690762 ], [ -88.865343222815255, 13.506740280690758 ], [ -88.865343222815255, 13.493265613065898 ], [ -88.851868555190393, 13.493265613065901 ], [ -88.851868555190393, 13.506740280690757 ], [ -88.824919219940654, 13.506740280690762 ], [ -88.824919219940654, 13.533689615940492 ], [ -88.797969884690929, 13.533689615940492 ], [ -88.797969884690929, 13.547164283565358 ], [ -88.730596546566602, 13.547164283565358 ], [ -88.730596546566602, 13.533689615940492 ], [ -88.71712187894174, 13.533689615940492 ], [ -88.71712187894174, 13.520214948315623 ], [ -88.690172543692, 13.520214948315624 ], [ -88.690172543692, 13.506740280690762 ], [ -88.676697876067138, 13.506740280690762 ], [ -88.676697876067138, 13.493265613065898 ], [ -88.663223208442275, 13.493265613065899 ], [ -88.663223208442275, 13.479790945441032 ], [ -88.676697876067138, 13.47979094544103 ], [ -88.676697876067138, 13.466316277816162 ], [ -88.703647211316863, 13.466316277816162 ], [ -88.703647211316863, 13.47979094544103 ], [ -88.71712187894174, 13.479790945441035 ], [ -88.71712187894174, 13.506740280690755 ], [ -88.730596546566602, 13.506740280690753 ], [ -88.730596546566602, 13.520214948315628 ], [ -88.744071214191464, 13.52021494831563 ], [ -88.744071214191464, 13.506740280690757 ], [ -88.757545881816327, 13.506740280690765 ], [ -88.757545881816327, 13.479790945441032 ], [ -88.771020549441189, 13.479790945441033 ], [ -88.771020549441189, 13.439366942566432 ], [ -88.757545881816327, 13.43936694256643 ], [ -88.757545881816327, 13.425892274941575 ], [ -88.797969884690929, 13.425892274941573 ], [ -88.797969884690929, 13.385468272066975 ], [ -88.811444552315791, 13.385468272066973 ], [ -88.811444552315791, 13.398942939691839 ], [ -88.824919219940654, 13.398942939691839 ], [ -88.824919219940654, 13.37199360444211 ], [ -88.811444552315791, 13.371993604442109 ], [ -88.811444552315791, 13.345044269192384 ], [ -88.797969884690929, 13.345044269192378 ], [ -88.797969884690929, 13.331569601567512 ], [ -88.771020549441189, 13.33156960156751 ], [ -88.771020549441189, 13.304620266317778 ], [ -88.784495217066066, 13.304620266317784 ], [ -88.784495217066066, 13.291145598692918 ], [ -88.797969884690929, 13.291145598692918 ], [ -88.797969884690929, 13.277670931068055 ], [ -88.824919219940654, 13.277670931068053 ], [ -88.824919219940654, 13.291145598692914 ], [ -88.838393887565516, 13.291145598692918 ], [ -88.838393887565516, 13.304620266317778 ], [ -88.824919219940654, 13.304620266317784 ], [ -88.824919219940654, 13.318094933942648 ], [ -88.851868555190393, 13.318094933942648 ], [ -88.851868555190393, 13.331569601567509 ], [ -88.865343222815255, 13.331569601567512 ], [ -88.865343222815255, 13.318094933942648 ], [ -88.878817890440118, 13.318094933942648 ], [ -88.878817890440118, 13.331569601567512 ], [ -88.89229255806498, 13.33156960156751 ], [ -88.89229255806498, 13.345044269192373 ], [ -88.905767225689843, 13.345044269192377 ], [ -88.905767225689843, 13.318094933942648 ], [ -88.91924189331472, 13.318094933942643 ], [ -88.91924189331472, 13.331569601567514 ], [ -88.973140563814169, 13.331569601567509 ], [ -88.973140563814169, 13.345044269192378 ], [ -89.013564566688771, 13.345044269192375 ], [ -89.013564566688771, 13.358518936817248 ], [ -89.000089899063909, 13.358518936817246 ], [ -89.000089899063909, 13.371993604442109 ], [ -88.986615231439046, 13.37199360444211 ], [ -88.986615231439046, 13.358518936817244 ], [ -88.973140563814169, 13.358518936817241 ], [ -88.973140563814169, 13.398942939691839 ], [ -88.946191228564444, 13.398942939691839 ], [ -88.946191228564444, 13.412417607316705 ], [ -88.959665896189307, 13.4124176073167 ], [ -88.959665896189307, 13.425892274941569 ], [ -88.973140563814169, 13.425892274941567 ], [ -88.973140563814169, 13.452841610191301 ], [ -88.986615231439046, 13.452841610191305 ], [ -88.986615231439046, 13.439366942566435 ], [ -89.000089899063909, 13.439366942566428 ], [ -89.000089899063909, 13.4528416101913 ], [ -89.013564566688771, 13.452841610191298 ], [ -89.013564566688771, 13.439366942566435 ], [ -89.027039234313634, 13.439366942566432 ], [ -89.027039234313634, 13.425892274941571 ], [ -89.040513901938496, 13.425892274941573 ], [ -89.040513901938496, 13.452841610191298 ], [ -89.027039234313634, 13.452841610191305 ], [ -89.027039234313634, 13.493265613065899 ], [ -89.040513901938496, 13.493265613065899 ], [ -89.040513901938496, 13.466316277816166 ], [ -89.053988569563359, 13.466316277816166 ], [ -89.053988569563359, 13.493265613065899 ], [ -89.09441257243796, 13.493265613065898 ], [ -89.09441257243796, 13.506740280690755 ], [ -89.107887240062837, 13.506740280690764 ], [ -89.107887240062837, 13.493265613065901 ], [ -89.121361907687685, 13.493265613065899 ], [ -89.121361907687685, 13.479790945441035 ], [ -89.148311242937424, 13.47979094544103 ], [ -89.148311242937424, 13.466316277816164 ], [ -89.161785910562287, 13.466316277816166 ], [ -89.161785910562287, 13.452841610191301 ], [ -89.175260578187149, 13.452841610191301 ], [ -89.175260578187149, 13.466316277816162 ], [ -89.215684581061751, 13.466316277816166 ], [ -89.215684581061751, 13.479790945441032 ], [ -89.242633916311476, 13.47979094544103 ], [ -89.242633916311476, 13.493265613065898 ], [ -89.215684581061751, 13.493265613065898 ], [ -89.215684581061751, 13.506740280690762 ], [ -89.202209913436889, 13.506740280690758 ], [ -89.202209913436889, 13.493265613065899 ], [ -89.188735245812012, 13.493265613065898 ], [ -89.188735245812012, 13.506740280690758 ], [ -89.134836575312562, 13.506740280690757 ], [ -89.134836575312562, 13.520214948315621 ], [ -89.121361907687685, 13.520214948315621 ], [ -89.121361907687685, 13.533689615940494 ], [ -89.107887240062837, 13.533689615940496 ], [ -89.107887240062837, 13.547164283565357 ], [ -89.121361907687685, 13.547164283565358 ], [ -89.121361907687685, 13.560638951190221 ], [ -89.09441257243796, 13.560638951190217 ], [ -89.09441257243796, 13.587588286439953 ], [ -89.080937904813098, 13.587588286439953 ], [ -89.080937904813098, 13.574113618815089 ], [ -89.067463237188235, 13.574113618815089 ], [ -89.067463237188235, 13.587588286439953 ], [ -89.053988569563359, 13.587588286439956 ], [ -89.053988569563359, 13.560638951190215 ], [ -89.040513901938496, 13.560638951190217 ], [ -89.040513901938496, 13.547164283565353 ], [ -89.027039234313634, 13.547164283565353 ], [ -89.027039234313634, 13.560638951190223 ], [ -89.013564566688771, 13.560638951190219 ], [ -89.013564566688771, 13.574113618815087 ], [ -89.000089899063909, 13.574113618815089 ], [ -89.000089899063909, 13.601062954064824 ], [ -88.986615231439046, 13.601062954064822 ], [ -88.986615231439046, 13.574113618815085 ], [ -88.959665896189307, 13.574113618815085 ], [ -88.959665896189307, 13.587588286439953 ], [ -88.973140563814169, 13.587588286439953 ], [ -88.973140563814169, 13.601062954064819 ], [ -88.946191228564444, 13.601062954064822 ], [ -88.946191228564444, 13.61453762168968 ], [ -88.91924189331472, 13.614537621689676 ], [ -88.91924189331472, 13.587588286439953 ], [ -88.905767225689843, 13.587588286439953 ] ], [ [ -88.91924189331472, 13.560638951190219 ], [ -88.91924189331472, 13.574113618815083 ], [ -88.932716560939582, 13.574113618815085 ], [ -88.932716560939582, 13.587588286439953 ], [ -88.946191228564444, 13.587588286439955 ], [ -88.946191228564444, 13.560638951190219 ], [ -88.959665896189307, 13.560638951190217 ], [ -88.959665896189307, 13.520214948315626 ], [ -88.932716560939582, 13.520214948315623 ], [ -88.932716560939582, 13.506740280690758 ], [ -88.91924189331472, 13.506740280690765 ], [ -88.91924189331472, 13.547164283565358 ], [ -88.905767225689843, 13.547164283565353 ], [ -88.905767225689843, 13.560638951190217 ], [ -88.91924189331472, 13.560638951190219 ] ], [ [ -88.797969884690929, 13.520214948315628 ], [ -88.784495217066066, 13.520214948315626 ], [ -88.784495217066066, 13.533689615940492 ], [ -88.797969884690929, 13.533689615940492 ], [ -88.797969884690929, 13.520214948315628 ] ], [ [ -88.744071214191464, 13.533689615940492 ], [ -88.771020549441189, 13.533689615940496 ], [ -88.771020549441189, 13.520214948315623 ], [ -88.744071214191464, 13.52021494831563 ], [ -88.744071214191464, 13.533689615940492 ] ], [ [ -88.771020549441189, 13.493265613065899 ], [ -88.784495217066066, 13.493265613065898 ], [ -88.784495217066066, 13.47979094544103 ], [ -88.771020549441189, 13.479790945441033 ], [ -88.771020549441189, 13.493265613065899 ] ], [ [ -88.824919219940654, 13.425892274941571 ], [ -88.838393887565516, 13.425892274941569 ], [ -88.838393887565516, 13.43936694256643 ], [ -88.851868555190393, 13.439366942566426 ], [ -88.851868555190393, 13.452841610191305 ], [ -88.865343222815255, 13.452841610191305 ], [ -88.865343222815255, 13.439366942566435 ], [ -88.878817890440118, 13.439366942566433 ], [ -88.878817890440118, 13.412417607316705 ], [ -88.89229255806498, 13.412417607316703 ], [ -88.89229255806498, 13.398942939691839 ], [ -88.905767225689843, 13.398942939691839 ], [ -88.905767225689843, 13.371993604442109 ], [ -88.89229255806498, 13.37199360444211 ], [ -88.89229255806498, 13.358518936817243 ], [ -88.865343222815255, 13.358518936817244 ], [ -88.865343222815255, 13.371993604442109 ], [ -88.878817890440118, 13.37199360444211 ], [ -88.878817890440118, 13.385468272066973 ], [ -88.851868555190393, 13.385468272066969 ], [ -88.851868555190393, 13.398942939691837 ], [ -88.824919219940654, 13.398942939691839 ], [ -88.824919219940654, 13.425892274941571 ] ], [ [ -88.811444552315791, 13.425892274941571 ], [ -88.811444552315791, 13.439366942566433 ], [ -88.824919219940654, 13.439366942566432 ], [ -88.824919219940654, 13.425892274941571 ], [ -88.811444552315791, 13.425892274941571 ] ], [ [ -88.946191228564444, 13.425892274941569 ], [ -88.946191228564444, 13.439366942566432 ], [ -88.959665896189307, 13.439366942566432 ], [ -88.959665896189307, 13.425892274941569 ], [ -88.946191228564444, 13.425892274941569 ] ], [ [ -89.067463237188235, 13.560638951190219 ], [ -89.067463237188235, 13.547164283565358 ], [ -89.080937904813098, 13.547164283565355 ], [ -89.080937904813098, 13.533689615940492 ], [ -89.067463237188235, 13.533689615940492 ], [ -89.067463237188235, 13.520214948315623 ], [ -89.053988569563359, 13.520214948315623 ], [ -89.053988569563359, 13.560638951190215 ], [ -89.067463237188235, 13.560638951190219 ] ], [ [ -89.053988569563359, 13.506740280690758 ], [ -89.027039234313634, 13.506740280690758 ], [ -89.027039234313634, 13.520214948315623 ], [ -89.053988569563359, 13.520214948315623 ], [ -89.053988569563359, 13.506740280690758 ] ], [ [ -89.027039234313634, 13.533689615940492 ], [ -89.013564566688771, 13.533689615940492 ], [ -89.013564566688771, 13.547164283565358 ], [ -89.027039234313634, 13.547164283565353 ], [ -89.027039234313634, 13.533689615940492 ] ], [ [ -89.000089899063909, 13.520214948315623 ], [ -89.000089899063909, 13.50674028069076 ], [ -88.973140563814169, 13.50674028069076 ], [ -88.973140563814169, 13.520214948315623 ], [ -89.000089899063909, 13.520214948315623 ] ], [ [ -88.973140563814169, 13.493265613065898 ], [ -88.973140563814169, 13.466316277816164 ], [ -88.959665896189307, 13.466316277816162 ], [ -88.959665896189307, 13.493265613065898 ], [ -88.973140563814169, 13.493265613065898 ] ], [ [ -88.932716560939582, 13.493265613065899 ], [ -88.932716560939582, 13.479790945441032 ], [ -88.91924189331472, 13.47979094544103 ], [ -88.91924189331472, 13.493265613065898 ], [ -88.932716560939582, 13.493265613065899 ] ], [ [ -89.000089899063909, 13.479790945441032 ], [ -89.000089899063909, 13.466316277816166 ], [ -88.986615231439046, 13.466316277816166 ], [ -88.986615231439046, 13.479790945441032 ], [ -89.000089899063909, 13.479790945441032 ] ], [ [ -88.811444552315791, 13.479790945441028 ], [ -88.811444552315791, 13.452841610191298 ], [ -88.797969884690929, 13.452841610191303 ], [ -88.797969884690929, 13.439366942566437 ], [ -88.784495217066066, 13.439366942566432 ], [ -88.784495217066066, 13.466316277816166 ], [ -88.797969884690929, 13.466316277816169 ], [ -88.797969884690929, 13.479790945441035 ], [ -88.811444552315791, 13.479790945441028 ] ], [ [ -88.91924189331472, 13.466316277816162 ], [ -88.91924189331472, 13.452841610191301 ], [ -88.905767225689843, 13.452841610191301 ], [ -88.905767225689843, 13.466316277816166 ], [ -88.91924189331472, 13.466316277816162 ] ], [ [ -88.905767225689843, 13.425892274941569 ], [ -88.89229255806498, 13.425892274941567 ], [ -88.89229255806498, 13.439366942566435 ], [ -88.905767225689843, 13.43936694256643 ], [ -88.905767225689843, 13.425892274941569 ] ], [ [ -88.91924189331472, 13.425892274941571 ], [ -88.91924189331472, 13.412417607316705 ], [ -88.905767225689843, 13.412417607316703 ], [ -88.905767225689843, 13.425892274941569 ], [ -88.91924189331472, 13.425892274941571 ] ], [ [ -88.932716560939582, 13.385468272066971 ], [ -88.91924189331472, 13.385468272066973 ], [ -88.91924189331472, 13.398942939691835 ], [ -88.932716560939582, 13.398942939691835 ], [ -88.932716560939582, 13.385468272066971 ] ], [ [ -88.946191228564444, 13.385468272066975 ], [ -88.946191228564444, 13.37199360444211 ], [ -88.932716560939582, 13.37199360444211 ], [ -88.932716560939582, 13.385468272066971 ], [ -88.946191228564444, 13.385468272066975 ] ] ] } },
{ "type": "Feature", "properties": { "class_id": 3, "area_m2": 2174399.2946933485, "class_name": "Normal", "index": "NDII", "min_value": null, "max_value": null }, "geometry": { "type": "Polygon", "coordinates": [ [ [ -88.973140563814169, 13.614537621689681 ], [ -88.986615231439046, 13.61453762168968 ], [ -88.986615231439046, 13.628012289314547 ], [ -88.973140563814169, 13.628012289314542 ], [ -88.973140563814169, 13.614537621689681 ] ] ] } },
{ "type": "Feature", "properties": { "class_id": 3, "area_m2": 2173922.4549248097, "class_name": "Normal", "index": "NDII", "min_value": null, "max_value": null }, "geometry": { "type": "Polygon", "coordinates": [ [ [ -88.824919219940654, 13.628012289314549 ], [ -88.838393887565516, 13.628012289314542 ], [ -88.838393887565516, 13.641486956939412 ], [ -88.824919219940654, 13.641486956939419 ], [ -88.824919219940654, 13.628012289314549 ] ] ] } },
{ "type": "Feature", "properties": { "class_id": 3, "area_m2": 2173991.8330267724, "class_name": "Normal", "index": "NDII", "min_value": null, "max_value": null }, "geometry": { "type": "Polygon", "coordinates": [ [ [ -88.91924189331472, 13.654961624564283 ], [ -88.905767225689843, 13.65496162456428 ], [ -88.905767225689843, 13.641486956939415 ], [ -88.91924189331472, 13.641486956939413 ], [ -88.91924189331472, 13.654961624564283 ] ] ] } },
{ "type": "Feature", "properties": { "class_id": 3, "area_m2": 4346480.1226825137, "class_name": "Normal", "index": "NDII", "min_value": null, "max_value": null }, "geometry": { "type": "Polygon", "coordinates": [ [ [ -88.757545881816327, 13.695385627438874 ], [ -88.730596546566602, 13.695385627438874 ], [ -88.730596546566602, 13.68191095981401 ], [ -88.757545881816327, 13.681910959814012 ], [ -88.757545881816327, 13.695385627438874 ] ] ] } },
{ "type": "Feature", "properties": { "class_id": 3, "area_m2": 2173928.6468266849, "class_name": "Normal", "index": "NDII", "min_value": null, "max_value": null }, "geometry": { "type": "Polygon", "coordinates": [ [ [ -89.040513901938496, 13.695385627438874 ], [ -89.027039234313634, 13.695385627438874 ], [ -89.027039234313634, 13.68191095981401 ], [ -89.040513901938496, 13.681910959814006 ], [ -89.040513901938496, 13.695385627438874 ] ] ] } },
{ "type": "Feature", "properties": { "class_id": 3, "area_m2": 65201559.201673567, "class_name": "Normal", "index": "NDII", "min_value": null, "max_value": null }, "geometry": { "type": "Polygon", "coordinates": [ [ [ -88.89229255806498, 13.668436292189142 ], [ -88.878817890440118, 13.668436292189138 ], [ -88.878817890440118, 13.68191095981401 ], [ -88.851868555190393, 13.681910959814008 ], [ -88.851868555190393, 13.695385627438874 ], [ -88.824919219940654, 13.695385627438874 ], [ -88.824919219940654, 13.70886029506374 ], [ -88.811444552315791, 13.70886029506374 ], [ -88.811444552315791, 13.735809630313472 ], [ -88.797969884690929, 13.735809630313472 ], [ -88.797969884690929, 13.749284297938338 ], [ -88.784495217066066, 13.749284297938335 ], [ -88.784495217066066, 13.735809630313472 ], [ -88.771020549441189, 13.73580963031347 ], [ -88.771020549441189, 13.708860295063738 ], [ -88.757545881816327, 13.70886029506374 ], [ -88.757545881816327, 13.695385627438874 ], [ -88.784495217066066, 13.695385627438876 ], [ -88.784495217066066, 13.65496162456428 ], [ -88.797969884690929, 13.654961624564283 ], [ -88.797969884690929, 13.64148695693941 ], [ -88.824919219940654, 13.641486956939419 ], [ -88.824919219940654, 13.681910959814006 ], [ -88.838393887565516, 13.681910959814008 ], [ -88.838393887565516, 13.668436292189138 ], [ -88.851868555190393, 13.668436292189146 ], [ -88.851868555190393, 13.65496162456428 ], [ -88.89229255806498, 13.654961624564276 ], [ -88.89229255806498, 13.668436292189142 ] ], [ [ -88.797969884690929, 13.668436292189142 ], [ -88.797969884690929, 13.68191095981401 ], [ -88.811444552315791, 13.68191095981401 ], [ -88.811444552315791, 13.668436292189142 ], [ -88.797969884690929, 13.668436292189142 ] ] ] } },
{ "type": "Feature", "properties": { "class_id": 3, "area_m2": 2173409.5655427203, "class_name": "Normal", "index": "NDII", "min_value": null, "max_value": null }, "geometry": { "type": "Polygon", "coordinates": [ [ [ -88.865343222815255, 13.695385627438874 ], [ -88.878817890440118, 13.695385627438878 ], [ -88.878817890440118, 13.708860295063737 ], [ -88.865343222815255, 13.70886029506374 ], [ -88.865343222815255, 13.695385627438874 ] ] ] } },
{ "type": "Feature", "properties": { "class_id": 3, "area_m2": 2173704.4823761061, "class_name": "Normal", "index": "NDII", "min_value": null, "max_value": null }, "geometry": { "type": "Polygon", "coordinates": [ [ [ -89.000089899063909, 13.708860295063744 ], [ -88.986615231439046, 13.708860295063738 ], [ -88.986615231439046, 13.695385627438872 ], [ -89.000089899063909, 13.695385627438876 ], [ -89.000089899063909, 13.708860295063744 ] ] ] } },
{ "type": "Feature", "properties": { "class_id": 3, "area_m2": 2173075.6949793929, "class_name": "Normal", "index": "NDII", "min_value": null, "max_value": null }, "geometry": { "type": "Polygon", "coordinates": [ [ [ -88.89229255806498, 13.749284297938333 ], [ -88.878817890440118, 13.749284297938337 ], [ -88.878817890440118, 13.735809630313467 ], [ -88.89229255806498, 13.735809630313469 ], [ -88.89229255806498, 13.749284297938333 ] ] ] } },
{ "type": "Feature", "properties": { "class_id": 3, "area_m2": 2173338.6240511644, "class_name": "Normal", "index": "NDII", "min_value": null, "max_value": null }, "geometry": { "type": "Polygon", "coordinates": [ [ [ -89.000089899063909, 13.749284297938337 ], [ -88.986615231439046, 13.749284297938335 ], [ -88.986615231439046, 13.73580963031347 ], [ -89.000089899063909, 13.735809630313467 ], [ -89.000089899063909, 13.749284297938337 ] ] ] } },
{ "type": "Feature", "properties": { "class_id": 3, "area_m2": 6518891.777409072, "class_name": "Normal", "index": "NDII", "min_value": null, "max_value": null }, "geometry": { "type": "Polygon", "coordinates": [ [ [ -88.878817890440118, 13.762758965563197 ], [ -88.851868555190393, 13.762758965563201 ], [ -88.851868555190393, 13.735809630313472 ], [ -88.865343222815255, 13.735809630313469 ], [ -88.865343222815255, 13.749284297938329 ], [ -88.878817890440118, 13.749284297938337 ], [ -88.878817890440118, 13.762758965563197 ] ] ] } },
{ "type": "Feature", "properties": { "class_id": 3, "area_m2": 13036991.122703256, "class_name": "Normal", "index": "NDII", "min_value": null, "max_value": null }, "geometry": { "type": "Polygon", "coordinates": [ [ [ -88.905767225689843, 13.762758965563199 ], [ -88.91924189331472, 13.762758965563199 ], [ -88.91924189331472, 13.776233633188067 ], [ -88.932716560939582, 13.776233633188067 ], [ -88.932716560939582, 13.789708300812928 ], [ -88.91924189331472, 13.789708300812935 ], [ -88.91924189331472, 13.803182968437797 ], [ -88.905767225689843, 13.803182968437797 ], [ -88.905767225689843, 13.776233633188067 ], [ -88.89229255806498, 13.776233633188067 ], [ -88.89229255806498, 13.749284297938333 ], [ -88.905767225689843, 13.749284297938337 ], [ -88.905767225689843, 13.762758965563199 ] ] ] } },
{ "type": "Feature", "properties": { "class_id": 3, "area_m2": 2172490.9801924387, "class_name": "Normal", "index": "NDII", "min_value": null, "max_value": null }, "geometry": { "type": "Polygon", "coordinates": [ [ [ -88.797969884690929, 13.789708300812933 ], [ -88.784495217066066, 13.789708300812929 ], [ -88.784495217066066, 13.776233633188067 ], [ -88.797969884690929, 13.776233633188067 ], [ -88.797969884690929, 13.789708300812933 ] ] ] } },
{ "type": "Feature", "properties": { "class_id": 3, "area_m2": 2173005.5834883251, "class_name": "Normal", "index": "NDII", "min_value": null, "max_value": null }, "geometry": { "type": "Polygon", "coordinates": [ [ [ -89.013564566688771, 13.789708300812931 ], [ -89.000089899063909, 13.789708300812933 ], [ -89.000089899063909, 13.776233633188069 ], [ -89.013564566688771, 13.776233633188067 ], [ -89.013564566688771, 13.789708300812931 ] ] ] } },
{ "type": "Feature", "properties": { "class_id": 3, "area_m2": 2172249.0416798489, "class_name": "Normal", "index": "NDII", "min_value": null, "max_value": null }, "geometry": { "type": "Polygon", "coordinates": [ [ [ -88.744071214191464, 13.803182968437797 ], [ -88.730596546566602, 13.803182968437797 ], [ -88.730596546566602, 13.789708300812931 ], [ -88.744071214191464, 13.789708300812933 ], [ -88.744071214191464, 13.803182968437797 ] ] ] } },
{ "type": "Feature", "properties": { "class_id": 3, "area_m2": 2172215.7359771365, "class_name": "Normal", "index": "NDII", "min_value": null, "max_value": null }, "geometry": { "type": "Polygon", "coordinates": [ [ [ -88.771020549441189, 13.803182968437797 ], [ -88.784495217066066, 13.803182968437797 ], [ -88.784495217066066, 13.816657636062661 ], [ -88.771020549441189, 13.81665763606266 ], [ -88.771020549441189, 13.803182968437797 ] ] ] } },
{ "type": "Feature", "properties": { "class_id": 3, "area_m2": 2172760.3690459891, "class_name": "Normal", "index": "NDII", "min_value": null, "max_value": null }, "geometry": { "type": "Polygon", "coordinates": [ [ [ -89.000089899063909, 13.803182968437799 ], [ -89.013564566688771, 13.803182968437799 ], [ -89.013564566688771, 13.816657636062661 ], [ -89.000089899063909, 13.81665763606266 ], [ -89.000089899063909, 13.803182968437799 ] ] ] } },
{ "type": "Feature", "properties": { "class_id": 3, "area_m2": 2172153.6793775959, "class_name": "Normal", "index": "NDII", "min_value": null, "max_value": null }, "geometry": { "type": "Polygon", "coordinates": [ [ [ -88.811444552315791, 13.830132303687526 ], [ -88.797969884690929, 13.830132303687526 ], [ -88.797969884690929, 13.81665763606266 ], [ -88.811444552315791, 13.816657636062663 ], [ -88.811444552315791, 13.830132303687526 ] ] ] } },
{ "type": "Feature", "properties": { "class_id": 3, "area_m2": 2172470.5649112631, "class_name": "Normal", "index": "NDII", "min_value": null, "max_value": null }, "geometry": { "type": "Polygon", "coordinates": [ [ [ -88.946191228564444, 13.83013230368752 ], [ -88.932716560939582, 13.83013230368752 ], [ -88.932716560939582, 13.816657636062667 ], [ -88.946191228564444, 13.816657636062663 ], [ -88.946191228564444, 13.83013230368752 ] ] ] } },
{ "type": "Feature", "properties": { "class_id": 3, "area_m2": 4345173.8641473129, "class_name": "Normal", "index": "NDII", "min_value": null, "max_value": null }, "geometry": { "type": "Polygon", "coordinates": [ [ [ -89.000089899063909, 13.83013230368752 ], [ -88.973140563814169, 13.830132303687522 ], [ -88.973140563814169, 13.816657636062663 ], [ -89.000089899063909, 13.81665763606266 ], [ -89.000089899063909, 13.83013230368752 ] ] ] } },
{ "type": "Feature", "properties": { "class_id": 3, "area_m2": 30411152.103664421, "class_name": "Normal", "index": "NDII", "min_value": null, "max_value": null }, "geometry": { "type": "Polygon", "coordinates": [ [ [ -88.865343222815255, 13.803182968437797 ], [ -88.89229255806498, 13.803182968437797 ], [ -88.89229255806498, 13.870556306562127 ], [ -88.865343222815255, 13.870556306562124 ], [ -88.865343222815255, 13.830132303687524 ], [ -88.824919219940654, 13.830132303687522 ], [ -88.824919219940654, 13.803182968437797 ], [ -88.838393887565516, 13.803182968437797 ], [ -88.838393887565516, 13.816657636062663 ], [ -88.865343222815255, 13.816657636062667 ], [ -88.865343222815255, 13.803182968437797 ] ] ] } },
{ "type": "Feature", "properties": { "class_id": 3, "area_m2": 2172583.0807567113, "class_name": "Normal", "index": "NDII", "min_value": null, "max_value": null }, "geometry": { "type": "Polygon", "coordinates": [ [ [ -89.027039234313634, 13.830132303687524 ], [ -89.040513901938496, 13.83013230368752 ], [ -89.040513901938496, 13.843606971312386 ], [ -89.027039234313634, 13.843606971312393 ], [ -89.027039234313634, 13.830132303687524 ] ] ] } },
{ "type": "Feature", "properties": { "class_id": 3, "area_m2": 8687446.8661193512, "class_name": "Normal", "index": "NDII", "min_value": null, "max_value": null }, "geometry": { "type": "Polygon", "coordinates": [ [ [ -88.824919219940654, 13.870556306562124 ], [ -88.797969884690929, 13.870556306562124 ], [ -88.797969884690929, 13.843606971312392 ], [ -88.824919219940654, 13.843606971312393 ], [ -88.824919219940654, 13.870556306562124 ] ] ] } },
{ "type": "Feature", "properties": { "class_id": 3, "area_m2": 2171265.2902336475, "class_name": "Normal", "index": "NDII", "min_value": null, "max_value": null }, "geometry": { "type": "Polygon", "coordinates": [ [ [ -88.744071214191464, 13.91098030943672 ], [ -88.730596546566602, 13.91098030943672 ], [ -88.730596546566602, 13.897505641811852 ], [ -88.744071214191464, 13.897505641811854 ], [ -88.744071214191464, 13.91098030943672 ] ] ] } },
{ "type": "Feature", "properties": { "class_id": 3, "area_m2": 8686179.3355761599, "class_name": "Normal", "index": "NDII", "min_value": null, "max_value": null }, "geometry": { "type": "Polygon", "coordinates": [ [ [ -88.91924189331472, 13.897505641811854 ], [ -88.932716560939582, 13.897505641811854 ], [ -88.932716560939582, 13.937929644686452 ], [ -88.905767225689843, 13.937929644686452 ], [ -88.905767225689843, 13.924454977061581 ], [ -88.91924189331472, 13.924454977061588 ], [ -88.91924189331472, 13.897505641811854 ] ] ] } },
{ "type": "Feature", "properties": { "class_id": 3, "area_m2": 2171740.9748628321, "class_name": "Normal", "index": "NDII", "min_value": null, "max_value": null }, "geometry": { "type": "Polygon", "coordinates": [ [ [ -88.986615231439046, 13.91098030943672 ], [ -89.000089899063909, 13.910980309436725 ], [ -89.000089899063909, 13.924454977061584 ], [ -88.986615231439046, 13.924454977061588 ], [ -88.986615231439046, 13.91098030943672 ] ] ] } },
{ "type": "Feature", "properties": { "class_id": 3, "area_m2": 4343067.5408309978, "class_name": "Normal", "index": "NDII", "min_value": null, "max_value": null }, "geometry": { "type": "Polygon", "coordinates": [ [ [ -88.946191228564444, 13.924454977061584 ], [ -88.973140563814169, 13.924454977061583 ], [ -88.973140563814169, 13.937929644686445 ], [ -88.946191228564444, 13.93792964468645 ], [ -88.946191228564444, 13.924454977061584 ] ] ] } },
{ "type": "Feature", "properties": { "class_id": 3, "area_m2": 10858464.180047326, "class_name": "Normal", "index": "NDII", "min_value": null, "max_value": null }, "geometry": { "type": "Polygon", "coordinates": [ [ [ -89.027039234313634, 13.924454977061584 ], [ -89.027039234313634, 13.937929644686445 ], [ -89.013564566688771, 13.93792964468645 ], [ -89.013564566688771, 13.951404312311309 ], [ -89.000089899063909, 13.951404312311315 ], [ -89.000089899063909, 13.924454977061584 ], [ -89.013564566688771, 13.924454977061579 ], [ -89.013564566688771, 13.910980309436722 ], [ -89.040513901938496, 13.91098030943672 ], [ -89.040513901938496, 13.924454977061583 ], [ -89.027039234313634, 13.924454977061584 ] ] ] } },
{ "type": "Feature", "properties": { "class_id": 3, "area_m2": 67305213.78309691, "class_name": "Normal", "index": "NDII", "min_value": null, "max_value": null }, "geometry": { "type": "Polygon", "coordinates": [ [ [ -88.865343222815255, 13.91098030943672 ], [ -88.878817890440118, 13.91098030943672 ], [ -88.878817890440118, 13.937929644686447 ], [ -88.865343222815255, 13.937929644686447 ], [ -88.865343222815255, 13.951404312311315 ], [ -88.851868555190393, 13.951404312311315 ], [ -88.851868555190393, 13.978353647561047 ], [ -88.865343222815255, 13.978353647561047 ], [ -88.865343222815255, 13.991828315185915 ], [ -88.838393887565516, 13.991828315185906 ], [ -88.838393887565516, 13.951404312311309 ], [ -88.824919219940654, 13.951404312311309 ], [ -88.824919219940654, 13.964878979936181 ], [ -88.797969884690929, 13.964878979936181 ], [ -88.797969884690929, 13.951404312311311 ], [ -88.771020549441189, 13.951404312311315 ], [ -88.771020549441189, 13.93792964468645 ], [ -88.757545881816327, 13.93792964468645 ], [ -88.757545881816327, 13.897505641811854 ], [ -88.784495217066066, 13.897505641811858 ], [ -88.784495217066066, 13.884030974186983 ], [ -88.797969884690929, 13.884030974186985 ], [ -88.797969884690929, 13.910980309436724 ], [ -88.811444552315791, 13.91098030943672 ], [ -88.811444552315791, 13.924454977061584 ], [ -88.865343222815255, 13.924454977061584 ], [ -88.865343222815255, 13.91098030943672 ] ] ] } },
{ "type": "Feature", "properties": { "class_id": 3, "area_m2": 2171369.4574624645, "class_name": "Normal", "index": "NDII", "min_value": null, "max_value": null }, "geometry": { "type": "Polygon", "coordinates": [ [ [ -88.986615231439046, 13.951404312311315 ], [ -89.000089899063909, 13.951404312311315 ], [ -89.000089899063909, 13.964878979936181 ], [ -88.986615231439046, 13.964878979936181 ], [ -88.986615231439046, 13.951404312311315 ] ] ] } },
{ "type": "Feature", "properties": { "class_id": 3, "area_m2": 2171437.2913085483, "class_name": "Normal", "index": "NDII", "min_value": null, "max_value": null }, "geometry": { "type": "Polygon", "coordinates": [ [ [ -89.013564566688771, 13.964878979936181 ], [ -89.013564566688771, 13.951404312311309 ], [ -89.027039234313634, 13.951404312311315 ], [ -89.027039234313634, 13.964878979936181 ], [ -89.013564566688771, 13.964878979936181 ] ] ] } },
{ "type": "Feature", "properties": { "class_id": 3, "area_m2": 2171279.1794280163, "class_name": "Normal", "index": "NDII", "min_value": null, "max_value": null }, "geometry": { "type": "Polygon", "coordinates": [ [ [ -89.000089899063909, 13.964878979936181 ], [ -89.013564566688771, 13.964878979936181 ], [ -89.013564566688771, 13.978353647561041 ], [ -89.000089899063909, 13.978353647561045 ], [ -89.000089899063909, 13.964878979936181 ] ] ] } },
{ "type": "Feature", "properties": { "class_id": 3, "area_m2": 6511778.9286211357, "class_name": "Normal", "index": "NDII", "min_value": null, "max_value": null }, "geometry": { "type": "Polygon", "coordinates": [ [ [ -88.797969884690929, 14.005302982810775 ], [ -88.784495217066066, 14.005302982810772 ], [ -88.784495217066066, 13.97835364756104 ], [ -88.811444552315791, 13.978353647561045 ], [ -88.811444552315791, 13.991828315185911 ], [ -88.797969884690929, 13.991828315185908 ], [ -88.797969884690929, 14.005302982810775 ] ] ] } },
{ "type": "Feature", "properties": { "class_id": 3, "area_m2": 62953686.747914605, "class_name": "Normal", "index": "NDII", "min_value": null, "max_value": null }, "geometry": { "type": "Polygon", "coordinates": [ [ [ -88.959665896189307, 13.951404312311311 ], [ -88.959665896189307, 13.964878979936181 ], [ -88.973140563814169, 13.964878979936181 ], [ -88.973140563814169, 13.97835364756104 ], [ -88.959665896189307, 13.978353647561047 ], [ -88.959665896189307, 13.991828315185908 ], [ -88.973140563814169, 13.991828315185911 ], [ -88.973140563814169, 14.005302982810772 ], [ -88.986615231439046, 14.005302982810772 ], [ -88.986615231439046, 14.018777650435641 ], [ -88.959665896189307, 14.018777650435641 ], [ -88.959665896189307, 14.0322523180605 ], [ -88.946191228564444, 14.032252318060511 ], [ -88.946191228564444, 14.045726985685365 ], [ -88.932716560939582, 14.04572698568537 ], [ -88.932716560939582, 14.059201653310234 ], [ -88.91924189331472, 14.059201653310234 ], [ -88.91924189331472, 14.045726985685365 ], [ -88.905767225689843, 14.045726985685365 ], [ -88.905767225689843, 14.032252318060507 ], [ -88.878817890440118, 14.032252318060507 ], [ -88.878817890440118, 14.018777650435641 ], [ -88.91924189331472, 14.018777650435641 ], [ -88.91924189331472, 14.005302982810777 ], [ -88.905767225689843, 14.005302982810775 ], [ -88.905767225689843, 13.964878979936181 ], [ -88.932716560939582, 13.964878979936181 ], [ -88.932716560939582, 13.951404312311315 ], [ -88.959665896189307, 13.951404312311311 ] ], [ [ -88.946191228564444, 14.005302982810775 ], [ -88.932716560939582, 14.005302982810774 ], [ -88.932716560939582, 14.032252318060507 ], [ -88.946191228564444, 14.032252318060511 ], [ -88.946191228564444, 14.005302982810775 ] ] ] } },
{ "type": "Feature", "properties": { "class_id": 3, "area_m2": 2170363.018797806, "class_name": "Normal", "index": "NDII", "min_value": null, "max_value": null }, "geometry": { "type": "Polygon", "coordinates": [ [ [ -88.784495217066066, 14.018777650435645 ], [ -88.771020549441189, 14.018777650435641 ], [ -88.771020549441189, 14.005302982810772 ], [ -88.784495217066066, 14.005302982810772 ], [ -88.784495217066066, 14.018777650435645 ] ] ] } },
{ "type": "Feature", "properties": { "class_id": 3, "area_m2": 2170940.2374212034, "class_name": "Normal", "index": "NDII", "min_value": null, "max_value": null }, "geometry": { "type": "Polygon", "coordinates": [ [ [ -89.027039234313634, 14.018777650435643 ], [ -89.013564566688771, 14.018777650435641 ], [ -89.013564566688771, 14.005302982810774 ], [ -89.027039234313634, 14.005302982810774 ], [ -89.027039234313634, 14.018777650435643 ] ] ] } },
{ "type": "Feature", "properties": { "class_id": 3, "area_m2": 28214013.495305724, "class_name": "Normal", "index": "NDII", "min_value": null, "max_value": null }, "geometry": { "type": "Polygon", "coordinates": [ [ [ -88.824919219940654, 14.059201653310241 ], [ -88.797969884690929, 14.059201653310238 ], [ -88.797969884690929, 14.045726985685366 ], [ -88.784495217066066, 14.045726985685365 ], [ -88.784495217066066, 14.018777650435645 ], [ -88.797969884690929, 14.018777650435641 ], [ -88.797969884690929, 14.005302982810775 ], [ -88.811444552315791, 14.005302982810774 ], [ -88.811444552315791, 14.018777650435641 ], [ -88.824919219940654, 14.018777650435643 ], [ -88.824919219940654, 13.991828315185911 ], [ -88.838393887565516, 13.991828315185906 ], [ -88.838393887565516, 14.005302982810774 ], [ -88.851868555190393, 14.005302982810777 ], [ -88.851868555190393, 14.018777650435643 ], [ -88.838393887565516, 14.018777650435641 ], [ -88.838393887565516, 14.032252318060507 ], [ -88.824919219940654, 14.032252318060511 ], [ -88.824919219940654, 14.059201653310241 ] ] ] } },
{ "type": "Feature", "properties": { "class_id": 3, "area_m2": 19534320.676127423, "class_name": "Normal", "index": "NDII", "min_value": null, "max_value": null }, "geometry": { "type": "Polygon", "coordinates": [ [ [ -88.946191228564444, 14.045726985685365 ], [ -88.959665896189307, 14.045726985685365 ], [ -88.959665896189307, 14.0322523180605 ], [ -89.000089899063909, 14.032252318060511 ], [ -89.000089899063909, 14.059201653310234 ], [ -89.027039234313634, 14.05920165331024 ], [ -89.027039234313634, 14.072676320935102 ], [ -88.986615231439046, 14.072676320935102 ], [ -88.986615231439046, 14.04572698568537 ], [ -88.973140563814169, 14.045726985685365 ], [ -88.973140563814169, 14.059201653310234 ], [ -88.946191228564444, 14.059201653310234 ], [ -88.946191228564444, 14.045726985685365 ] ] ] } },
{ "type": "Feature", "properties": { "class_id": 3, "area_m2": 2169986.2830780637, "class_name": "Normal", "index": "NDII", "min_value": null, "max_value": null }, "geometry": { "type": "Polygon", "coordinates": [ [ [ -88.838393887565516, 14.072676320935102 ], [ -88.824919219940654, 14.072676320935102 ], [ -88.824919219940654, 14.059201653310241 ], [ -88.838393887565516, 14.059201653310234 ], [ -88.838393887565516, 14.072676320935102 ] ] ] } },
{ "type": "Feature", "properties": { "class_id": 3, "area_m2": 2170175.8172835521, "class_name": "Normal", "index": "NDII", "min_value": null, "max_value": null }, "geometry": { "type": "Polygon", "coordinates": [ [ [ -88.91924189331472, 14.072676320935106 ], [ -88.905767225689843, 14.072676320935102 ], [ -88.905767225689843, 14.059201653310234 ], [ -88.91924189331472, 14.059201653310234 ], [ -88.91924189331472, 14.072676320935106 ] ] ] } },
{ "type": "Feature", "properties": { "class_id": 3, "area_m2": 2170215.0209112605, "class_name": "Normal", "index": "NDII", "min_value": null, "max_value": null }, "geometry": { "type": "Polygon", "coordinates": [ [ [ -88.986615231439046, 14.086150988559968 ], [ -88.973140563814169, 14.086150988559963 ], [ -88.973140563814169, 14.072676320935106 ], [ -88.986615231439046, 14.072676320935102 ], [ -88.986615231439046, 14.086150988559968 ] ] ] } },
{ "type": "Feature", "properties": { "class_id": 3, "area_m2": 6509252.8118945556, "class_name": "Normal", "index": "NDII", "min_value": null, "max_value": null }, "geometry": { "type": "Polygon", "coordinates": [ [ [ -88.811444552315791, 14.099625656184834 ], [ -88.797969884690929, 14.099625656184834 ], [ -88.797969884690929, 14.072676320935102 ], [ -88.824919219940654, 14.072676320935102 ], [ -88.824919219940654, 14.086150988559972 ], [ -88.811444552315791, 14.086150988559966 ], [ -88.811444552315791, 14.099625656184834 ] ] ] } },
{ "type": "Feature", "properties": { "class_id": 3, "area_m2": 2170123.406972839, "class_name": "Normal", "index": "NDII", "min_value": null, "max_value": null }, "geometry": { "type": "Polygon", "coordinates": [ [ [ -88.986615231439046, 14.086150988559968 ], [ -89.000089899063909, 14.086150988559968 ], [ -89.000089899063909, 14.099625656184834 ], [ -88.986615231439046, 14.099625656184829 ], [ -88.986615231439046, 14.086150988559968 ] ] ] } },
{ "type": "Feature", "properties": { "class_id": 3, "area_m2": 2170031.891367055, "class_name": "Normal", "index": "NDII", "min_value": null, "max_value": null }, "geometry": { "type": "Polygon", "coordinates": [ [ [ -89.013564566688771, 14.113100323809698 ], [ -89.000089899063909, 14.113100323809695 ], [ -89.000089899063909, 14.099625656184834 ], [ -89.013564566688771, 14.099625656184829 ], [ -89.013564566688771, 14.113100323809698 ] ] ] } },
{ "type": "Feature", "properties": { "class_id": 3, "area_m2": 6508230.1101825386, "class_name": "Normal", "index": "NDII", "min_value": null, "max_value": null }, "geometry": { "type": "Polygon", "coordinates": [ [ [ -88.784495217066066, 14.113100323809695 ], [ -88.771020549441189, 14.113100323809697 ], [ -88.771020549441189, 14.126574991434564 ], [ -88.757545881816327, 14.126574991434564 ], [ -88.757545881816327, 14.099625656184832 ], [ -88.784495217066066, 14.099625656184831 ], [ -88.784495217066066, 14.113100323809695 ] ] ] } },
{ "type": "Feature", "properties": { "class_id": 3, "area_m2": 2169839.2797157196, "class_name": "Normal", "index": "NDII", "min_value": null, "max_value": null }, "geometry": { "type": "Polygon", "coordinates": [ [ [ -88.986615231439046, 14.126574991434564 ], [ -88.973140563814169, 14.126574991434564 ], [ -88.973140563814169, 14.113100323809698 ], [ -88.986615231439046, 14.113100323809697 ], [ -88.986615231439046, 14.126574991434564 ] ] ] } },
{ "type": "Feature", "properties": { "class_id": 3, "area_m2": 8676819.4049943015, "class_name": "Normal", "index": "NDII", "min_value": null, "max_value": null }, "geometry": { "type": "Polygon", "coordinates": [ [ [ -88.878817890440118, 14.180473661934025 ], [ -88.865343222815255, 14.180473661934029 ], [ -88.865343222815255, 14.153524326684289 ], [ -88.851868555190393, 14.153524326684295 ], [ -88.851868555190393, 14.140049659059429 ], [ -88.878817890440118, 14.140049659059429 ], [ -88.878817890440118, 14.180473661934025 ] ] ] } },
{ "type": "Feature", "properties": { "class_id": 3, "area_m2": 2177177.7978160796, "class_name": "Normal", "index": "NDII", "min_value": null, "max_value": null }, "geometry": { "type": "Polygon", "coordinates": [ [ [ -88.622799205567674, 13.210297592943727 ], [ -88.636273873192536, 13.210297592943727 ], [ -88.636273873192536, 13.223772260568587 ], [ -88.622799205567674, 13.223772260568589 ], [ -88.622799205567674, 13.210297592943727 ] ] ] } },
{ "type": "Feature", "properties": { "class_id": 3, "area_m2": 28300980.421199128, "class_name": "Normal", "index": "NDII", "min_value": null, "max_value": null }, "geometry": { "type": "Polygon", "coordinates": [ [ [ -88.622799205567674, 13.237246928193452 ], [ -88.636273873192536, 13.237246928193455 ], [ -88.636273873192536, 13.250721595818318 ], [ -88.609324537942811, 13.250721595818318 ], [ -88.609324537942811, 13.237246928193453 ], [ -88.595849870317949, 13.237246928193452 ], [ -88.595849870317949, 13.250721595818318 ], [ -88.568900535068209, 13.250721595818323 ], [ -88.568900535068209, 13.237246928193457 ], [ -88.555425867443347, 13.237246928193457 ], [ -88.555425867443347, 13.223772260568587 ], [ -88.568900535068209, 13.223772260568589 ], [ -88.568900535068209, 13.196822925318864 ], [ -88.582375202693086, 13.196822925318862 ], [ -88.582375202693086, 13.210297592943725 ], [ -88.609324537942811, 13.210297592943727 ], [ -88.609324537942811, 13.223772260568587 ], [ -88.622799205567674, 13.223772260568589 ], [ -88.622799205567674, 13.237246928193452 ] ] ] } },
{ "type": "Feature", "properties": { "class_id": 3, "area_m2": 2176662.6164063755, "class_name": "Normal", "index": "NDII", "min_value": null, "max_value": null }, "geometry": { "type": "Polygon", "coordinates": [ [ [ -88.555425867443347, 13.264196263443189 ], [ -88.541951199818484, 13.264196263443193 ], [ -88.541951199818484, 13.250721595818323 ], [ -88.555425867443347, 13.25072159581832 ], [ -88.555425867443347, 13.264196263443189 ] ] ] } },
{ "type": "Feature", "properties": { "class_id": 3, "area_m2": 2176770.0194369988, "class_name": "Normal", "index": "NDII", "min_value": null, "max_value": null }, "geometry": { "type": "Polygon", "coordinates": [ [ [ -88.609324537942811, 13.264196263443187 ], [ -88.595849870317949, 13.264196263443186 ], [ -88.595849870317949, 13.250721595818318 ], [ -88.609324537942811, 13.250721595818318 ], [ -88.609324537942811, 13.264196263443187 ] ] ] } },
{ "type": "Feature", "properties": { "class_id": 3, "area_m2": 13057887.189469201, "class_name": "Normal", "index": "NDII", "min_value": null, "max_value": null }, "geometry": { "type": "Polygon", "coordinates": [ [ [ -88.541951199818484, 13.291145598692912 ], [ -88.528476532193622, 13.291145598692919 ], [ -88.528476532193622, 13.27767093106805 ], [ -88.582375202693086, 13.277670931068052 ], [ -88.582375202693086, 13.291145598692918 ], [ -88.568900535068209, 13.291145598692918 ], [ -88.568900535068209, 13.30462026631778 ], [ -88.541951199818484, 13.304620266317784 ], [ -88.541951199818484, 13.291145598692912 ] ] ] } },
{ "type": "Feature", "properties": { "class_id": 3, "area_m2": 4351463.4452575669, "class_name": "Normal", "index": "NDII", "min_value": null, "max_value": null }, "geometry": { "type": "Polygon", "coordinates": [ [ [ -88.205084509196851, 13.291145598692919 ], [ -88.23203384444659, 13.291145598692921 ], [ -88.23203384444659, 13.304620266317784 ], [ -88.205084509196851, 13.304620266317784 ], [ -88.205084509196851, 13.291145598692919 ] ] ] } },
{ "type": "Feature", "properties": { "class_id": 3, "area_m2": 28284606.812727362, "class_name": "Normal", "index": "NDII", "min_value": null, "max_value": null }, "geometry": { "type": "Polygon", "coordinates": [ [ [ -88.245508512071453, 13.304620266317784 ], [ -88.245508512071453, 13.277670931068053 ], [ -88.28593251494604, 13.277670931068053 ], [ -88.28593251494604, 13.291145598692918 ], [ -88.299407182570931, 13.291145598692916 ], [ -88.299407182570931, 13.318094933942648 ], [ -88.28593251494604, 13.318094933942646 ], [ -88.28593251494604, 13.30462026631778 ], [ -88.272457847321178, 13.304620266317784 ], [ -88.272457847321178, 13.33156960156751 ], [ -88.23203384444659, 13.331569601567512 ], [ -88.23203384444659, 13.304620266317784 ], [ -88.245508512071453, 13.304620266317784 ] ], [ [ -88.272457847321178, 13.291145598692921 ], [ -88.258983179696315, 13.291145598692918 ], [ -88.258983179696315, 13.304620266317782 ], [ -88.272457847321178, 13.304620266317784 ], [ -88.272457847321178, 13.291145598692921 ] ] ] } },
{ "type": "Feature", "properties": { "class_id": 3, "area_m2": 23940289.729155418, "class_name": "Normal", "index": "NDII", "min_value": null, "max_value": null }, "geometry": { "type": "Polygon", "coordinates": [ [ [ -88.649748540817413, 13.304620266317784 ], [ -88.636273873192536, 13.304620266317782 ], [ -88.636273873192536, 13.33156960156751 ], [ -88.622799205567674, 13.331569601567509 ], [ -88.622799205567674, 13.345044269192378 ], [ -88.609324537942811, 13.345044269192373 ], [ -88.609324537942811, 13.318094933942643 ], [ -88.622799205567674, 13.318094933942641 ], [ -88.622799205567674, 13.304620266317784 ], [ -88.609324537942811, 13.30462026631778 ], [ -88.609324537942811, 13.291145598692918 ], [ -88.636273873192536, 13.291145598692919 ], [ -88.636273873192536, 13.277670931068048 ], [ -88.649748540817413, 13.27767093106805 ], [ -88.649748540817413, 13.291145598692918 ], [ -88.663223208442275, 13.291145598692914 ], [ -88.663223208442275, 13.304620266317778 ], [ -88.676697876067138, 13.304620266317782 ], [ -88.676697876067138, 13.318094933942648 ], [ -88.649748540817413, 13.318094933942644 ], [ -88.649748540817413, 13.304620266317784 ] ] ] } },
{ "type": "Feature", "properties": { "class_id": 3, "area_m2": 2175424.2995618847, "class_name": "Normal", "index": "NDII", "min_value": null, "max_value": null }, "geometry": { "type": "Polygon", "coordinates": [ [ [ -88.17813517394714, 13.33156960156751 ], [ -88.164660506322264, 13.331569601567516 ], [ -88.164660506322264, 13.318094933942648 ], [ -88.17813517394714, 13.318094933942648 ], [ -88.17813517394714, 13.33156960156751 ] ] ] } },
{ "type": "Feature", "properties": { "class_id": 3, "area_m2": 4350949.8278188361, "class_name": "Normal", "index": "NDII", "min_value": null, "max_value": null }, "geometry": { "type": "Polygon", "coordinates": [ [ [ -88.191609841571989, 13.318094933942648 ], [ -88.218559176821714, 13.318094933942648 ], [ -88.218559176821714, 13.331569601567509 ], [ -88.191609841571989, 13.331569601567509 ], [ -88.191609841571989, 13.318094933942648 ] ] ] } },
{ "type": "Feature", "properties": { "class_id": 3, "area_m2": 2175472.8592685517, "class_name": "Normal", "index": "NDII", "min_value": null, "max_value": null }, "geometry": { "type": "Polygon", "coordinates": [ [ [ -88.272457847321178, 13.33156960156751 ], [ -88.28593251494604, 13.331569601567512 ], [ -88.28593251494604, 13.345044269192377 ], [ -88.272457847321178, 13.345044269192378 ], [ -88.272457847321178, 13.33156960156751 ] ] ] } },
{ "type": "Feature", "properties": { "class_id": 3, "area_m2": 6526010.3283533184, "class_name": "Normal", "index": "NDII", "min_value": null, "max_value": null }, "geometry": { "type": "Polygon", "coordinates": [ [ [ -88.23203384444659, 13.345044269192375 ], [ -88.245508512071453, 13.345044269192373 ], [ -88.245508512071453, 13.358518936817243 ], [ -88.218559176821714, 13.358518936817246 ], [ -88.218559176821714, 13.331569601567509 ], [ -88.23203384444659, 13.331569601567512 ], [ -88.23203384444659, 13.345044269192375 ] ] ] } },
{ "type": "Feature", "properties": { "class_id": 3, "area_m2": 2176197.8160202471, "class_name": "Normal", "index": "NDII", "min_value": null, "max_value": null }, "geometry": { "type": "Polygon", "coordinates": [ [ [ -88.730596546566602, 13.358518936817244 ], [ -88.71712187894174, 13.358518936817244 ], [ -88.71712187894174, 13.345044269192375 ], [ -88.730596546566602, 13.345044269192382 ], [ -88.730596546566602, 13.358518936817244 ] ] ] } },
{ "type": "Feature", "properties": { "class_id": 3, "area_m2": 2175376.0129082594, "class_name": "Normal", "index": "NDII", "min_value": null, "max_value": null }, "geometry": { "type": "Polygon", "coordinates": [ [ [ -88.501527196943883, 13.398942939691837 ], [ -88.48805252931902, 13.398942939691841 ], [ -88.48805252931902, 13.385468272066969 ], [ -88.501527196943883, 13.385468272066969 ], [ -88.501527196943883, 13.398942939691837 ] ] ] } },
{ "type": "Feature", "properties": { "class_id": 3, "area_m2": 4351505.4536952404, "class_name": "Normal", "index": "NDII", "min_value": null, "max_value": null }, "geometry": { "type": "Polygon", "coordinates": [ [ [ -88.703647211316863, 13.385468272066975 ], [ -88.71712187894174, 13.385468272066968 ], [ -88.71712187894174, 13.412417607316701 ], [ -88.703647211316863, 13.412417607316709 ], [ -88.703647211316863, 13.385468272066975 ] ] ] } },
{ "type": "Feature", "properties": { "class_id": 3, "area_m2": 41323960.583058491, "class_name": "Normal", "index": "NDII", "min_value": null, "max_value": null }, "geometry": { "type": "Polygon", "coordinates": [ [ [ -88.380255188320106, 13.4528416101913 ], [ -88.339831185445505, 13.452841610191301 ], [ -88.339831185445505, 13.425892274941569 ], [ -88.326356517820642, 13.425892274941573 ], [ -88.326356517820642, 13.412417607316705 ], [ -88.339831185445505, 13.412417607316703 ], [ -88.339831185445505, 13.398942939691834 ], [ -88.366780520695244, 13.398942939691837 ], [ -88.366780520695244, 13.358518936817244 ], [ -88.380255188320106, 13.358518936817244 ], [ -88.380255188320106, 13.371993604442114 ], [ -88.393729855944969, 13.371993604442109 ], [ -88.393729855944969, 13.385468272066969 ], [ -88.380255188320106, 13.385468272066975 ], [ -88.380255188320106, 13.412417607316705 ], [ -88.393729855944969, 13.412417607316701 ], [ -88.393729855944969, 13.439366942566435 ], [ -88.380255188320106, 13.43936694256643 ], [ -88.380255188320106, 13.4528416101913 ] ] ] } },
{ "type": "Feature", "properties": { "class_id": 3, "area_m2": 2175231.7670296603, "class_name": "Normal", "index": "NDII", "min_value": null, "max_value": null }, "geometry": { "type": "Polygon", "coordinates": [ [ [ -88.48805252931902, 13.4124176073167 ], [ -88.474577861694158, 13.412417607316701 ], [ -88.474577861694158, 13.398942939691832 ], [ -88.48805252931902, 13.398942939691841 ], [ -88.48805252931902, 13.4124176073167 ] ] ] } },
{ "type": "Feature", "properties": { "class_id": 3, "area_m2": 2175308.3833193067, "class_name": "Normal", "index": "NDII", "min_value": null, "max_value": null }, "geometry": { "type": "Polygon", "coordinates": [ [ [ -88.528476532193622, 13.412417607316701 ], [ -88.51500186456876, 13.4124176073167 ], [ -88.51500186456876, 13.398942939691834 ], [ -88.528476532193622, 13.398942939691842 ], [ -88.528476532193622, 13.412417607316701 ] ] ] } },
{ "type": "Feature", "properties": { "class_id": 3, "area_m2": 58740041.512178518, "class_name": "Normal", "index": "NDII", "min_value": null, "max_value": null }, "geometry": { "type": "Polygon", "coordinates": [ [ [ -88.663223208442275, 13.385468272066969 ], [ -88.690172543692, 13.385468272066971 ], [ -88.690172543692, 13.412417607316701 ], [ -88.703647211316863, 13.412417607316709 ], [ -88.703647211316863, 13.425892274941571 ], [ -88.71712187894174, 13.425892274941571 ], [ -88.71712187894174, 13.412417607316701 ], [ -88.730596546566602, 13.412417607316701 ], [ -88.730596546566602, 13.425892274941569 ], [ -88.744071214191464, 13.425892274941571 ], [ -88.744071214191464, 13.466316277816162 ], [ -88.703647211316863, 13.466316277816162 ], [ -88.703647211316863, 13.452841610191307 ], [ -88.690172543692, 13.452841610191298 ], [ -88.690172543692, 13.43936694256643 ], [ -88.676697876067138, 13.439366942566433 ], [ -88.676697876067138, 13.425892274941569 ], [ -88.663223208442275, 13.425892274941571 ], [ -88.663223208442275, 13.412417607316701 ], [ -88.649748540817413, 13.412417607316705 ], [ -88.649748540817413, 13.385468272066975 ], [ -88.622799205567674, 13.385468272066973 ], [ -88.622799205567674, 13.371993604442107 ], [ -88.649748540817413, 13.37199360444211 ], [ -88.649748540817413, 13.345044269192375 ], [ -88.663223208442275, 13.345044269192382 ], [ -88.663223208442275, 13.385468272066969 ] ] ] } },
{ "type": "Feature", "properties": { "class_id": 3, "area_m2": 60892009.520440757, "class_name": "Normal", "index": "NDII", "min_value": null, "max_value": null }, "geometry": { "type": "Polygon", "coordinates": [ [ [ -88.23203384444659, 13.385468272066971 ], [ -88.258983179696315, 13.385468272066975 ], [ -88.258983179696315, 13.358518936817246 ], [ -88.272457847321178, 13.358518936817244 ], [ -88.272457847321178, 13.398942939691839 ], [ -88.299407182570931, 13.398942939691835 ], [ -88.299407182570931, 13.425892274941569 ], [ -88.28593251494604, 13.425892274941569 ], [ -88.28593251494604, 13.439366942566432 ], [ -88.258983179696315, 13.439366942566428 ], [ -88.258983179696315, 13.452841610191305 ], [ -88.245508512071453, 13.452841610191305 ], [ -88.245508512071453, 13.466316277816162 ], [ -88.23203384444659, 13.466316277816164 ], [ -88.23203384444659, 13.452841610191298 ], [ -88.218559176821714, 13.452841610191298 ], [ -88.218559176821714, 13.439366942566432 ], [ -88.191609841571989, 13.43936694256643 ], [ -88.191609841571989, 13.412417607316705 ], [ -88.218559176821714, 13.412417607316705 ], [ -88.218559176821714, 13.398942939691841 ], [ -88.23203384444659, 13.398942939691837 ], [ -88.23203384444659, 13.385468272066971 ] ], [ [ -88.258983179696315, 13.398942939691839 ], [ -88.258983179696315, 13.425892274941569 ], [ -88.272457847321178, 13.425892274941569 ], [ -88.272457847321178, 13.398942939691839 ], [ -88.258983179696315, 13.398942939691839 ] ] ] } },
{ "type": "Feature", "properties": { "class_id": 3, "area_m2": 2175138.0216352628, "class_name": "Normal", "index": "NDII", "min_value": null, "max_value": null }, "geometry": { "type": "Polygon", "coordinates": [ [ [ -88.48805252931902, 13.4124176073167 ], [ -88.501527196943883, 13.412417607316701 ], [ -88.501527196943883, 13.425892274941569 ], [ -88.48805252931902, 13.425892274941567 ], [ -88.48805252931902, 13.4124176073167 ] ] ] } },
{ "type": "Feature", "properties": { "class_id": 3, "area_m2": 2175321.5836952976, "class_name": "Normal", "index": "NDII", "min_value": null, "max_value": null }, "geometry": { "type": "Polygon", "coordinates": [ [ [ -88.595849870317949, 13.425892274941569 ], [ -88.582375202693086, 13.425892274941569 ], [ -88.582375202693086, 13.412417607316701 ], [ -88.595849870317949, 13.412417607316701 ], [ -88.595849870317949, 13.425892274941569 ] ] ] } },
{ "type": "Feature", "properties": { "class_id": 3, "area_m2": 13051104.222337419, "class_name": "Normal", "index": "NDII", "min_value": null, "max_value": null }, "geometry": { "type": "Polygon", "coordinates": [ [ [ -88.528476532193622, 13.412417607316701 ], [ -88.541951199818484, 13.412417607316705 ], [ -88.541951199818484, 13.398942939691841 ], [ -88.555425867443347, 13.398942939691835 ], [ -88.555425867443347, 13.425892274941575 ], [ -88.568900535068209, 13.425892274941569 ], [ -88.568900535068209, 13.452841610191298 ], [ -88.555425867443347, 13.452841610191305 ], [ -88.555425867443347, 13.439366942566435 ], [ -88.541951199818484, 13.439366942566435 ], [ -88.541951199818484, 13.425892274941567 ], [ -88.528476532193622, 13.425892274941569 ], [ -88.528476532193622, 13.412417607316701 ] ] ] } },
{ "type": "Feature", "properties": { "class_id": 3, "area_m2": 2174707.8366578696, "class_name": "Normal", "index": "NDII", "min_value": null, "max_value": null }, "geometry": { "type": "Polygon", "coordinates": [ [ [ -88.31288185019578, 13.425892274941571 ], [ -88.326356517820642, 13.425892274941573 ], [ -88.326356517820642, 13.439366942566432 ], [ -88.31288185019578, 13.439366942566435 ], [ -88.31288185019578, 13.425892274941571 ] ] ] } },
{ "type": "Feature", "properties": { "class_id": 3, "area_m2": 2175249.2967045358, "class_name": "Normal", "index": "NDII", "min_value": null, "max_value": null }, "geometry": { "type": "Polygon", "coordinates": [ [ [ -88.676697876067138, 13.452841610191303 ], [ -88.663223208442275, 13.452841610191301 ], [ -88.663223208442275, 13.439366942566433 ], [ -88.676697876067138, 13.439366942566433 ], [ -88.676697876067138, 13.452841610191303 ] ] ] } },
{ "type": "Feature", "properties": { "class_id": 3, "area_m2": 2174963.6200434933, "class_name": "Normal", "index": "NDII", "min_value": null, "max_value": null }, "geometry": { "type": "Polygon", "coordinates": [ [ [ -88.582375202693086, 13.452841610191301 ], [ -88.595849870317949, 13.452841610191296 ], [ -88.595849870317949, 13.466316277816162 ], [ -88.582375202693086, 13.466316277816164 ], [ -88.582375202693086, 13.452841610191301 ] ] ] } },
{ "type": "Feature", "properties": { "class_id": 3, "area_m2": 4350027.381173443, "class_name": "Normal", "index": "NDII", "min_value": null, "max_value": null }, "geometry": { "type": "Polygon", "coordinates": [ [ [ -88.636273873192536, 13.452841610191301 ], [ -88.649748540817413, 13.452841610191301 ], [ -88.649748540817413, 13.479790945441032 ], [ -88.636273873192536, 13.479790945441032 ], [ -88.636273873192536, 13.452841610191301 ] ] ] } },
{ "type": "Feature", "properties": { "class_id": 3, "area_m2": 2174536.4782083989, "class_name": "Normal", "index": "NDII", "min_value": null, "max_value": null }, "geometry": { "type": "Polygon", "coordinates": [ [ [ -88.43415385881957, 13.479790945441032 ], [ -88.420679191194694, 13.479790945441033 ], [ -88.420679191194694, 13.46631627781616 ], [ -88.43415385881957, 13.466316277816167 ], [ -88.43415385881957, 13.479790945441032 ] ] ] } },
{ "type": "Feature", "properties": { "class_id": 3, "area_m2": 13047867.431188762, "class_name": "Normal", "index": "NDII", "min_value": null, "max_value": null }, "geometry": { "type": "Polygon", "coordinates": [ [ [ -88.568900535068209, 13.47979094544103 ], [ -88.582375202693086, 13.479790945441032 ], [ -88.582375202693086, 13.493265613065899 ], [ -88.568900535068209, 13.493265613065898 ], [ -88.568900535068209, 13.520214948315628 ], [ -88.555425867443347, 13.520214948315624 ], [ -88.555425867443347, 13.47979094544103 ], [ -88.541951199818484, 13.47979094544103 ], [ -88.541951199818484, 13.466316277816166 ], [ -88.568900535068209, 13.466316277816166 ], [ -88.568900535068209, 13.47979094544103 ] ] ] } },
{ "type": "Feature", "properties": { "class_id": 3, "area_m2": 4348462.1981648766, "class_name": "Normal", "index": "NDII", "min_value": null, "max_value": null }, "geometry": { "type": "Polygon", "coordinates": [ [ [ -88.595849870317949, 13.547164283565351 ], [ -88.568900535068209, 13.547164283565362 ], [ -88.568900535068209, 13.533689615940498 ], [ -88.595849870317949, 13.533689615940492 ], [ -88.595849870317949, 13.547164283565351 ] ] ] } },
{ "type": "Feature", "properties": { "class_id": 3, "area_m2": 2173280.6418715375, "class_name": "Normal", "index": "NDII", "min_value": null, "max_value": null }, "geometry": { "type": "Polygon", "coordinates": [ [ [ -88.258983179696315, 13.574113618815089 ], [ -88.258983179696315, 13.587588286439953 ], [ -88.245508512071453, 13.587588286439953 ], [ -88.245508512071453, 13.574113618815087 ], [ -88.258983179696315, 13.574113618815089 ] ] ] } },
{ "type": "Feature", "properties": { "class_id": 3, "area_m2": 6519559.9057127964, "class_name": "Normal", "index": "NDII", "min_value": null, "max_value": null }, "geometry": { "type": "Polygon", "coordinates": [ [ [ -88.245508512071453, 13.587588286439953 ], [ -88.245508512071453, 13.601062954064819 ], [ -88.218559176821714, 13.601062954064815 ], [ -88.218559176821714, 13.574113618815087 ], [ -88.23203384444659, 13.57411361881509 ], [ -88.23203384444659, 13.587588286439953 ], [ -88.245508512071453, 13.587588286439953 ] ] ] } },
{ "type": "Feature", "properties": { "class_id": 3, "area_m2": 4346093.6086359844, "class_name": "Normal", "index": "NDII", "min_value": null, "max_value": null }, "geometry": { "type": "Polygon", "coordinates": [ [ [ -88.191609841571989, 13.601062954064815 ], [ -88.164660506322264, 13.601062954064819 ], [ -88.164660506322264, 13.587588286439953 ], [ -88.191609841571989, 13.587588286439949 ], [ -88.191609841571989, 13.601062954064815 ] ] ] } },
{ "type": "Feature", "properties": { "class_id": 3, "area_m2": 2173224.8854501527, "class_name": "Normal", "index": "NDII", "min_value": null, "max_value": null }, "geometry": { "type": "Polygon", "coordinates": [ [ [ -88.299407182570931, 13.601062954064819 ], [ -88.28593251494604, 13.601062954064815 ], [ -88.28593251494604, 13.587588286439953 ], [ -88.299407182570931, 13.587588286439955 ], [ -88.299407182570931, 13.601062954064819 ] ] ] } },
{ "type": "Feature", "properties": { "class_id": 3, "area_m2": 2172976.8041303111, "class_name": "Normal", "index": "NDII", "min_value": null, "max_value": null }, "geometry": { "type": "Polygon", "coordinates": [ [ [ -88.218559176821714, 13.614537621689685 ], [ -88.205084509196851, 13.614537621689681 ], [ -88.205084509196851, 13.601062954064819 ], [ -88.218559176821714, 13.601062954064815 ], [ -88.218559176821714, 13.614537621689685 ] ] ] } },
{ "type": "Feature", "properties": { "class_id": 3, "area_m2": 2173126.281461162, "class_name": "Normal", "index": "NDII", "min_value": null, "max_value": null }, "geometry": { "type": "Polygon", "coordinates": [ [ [ -88.299407182570931, 13.601062954064819 ], [ -88.31288185019578, 13.601062954064815 ], [ -88.31288185019578, 13.614537621689685 ], [ -88.299407182570931, 13.61453762168968 ], [ -88.299407182570931, 13.601062954064819 ] ] ] } },
{ "type": "Feature", "properties": { "class_id": 3, "area_m2": 2173588.5411414765, "class_name": "Normal", "index": "NDII", "min_value": null, "max_value": null }, "geometry": { "type": "Polygon", "coordinates": [ [ [ -88.555425867443347, 13.601062954064819 ], [ -88.568900535068209, 13.601062954064822 ], [ -88.568900535068209, 13.614537621689683 ], [ -88.555425867443347, 13.614537621689689 ], [ -88.555425867443347, 13.601062954064819 ] ] ] } },
{ "type": "Feature", "properties": { "class_id": 3, "area_m2": 2173441.3108441825, "class_name": "Normal", "index": "NDII", "min_value": null, "max_value": null }, "geometry": { "type": "Polygon", "coordinates": [ [ [ -88.555425867443347, 13.628012289314546 ], [ -88.541951199818484, 13.628012289314546 ], [ -88.541951199818484, 13.614537621689685 ], [ -88.555425867443347, 13.614537621689689 ], [ -88.555425867443347, 13.628012289314546 ] ] ] } },
{ "type": "Feature", "properties": { "class_id": 3, "area_m2": 2172819.2195602306, "class_name": "Normal", "index": "NDII", "min_value": null, "max_value": null }, "geometry": { "type": "Polygon", "coordinates": [ [ [ -88.272457847321178, 13.641486956939415 ], [ -88.258983179696315, 13.641486956939412 ], [ -88.258983179696315, 13.628012289314549 ], [ -88.272457847321178, 13.628012289314546 ], [ -88.272457847321178, 13.641486956939415 ] ] ] } },
{ "type": "Feature", "properties": { "class_id": 3, "area_m2": 2173454.5485969852, "class_name": "Normal", "index": "NDII", "min_value": null, "max_value": null }, "geometry": { "type": "Polygon", "coordinates": [ [ [ -88.622799205567674, 13.641486956939415 ], [ -88.609324537942811, 13.641486956939415 ], [ -88.609324537942811, 13.628012289314542 ], [ -88.622799205567674, 13.628012289314549 ], [ -88.622799205567674, 13.641486956939415 ] ] ] } },
{ "type": "Feature", "properties": { "class_id": 3, "area_m2": 30423788.461443953, "class_name": "Normal", "index": "NDII", "min_value": null, "max_value": null }, "geometry": { "type": "Polygon", "coordinates": [ [ [ -88.43415385881957, 13.614537621689683 ], [ -88.447628526444433, 13.614537621689683 ], [ -88.447628526444433, 13.641486956939413 ], [ -88.461103194069295, 13.641486956939413 ], [ -88.461103194069295, 13.614537621689685 ], [ -88.48805252931902, 13.614537621689681 ], [ -88.48805252931902, 13.628012289314549 ], [ -88.474577861694158, 13.628012289314549 ], [ -88.474577861694158, 13.65496162456428 ], [ -88.48805252931902, 13.654961624564272 ], [ -88.48805252931902, 13.66843629218914 ], [ -88.420679191194694, 13.66843629218914 ], [ -88.420679191194694, 13.641486956939415 ], [ -88.43415385881957, 13.641486956939415 ], [ -88.43415385881957, 13.614537621689683 ] ] ] } },
{ "type": "Feature", "properties": { "class_id": 3, "area_m2": 2173199.2771214042, "class_name": "Normal", "index": "NDII", "min_value": null, "max_value": null }, "geometry": { "type": "Polygon", "coordinates": [ [ [ -88.541951199818484, 13.641486956939415 ], [ -88.555425867443347, 13.641486956939412 ], [ -88.555425867443347, 13.65496162456428 ], [ -88.541951199818484, 13.654961624564285 ], [ -88.541951199818484, 13.641486956939415 ] ] ] } },
{ "type": "Feature", "properties": { "class_id": 3, "area_m2": 2173051.940200469, "class_name": "Normal", "index": "NDII", "min_value": null, "max_value": null }, "geometry": { "type": "Polygon", "coordinates": [ [ [ -88.541951199818484, 13.668436292189146 ], [ -88.528476532193622, 13.668436292189138 ], [ -88.528476532193622, 13.654961624564278 ], [ -88.541951199818484, 13.654961624564285 ], [ -88.541951199818484, 13.668436292189146 ] ] ] } },
{ "type": "Feature", "properties": { "class_id": 3, "area_m2": 2173380.7679669214, "class_name": "Normal", "index": "NDII", "min_value": null, "max_value": null }, "geometry": { "type": "Polygon", "coordinates": [ [ [ -88.703647211316863, 13.668436292189146 ], [ -88.690172543692, 13.668436292189146 ], [ -88.690172543692, 13.65496162456428 ], [ -88.703647211316863, 13.65496162456428 ], [ -88.703647211316863, 13.668436292189146 ] ] ] } },
{ "type": "Feature", "properties": { "class_id": 3, "area_m2": 2172681.8283121404, "class_name": "Normal", "index": "NDII", "min_value": null, "max_value": null }, "geometry": { "type": "Polygon", "coordinates": [ [ [ -88.407204523569831, 13.681910959814006 ], [ -88.393729855944969, 13.68191095981401 ], [ -88.393729855944969, 13.668436292189138 ], [ -88.407204523569831, 13.668436292189144 ], [ -88.407204523569831, 13.681910959814006 ] ] ] } },
{ "type": "Feature", "properties": { "class_id": 3, "area_m2": 6518350.3389856033, "class_name": "Normal", "index": "NDII", "min_value": null, "max_value": null }, "geometry": { "type": "Polygon", "coordinates": [ [ [ -88.501527196943883, 13.681910959814005 ], [ -88.541951199818484, 13.68191095981401 ], [ -88.541951199818484, 13.695385627438876 ], [ -88.501527196943883, 13.695385627438874 ], [ -88.501527196943883, 13.681910959814005 ] ] ] } },
{ "type": "Feature", "properties": { "class_id": 3, "area_m2": 43459729.348049693, "class_name": "Normal", "index": "NDII", "min_value": null, "max_value": null }, "geometry": { "type": "Polygon", "coordinates": [ [ [ -88.690172543692, 13.68191095981401 ], [ -88.703647211316863, 13.68191095981401 ], [ -88.703647211316863, 13.72233496268861 ], [ -88.663223208442275, 13.722334962688604 ], [ -88.663223208442275, 13.735809630313472 ], [ -88.636273873192536, 13.735809630313472 ], [ -88.636273873192536, 13.722334962688606 ], [ -88.622799205567674, 13.722334962688612 ], [ -88.622799205567674, 13.695385627438874 ], [ -88.636273873192536, 13.695385627438874 ], [ -88.636273873192536, 13.708860295063737 ], [ -88.676697876067138, 13.708860295063738 ], [ -88.676697876067138, 13.695385627438872 ], [ -88.663223208442275, 13.695385627438874 ], [ -88.663223208442275, 13.68191095981401 ], [ -88.622799205567674, 13.681910959814006 ], [ -88.622799205567674, 13.66843629218914 ], [ -88.663223208442275, 13.668436292189142 ], [ -88.663223208442275, 13.65496162456428 ], [ -88.676697876067138, 13.65496162456428 ], [ -88.676697876067138, 13.668436292189137 ], [ -88.690172543692, 13.668436292189146 ], [ -88.690172543692, 13.68191095981401 ] ] ] } },
{ "type": "Feature", "properties": { "class_id": 3, "area_m2": 26072711.313558318, "class_name": "Normal", "index": "NDII", "min_value": null, "max_value": null }, "geometry": { "type": "Polygon", "coordinates": [ [ [ -88.622799205567674, 13.749284297938337 ], [ -88.609324537942811, 13.749284297938335 ], [ -88.609324537942811, 13.735809630313469 ], [ -88.582375202693086, 13.735809630313467 ], [ -88.582375202693086, 13.708860295063738 ], [ -88.568900535068209, 13.70886029506374 ], [ -88.568900535068209, 13.695385627438876 ], [ -88.555425867443347, 13.695385627438876 ], [ -88.555425867443347, 13.681910959814006 ], [ -88.568900535068209, 13.681910959814008 ], [ -88.568900535068209, 13.668436292189142 ], [ -88.582375202693086, 13.668436292189142 ], [ -88.582375202693086, 13.695385627438874 ], [ -88.609324537942811, 13.695385627438874 ], [ -88.609324537942811, 13.722334962688601 ], [ -88.622799205567674, 13.722334962688612 ], [ -88.622799205567674, 13.749284297938337 ] ] ] } },
{ "type": "Feature", "properties": { "class_id": 3, "area_m2": 2113122329.5162334, "class_name": "Normal", "index": "NDII", "min_value": null, "max_value": null }, "geometry": { "type": "Polygon", "coordinates": [ [ [ -88.663223208442275, 13.91098030943672 ], [ -88.649748540817413, 13.91098030943672 ], [ -88.649748540817413, 13.924454977061584 ], [ -88.636273873192536, 13.924454977061588 ], [ -88.636273873192536, 13.910980309436725 ], [ -88.622799205567674, 13.91098030943672 ], [ -88.622799205567674, 13.924454977061584 ], [ -88.609324537942811, 13.924454977061583 ], [ -88.609324537942811, 13.991828315185908 ], [ -88.622799205567674, 13.991828315185911 ], [ -88.622799205567674, 13.978353647561045 ], [ -88.690172543692, 13.978353647561047 ], [ -88.690172543692, 13.991828315185913 ], [ -88.744071214191464, 13.991828315185911 ], [ -88.744071214191464, 13.964878979936184 ], [ -88.771020549441189, 13.964878979936181 ], [ -88.771020549441189, 13.97835364756105 ], [ -88.757545881816327, 13.978353647561047 ], [ -88.757545881816327, 14.005302982810777 ], [ -88.730596546566602, 14.005302982810774 ], [ -88.730596546566602, 14.032252318060507 ], [ -88.71712187894174, 14.032252318060507 ], [ -88.71712187894174, 14.018777650435647 ], [ -88.703647211316863, 14.018777650435641 ], [ -88.703647211316863, 14.04572698568537 ], [ -88.690172543692, 14.04572698568537 ], [ -88.690172543692, 14.005302982810772 ], [ -88.663223208442275, 14.005302982810772 ], [ -88.663223208442275, 14.018777650435641 ], [ -88.622799205567674, 14.018777650435643 ], [ -88.622799205567674, 14.005302982810779 ], [ -88.582375202693086, 14.005302982810772 ], [ -88.582375202693086, 13.991828315185906 ], [ -88.568900535068209, 13.991828315185911 ], [ -88.568900535068209, 13.978353647561047 ], [ -88.51500186456876, 13.978353647561047 ], [ -88.51500186456876, 13.964878979936181 ], [ -88.501527196943883, 13.964878979936181 ], [ -88.501527196943883, 13.951404312311309 ], [ -88.528476532193622, 13.951404312311311 ], [ -88.528476532193622, 13.924454977061583 ], [ -88.51500186456876, 13.924454977061584 ], [ -88.51500186456876, 13.910980309436722 ], [ -88.501527196943883, 13.910980309436722 ], [ -88.501527196943883, 13.884030974186986 ], [ -88.48805252931902, 13.884030974186985 ], [ -88.48805252931902, 13.85708163893726 ], [ -88.474577861694158, 13.85708163893726 ], [ -88.474577861694158, 13.84360697131239 ], [ -88.461103194069295, 13.843606971312392 ], [ -88.461103194069295, 13.857081638937261 ], [ -88.43415385881957, 13.85708163893726 ], [ -88.43415385881957, 13.884030974186988 ], [ -88.407204523569831, 13.88403097418699 ], [ -88.407204523569831, 13.87055630656212 ], [ -88.393729855944969, 13.870556306562124 ], [ -88.393729855944969, 13.884030974186988 ], [ -88.366780520695244, 13.884030974186986 ], [ -88.366780520695244, 13.870556306562124 ], [ -88.353305853070367, 13.870556306562124 ], [ -88.353305853070367, 13.897505641811854 ], [ -88.299407182570931, 13.897505641811858 ], [ -88.299407182570931, 13.910980309436722 ], [ -88.258983179696315, 13.91098030943672 ], [ -88.258983179696315, 13.951404312311311 ], [ -88.245508512071453, 13.951404312311309 ], [ -88.245508512071453, 13.924454977061584 ], [ -88.218559176821714, 13.924454977061584 ], [ -88.218559176821714, 13.910980309436722 ], [ -88.23203384444659, 13.910980309436722 ], [ -88.23203384444659, 13.897505641811851 ], [ -88.245508512071453, 13.897505641811852 ], [ -88.245508512071453, 13.88403097418699 ], [ -88.218559176821714, 13.884030974186993 ], [ -88.218559176821714, 13.857081638937263 ], [ -88.205084509196851, 13.85708163893726 ], [ -88.205084509196851, 13.843606971312392 ], [ -88.23203384444659, 13.843606971312392 ], [ -88.23203384444659, 13.85708163893726 ], [ -88.245508512071453, 13.85708163893726 ], [ -88.245508512071453, 13.816657636062663 ], [ -88.28593251494604, 13.816657636062665 ], [ -88.28593251494604, 13.77623363318807 ], [ -88.272457847321178, 13.776233633188063 ], [ -88.272457847321178, 13.762758965563203 ], [ -88.299407182570931, 13.762758965563199 ], [ -88.299407182570931, 13.70886029506374 ], [ -88.28593251494604, 13.708860295063735 ], [ -88.28593251494604, 13.749284297938337 ], [ -88.258983179696315, 13.749284297938337 ], [ -88.258983179696315, 13.73580963031347 ], [ -88.218559176821714, 13.735809630313472 ], [ -88.218559176821714, 13.762758965563197 ], [ -88.191609841571989, 13.762758965563201 ], [ -88.191609841571989, 13.74928429793834 ], [ -88.151185838697387, 13.749284297938337 ], [ -88.151185838697387, 13.803182968437797 ], [ -88.164660506322264, 13.803182968437799 ], [ -88.164660506322264, 13.81665763606266 ], [ -88.17813517394714, 13.816657636062663 ], [ -88.17813517394714, 13.830132303687522 ], [ -88.191609841571989, 13.830132303687529 ], [ -88.191609841571989, 13.84360697131239 ], [ -88.137711171072525, 13.84360697131239 ], [ -88.137711171072525, 13.870556306562124 ], [ -88.1107618358228, 13.870556306562127 ], [ -88.1107618358228, 13.857081638937261 ], [ -88.097287168197937, 13.857081638937258 ], [ -88.097287168197937, 13.816657636062667 ], [ -88.08381250057306, 13.816657636062663 ], [ -88.08381250057306, 13.83013230368752 ], [ -88.05686316532335, 13.830132303687522 ], [ -88.05686316532335, 13.843606971312392 ], [ -88.08381250057306, 13.84360697131239 ], [ -88.08381250057306, 13.857081638937263 ], [ -88.02991383007361, 13.85708163893726 ], [ -88.02991383007361, 13.884030974186993 ], [ -88.043388497698473, 13.88403097418699 ], [ -88.043388497698473, 13.870556306562127 ], [ -88.070337832948198, 13.870556306562124 ], [ -88.070337832948198, 13.884030974186986 ], [ -88.05686316532335, 13.88403097418699 ], [ -88.05686316532335, 13.897505641811859 ], [ -88.016439162448734, 13.897505641811852 ], [ -88.016439162448734, 13.87055630656212 ], [ -88.002964494823871, 13.870556306562127 ], [ -88.002964494823871, 13.857081638937265 ], [ -87.989489827199009, 13.85708163893726 ], [ -87.989489827199009, 13.84360697131239 ], [ -87.962540491949284, 13.843606971312393 ], [ -87.962540491949284, 13.83013230368752 ], [ -87.976015159574146, 13.83013230368752 ], [ -87.976015159574146, 13.816657636062667 ], [ -87.962540491949284, 13.816657636062656 ], [ -87.962540491949284, 13.803182968437795 ], [ -87.949065824324421, 13.803182968437797 ], [ -87.949065824324421, 13.870556306562124 ], [ -87.922116489074682, 13.870556306562124 ], [ -87.922116489074682, 13.85708163893726 ], [ -87.90864182144982, 13.857081638937263 ], [ -87.90864182144982, 13.84360697131239 ], [ -87.895167153824957, 13.843606971312393 ], [ -87.895167153824957, 13.857081638937263 ], [ -87.868217818575218, 13.85708163893726 ], [ -87.868217818575218, 13.843606971312393 ], [ -87.881692486200095, 13.843606971312393 ], [ -87.881692486200095, 13.830132303687529 ], [ -87.841268483325493, 13.830132303687524 ], [ -87.841268483325493, 13.85708163893726 ], [ -87.82779381570063, 13.857081638937258 ], [ -87.82779381570063, 13.870556306562124 ], [ -87.841268483325493, 13.870556306562124 ], [ -87.841268483325493, 13.88403097418699 ], [ -87.814319148075768, 13.884030974186981 ], [ -87.814319148075768, 13.84360697131239 ], [ -87.800844480450891, 13.843606971312386 ], [ -87.800844480450891, 13.81665763606266 ], [ -87.787369812826029, 13.81665763606266 ], [ -87.787369812826029, 13.803182968437797 ], [ -87.760420477576304, 13.803182968437797 ], [ -87.760420477576304, 13.789708300812933 ], [ -87.773895145201166, 13.789708300812933 ], [ -87.773895145201166, 13.776233633188067 ], [ -87.746945809951455, 13.776233633188067 ], [ -87.746945809951455, 13.749284297938331 ], [ -87.733471142326565, 13.749284297938338 ], [ -87.733471142326565, 13.70886029506374 ], [ -87.746945809951455, 13.708860295063744 ], [ -87.746945809951455, 13.695385627438867 ], [ -87.760420477576304, 13.695385627438874 ], [ -87.760420477576304, 13.66843629218914 ], [ -87.773895145201166, 13.668436292189142 ], [ -87.773895145201166, 13.641486956939412 ], [ -87.787369812826029, 13.641486956939415 ], [ -87.787369812826029, 13.628012289314547 ], [ -87.814319148075768, 13.628012289314549 ], [ -87.814319148075768, 13.641486956939413 ], [ -87.82779381570063, 13.641486956939413 ], [ -87.82779381570063, 13.628012289314546 ], [ -87.841268483325493, 13.628012289314549 ], [ -87.841268483325493, 13.61453762168968 ], [ -87.854743150950355, 13.614537621689685 ], [ -87.854743150950355, 13.601062954064817 ], [ -87.841268483325493, 13.601062954064817 ], [ -87.841268483325493, 13.587588286439955 ], [ -87.854743150950355, 13.587588286439953 ], [ -87.854743150950355, 13.574113618815085 ], [ -87.868217818575218, 13.57411361881509 ], [ -87.868217818575218, 13.560638951190217 ], [ -87.895167153824957, 13.560638951190223 ], [ -87.895167153824957, 13.574113618815085 ], [ -87.976015159574146, 13.574113618815083 ], [ -87.976015159574146, 13.601062954064817 ], [ -87.962540491949284, 13.601062954064819 ], [ -87.962540491949284, 13.614537621689683 ], [ -87.935591156699559, 13.614537621689687 ], [ -87.935591156699559, 13.628012289314551 ], [ -87.922116489074682, 13.628012289314549 ], [ -87.922116489074682, 13.641486956939413 ], [ -87.895167153824957, 13.641486956939415 ], [ -87.895167153824957, 13.65496162456428 ], [ -87.868217818575218, 13.654961624564283 ], [ -87.868217818575218, 13.681910959814008 ], [ -87.854743150950355, 13.681910959814006 ], [ -87.854743150950355, 13.66843629218914 ], [ -87.841268483325493, 13.668436292189142 ], [ -87.841268483325493, 13.654961624564276 ], [ -87.82779381570063, 13.654961624564274 ], [ -87.82779381570063, 13.66843629218914 ], [ -87.814319148075768, 13.668436292189138 ], [ -87.814319148075768, 13.695385627438874 ], [ -87.800844480450891, 13.695385627438874 ], [ -87.800844480450891, 13.735809630313472 ], [ -87.82779381570063, 13.735809630313463 ], [ -87.82779381570063, 13.749284297938337 ], [ -87.841268483325493, 13.749284297938337 ], [ -87.841268483325493, 13.776233633188067 ], [ -87.868217818575218, 13.776233633188061 ], [ -87.868217818575218, 13.762758965563201 ], [ -87.895167153824957, 13.762758965563201 ], [ -87.895167153824957, 13.735809630313467 ], [ -87.881692486200095, 13.735809630313472 ], [ -87.881692486200095, 13.722334962688606 ], [ -87.895167153824957, 13.722334962688606 ], [ -87.895167153824957, 13.708860295063744 ], [ -87.881692486200095, 13.708860295063744 ], [ -87.881692486200095, 13.695385627438872 ], [ -87.895167153824957, 13.695385627438876 ], [ -87.895167153824957, 13.681910959814006 ], [ -87.949065824324421, 13.681910959814008 ], [ -87.949065824324421, 13.66843629218914 ], [ -88.002964494823871, 13.66843629218914 ], [ -88.002964494823871, 13.68191095981401 ], [ -88.016439162448734, 13.68191095981401 ], [ -88.016439162448734, 13.695385627438872 ], [ -88.002964494823871, 13.695385627438876 ], [ -88.002964494823871, 13.735809630313472 ], [ -88.02991383007361, 13.73580963031347 ], [ -88.02991383007361, 13.722334962688604 ], [ -88.08381250057306, 13.722334962688601 ], [ -88.08381250057306, 13.708860295063744 ], [ -88.097287168197937, 13.708860295063744 ], [ -88.097287168197937, 13.695385627438876 ], [ -88.08381250057306, 13.695385627438874 ], [ -88.08381250057306, 13.681910959814008 ], [ -88.137711171072525, 13.681910959814003 ], [ -88.137711171072525, 13.668436292189142 ], [ -88.151185838697387, 13.66843629218914 ], [ -88.151185838697387, 13.654961624564278 ], [ -88.164660506322264, 13.654961624564278 ], [ -88.164660506322264, 13.668436292189146 ], [ -88.258983179696315, 13.668436292189142 ], [ -88.258983179696315, 13.654961624564276 ], [ -88.28593251494604, 13.654961624564283 ], [ -88.28593251494604, 13.66843629218914 ], [ -88.299407182570931, 13.668436292189137 ], [ -88.299407182570931, 13.641486956939412 ], [ -88.28593251494604, 13.641486956939413 ], [ -88.28593251494604, 13.614537621689681 ], [ -88.299407182570931, 13.61453762168968 ], [ -88.299407182570931, 13.628012289314546 ], [ -88.326356517820642, 13.628012289314549 ], [ -88.326356517820642, 13.614537621689683 ], [ -88.339831185445505, 13.614537621689678 ], [ -88.339831185445505, 13.628012289314549 ], [ -88.380255188320106, 13.628012289314546 ], [ -88.380255188320106, 13.587588286439953 ], [ -88.366780520695244, 13.587588286439953 ], [ -88.366780520695244, 13.614537621689681 ], [ -88.353305853070367, 13.614537621689687 ], [ -88.353305853070367, 13.601062954064822 ], [ -88.326356517820642, 13.601062954064819 ], [ -88.326356517820642, 13.587588286439953 ], [ -88.299407182570931, 13.587588286439955 ], [ -88.299407182570931, 13.574113618815085 ], [ -88.28593251494604, 13.57411361881509 ], [ -88.28593251494604, 13.587588286439953 ], [ -88.272457847321178, 13.587588286439955 ], [ -88.272457847321178, 13.574113618815092 ], [ -88.258983179696315, 13.574113618815089 ], [ -88.258983179696315, 13.560638951190223 ], [ -88.245508512071453, 13.560638951190217 ], [ -88.245508512071453, 13.533689615940494 ], [ -88.218559176821714, 13.533689615940498 ], [ -88.218559176821714, 13.506740280690758 ], [ -88.205084509196851, 13.506740280690764 ], [ -88.205084509196851, 13.520214948315623 ], [ -88.191609841571989, 13.520214948315628 ], [ -88.191609841571989, 13.547164283565351 ], [ -88.205084509196851, 13.547164283565353 ], [ -88.205084509196851, 13.587588286439956 ], [ -88.191609841571989, 13.587588286439949 ], [ -88.191609841571989, 13.574113618815085 ], [ -88.17813517394714, 13.574113618815087 ], [ -88.17813517394714, 13.560638951190215 ], [ -88.151185838697387, 13.560638951190219 ], [ -88.151185838697387, 13.547164283565358 ], [ -88.164660506322264, 13.547164283565358 ], [ -88.164660506322264, 13.533689615940492 ], [ -88.17813517394714, 13.533689615940494 ], [ -88.17813517394714, 13.520214948315623 ], [ -88.164660506322264, 13.520214948315626 ], [ -88.164660506322264, 13.493265613065901 ], [ -88.17813517394714, 13.493265613065899 ], [ -88.17813517394714, 13.466316277816164 ], [ -88.151185838697387, 13.466316277816164 ], [ -88.151185838697387, 13.506740280690764 ], [ -88.137711171072525, 13.50674028069076 ], [ -88.137711171072525, 13.452841610191301 ], [ -88.151185838697387, 13.452841610191301 ], [ -88.151185838697387, 13.43936694256643 ], [ -88.137711171072525, 13.43936694256643 ], [ -88.137711171072525, 13.412417607316709 ], [ -88.151185838697387, 13.412417607316707 ], [ -88.151185838697387, 13.425892274941571 ], [ -88.164660506322264, 13.425892274941571 ], [ -88.164660506322264, 13.439366942566432 ], [ -88.191609841571989, 13.43936694256643 ], [ -88.191609841571989, 13.466316277816167 ], [ -88.205084509196851, 13.466316277816167 ], [ -88.205084509196851, 13.47979094544103 ], [ -88.23203384444659, 13.479790945441033 ], [ -88.23203384444659, 13.493265613065899 ], [ -88.258983179696315, 13.493265613065901 ], [ -88.258983179696315, 13.479790945441032 ], [ -88.245508512071453, 13.479790945441032 ], [ -88.245508512071453, 13.466316277816162 ], [ -88.258983179696315, 13.466316277816166 ], [ -88.258983179696315, 13.452841610191305 ], [ -88.272457847321178, 13.452841610191301 ], [ -88.272457847321178, 13.493265613065899 ], [ -88.28593251494604, 13.493265613065899 ], [ -88.28593251494604, 13.520214948315623 ], [ -88.272457847321178, 13.52021494831563 ], [ -88.272457847321178, 13.533689615940496 ], [ -88.28593251494604, 13.533689615940498 ], [ -88.28593251494604, 13.547164283565358 ], [ -88.299407182570931, 13.54716428356536 ], [ -88.299407182570931, 13.520214948315624 ], [ -88.31288185019578, 13.520214948315628 ], [ -88.31288185019578, 13.506740280690758 ], [ -88.380255188320106, 13.506740280690758 ], [ -88.380255188320106, 13.560638951190219 ], [ -88.366780520695244, 13.560638951190219 ], [ -88.366780520695244, 13.574113618815085 ], [ -88.420679191194694, 13.574113618815085 ], [ -88.420679191194694, 13.587588286439953 ], [ -88.43415385881957, 13.587588286439953 ], [ -88.43415385881957, 13.560638951190221 ], [ -88.461103194069295, 13.560638951190223 ], [ -88.461103194069295, 13.574113618815087 ], [ -88.51500186456876, 13.57411361881509 ], [ -88.51500186456876, 13.601062954064819 ], [ -88.528476532193622, 13.601062954064819 ], [ -88.528476532193622, 13.628012289314544 ], [ -88.541951199818484, 13.628012289314546 ], [ -88.541951199818484, 13.641486956939415 ], [ -88.528476532193622, 13.641486956939421 ], [ -88.528476532193622, 13.654961624564278 ], [ -88.51500186456876, 13.654961624564278 ], [ -88.51500186456876, 13.668436292189146 ], [ -88.501527196943883, 13.66843629218914 ], [ -88.501527196943883, 13.65496162456428 ], [ -88.48805252931902, 13.654961624564272 ], [ -88.48805252931902, 13.641486956939413 ], [ -88.501527196943883, 13.641486956939413 ], [ -88.501527196943883, 13.628012289314549 ], [ -88.51500186456876, 13.628012289314544 ], [ -88.51500186456876, 13.614537621689681 ], [ -88.501527196943883, 13.614537621689681 ], [ -88.501527196943883, 13.587588286439953 ], [ -88.461103194069295, 13.587588286439953 ], [ -88.461103194069295, 13.614537621689685 ], [ -88.447628526444433, 13.614537621689683 ], [ -88.447628526444433, 13.601062954064815 ], [ -88.43415385881957, 13.601062954064817 ], [ -88.43415385881957, 13.614537621689683 ], [ -88.420679191194694, 13.614537621689685 ], [ -88.420679191194694, 13.641486956939415 ], [ -88.407204523569831, 13.641486956939415 ], [ -88.407204523569831, 13.654961624564274 ], [ -88.393729855944969, 13.654961624564281 ], [ -88.393729855944969, 13.641486956939412 ], [ -88.380255188320106, 13.641486956939419 ], [ -88.380255188320106, 13.66843629218914 ], [ -88.366780520695244, 13.66843629218914 ], [ -88.366780520695244, 13.681910959814008 ], [ -88.380255188320106, 13.681910959814006 ], [ -88.380255188320106, 13.695385627438876 ], [ -88.407204523569831, 13.695385627438876 ], [ -88.407204523569831, 13.681910959814006 ], [ -88.420679191194694, 13.681910959814006 ], [ -88.420679191194694, 13.708860295063747 ], [ -88.43415385881957, 13.70886029506374 ], [ -88.43415385881957, 13.74928429793834 ], [ -88.474577861694158, 13.749284297938333 ], [ -88.474577861694158, 13.735809630313467 ], [ -88.501527196943883, 13.735809630313472 ], [ -88.501527196943883, 13.749284297938337 ], [ -88.51500186456876, 13.749284297938337 ], [ -88.51500186456876, 13.776233633188065 ], [ -88.528476532193622, 13.776233633188063 ], [ -88.528476532193622, 13.789708300812929 ], [ -88.541951199818484, 13.789708300812935 ], [ -88.541951199818484, 13.803182968437797 ], [ -88.555425867443347, 13.803182968437797 ], [ -88.555425867443347, 13.830132303687524 ], [ -88.541951199818484, 13.830132303687526 ], [ -88.541951199818484, 13.857081638937263 ], [ -88.528476532193622, 13.85708163893726 ], [ -88.528476532193622, 13.87055630656212 ], [ -88.555425867443347, 13.870556306562124 ], [ -88.555425867443347, 13.884030974186983 ], [ -88.622799205567674, 13.884030974186986 ], [ -88.622799205567674, 13.870556306562124 ], [ -88.636273873192536, 13.870556306562127 ], [ -88.636273873192536, 13.857081638937258 ], [ -88.649748540817413, 13.85708163893726 ], [ -88.649748540817413, 13.843606971312388 ], [ -88.663223208442275, 13.84360697131239 ], [ -88.663223208442275, 13.83013230368752 ], [ -88.636273873192536, 13.830132303687527 ], [ -88.636273873192536, 13.816657636062661 ], [ -88.622799205567674, 13.816657636062667 ], [ -88.622799205567674, 13.85708163893726 ], [ -88.609324537942811, 13.857081638937263 ], [ -88.609324537942811, 13.843606971312393 ], [ -88.582375202693086, 13.84360697131239 ], [ -88.582375202693086, 13.830132303687522 ], [ -88.595849870317949, 13.830132303687522 ], [ -88.595849870317949, 13.816657636062663 ], [ -88.582375202693086, 13.816657636062669 ], [ -88.582375202693086, 13.803182968437797 ], [ -88.595849870317949, 13.803182968437797 ], [ -88.595849870317949, 13.789708300812929 ], [ -88.609324537942811, 13.789708300812924 ], [ -88.609324537942811, 13.776233633188061 ], [ -88.636273873192536, 13.776233633188065 ], [ -88.636273873192536, 13.762758965563199 ], [ -88.663223208442275, 13.762758965563199 ], [ -88.663223208442275, 13.789708300812929 ], [ -88.676697876067138, 13.789708300812933 ], [ -88.676697876067138, 13.762758965563203 ], [ -88.703647211316863, 13.762758965563204 ], [ -88.703647211316863, 13.776233633188065 ], [ -88.690172543692, 13.776233633188069 ], [ -88.690172543692, 13.803182968437797 ], [ -88.703647211316863, 13.803182968437797 ], [ -88.703647211316863, 13.81665763606266 ], [ -88.771020549441189, 13.81665763606266 ], [ -88.771020549441189, 13.85708163893726 ], [ -88.757545881816327, 13.857081638937265 ], [ -88.757545881816327, 13.870556306562118 ], [ -88.784495217066066, 13.870556306562127 ], [ -88.784495217066066, 13.884030974186983 ], [ -88.730596546566602, 13.884030974186986 ], [ -88.730596546566602, 13.870556306562127 ], [ -88.71712187894174, 13.870556306562118 ], [ -88.71712187894174, 13.884030974186985 ], [ -88.703647211316863, 13.88403097418699 ], [ -88.703647211316863, 13.897505641811854 ], [ -88.663223208442275, 13.897505641811854 ], [ -88.663223208442275, 13.91098030943672 ] ], [ [ -88.353305853070367, 13.85708163893726 ], [ -88.339831185445505, 13.85708163893726 ], [ -88.339831185445505, 13.83013230368752 ], [ -88.326356517820642, 13.830132303687527 ], [ -88.326356517820642, 13.816657636062669 ], [ -88.339831185445505, 13.81665763606266 ], [ -88.339831185445505, 13.803182968437797 ], [ -88.380255188320106, 13.803182968437797 ], [ -88.380255188320106, 13.789708300812933 ], [ -88.393729855944969, 13.789708300812933 ], [ -88.393729855944969, 13.77623363318807 ], [ -88.380255188320106, 13.776233633188067 ], [ -88.380255188320106, 13.762758965563204 ], [ -88.366780520695244, 13.762758965563203 ], [ -88.366780520695244, 13.776233633188063 ], [ -88.339831185445505, 13.776233633188067 ], [ -88.339831185445505, 13.789708300812928 ], [ -88.326356517820642, 13.789708300812935 ], [ -88.326356517820642, 13.803182968437797 ], [ -88.31288185019578, 13.803182968437799 ], [ -88.31288185019578, 13.857081638937263 ], [ -88.28593251494604, 13.857081638937261 ], [ -88.28593251494604, 13.870556306562127 ], [ -88.299407182570931, 13.870556306562124 ], [ -88.299407182570931, 13.88403097418699 ], [ -88.31288185019578, 13.884030974186986 ], [ -88.31288185019578, 13.870556306562124 ], [ -88.353305853070367, 13.870556306562124 ], [ -88.353305853070367, 13.85708163893726 ] ], [ [ -88.407204523569831, 13.776233633188069 ], [ -88.407204523569831, 13.762758965563197 ], [ -88.393729855944969, 13.762758965563199 ], [ -88.393729855944969, 13.77623363318807 ], [ -88.407204523569831, 13.776233633188069 ] ], [ [ -88.366780520695244, 13.749284297938337 ], [ -88.353305853070367, 13.749284297938337 ], [ -88.353305853070367, 13.762758965563199 ], [ -88.366780520695244, 13.762758965563203 ], [ -88.366780520695244, 13.749284297938337 ] ], [ [ -88.353305853070367, 13.735809630313469 ], [ -88.339831185445505, 13.735809630313469 ], [ -88.339831185445505, 13.749284297938337 ], [ -88.353305853070367, 13.749284297938337 ], [ -88.353305853070367, 13.735809630313469 ] ], [ [ -88.366780520695244, 13.735809630313467 ], [ -88.366780520695244, 13.722334962688603 ], [ -88.353305853070367, 13.722334962688599 ], [ -88.353305853070367, 13.735809630313469 ], [ -88.366780520695244, 13.735809630313467 ] ], [ [ -88.339831185445505, 13.722334962688608 ], [ -88.326356517820642, 13.722334962688606 ], [ -88.326356517820642, 13.735809630313472 ], [ -88.339831185445505, 13.735809630313469 ], [ -88.339831185445505, 13.722334962688608 ] ], [ [ -88.299407182570931, 13.776233633188067 ], [ -88.31288185019578, 13.776233633188063 ], [ -88.31288185019578, 13.762758965563199 ], [ -88.299407182570931, 13.762758965563199 ], [ -88.299407182570931, 13.776233633188067 ] ], [ [ -88.205084509196851, 13.749284297938337 ], [ -88.205084509196851, 13.735809630313467 ], [ -88.191609841571989, 13.735809630313467 ], [ -88.191609841571989, 13.74928429793834 ], [ -88.205084509196851, 13.749284297938337 ] ], [ [ -88.08381250057306, 13.803182968437797 ], [ -88.070337832948198, 13.803182968437797 ], [ -88.070337832948198, 13.81665763606266 ], [ -88.08381250057306, 13.816657636062663 ], [ -88.08381250057306, 13.803182968437797 ] ], [ [ -87.773895145201166, 13.681910959814006 ], [ -87.787369812826029, 13.681910959814006 ], [ -87.787369812826029, 13.668436292189135 ], [ -87.773895145201166, 13.668436292189142 ], [ -87.773895145201166, 13.681910959814006 ] ], [ [ -87.787369812826029, 13.735809630313467 ], [ -87.787369812826029, 13.749284297938337 ], [ -87.800844480450891, 13.749284297938337 ], [ -87.800844480450891, 13.735809630313472 ], [ -87.787369812826029, 13.735809630313467 ] ], [ [ -88.08381250057306, 13.735809630313467 ], [ -88.1107618358228, 13.735809630313469 ], [ -88.1107618358228, 13.722334962688606 ], [ -88.08381250057306, 13.722334962688601 ], [ -88.08381250057306, 13.735809630313467 ] ], [ [ -88.191609841571989, 13.47979094544103 ], [ -88.191609841571989, 13.493265613065899 ], [ -88.205084509196851, 13.493265613065901 ], [ -88.205084509196851, 13.47979094544103 ], [ -88.191609841571989, 13.47979094544103 ] ], [ [ -88.48805252931902, 13.749284297938337 ], [ -88.48805252931902, 13.762758965563203 ], [ -88.501527196943883, 13.762758965563197 ], [ -88.501527196943883, 13.749284297938337 ], [ -88.48805252931902, 13.749284297938337 ] ], [ [ -88.501527196943883, 13.776233633188063 ], [ -88.501527196943883, 13.816657636062663 ], [ -88.51500186456876, 13.816657636062667 ], [ -88.51500186456876, 13.776233633188065 ], [ -88.501527196943883, 13.776233633188063 ] ], [ [ -88.461103194069295, 13.816657636062663 ], [ -88.461103194069295, 13.830132303687522 ], [ -88.48805252931902, 13.83013230368752 ], [ -88.48805252931902, 13.843606971312393 ], [ -88.501527196943883, 13.84360697131239 ], [ -88.501527196943883, 13.816657636062663 ], [ -88.461103194069295, 13.816657636062663 ] ], [ [ -88.528476532193622, 13.830132303687526 ], [ -88.51500186456876, 13.830132303687522 ], [ -88.51500186456876, 13.857081638937263 ], [ -88.528476532193622, 13.85708163893726 ], [ -88.528476532193622, 13.830132303687526 ] ], [ [ -88.676697876067138, 13.803182968437797 ], [ -88.676697876067138, 13.830132303687527 ], [ -88.690172543692, 13.83013230368752 ], [ -88.690172543692, 13.803182968437797 ], [ -88.676697876067138, 13.803182968437797 ] ], [ [ -88.555425867443347, 13.91098030943672 ], [ -88.555425867443347, 13.897505641811854 ], [ -88.528476532193622, 13.897505641811854 ], [ -88.528476532193622, 13.910980309436724 ], [ -88.555425867443347, 13.91098030943672 ] ], [ [ -88.649748540817413, 13.897505641811858 ], [ -88.649748540817413, 13.884030974186985 ], [ -88.636273873192536, 13.884030974186985 ], [ -88.636273873192536, 13.897505641811851 ], [ -88.649748540817413, 13.897505641811858 ] ], [ [ -88.447628526444433, 13.830132303687524 ], [ -88.447628526444433, 13.816657636062663 ], [ -88.43415385881957, 13.816657636062663 ], [ -88.43415385881957, 13.830132303687522 ], [ -88.447628526444433, 13.830132303687524 ] ], [ [ -88.016439162448734, 13.803182968437794 ], [ -88.016439162448734, 13.776233633188063 ], [ -87.989489827199009, 13.776233633188067 ], [ -87.989489827199009, 13.789708300812929 ], [ -88.002964494823871, 13.789708300812933 ], [ -88.002964494823871, 13.816657636062663 ], [ -87.989489827199009, 13.816657636062661 ], [ -87.989489827199009, 13.830132303687522 ], [ -88.016439162448734, 13.830132303687522 ], [ -88.016439162448734, 13.81665763606266 ], [ -88.02991383007361, 13.816657636062663 ], [ -88.02991383007361, 13.803182968437797 ], [ -88.016439162448734, 13.803182968437794 ] ], [ [ -87.82779381570063, 13.830132303687522 ], [ -87.82779381570063, 13.803182968437797 ], [ -87.854743150950355, 13.803182968437795 ], [ -87.854743150950355, 13.789708300812933 ], [ -87.82779381570063, 13.789708300812928 ], [ -87.82779381570063, 13.776233633188061 ], [ -87.814319148075768, 13.776233633188067 ], [ -87.814319148075768, 13.830132303687522 ], [ -87.82779381570063, 13.830132303687522 ] ], [ [ -88.1107618358228, 13.789708300812931 ], [ -88.1107618358228, 13.816657636062663 ], [ -88.124236503447662, 13.81665763606266 ], [ -88.124236503447662, 13.776233633188065 ], [ -88.097287168197937, 13.77623363318807 ], [ -88.097287168197937, 13.789708300812933 ], [ -88.1107618358228, 13.789708300812931 ] ], [ [ -87.881692486200095, 13.816657636062667 ], [ -87.881692486200095, 13.803182968437797 ], [ -87.868217818575218, 13.803182968437797 ], [ -87.868217818575218, 13.816657636062667 ], [ -87.881692486200095, 13.816657636062667 ] ], [ [ -87.90864182144982, 13.803182968437795 ], [ -87.90864182144982, 13.789708300812933 ], [ -87.895167153824957, 13.789708300812931 ], [ -87.895167153824957, 13.803182968437797 ], [ -87.90864182144982, 13.803182968437795 ] ], [ [ -88.070337832948198, 13.776233633188063 ], [ -88.070337832948198, 13.789708300812929 ], [ -88.08381250057306, 13.789708300812931 ], [ -88.08381250057306, 13.776233633188063 ], [ -88.070337832948198, 13.776233633188063 ] ], [ [ -88.070337832948198, 13.762758965563201 ], [ -88.05686316532335, 13.762758965563197 ], [ -88.05686316532335, 13.776233633188067 ], [ -88.070337832948198, 13.776233633188063 ], [ -88.070337832948198, 13.762758965563201 ] ], [ [ -88.05686316532335, 13.749284297938335 ], [ -88.070337832948198, 13.749284297938337 ], [ -88.070337832948198, 13.735809630313467 ], [ -88.043388497698473, 13.735809630313469 ], [ -88.043388497698473, 13.762758965563203 ], [ -88.05686316532335, 13.762758965563197 ], [ -88.05686316532335, 13.749284297938335 ] ], [ [ -88.02991383007361, 13.776233633188063 ], [ -88.02991383007361, 13.789708300812933 ], [ -88.05686316532335, 13.789708300812935 ], [ -88.05686316532335, 13.776233633188067 ], [ -88.02991383007361, 13.776233633188063 ] ], [ [ -87.976015159574146, 13.776233633188061 ], [ -87.976015159574146, 13.762758965563197 ], [ -87.949065824324421, 13.762758965563203 ], [ -87.949065824324421, 13.776233633188061 ], [ -87.976015159574146, 13.776233633188061 ] ], [ [ -87.935591156699559, 13.776233633188067 ], [ -87.935591156699559, 13.762758965563201 ], [ -87.922116489074682, 13.762758965563203 ], [ -87.922116489074682, 13.776233633188067 ], [ -87.935591156699559, 13.776233633188067 ] ], [ [ -88.002964494823871, 13.762758965563201 ], [ -88.002964494823871, 13.749284297938337 ], [ -87.989489827199009, 13.749284297938337 ], [ -87.989489827199009, 13.762758965563199 ], [ -88.002964494823871, 13.762758965563201 ] ], [ [ -87.962540491949284, 13.73580963031347 ], [ -87.962540491949284, 13.722334962688603 ], [ -87.949065824324421, 13.722334962688606 ], [ -87.949065824324421, 13.735809630313467 ], [ -87.962540491949284, 13.73580963031347 ] ], [ [ -88.191609841571989, 13.72233496268861 ], [ -88.191609841571989, 13.708860295063744 ], [ -88.17813517394714, 13.70886029506374 ], [ -88.17813517394714, 13.722334962688601 ], [ -88.191609841571989, 13.72233496268861 ] ], [ [ -87.989489827199009, 13.695385627438879 ], [ -87.989489827199009, 13.681910959814006 ], [ -87.962540491949284, 13.68191095981401 ], [ -87.962540491949284, 13.695385627438876 ], [ -87.989489827199009, 13.695385627438879 ] ], [ [ -87.935591156699559, 13.601062954064817 ], [ -87.935591156699559, 13.587588286439953 ], [ -87.90864182144982, 13.587588286439953 ], [ -87.90864182144982, 13.601062954064815 ], [ -87.935591156699559, 13.601062954064817 ] ] ] } },
{ "type": "Feature", "properties": { "class_id": 3, "area_m2": 32583449.851468679, "class_name": "Normal", "index": "NDII", "min_value": null, "max_value": null }, "geometry": { "type": "Polygon", "coordinates": [ [ [ -88.582375202693086, 13.789708300812931 ], [ -88.555425867443347, 13.789708300812933 ], [ -88.555425867443347, 13.776233633188067 ], [ -88.528476532193622, 13.776233633188063 ], [ -88.528476532193622, 13.749284297938337 ], [ -88.541951199818484, 13.749284297938337 ], [ -88.541951199818484, 13.735809630313474 ], [ -88.555425867443347, 13.735809630313469 ], [ -88.555425867443347, 13.722334962688606 ], [ -88.568900535068209, 13.722334962688606 ], [ -88.568900535068209, 13.735809630313469 ], [ -88.582375202693086, 13.735809630313467 ], [ -88.582375202693086, 13.749284297938337 ], [ -88.595849870317949, 13.749284297938335 ], [ -88.595849870317949, 13.776233633188061 ], [ -88.582375202693086, 13.776233633188063 ], [ -88.582375202693086, 13.789708300812931 ] ], [ [ -88.568900535068209, 13.762758965563199 ], [ -88.568900535068209, 13.749284297938337 ], [ -88.555425867443347, 13.749284297938337 ], [ -88.555425867443347, 13.762758965563199 ], [ -88.568900535068209, 13.762758965563199 ] ] ] } },
{ "type": "Feature", "properties": { "class_id": 3, "area_m2": 4344655.3301923433, "class_name": "Normal", "index": "NDII", "min_value": null, "max_value": null }, "geometry": { "type": "Polygon", "coordinates": [ [ [ -88.703647211316863, 13.776233633188065 ], [ -88.730596546566602, 13.776233633188065 ], [ -88.730596546566602, 13.789708300812931 ], [ -88.703647211316863, 13.789708300812929 ], [ -88.703647211316863, 13.776233633188065 ] ] ] } },
{ "type": "Feature", "properties": { "class_id": 3, "area_m2": 4342082.3208289379, "class_name": "Normal", "index": "NDII", "min_value": null, "max_value": null }, "geometry": { "type": "Polygon", "coordinates": [ [ [ -88.205084509196851, 13.81665763606266 ], [ -88.23203384444659, 13.816657636062667 ], [ -88.23203384444659, 13.830132303687527 ], [ -88.205084509196851, 13.83013230368752 ], [ -88.205084509196851, 13.81665763606266 ] ] ] } },
{ "type": "Feature", "properties": { "class_id": 3, "area_m2": 26043184.642446883, "class_name": "Normal", "index": "NDII", "min_value": null, "max_value": null }, "geometry": { "type": "Polygon", "coordinates": [ [ [ -88.205084509196851, 13.93792964468645 ], [ -88.191609841571989, 13.93792964468645 ], [ -88.191609841571989, 13.924454977061583 ], [ -88.17813517394714, 13.924454977061584 ], [ -88.17813517394714, 13.91098030943672 ], [ -88.151185838697387, 13.91098030943672 ], [ -88.151185838697387, 13.897505641811854 ], [ -88.137711171072525, 13.897505641811854 ], [ -88.137711171072525, 13.870556306562124 ], [ -88.151185838697387, 13.870556306562127 ], [ -88.151185838697387, 13.88403097418699 ], [ -88.164660506322264, 13.88403097418699 ], [ -88.164660506322264, 13.870556306562124 ], [ -88.17813517394714, 13.870556306562113 ], [ -88.17813517394714, 13.897505641811851 ], [ -88.205084509196851, 13.897505641811854 ], [ -88.205084509196851, 13.93792964468645 ] ] ] } },
{ "type": "Feature", "properties": { "class_id": 3, "area_m2": 2171054.7187207164, "class_name": "Normal", "index": "NDII", "min_value": null, "max_value": null }, "geometry": { "type": "Polygon", "coordinates": [ [ [ -88.703647211316863, 13.924454977061584 ], [ -88.690172543692, 13.924454977061584 ], [ -88.690172543692, 13.91098030943672 ], [ -88.703647211316863, 13.91098030943672 ], [ -88.703647211316863, 13.924454977061584 ] ] ] } },
{ "type": "Feature", "properties": { "class_id": 3, "area_m2": 2169696.0686209374, "class_name": "Normal", "index": "NDII", "min_value": null, "max_value": null }, "geometry": { "type": "Polygon", "coordinates": [ [ [ -88.23203384444659, 13.978353647561043 ], [ -88.218559176821714, 13.978353647561041 ], [ -88.218559176821714, 13.964878979936181 ], [ -88.23203384444659, 13.964878979936186 ], [ -88.23203384444659, 13.978353647561043 ] ] ] } },
{ "type": "Feature", "properties": { "class_id": 3, "area_m2": 2176496.1360245007, "class_name": "Normal", "index": "NDII", "min_value": null, "max_value": null }, "geometry": { "type": "Polygon", "coordinates": [ [ [ -87.90864182144982, 13.156398922444264 ], [ -87.922116489074682, 13.156398922444264 ], [ -87.922116489074682, 13.169873590069129 ], [ -87.90864182144982, 13.169873590069125 ], [ -87.90864182144982, 13.156398922444264 ] ] ] } },
{ "type": "Feature", "properties": { "class_id": 3, "area_m2": 10882504.754676154, "class_name": "Normal", "index": "NDII", "min_value": null, "max_value": null }, "geometry": { "type": "Polygon", "coordinates": [ [ [ -87.976015159574146, 13.169873590069129 ], [ -87.949065824324421, 13.169873590069125 ], [ -87.949065824324421, 13.15639892244427 ], [ -87.989489827199009, 13.156398922444264 ], [ -87.989489827199009, 13.16987359006913 ], [ -88.002964494823871, 13.169873590069129 ], [ -88.002964494823871, 13.183348257693995 ], [ -87.976015159574146, 13.183348257693991 ], [ -87.976015159574146, 13.169873590069129 ] ] ] } },
{ "type": "Feature", "properties": { "class_id": 3, "area_m2": 2176395.0697035631, "class_name": "Normal", "index": "NDII", "min_value": null, "max_value": null }, "geometry": { "type": "Polygon", "coordinates": [ [ [ -87.935591156699559, 13.183348257693993 ], [ -87.922116489074682, 13.183348257693993 ], [ -87.922116489074682, 13.169873590069129 ], [ -87.935591156699559, 13.16987359006913 ], [ -87.935591156699559, 13.183348257693993 ] ] ] } },
{ "type": "Feature", "properties": { "class_id": 3, "area_m2": 13056208.842282513, "class_name": "Normal", "index": "NDII", "min_value": null, "max_value": null }, "geometry": { "type": "Polygon", "coordinates": [ [ [ -87.733471142326565, 13.210297592943723 ], [ -87.70652180707684, 13.210297592943727 ], [ -87.70652180707684, 13.196822925318855 ], [ -87.693047139451977, 13.196822925318861 ], [ -87.693047139451977, 13.169873590069125 ], [ -87.70652180707684, 13.169873590069127 ], [ -87.70652180707684, 13.183348257693991 ], [ -87.733471142326565, 13.183348257693998 ], [ -87.733471142326565, 13.210297592943723 ] ] ] } },
{ "type": "Feature", "properties": { "class_id": 3, "area_m2": 2176294.1101616276, "class_name": "Normal", "index": "NDII", "min_value": null, "max_value": null }, "geometry": { "type": "Polygon", "coordinates": [ [ [ -87.949065824324421, 13.196822925318861 ], [ -87.935591156699559, 13.196822925318859 ], [ -87.935591156699559, 13.183348257693993 ], [ -87.949065824324421, 13.183348257693991 ], [ -87.949065824324421, 13.196822925318861 ] ] ] } },
{ "type": "Feature", "properties": { "class_id": 3, "area_m2": 8702986.718269106, "class_name": "Normal", "index": "NDII", "min_value": null, "max_value": null }, "geometry": { "type": "Polygon", "coordinates": [ [ [ -87.760420477576304, 13.237246928193452 ], [ -87.746945809951455, 13.237246928193452 ], [ -87.746945809951455, 13.223772260568586 ], [ -87.760420477576304, 13.223772260568586 ], [ -87.760420477576304, 13.210297592943723 ], [ -87.773895145201166, 13.210297592943725 ], [ -87.773895145201166, 13.250721595818318 ], [ -87.760420477576304, 13.25072159581832 ], [ -87.760420477576304, 13.237246928193452 ] ] ] } },
{ "type": "Feature", "properties": { "class_id": 3, "area_m2": 752929540.76504195, "class_name": "Normal", "index": "NDII", "min_value": null, "max_value": null }, "geometry": { "type": "Polygon", "coordinates": [ [ [ -88.51500186456876, 13.25072159581832 ], [ -88.528476532193622, 13.250721595818323 ], [ -88.528476532193622, 13.27767093106805 ], [ -88.501527196943883, 13.27767093106805 ], [ -88.501527196943883, 13.264196263443184 ], [ -88.48805252931902, 13.264196263443187 ], [ -88.48805252931902, 13.291145598692918 ], [ -88.528476532193622, 13.291145598692919 ], [ -88.528476532193622, 13.331569601567507 ], [ -88.51500186456876, 13.331569601567514 ], [ -88.51500186456876, 13.318094933942648 ], [ -88.501527196943883, 13.318094933942643 ], [ -88.501527196943883, 13.358518936817246 ], [ -88.48805252931902, 13.358518936817241 ], [ -88.48805252931902, 13.385468272066969 ], [ -88.461103194069295, 13.385468272066969 ], [ -88.461103194069295, 13.398942939691837 ], [ -88.447628526444433, 13.398942939691837 ], [ -88.447628526444433, 13.385468272066969 ], [ -88.407204523569831, 13.385468272066968 ], [ -88.407204523569831, 13.371993604442109 ], [ -88.393729855944969, 13.371993604442109 ], [ -88.393729855944969, 13.318094933942641 ], [ -88.380255188320106, 13.318094933942648 ], [ -88.380255188320106, 13.331569601567514 ], [ -88.366780520695244, 13.33156960156751 ], [ -88.366780520695244, 13.358518936817244 ], [ -88.339831185445505, 13.358518936817241 ], [ -88.339831185445505, 13.318094933942646 ], [ -88.31288185019578, 13.318094933942648 ], [ -88.31288185019578, 13.291145598692919 ], [ -88.299407182570931, 13.291145598692916 ], [ -88.299407182570931, 13.27767093106805 ], [ -88.326356517820642, 13.277670931068055 ], [ -88.326356517820642, 13.264196263443187 ], [ -88.31288185019578, 13.264196263443186 ], [ -88.31288185019578, 13.250721595818318 ], [ -88.299407182570931, 13.25072159581832 ], [ -88.299407182570931, 13.237246928193453 ], [ -88.272457847321178, 13.237246928193461 ], [ -88.272457847321178, 13.223772260568589 ], [ -88.258983179696315, 13.223772260568595 ], [ -88.258983179696315, 13.25072159581832 ], [ -88.245508512071453, 13.25072159581832 ], [ -88.245508512071453, 13.237246928193453 ], [ -88.23203384444659, 13.237246928193452 ], [ -88.23203384444659, 13.264196263443187 ], [ -88.245508512071453, 13.264196263443184 ], [ -88.245508512071453, 13.277670931068053 ], [ -88.218559176821714, 13.277670931068053 ], [ -88.218559176821714, 13.264196263443186 ], [ -88.17813517394714, 13.264196263443186 ], [ -88.17813517394714, 13.277670931068053 ], [ -88.191609841571989, 13.277670931068046 ], [ -88.191609841571989, 13.291145598692918 ], [ -88.137711171072525, 13.291145598692923 ], [ -88.137711171072525, 13.304620266317785 ], [ -88.124236503447662, 13.304620266317784 ], [ -88.124236503447662, 13.318094933942648 ], [ -88.097287168197937, 13.318094933942648 ], [ -88.097287168197937, 13.30462026631778 ], [ -88.08381250057306, 13.30462026631778 ], [ -88.08381250057306, 13.291145598692916 ], [ -88.05686316532335, 13.291145598692919 ], [ -88.05686316532335, 13.277670931068053 ], [ -88.043388497698473, 13.277670931068053 ], [ -88.043388497698473, 13.291145598692918 ], [ -88.016439162448734, 13.291145598692918 ], [ -88.016439162448734, 13.277670931068053 ], [ -88.002964494823871, 13.277670931068053 ], [ -88.002964494823871, 13.291145598692918 ], [ -87.989489827199009, 13.291145598692921 ], [ -87.989489827199009, 13.250721595818323 ], [ -87.962540491949284, 13.250721595818323 ], [ -87.962540491949284, 13.237246928193448 ], [ -87.949065824324421, 13.237246928193457 ], [ -87.949065824324421, 13.250721595818323 ], [ -87.935591156699559, 13.250721595818327 ], [ -87.935591156699559, 13.264196263443184 ], [ -87.922116489074682, 13.264196263443186 ], [ -87.922116489074682, 13.277670931068053 ], [ -87.90864182144982, 13.27767093106805 ], [ -87.90864182144982, 13.291145598692919 ], [ -87.895167153824957, 13.291145598692921 ], [ -87.895167153824957, 13.304620266317778 ], [ -87.841268483325493, 13.304620266317784 ], [ -87.841268483325493, 13.331569601567512 ], [ -87.814319148075768, 13.331569601567509 ], [ -87.814319148075768, 13.318094933942648 ], [ -87.800844480450891, 13.318094933942648 ], [ -87.800844480450891, 13.304620266317787 ], [ -87.787369812826029, 13.304620266317778 ], [ -87.787369812826029, 13.277670931068053 ], [ -87.800844480450891, 13.277670931068055 ], [ -87.800844480450891, 13.264196263443187 ], [ -87.814319148075768, 13.264196263443187 ], [ -87.814319148075768, 13.25072159581832 ], [ -87.82779381570063, 13.25072159581832 ], [ -87.82779381570063, 13.237246928193448 ], [ -87.854743150950355, 13.237246928193453 ], [ -87.854743150950355, 13.223772260568584 ], [ -87.881692486200095, 13.223772260568586 ], [ -87.881692486200095, 13.210297592943727 ], [ -87.90864182144982, 13.210297592943723 ], [ -87.90864182144982, 13.196822925318861 ], [ -87.922116489074682, 13.196822925318861 ], [ -87.922116489074682, 13.223772260568587 ], [ -87.935591156699559, 13.223772260568591 ], [ -87.935591156699559, 13.210297592943727 ], [ -87.949065824324421, 13.210297592943725 ], [ -87.949065824324421, 13.196822925318861 ], [ -87.962540491949284, 13.196822925318859 ], [ -87.962540491949284, 13.223772260568586 ], [ -87.976015159574146, 13.223772260568587 ], [ -87.976015159574146, 13.210297592943727 ], [ -87.989489827199009, 13.21029759294373 ], [ -87.989489827199009, 13.196822925318857 ], [ -88.016439162448734, 13.196822925318857 ], [ -88.016439162448734, 13.169873590069127 ], [ -88.1107618358228, 13.169873590069125 ], [ -88.1107618358228, 13.183348257693995 ], [ -88.097287168197937, 13.183348257693991 ], [ -88.097287168197937, 13.196822925318861 ], [ -88.164660506322264, 13.196822925318861 ], [ -88.164660506322264, 13.183348257694004 ], [ -88.205084509196851, 13.183348257693991 ], [ -88.205084509196851, 13.15639892244427 ], [ -88.23203384444659, 13.156398922444264 ], [ -88.23203384444659, 13.169873590069129 ], [ -88.272457847321178, 13.16987359006913 ], [ -88.272457847321178, 13.183348257693996 ], [ -88.299407182570931, 13.183348257693998 ], [ -88.299407182570931, 13.169873590069125 ], [ -88.339831185445505, 13.169873590069134 ], [ -88.339831185445505, 13.183348257693993 ], [ -88.326356517820642, 13.183348257693993 ], [ -88.326356517820642, 13.196822925318861 ], [ -88.366780520695244, 13.196822925318857 ], [ -88.366780520695244, 13.169873590069125 ], [ -88.407204523569831, 13.169873590069127 ], [ -88.407204523569831, 13.183348257693996 ], [ -88.447628526444433, 13.183348257693996 ], [ -88.447628526444433, 13.196822925318859 ], [ -88.43415385881957, 13.196822925318859 ], [ -88.43415385881957, 13.210297592943725 ], [ -88.407204523569831, 13.210297592943723 ], [ -88.407204523569831, 13.250721595818321 ], [ -88.43415385881957, 13.250721595818318 ], [ -88.43415385881957, 13.264196263443186 ], [ -88.447628526444433, 13.264196263443184 ], [ -88.447628526444433, 13.250721595818325 ], [ -88.461103194069295, 13.250721595818323 ], [ -88.461103194069295, 13.264196263443187 ], [ -88.474577861694158, 13.264196263443186 ], [ -88.474577861694158, 13.237246928193457 ], [ -88.447628526444433, 13.237246928193453 ], [ -88.447628526444433, 13.210297592943725 ], [ -88.461103194069295, 13.210297592943727 ], [ -88.461103194069295, 13.223772260568586 ], [ -88.474577861694158, 13.223772260568586 ], [ -88.474577861694158, 13.210297592943727 ], [ -88.48805252931902, 13.210297592943727 ], [ -88.48805252931902, 13.223772260568591 ], [ -88.501527196943883, 13.223772260568587 ], [ -88.501527196943883, 13.237246928193453 ], [ -88.51500186456876, 13.237246928193452 ], [ -88.51500186456876, 13.25072159581832 ] ], [ [ -88.420679191194694, 13.371993604442109 ], [ -88.420679191194694, 13.358518936817243 ], [ -88.407204523569831, 13.358518936817248 ], [ -88.407204523569831, 13.371993604442109 ], [ -88.420679191194694, 13.371993604442109 ] ], [ [ -88.43415385881957, 13.318094933942646 ], [ -88.43415385881957, 13.304620266317784 ], [ -88.393729855944969, 13.304620266317782 ], [ -88.393729855944969, 13.318094933942641 ], [ -88.43415385881957, 13.318094933942646 ] ], [ [ -88.366780520695244, 13.291145598692918 ], [ -88.353305853070367, 13.291145598692918 ], [ -88.353305853070367, 13.331569601567514 ], [ -88.366780520695244, 13.33156960156751 ], [ -88.366780520695244, 13.291145598692918 ] ], [ [ -88.407204523569831, 13.291145598692918 ], [ -88.407204523569831, 13.27767093106805 ], [ -88.366780520695244, 13.27767093106805 ], [ -88.366780520695244, 13.291145598692918 ], [ -88.407204523569831, 13.291145598692918 ] ], [ [ -88.366780520695244, 13.264196263443189 ], [ -88.353305853070367, 13.264196263443187 ], [ -88.353305853070367, 13.277670931068053 ], [ -88.366780520695244, 13.27767093106805 ], [ -88.366780520695244, 13.264196263443189 ] ], [ [ -88.31288185019578, 13.237246928193455 ], [ -88.31288185019578, 13.196822925318857 ], [ -88.28593251494604, 13.196822925318855 ], [ -88.28593251494604, 13.210297592943723 ], [ -88.299407182570931, 13.210297592943725 ], [ -88.299407182570931, 13.237246928193453 ], [ -88.31288185019578, 13.237246928193455 ] ], [ [ -88.137711171072525, 13.264196263443189 ], [ -88.164660506322264, 13.264196263443186 ], [ -88.164660506322264, 13.237246928193453 ], [ -88.137711171072525, 13.237246928193455 ], [ -88.137711171072525, 13.250721595818323 ], [ -88.124236503447662, 13.250721595818323 ], [ -88.124236503447662, 13.237246928193452 ], [ -88.097287168197937, 13.237246928193453 ], [ -88.097287168197937, 13.250721595818323 ], [ -88.1107618358228, 13.250721595818321 ], [ -88.1107618358228, 13.264196263443187 ], [ -88.124236503447662, 13.264196263443184 ], [ -88.124236503447662, 13.291145598692921 ], [ -88.137711171072525, 13.291145598692923 ], [ -88.137711171072525, 13.264196263443189 ] ], [ [ -88.097287168197937, 13.264196263443187 ], [ -88.097287168197937, 13.277670931068053 ], [ -88.1107618358228, 13.277670931068048 ], [ -88.1107618358228, 13.264196263443187 ], [ -88.097287168197937, 13.264196263443187 ] ], [ [ -88.02991383007361, 13.27767093106805 ], [ -88.02991383007361, 13.264196263443186 ], [ -88.016439162448734, 13.264196263443189 ], [ -88.016439162448734, 13.277670931068053 ], [ -88.02991383007361, 13.27767093106805 ] ], [ [ -88.05686316532335, 13.264196263443186 ], [ -88.05686316532335, 13.250721595818321 ], [ -88.02991383007361, 13.250721595818323 ], [ -88.02991383007361, 13.264196263443186 ], [ -88.05686316532335, 13.264196263443186 ] ], [ [ -87.935591156699559, 13.237246928193453 ], [ -87.90864182144982, 13.237246928193452 ], [ -87.90864182144982, 13.250721595818318 ], [ -87.935591156699559, 13.250721595818327 ], [ -87.935591156699559, 13.237246928193453 ] ], [ [ -87.895167153824957, 13.25072159581832 ], [ -87.895167153824957, 13.26419626344318 ], [ -87.90864182144982, 13.264196263443187 ], [ -87.90864182144982, 13.250721595818318 ], [ -87.895167153824957, 13.25072159581832 ] ], [ [ -87.895167153824957, 13.277670931068053 ], [ -87.881692486200095, 13.27767093106805 ], [ -87.881692486200095, 13.250721595818323 ], [ -87.854743150950355, 13.250721595818316 ], [ -87.854743150950355, 13.264196263443184 ], [ -87.82779381570063, 13.264196263443186 ], [ -87.82779381570063, 13.291145598692914 ], [ -87.895167153824957, 13.291145598692921 ], [ -87.895167153824957, 13.277670931068053 ] ], [ [ -88.016439162448734, 13.210297592943725 ], [ -88.02991383007361, 13.210297592943727 ], [ -88.02991383007361, 13.196822925318866 ], [ -88.016439162448734, 13.196822925318857 ], [ -88.016439162448734, 13.210297592943725 ] ], [ [ -88.043388497698473, 13.196822925318861 ], [ -88.043388497698473, 13.223772260568591 ], [ -88.070337832948198, 13.223772260568587 ], [ -88.070337832948198, 13.237246928193448 ], [ -88.08381250057306, 13.237246928193452 ], [ -88.08381250057306, 13.223772260568589 ], [ -88.097287168197937, 13.223772260568591 ], [ -88.097287168197937, 13.210297592943725 ], [ -88.070337832948198, 13.210297592943723 ], [ -88.070337832948198, 13.183348257693989 ], [ -88.02991383007361, 13.183348257693993 ], [ -88.02991383007361, 13.196822925318866 ], [ -88.043388497698473, 13.196822925318861 ] ], [ [ -88.164660506322264, 13.210297592943723 ], [ -88.17813517394714, 13.210297592943725 ], [ -88.17813517394714, 13.196822925318861 ], [ -88.164660506322264, 13.196822925318861 ], [ -88.164660506322264, 13.210297592943723 ] ], [ [ -88.137711171072525, 13.210297592943727 ], [ -88.137711171072525, 13.223772260568587 ], [ -88.164660506322264, 13.223772260568595 ], [ -88.164660506322264, 13.210297592943723 ], [ -88.137711171072525, 13.210297592943727 ] ], [ [ -88.380255188320106, 13.183348257693995 ], [ -88.380255188320106, 13.196822925318861 ], [ -88.407204523569831, 13.196822925318859 ], [ -88.407204523569831, 13.183348257693996 ], [ -88.380255188320106, 13.183348257693995 ] ], [ [ -88.420679191194694, 13.264196263443186 ], [ -88.420679191194694, 13.277670931068048 ], [ -88.43415385881957, 13.277670931068053 ], [ -88.43415385881957, 13.264196263443186 ], [ -88.420679191194694, 13.264196263443186 ] ], [ [ -88.48805252931902, 13.318094933942644 ], [ -88.48805252931902, 13.304620266317778 ], [ -88.461103194069295, 13.304620266317782 ], [ -88.461103194069295, 13.318094933942648 ], [ -88.48805252931902, 13.318094933942644 ] ], [ [ -88.461103194069295, 13.291145598692918 ], [ -88.447628526444433, 13.291145598692918 ], [ -88.447628526444433, 13.304620266317784 ], [ -88.461103194069295, 13.304620266317782 ], [ -88.461103194069295, 13.291145598692918 ] ], [ [ -88.380255188320106, 13.223772260568587 ], [ -88.380255188320106, 13.250721595818325 ], [ -88.393729855944969, 13.250721595818323 ], [ -88.393729855944969, 13.223772260568591 ], [ -88.380255188320106, 13.223772260568587 ] ], [ [ -88.339831185445505, 13.223772260568586 ], [ -88.339831185445505, 13.250721595818321 ], [ -88.366780520695244, 13.250721595818323 ], [ -88.366780520695244, 13.223772260568587 ], [ -88.339831185445505, 13.223772260568586 ] ], [ [ -88.205084509196851, 13.210297592943725 ], [ -88.205084509196851, 13.223772260568595 ], [ -88.218559176821714, 13.223772260568587 ], [ -88.218559176821714, 13.210297592943723 ], [ -88.205084509196851, 13.210297592943725 ] ] ] } },
{ "type": "Feature", "properties": { "class_id": 3, "area_m2": 2175437.6666280343, "class_name": "Normal", "index": "NDII", "min_value": null, "max_value": null }, "geometry": { "type": "Polygon", "coordinates": [ [ [ -88.016439162448734, 13.304620266317784 ], [ -88.002964494823871, 13.304620266317785 ], [ -88.002964494823871, 13.291145598692918 ], [ -88.016439162448734, 13.291145598692918 ], [ -88.016439162448734, 13.304620266317784 ] ] ] } },
{ "type": "Feature", "properties": { "class_id": 3, "area_m2": 4351025.6798830796, "class_name": "Normal", "index": "NDII", "min_value": null, "max_value": null }, "geometry": { "type": "Polygon", "coordinates": [ [ [ -88.137711171072525, 13.304620266317785 ], [ -88.164660506322264, 13.304620266317789 ], [ -88.164660506322264, 13.318094933942648 ], [ -88.137711171072525, 13.318094933942644 ], [ -88.137711171072525, 13.304620266317785 ] ] ] } },
{ "type": "Feature", "properties": { "class_id": 3, "area_m2": 6525447.8730954491, "class_name": "Normal", "index": "NDII", "min_value": null, "max_value": null }, "geometry": { "type": "Polygon", "coordinates": [ [ [ -88.02991383007361, 13.345044269192382 ], [ -88.002964494823871, 13.345044269192378 ], [ -88.002964494823871, 13.318094933942648 ], [ -88.016439162448734, 13.318094933942646 ], [ -88.016439162448734, 13.331569601567514 ], [ -88.02991383007361, 13.331569601567512 ], [ -88.02991383007361, 13.345044269192382 ] ] ] } },
{ "type": "Feature", "properties": { "class_id": 3, "area_m2": 2174893.7216949007, "class_name": "Normal", "index": "NDII", "min_value": null, "max_value": null }, "geometry": { "type": "Polygon", "coordinates": [ [ [ -87.854743150950355, 13.345044269192377 ], [ -87.841268483325493, 13.345044269192377 ], [ -87.841268483325493, 13.331569601567512 ], [ -87.854743150950355, 13.331569601567514 ], [ -87.854743150950355, 13.345044269192377 ] ] ] } },
{ "type": "Feature", "properties": { "class_id": 3, "area_m2": 6525251.5971256392, "class_name": "Normal", "index": "NDII", "min_value": null, "max_value": null }, "geometry": { "type": "Polygon", "coordinates": [ [ [ -88.070337832948198, 13.358518936817248 ], [ -88.043388497698473, 13.358518936817244 ], [ -88.043388497698473, 13.33156960156751 ], [ -88.05686316532335, 13.331569601567509 ], [ -88.05686316532335, 13.345044269192377 ], [ -88.070337832948198, 13.34504426919238 ], [ -88.070337832948198, 13.358518936817248 ] ] ] } },
{ "type": "Feature", "properties": { "class_id": 3, "area_m2": 4349642.2424629135, "class_name": "Normal", "index": "NDII", "min_value": null, "max_value": null }, "geometry": { "type": "Polygon", "coordinates": [ [ [ -87.976015159574146, 13.358518936817243 ], [ -88.002964494823871, 13.358518936817244 ], [ -88.002964494823871, 13.37199360444211 ], [ -87.976015159574146, 13.371993604442105 ], [ -87.976015159574146, 13.358518936817243 ] ] ] } },
{ "type": "Feature", "properties": { "class_id": 3, "area_m2": 2174881.3774024402, "class_name": "Normal", "index": "NDII", "min_value": null, "max_value": null }, "geometry": { "type": "Polygon", "coordinates": [ [ [ -88.043388497698473, 13.371993604442109 ], [ -88.02991383007361, 13.37199360444211 ], [ -88.02991383007361, 13.358518936817244 ], [ -88.043388497698473, 13.358518936817244 ], [ -88.043388497698473, 13.371993604442109 ] ] ] } },
{ "type": "Feature", "properties": { "class_id": 3, "area_m2": 67424515.654649273, "class_name": "Normal", "index": "NDII", "min_value": null, "max_value": null }, "geometry": { "type": "Polygon", "coordinates": [ [ [ -88.164660506322264, 13.398942939691837 ], [ -88.151185838697387, 13.398942939691841 ], [ -88.151185838697387, 13.385468272066975 ], [ -88.137711171072525, 13.385468272066975 ], [ -88.137711171072525, 13.412417607316709 ], [ -88.124236503447662, 13.4124176073167 ], [ -88.124236503447662, 13.398942939691841 ], [ -88.1107618358228, 13.398942939691835 ], [ -88.1107618358228, 13.385468272066975 ], [ -88.08381250057306, 13.385468272066969 ], [ -88.08381250057306, 13.371993604442109 ], [ -88.070337832948198, 13.371993604442107 ], [ -88.070337832948198, 13.358518936817248 ], [ -88.08381250057306, 13.358518936817241 ], [ -88.08381250057306, 13.318094933942646 ], [ -88.097287168197937, 13.318094933942648 ], [ -88.097287168197937, 13.331569601567512 ], [ -88.1107618358228, 13.331569601567509 ], [ -88.1107618358228, 13.345044269192373 ], [ -88.124236503447662, 13.345044269192378 ], [ -88.124236503447662, 13.331569601567509 ], [ -88.164660506322264, 13.331569601567516 ], [ -88.164660506322264, 13.34504426919238 ], [ -88.151185838697387, 13.34504426919238 ], [ -88.151185838697387, 13.37199360444211 ], [ -88.164660506322264, 13.371993604442109 ], [ -88.164660506322264, 13.358518936817244 ], [ -88.17813517394714, 13.358518936817244 ], [ -88.17813517394714, 13.371993604442107 ], [ -88.191609841571989, 13.371993604442109 ], [ -88.191609841571989, 13.385468272066975 ], [ -88.17813517394714, 13.385468272066973 ], [ -88.17813517394714, 13.4124176073167 ], [ -88.164660506322264, 13.412417607316705 ], [ -88.164660506322264, 13.398942939691837 ] ], [ [ -88.097287168197937, 13.345044269192378 ], [ -88.097287168197937, 13.358518936817244 ], [ -88.1107618358228, 13.358518936817241 ], [ -88.1107618358228, 13.345044269192373 ], [ -88.097287168197937, 13.345044269192378 ] ] ] } },
{ "type": "Feature", "properties": { "class_id": 3, "area_m2": 4348954.3764948668, "class_name": "Normal", "index": "NDII", "min_value": null, "max_value": null }, "geometry": { "type": "Polygon", "coordinates": [ [ [ -87.733471142326565, 13.385468272066975 ], [ -87.719996474701702, 13.385468272066971 ], [ -87.719996474701702, 13.358518936817244 ], [ -87.733471142326565, 13.358518936817244 ], [ -87.733471142326565, 13.385468272066975 ] ] ] } },
{ "type": "Feature", "properties": { "class_id": 3, "area_m2": 2174443.1296285749, "class_name": "Normal", "index": "NDII", "min_value": null, "max_value": null }, "geometry": { "type": "Polygon", "coordinates": [ [ [ -87.746945809951455, 13.371993604442107 ], [ -87.760420477576304, 13.371993604442109 ], [ -87.760420477576304, 13.385468272066971 ], [ -87.746945809951455, 13.385468272066973 ], [ -87.746945809951455, 13.371993604442107 ] ] ] } },
{ "type": "Feature", "properties": { "class_id": 3, "area_m2": 2174727.9976304621, "class_name": "Normal", "index": "NDII", "min_value": null, "max_value": null }, "geometry": { "type": "Polygon", "coordinates": [ [ [ -88.002964494823871, 13.37199360444211 ], [ -88.016439162448734, 13.371993604442107 ], [ -88.016439162448734, 13.385468272066973 ], [ -88.002964494823871, 13.385468272066975 ], [ -88.002964494823871, 13.37199360444211 ] ] ] } },
{ "type": "Feature", "properties": { "class_id": 3, "area_m2": 17396264.639839355, "class_name": "Normal", "index": "NDII", "min_value": null, "max_value": null }, "geometry": { "type": "Polygon", "coordinates": [ [ [ -87.868217818575218, 13.358518936817244 ], [ -87.895167153824957, 13.358518936817244 ], [ -87.895167153824957, 13.398942939691842 ], [ -87.881692486200095, 13.398942939691844 ], [ -87.881692486200095, 13.412417607316705 ], [ -87.868217818575218, 13.412417607316703 ], [ -87.868217818575218, 13.385468272066971 ], [ -87.854743150950355, 13.385468272066969 ], [ -87.854743150950355, 13.37199360444211 ], [ -87.868217818575218, 13.37199360444211 ], [ -87.868217818575218, 13.358518936817244 ] ] ] } },
{ "type": "Feature", "properties": { "class_id": 3, "area_m2": 6522816.4223624971, "class_name": "Normal", "index": "NDII", "min_value": null, "max_value": null }, "geometry": { "type": "Polygon", "coordinates": [ [ [ -87.760420477576304, 13.385468272066971 ], [ -87.773895145201166, 13.385468272066969 ], [ -87.773895145201166, 13.4124176073167 ], [ -87.746945809951455, 13.412417607316705 ], [ -87.746945809951455, 13.398942939691839 ], [ -87.760420477576304, 13.398942939691834 ], [ -87.760420477576304, 13.385468272066971 ] ] ] } },
{ "type": "Feature", "properties": { "class_id": 3, "area_m2": 2174616.2747870889, "class_name": "Normal", "index": "NDII", "min_value": null, "max_value": null }, "geometry": { "type": "Polygon", "coordinates": [ [ [ -88.097287168197937, 13.412417607316705 ], [ -88.097287168197937, 13.398942939691841 ], [ -88.1107618358228, 13.398942939691835 ], [ -88.1107618358228, 13.412417607316705 ], [ -88.097287168197937, 13.412417607316705 ] ] ] } },
{ "type": "Feature", "properties": { "class_id": 3, "area_m2": 4348371.4351772759, "class_name": "Normal", "index": "NDII", "min_value": null, "max_value": null }, "geometry": { "type": "Polygon", "coordinates": [ [ [ -87.787369812826029, 13.398942939691834 ], [ -87.800844480450891, 13.398942939691837 ], [ -87.800844480450891, 13.425892274941571 ], [ -87.787369812826029, 13.425892274941571 ], [ -87.787369812826029, 13.398942939691834 ] ] ] } },
{ "type": "Feature", "properties": { "class_id": 3, "area_m2": 2174478.6748974328, "class_name": "Normal", "index": "NDII", "min_value": null, "max_value": null }, "geometry": { "type": "Polygon", "coordinates": [ [ [ -88.08381250057306, 13.412417607316701 ], [ -88.097287168197937, 13.412417607316705 ], [ -88.097287168197937, 13.425892274941569 ], [ -88.08381250057306, 13.425892274941571 ], [ -88.08381250057306, 13.412417607316701 ] ] ] } },
{ "type": "Feature", "properties": { "class_id": 3, "area_m2": 28265978.695829537, "class_name": "Normal", "index": "NDII", "min_value": null, "max_value": null }, "geometry": { "type": "Polygon", "coordinates": [ [ [ -88.043388497698473, 13.452841610191301 ], [ -87.976015159574146, 13.452841610191305 ], [ -87.976015159574146, 13.425892274941569 ], [ -87.989489827199009, 13.425892274941571 ], [ -87.989489827199009, 13.412417607316705 ], [ -88.02991383007361, 13.41241760731671 ], [ -88.02991383007361, 13.425892274941569 ], [ -88.043388497698473, 13.425892274941569 ], [ -88.043388497698473, 13.452841610191301 ] ] ] } },
{ "type": "Feature", "properties": { "class_id": 3, "area_m2": 4347978.4418337122, "class_name": "Normal", "index": "NDII", "min_value": null, "max_value": null }, "geometry": { "type": "Polygon", "coordinates": [ [ [ -87.841268483325493, 13.452841610191301 ], [ -87.82779381570063, 13.452841610191303 ], [ -87.82779381570063, 13.425892274941571 ], [ -87.841268483325493, 13.425892274941567 ], [ -87.841268483325493, 13.452841610191301 ] ] ] } },
{ "type": "Feature", "properties": { "class_id": 3, "area_m2": 6522931.0855451738, "class_name": "Normal", "index": "NDII", "min_value": null, "max_value": null }, "geometry": { "type": "Polygon", "coordinates": [ [ [ -88.097287168197937, 13.425892274941569 ], [ -88.1107618358228, 13.425892274941567 ], [ -88.1107618358228, 13.452841610191301 ], [ -88.08381250057306, 13.452841610191301 ], [ -88.08381250057306, 13.439366942566432 ], [ -88.097287168197937, 13.439366942566435 ], [ -88.097287168197937, 13.425892274941569 ] ] ] } },
{ "type": "Feature", "properties": { "class_id": 3, "area_m2": 2173836.0478715287, "class_name": "Normal", "index": "NDII", "min_value": null, "max_value": null }, "geometry": { "type": "Polygon", "coordinates": [ [ [ -87.733471142326565, 13.439366942566437 ], [ -87.746945809951455, 13.43936694256643 ], [ -87.746945809951455, 13.452841610191301 ], [ -87.733471142326565, 13.452841610191303 ], [ -87.733471142326565, 13.439366942566437 ] ] ] } },
{ "type": "Feature", "properties": { "class_id": 3, "area_m2": 15216389.33293473, "class_name": "Normal", "index": "NDII", "min_value": null, "max_value": null }, "geometry": { "type": "Polygon", "coordinates": [ [ [ -87.800844480450891, 13.452841610191301 ], [ -87.82779381570063, 13.452841610191303 ], [ -87.82779381570063, 13.479790945441032 ], [ -87.800844480450891, 13.47979094544103 ], [ -87.800844480450891, 13.466316277816167 ], [ -87.787369812826029, 13.466316277816166 ], [ -87.787369812826029, 13.452841610191298 ], [ -87.773895145201166, 13.452841610191301 ], [ -87.773895145201166, 13.439366942566435 ], [ -87.800844480450891, 13.439366942566432 ], [ -87.800844480450891, 13.452841610191301 ] ] ] } },
{ "type": "Feature", "properties": { "class_id": 3, "area_m2": 2174066.5808327934, "class_name": "Normal", "index": "NDII", "min_value": null, "max_value": null }, "geometry": { "type": "Polygon", "coordinates": [ [ [ -88.05686316532335, 13.466316277816169 ], [ -88.043388497698473, 13.466316277816162 ], [ -88.043388497698473, 13.452841610191301 ], [ -88.05686316532335, 13.452841610191301 ], [ -88.05686316532335, 13.466316277816169 ] ] ] } },
{ "type": "Feature", "properties": { "class_id": 3, "area_m2": 2174158.6517809313, "class_name": "Normal", "index": "NDII", "min_value": null, "max_value": null }, "geometry": { "type": "Polygon", "coordinates": [ [ [ -88.1107618358228, 13.452841610191301 ], [ -88.124236503447662, 13.452841610191301 ], [ -88.124236503447662, 13.466316277816166 ], [ -88.1107618358228, 13.466316277816169 ], [ -88.1107618358228, 13.452841610191301 ] ] ] } },
{ "type": "Feature", "properties": { "class_id": 3, "area_m2": 17387315.298289735, "class_name": "Normal", "index": "NDII", "min_value": null, "max_value": null }, "geometry": { "type": "Polygon", "coordinates": [ [ [ -87.746945809951455, 13.466316277816166 ], [ -87.760420477576304, 13.466316277816166 ], [ -87.760420477576304, 13.47979094544103 ], [ -87.773895145201166, 13.47979094544103 ], [ -87.773895145201166, 13.506740280690757 ], [ -87.760420477576304, 13.506740280690757 ], [ -87.760420477576304, 13.520214948315624 ], [ -87.746945809951455, 13.520214948315624 ], [ -87.746945809951455, 13.506740280690758 ], [ -87.719996474701702, 13.506740280690762 ], [ -87.719996474701702, 13.493265613065898 ], [ -87.746945809951455, 13.493265613065899 ], [ -87.746945809951455, 13.466316277816166 ] ] ] } },
{ "type": "Feature", "properties": { "class_id": 3, "area_m2": 8694278.4295016248, "class_name": "Normal", "index": "NDII", "min_value": null, "max_value": null }, "geometry": { "type": "Polygon", "coordinates": [ [ [ -88.137711171072525, 13.547164283565358 ], [ -88.124236503447662, 13.54716428356536 ], [ -88.124236503447662, 13.533689615940492 ], [ -88.1107618358228, 13.533689615940492 ], [ -88.1107618358228, 13.520214948315626 ], [ -88.124236503447662, 13.520214948315628 ], [ -88.124236503447662, 13.506740280690762 ], [ -88.137711171072525, 13.50674028069076 ], [ -88.137711171072525, 13.547164283565358 ] ] ] } },
{ "type": "Feature", "properties": { "class_id": 3, "area_m2": 2173150.9764588103, "class_name": "Normal", "index": "NDII", "min_value": null, "max_value": null }, "geometry": { "type": "Polygon", "coordinates": [ [ [ -87.881692486200095, 13.533689615940492 ], [ -87.895167153824957, 13.533689615940492 ], [ -87.895167153824957, 13.547164283565358 ], [ -87.881692486200095, 13.547164283565353 ], [ -87.881692486200095, 13.533689615940492 ] ] ] } },
{ "type": "Feature", "properties": { "class_id": 3, "area_m2": 6519636.8763792664, "class_name": "Normal", "index": "NDII", "min_value": null, "max_value": null }, "geometry": { "type": "Polygon", "coordinates": [ [ [ -88.002964494823871, 13.560638951190223 ], [ -87.989489827199009, 13.560638951190217 ], [ -87.989489827199009, 13.547164283565358 ], [ -87.976015159574146, 13.547164283565353 ], [ -87.976015159574146, 13.533689615940492 ], [ -88.002964494823871, 13.533689615940492 ], [ -88.002964494823871, 13.560638951190223 ] ] ] } },
{ "type": "Feature", "properties": { "class_id": 3, "area_m2": 8692484.1501796339, "class_name": "Normal", "index": "NDII", "min_value": null, "max_value": null }, "geometry": { "type": "Polygon", "coordinates": [ [ [ -88.1107618358228, 13.587588286439955 ], [ -88.08381250057306, 13.587588286439953 ], [ -88.08381250057306, 13.57411361881509 ], [ -88.097287168197937, 13.574113618815085 ], [ -88.097287168197937, 13.560638951190219 ], [ -88.124236503447662, 13.560638951190219 ], [ -88.124236503447662, 13.574113618815089 ], [ -88.1107618358228, 13.574113618815089 ], [ -88.1107618358228, 13.587588286439955 ] ] ] } },
{ "type": "Feature", "properties": { "class_id": 3, "area_m2": 6518731.1604087278, "class_name": "Normal", "index": "NDII", "min_value": null, "max_value": null }, "geometry": { "type": "Polygon", "coordinates": [ [ [ -88.124236503447662, 13.601062954064822 ], [ -88.1107618358228, 13.601062954064822 ], [ -88.1107618358228, 13.587588286439955 ], [ -88.137711171072525, 13.587588286439955 ], [ -88.137711171072525, 13.614537621689685 ], [ -88.124236503447662, 13.614537621689681 ], [ -88.124236503447662, 13.601062954064822 ] ] ] } },
{ "type": "Feature", "properties": { "class_id": 3, "area_m2": 2172370.0156389615, "class_name": "Normal", "index": "NDII", "min_value": null, "max_value": null }, "geometry": { "type": "Polygon", "coordinates": [ [ [ -87.935591156699559, 13.641486956939412 ], [ -87.935591156699559, 13.628012289314551 ], [ -87.949065824324421, 13.628012289314546 ], [ -87.949065824324421, 13.641486956939412 ], [ -87.935591156699559, 13.641486956939412 ] ] ] } },
{ "type": "Feature", "properties": { "class_id": 3, "area_m2": 2172635.3338438659, "class_name": "Normal", "index": "NDII", "min_value": null, "max_value": null }, "geometry": { "type": "Polygon", "coordinates": [ [ [ -88.137711171072525, 13.628012289314547 ], [ -88.151185838697387, 13.628012289314549 ], [ -88.151185838697387, 13.641486956939413 ], [ -88.137711171072525, 13.641486956939415 ], [ -88.137711171072525, 13.628012289314547 ] ] ] } },
{ "type": "Feature", "properties": { "class_id": 3, "area_m2": 2172233.2455685679, "class_name": "Normal", "index": "NDII", "min_value": null, "max_value": null }, "geometry": { "type": "Polygon", "coordinates": [ [ [ -87.922116489074682, 13.641486956939413 ], [ -87.935591156699559, 13.641486956939412 ], [ -87.935591156699559, 13.654961624564283 ], [ -87.922116489074682, 13.654961624564283 ], [ -87.922116489074682, 13.641486956939413 ] ] ] } },
{ "type": "Feature", "properties": { "class_id": 3, "area_m2": 2172495.0899444078, "class_name": "Normal", "index": "NDII", "min_value": null, "max_value": null }, "geometry": { "type": "Polygon", "coordinates": [ [ [ -88.137711171072525, 13.65496162456428 ], [ -88.124236503447662, 13.654961624564278 ], [ -88.124236503447662, 13.641486956939412 ], [ -88.137711171072525, 13.641486956939415 ], [ -88.137711171072525, 13.65496162456428 ] ] ] } },
{ "type": "Feature", "properties": { "class_id": 3, "area_m2": 2172128.0706549417, "class_name": "Normal", "index": "NDII", "min_value": null, "max_value": null }, "geometry": { "type": "Polygon", "coordinates": [ [ [ -87.949065824324421, 13.66843629218914 ], [ -87.935591156699559, 13.668436292189142 ], [ -87.935591156699559, 13.654961624564283 ], [ -87.949065824324421, 13.654961624564276 ], [ -87.949065824324421, 13.66843629218914 ] ] ] } },
{ "type": "Feature", "properties": { "class_id": 3, "area_m2": 10860204.638983747, "class_name": "Normal", "index": "NDII", "min_value": null, "max_value": null }, "geometry": { "type": "Polygon", "coordinates": [ [ [ -88.08381250057306, 13.708860295063744 ], [ -88.02991383007361, 13.708860295063744 ], [ -88.02991383007361, 13.695385627438874 ], [ -88.05686316532335, 13.695385627438874 ], [ -88.05686316532335, 13.68191095981401 ], [ -88.070337832948198, 13.681910959814012 ], [ -88.070337832948198, 13.695385627438872 ], [ -88.08381250057306, 13.695385627438874 ], [ -88.08381250057306, 13.708860295063744 ] ] ] } },
{ "type": "Feature", "properties": { "class_id": 3, "area_m2": 4343138.2227901472, "class_name": "Normal", "index": "NDII", "min_value": null, "max_value": null }, "geometry": { "type": "Polygon", "coordinates": [ [ [ -87.814319148075768, 13.695385627438874 ], [ -87.82779381570063, 13.695385627438874 ], [ -87.82779381570063, 13.722334962688599 ], [ -87.814319148075768, 13.722334962688606 ], [ -87.814319148075768, 13.695385627438874 ] ] ] } },
{ "type": "Feature", "properties": { "class_id": 3, "area_m2": 2171415.0615052693, "class_name": "Normal", "index": "NDII", "min_value": null, "max_value": null }, "geometry": { "type": "Polygon", "coordinates": [ [ [ -87.841268483325493, 13.722334962688603 ], [ -87.854743150950355, 13.722334962688606 ], [ -87.854743150950355, 13.735809630313472 ], [ -87.841268483325493, 13.735809630313467 ], [ -87.841268483325493, 13.722334962688603 ] ] ] } },
{ "type": "Feature", "properties": { "class_id": 3, "area_m2": 2171185.9712112453, "class_name": "Normal", "index": "NDII", "min_value": null, "max_value": null }, "geometry": { "type": "Polygon", "coordinates": [ [ [ -87.868217818575218, 13.762758965563201 ], [ -87.854743150950355, 13.762758965563199 ], [ -87.854743150950355, 13.749284297938337 ], [ -87.868217818575218, 13.749284297938335 ], [ -87.868217818575218, 13.762758965563201 ] ] ] } },
{ "type": "Feature", "properties": { "class_id": 3, "area_m2": 15195647.09570764, "class_name": "Normal", "index": "NDII", "min_value": null, "max_value": null }, "geometry": { "type": "Polygon", "coordinates": [ [ [ -87.746945809951455, 13.803182968437797 ], [ -87.70652180707684, 13.803182968437795 ], [ -87.70652180707684, 13.776233633188069 ], [ -87.719996474701702, 13.776233633188067 ], [ -87.719996474701702, 13.762758965563199 ], [ -87.733471142326565, 13.762758965563197 ], [ -87.733471142326565, 13.776233633188065 ], [ -87.746945809951455, 13.776233633188067 ], [ -87.746945809951455, 13.803182968437797 ] ] ] } },
{ "type": "Feature", "properties": { "class_id": 3, "area_m2": 2170110.6884018774, "class_name": "Normal", "index": "NDII", "min_value": null, "max_value": null }, "geometry": { "type": "Polygon", "coordinates": [ [ [ -87.773895145201166, 13.870556306562127 ], [ -87.760420477576304, 13.870556306562124 ], [ -87.760420477576304, 13.85708163893726 ], [ -87.773895145201166, 13.85708163893726 ], [ -87.773895145201166, 13.870556306562127 ] ] ] } },
{ "type": "Feature", "properties": { "class_id": 3, "area_m2": 2170191.6061556931, "class_name": "Normal", "index": "NDII", "min_value": null, "max_value": null }, "geometry": { "type": "Polygon", "coordinates": [ [ [ -87.949065824324421, 13.870556306562124 ], [ -87.962540491949284, 13.87055630656212 ], [ -87.962540491949284, 13.884030974186986 ], [ -87.949065824324421, 13.884030974186985 ], [ -87.949065824324421, 13.870556306562124 ] ] ] } },
{ "type": "Feature", "properties": { "class_id": 3, "area_m2": 2170224.3656377806, "class_name": "Normal", "index": "NDII", "min_value": null, "max_value": null }, "geometry": { "type": "Polygon", "coordinates": [ [ [ -87.976015159574146, 13.870556306562124 ], [ -87.989489827199009, 13.870556306562124 ], [ -87.989489827199009, 13.884030974186988 ], [ -87.976015159574146, 13.884030974186988 ], [ -87.976015159574146, 13.870556306562124 ] ] ] } },
{ "type": "Feature", "properties": { "class_id": 3, "area_m2": 2169904.7141741617, "class_name": "Normal", "index": "NDII", "min_value": null, "max_value": null }, "geometry": { "type": "Polygon", "coordinates": [ [ [ -87.814319148075768, 13.897505641811854 ], [ -87.800844480450891, 13.897505641811852 ], [ -87.800844480450891, 13.884030974186986 ], [ -87.814319148075768, 13.884030974186981 ], [ -87.814319148075768, 13.897505641811854 ] ] ] } },
{ "type": "Feature", "properties": { "class_id": 3, "area_m2": 2170052.5370071707, "class_name": "Normal", "index": "NDII", "min_value": null, "max_value": null }, "geometry": { "type": "Polygon", "coordinates": [ [ [ -87.935591156699559, 13.884030974186983 ], [ -87.949065824324421, 13.884030974186985 ], [ -87.949065824324421, 13.897505641811852 ], [ -87.935591156699559, 13.897505641811854 ], [ -87.935591156699559, 13.884030974186983 ] ] ] } },
{ "type": "Feature", "properties": { "class_id": 3, "area_m2": 8679620.9962484147, "class_name": "Normal", "index": "NDII", "min_value": null, "max_value": null }, "geometry": { "type": "Polygon", "coordinates": [ [ [ -87.90864182144982, 13.924454977061584 ], [ -87.895167153824957, 13.924454977061579 ], [ -87.895167153824957, 13.884030974186983 ], [ -87.922116489074682, 13.884030974186988 ], [ -87.922116489074682, 13.897505641811858 ], [ -87.90864182144982, 13.897505641811851 ], [ -87.90864182144982, 13.924454977061584 ] ] ] } },
{ "type": "Feature", "properties": { "class_id": 3, "area_m2": 8678948.1103878953, "class_name": "Normal", "index": "NDII", "min_value": null, "max_value": null }, "geometry": { "type": "Polygon", "coordinates": [ [ [ -87.881692486200095, 13.91098030943672 ], [ -87.868217818575218, 13.910980309436724 ], [ -87.868217818575218, 13.937929644686449 ], [ -87.854743150950355, 13.937929644686447 ], [ -87.854743150950355, 13.897505641811851 ], [ -87.881692486200095, 13.897505641811851 ], [ -87.881692486200095, 13.91098030943672 ] ] ] } },
{ "type": "Feature", "properties": { "class_id": 3, "area_m2": 17358431.880699988, "class_name": "Normal", "index": "NDII", "min_value": null, "max_value": null }, "geometry": { "type": "Polygon", "coordinates": [ [ [ -88.1107618358228, 13.937929644686447 ], [ -88.124236503447662, 13.93792964468645 ], [ -88.124236503447662, 13.951404312311309 ], [ -88.1107618358228, 13.951404312311315 ], [ -88.1107618358228, 13.964878979936181 ], [ -88.08381250057306, 13.964878979936181 ], [ -88.08381250057306, 13.910980309436722 ], [ -88.097287168197937, 13.910980309436724 ], [ -88.097287168197937, 13.924454977061586 ], [ -88.1107618358228, 13.924454977061584 ], [ -88.1107618358228, 13.937929644686447 ] ] ] } },
{ "type": "Feature", "properties": { "class_id": 3, "area_m2": 6508670.1955818469, "class_name": "Normal", "index": "NDII", "min_value": null, "max_value": null }, "geometry": { "type": "Polygon", "coordinates": [ [ [ -88.137711171072525, 13.991828315185906 ], [ -88.124236503447662, 13.991828315185911 ], [ -88.124236503447662, 13.951404312311309 ], [ -88.137711171072525, 13.951404312311315 ], [ -88.137711171072525, 13.991828315185906 ] ] ] } },
{ "type": "Feature", "properties": { "class_id": 4, "area_m2": 2177724.029319474, "class_name": "Alto", "index": "NDII", "min_value": null, "max_value": null }, "geometry": { "type": "Polygon", "coordinates": [ [ [ -89.808569956555814, 13.520214948315628 ], [ -89.808569956555814, 13.533689615940492 ], [ -89.795095288930952, 13.533689615940492 ], [ -89.795095288930952, 13.520214948315628 ], [ -89.808569956555814, 13.520214948315628 ] ] ] } },
{ "type": "Feature", "properties": { "class_id": 4, "area_m2": 2177275.2375841686, "class_name": "Alto", "index": "NDII", "min_value": null, "max_value": null }, "geometry": { "type": "Polygon", "coordinates": [ [ [ -89.714247283181763, 13.547164283565357 ], [ -89.7007726155569, 13.547164283565353 ], [ -89.7007726155569, 13.533689615940492 ], [ -89.714247283181763, 13.533689615940492 ], [ -89.714247283181763, 13.547164283565357 ] ] ] } },
{ "type": "Feature", "properties": { "class_id": 4, "area_m2": 15242066.639041526, "class_name": "Alto", "index": "NDII", "min_value": null, "max_value": null }, "geometry": { "type": "Polygon", "coordinates": [ [ [ -89.768145953681227, 13.547164283565358 ], [ -89.781620621306104, 13.54716428356536 ], [ -89.781620621306104, 13.533689615940492 ], [ -89.795095288930952, 13.533689615940492 ], [ -89.795095288930952, 13.547164283565353 ], [ -89.822044624180691, 13.547164283565353 ], [ -89.822044624180691, 13.560638951190215 ], [ -89.808569956555814, 13.560638951190219 ], [ -89.808569956555814, 13.574113618815087 ], [ -89.781620621306104, 13.574113618815085 ], [ -89.781620621306104, 13.560638951190219 ], [ -89.768145953681227, 13.560638951190219 ], [ -89.768145953681227, 13.547164283565358 ] ] ] } },
{ "type": "Feature", "properties": { "class_id": 4, "area_m2": 23946773.507034421, "class_name": "Alto", "index": "NDII", "min_value": null, "max_value": null }, "geometry": { "type": "Polygon", "coordinates": [ [ [ -89.714247283181763, 13.601062954064817 ], [ -89.714247283181763, 13.587588286439953 ], [ -89.687297947932038, 13.587588286439949 ], [ -89.687297947932038, 13.574113618815083 ], [ -89.714247283181763, 13.574113618815089 ], [ -89.714247283181763, 13.560638951190223 ], [ -89.741196618431488, 13.560638951190223 ], [ -89.741196618431488, 13.574113618815085 ], [ -89.768145953681227, 13.574113618815089 ], [ -89.768145953681227, 13.601062954064822 ], [ -89.741196618431488, 13.601062954064815 ], [ -89.741196618431488, 13.587588286439956 ], [ -89.727721950806625, 13.587588286439949 ], [ -89.727721950806625, 13.601062954064817 ], [ -89.714247283181763, 13.601062954064817 ] ] ] } },
{ "type": "Feature", "properties": { "class_id": 4, "area_m2": 2176670.1624930389, "class_name": "Alto", "index": "NDII", "min_value": null, "max_value": null }, "geometry": { "type": "Polygon", "coordinates": [ [ [ -89.714247283181763, 13.614537621689685 ], [ -89.7007726155569, 13.614537621689683 ], [ -89.7007726155569, 13.601062954064819 ], [ -89.714247283181763, 13.601062954064817 ], [ -89.714247283181763, 13.614537621689685 ] ] ] } },
{ "type": "Feature", "properties": { "class_id": 4, "area_m2": 60952771.733454309, "class_name": "Alto", "index": "NDII", "min_value": null, "max_value": null }, "geometry": { "type": "Polygon", "coordinates": [ [ [ -89.835519291805554, 13.628012289314546 ], [ -89.822044624180691, 13.628012289314549 ], [ -89.822044624180691, 13.641486956939415 ], [ -89.835519291805554, 13.641486956939413 ], [ -89.835519291805554, 13.66843629218914 ], [ -89.795095288930952, 13.66843629218914 ], [ -89.795095288930952, 13.654961624564283 ], [ -89.781620621306104, 13.654961624564278 ], [ -89.781620621306104, 13.668436292189138 ], [ -89.768145953681227, 13.66843629218914 ], [ -89.768145953681227, 13.601062954064822 ], [ -89.781620621306104, 13.601062954064819 ], [ -89.781620621306104, 13.587588286439956 ], [ -89.808569956555814, 13.587588286439944 ], [ -89.808569956555814, 13.574113618815087 ], [ -89.822044624180691, 13.574113618815085 ], [ -89.822044624180691, 13.560638951190215 ], [ -89.835519291805554, 13.560638951190219 ], [ -89.835519291805554, 13.628012289314546 ] ], [ [ -89.822044624180691, 13.61453762168968 ], [ -89.808569956555814, 13.614537621689685 ], [ -89.808569956555814, 13.628012289314542 ], [ -89.822044624180691, 13.628012289314549 ], [ -89.822044624180691, 13.61453762168968 ] ], [ [ -89.808569956555814, 13.641486956939412 ], [ -89.808569956555814, 13.654961624564276 ], [ -89.822044624180691, 13.654961624564278 ], [ -89.822044624180691, 13.641486956939415 ], [ -89.808569956555814, 13.641486956939412 ] ] ] } },
{ "type": "Feature", "properties": { "class_id": 4, "area_m2": 6531087.3084170632, "class_name": "Alto", "index": "NDII", "min_value": null, "max_value": null }, "geometry": { "type": "Polygon", "coordinates": [ [ [ -89.848993959430416, 13.614537621689683 ], [ -89.875943294680141, 13.61453762168968 ], [ -89.875943294680141, 13.628012289314549 ], [ -89.862468627055279, 13.628012289314549 ], [ -89.862468627055279, 13.641486956939415 ], [ -89.848993959430416, 13.641486956939415 ], [ -89.848993959430416, 13.614537621689683 ] ] ] } },
{ "type": "Feature", "properties": { "class_id": 4, "area_m2": 2176322.9802456326, "class_name": "Alto", "index": "NDII", "min_value": null, "max_value": null }, "geometry": { "type": "Polygon", "coordinates": [ [ [ -89.754671286056364, 13.668436292189146 ], [ -89.741196618431488, 13.66843629218914 ], [ -89.741196618431488, 13.65496162456428 ], [ -89.754671286056364, 13.654961624564278 ], [ -89.754671286056364, 13.668436292189146 ] ] ] } },
{ "type": "Feature", "properties": { "class_id": 4, "area_m2": 2176977.3554714425, "class_name": "Alto", "index": "NDII", "min_value": null, "max_value": null }, "geometry": { "type": "Polygon", "coordinates": [ [ [ -89.970265968054207, 13.681910959814006 ], [ -89.95679130042933, 13.681910959814013 ], [ -89.95679130042933, 13.668436292189142 ], [ -89.970265968054207, 13.668436292189142 ], [ -89.970265968054207, 13.681910959814006 ] ] ] } },
{ "type": "Feature", "properties": { "class_id": 4, "area_m2": 4352393.1278231815, "class_name": "Alto", "index": "NDII", "min_value": null, "max_value": null }, "geometry": { "type": "Polygon", "coordinates": [ [ [ -89.795095288930952, 13.695385627438876 ], [ -89.768145953681227, 13.695385627438874 ], [ -89.768145953681227, 13.68191095981401 ], [ -89.795095288930952, 13.681910959814008 ], [ -89.795095288930952, 13.695385627438876 ] ] ] } },
{ "type": "Feature", "properties": { "class_id": 4, "area_m2": 8704720.2310575284, "class_name": "Alto", "index": "NDII", "min_value": null, "max_value": null }, "geometry": { "type": "Polygon", "coordinates": [ [ [ -89.835519291805554, 13.722334962688606 ], [ -89.808569956555814, 13.72233496268861 ], [ -89.808569956555814, 13.70886029506374 ], [ -89.822044624180691, 13.708860295063737 ], [ -89.822044624180691, 13.695385627438876 ], [ -89.848993959430416, 13.695385627438871 ], [ -89.848993959430416, 13.708860295063745 ], [ -89.835519291805554, 13.708860295063737 ], [ -89.835519291805554, 13.722334962688606 ] ] ] } },
{ "type": "Feature", "properties": { "class_id": 4, "area_m2": 2176263.962804947, "class_name": "Alto", "index": "NDII", "min_value": null, "max_value": null }, "geometry": { "type": "Polygon", "coordinates": [ [ [ -89.875943294680141, 13.722334962688603 ], [ -89.862468627055279, 13.722334962688604 ], [ -89.862468627055279, 13.708860295063737 ], [ -89.875943294680141, 13.70886029506374 ], [ -89.875943294680141, 13.722334962688603 ] ] ] } },
{ "type": "Feature", "properties": { "class_id": 4, "area_m2": 2176916.7854893017, "class_name": "Alto", "index": "NDII", "min_value": null, "max_value": null }, "geometry": { "type": "Polygon", "coordinates": [ [ [ -90.051113973803396, 13.722334962688601 ], [ -90.037639306178534, 13.722334962688606 ], [ -90.037639306178534, 13.708860295063737 ], [ -90.051113973803396, 13.70886029506374 ], [ -90.051113973803396, 13.722334962688601 ] ] ] } },
{ "type": "Feature", "properties": { "class_id": 4, "area_m2": 2175436.7568015032, "class_name": "Alto", "index": "NDII", "min_value": null, "max_value": null }, "geometry": { "type": "Polygon", "coordinates": [ [ [ -89.660348612682313, 13.722334962688603 ], [ -89.673823280307161, 13.722334962688608 ], [ -89.673823280307161, 13.735809630313469 ], [ -89.660348612682313, 13.73580963031347 ], [ -89.660348612682313, 13.722334962688603 ] ] ] } },
{ "type": "Feature", "properties": { "class_id": 4, "area_m2": 2176338.237613264, "class_name": "Alto", "index": "NDII", "min_value": null, "max_value": null }, "geometry": { "type": "Polygon", "coordinates": [ [ [ -89.929841965179605, 13.735809630313467 ], [ -89.916367297554743, 13.73580963031347 ], [ -89.916367297554743, 13.72233496268861 ], [ -89.929841965179605, 13.722334962688604 ], [ -89.929841965179605, 13.735809630313467 ] ] ] } },
{ "type": "Feature", "properties": { "class_id": 4, "area_m2": 2176589.2794235158, "class_name": "Alto", "index": "NDII", "min_value": null, "max_value": null }, "geometry": { "type": "Polygon", "coordinates": [ [ [ -89.997215303303932, 13.735809630313467 ], [ -89.983740635679069, 13.735809630313467 ], [ -89.983740635679069, 13.722334962688603 ], [ -89.997215303303932, 13.722334962688604 ], [ -89.997215303303932, 13.735809630313467 ] ] ] } },
{ "type": "Feature", "properties": { "class_id": 4, "area_m2": 2176691.3085410963, "class_name": "Alto", "index": "NDII", "min_value": null, "max_value": null }, "geometry": { "type": "Polygon", "coordinates": [ [ [ -90.024164638553657, 13.73580963031347 ], [ -90.010689970928794, 13.735809630313476 ], [ -90.010689970928794, 13.722334962688606 ], [ -90.024164638553657, 13.722334962688603 ], [ -90.024164638553657, 13.73580963031347 ] ] ] } },
{ "type": "Feature", "properties": { "class_id": 4, "area_m2": 2176846.0803020392, "class_name": "Alto", "index": "NDII", "min_value": null, "max_value": null }, "geometry": { "type": "Polygon", "coordinates": [ [ [ -90.064588641428259, 13.735809630313469 ], [ -90.051113973803396, 13.735809630313467 ], [ -90.051113973803396, 13.722334962688601 ], [ -90.064588641428259, 13.722334962688606 ], [ -90.064588641428259, 13.735809630313469 ] ] ] } },
{ "type": "Feature", "properties": { "class_id": 4, "area_m2": 6527887.5298418179, "class_name": "Alto", "index": "NDII", "min_value": null, "max_value": null }, "geometry": { "type": "Polygon", "coordinates": [ [ [ -89.835519291805554, 13.722334962688606 ], [ -89.848993959430416, 13.722334962688606 ], [ -89.848993959430416, 13.749284297938337 ], [ -89.822044624180691, 13.74928429793834 ], [ -89.822044624180691, 13.735809630313467 ], [ -89.835519291805554, 13.735809630313472 ], [ -89.835519291805554, 13.722334962688606 ] ] ] } },
{ "type": "Feature", "properties": { "class_id": 4, "area_m2": 2176517.5607055933, "class_name": "Alto", "index": "NDII", "min_value": null, "max_value": null }, "geometry": { "type": "Polygon", "coordinates": [ [ [ -90.010689970928794, 13.749284297938338 ], [ -89.997215303303932, 13.749284297938337 ], [ -89.997215303303932, 13.735809630313467 ], [ -90.010689970928794, 13.735809630313476 ], [ -90.010689970928794, 13.749284297938338 ] ] ] } },
{ "type": "Feature", "properties": { "class_id": 4, "area_m2": 4353603.2619540151, "class_name": "Alto", "index": "NDII", "min_value": null, "max_value": null }, "geometry": { "type": "Polygon", "coordinates": [ [ [ -90.064588641428259, 13.735809630313469 ], [ -90.091537976677984, 13.735809630313469 ], [ -90.091537976677984, 13.749284297938337 ], [ -90.064588641428259, 13.74928429793834 ], [ -90.064588641428259, 13.735809630313469 ] ] ] } },
{ "type": "Feature", "properties": { "class_id": 4, "area_m2": 2175896.3663004106, "class_name": "Alto", "index": "NDII", "min_value": null, "max_value": null }, "geometry": { "type": "Polygon", "coordinates": [ [ [ -89.875943294680141, 13.762758965563203 ], [ -89.862468627055279, 13.762758965563199 ], [ -89.862468627055279, 13.749284297938337 ], [ -89.875943294680141, 13.749284297938337 ], [ -89.875943294680141, 13.762758965563203 ] ] ] } },
{ "type": "Feature", "properties": { "class_id": 4, "area_m2": 28290718.721244317, "class_name": "Alto", "index": "NDII", "min_value": null, "max_value": null }, "geometry": { "type": "Polygon", "coordinates": [ [ [ -90.10501264430286, 13.843606971312392 ], [ -90.091537976677984, 13.84360697131239 ], [ -90.091537976677984, 13.857081638937258 ], [ -90.078063309053121, 13.857081638937258 ], [ -90.078063309053121, 13.830132303687524 ], [ -90.091537976677984, 13.830132303687524 ], [ -90.091537976677984, 13.816657636062663 ], [ -90.078063309053121, 13.816657636062661 ], [ -90.078063309053121, 13.803182968437799 ], [ -90.051113973803396, 13.803182968437797 ], [ -90.051113973803396, 13.789708300812926 ], [ -90.064588641428259, 13.789708300812928 ], [ -90.064588641428259, 13.776233633188069 ], [ -90.118487311927723, 13.776233633188061 ], [ -90.118487311927723, 13.789708300812936 ], [ -90.091537976677984, 13.789708300812928 ], [ -90.091537976677984, 13.803182968437797 ], [ -90.10501264430286, 13.803182968437801 ], [ -90.10501264430286, 13.843606971312392 ] ] ] } },
{ "type": "Feature", "properties": { "class_id": 4, "area_m2": 443734769.22726995, "class_name": "Alto", "index": "NDII", "min_value": null, "max_value": null }, "geometry": { "type": "Polygon", "coordinates": [ [ [ -89.916367297554743, 13.937929644686447 ], [ -89.916367297554743, 13.91098030943672 ], [ -89.889417962305018, 13.91098030943672 ], [ -89.889417962305018, 13.897505641811852 ], [ -89.916367297554743, 13.897505641811851 ], [ -89.916367297554743, 13.870556306562118 ], [ -89.889417962305018, 13.870556306562124 ], [ -89.889417962305018, 13.84360697131239 ], [ -89.862468627055279, 13.84360697131239 ], [ -89.862468627055279, 13.870556306562118 ], [ -89.848993959430416, 13.870556306562122 ], [ -89.848993959430416, 13.857081638937258 ], [ -89.822044624180691, 13.85708163893726 ], [ -89.822044624180691, 13.843606971312392 ], [ -89.781620621306104, 13.843606971312397 ], [ -89.781620621306104, 13.857081638937261 ], [ -89.768145953681227, 13.85708163893726 ], [ -89.768145953681227, 13.843606971312395 ], [ -89.741196618431488, 13.84360697131239 ], [ -89.741196618431488, 13.830132303687522 ], [ -89.714247283181763, 13.830132303687526 ], [ -89.714247283181763, 13.843606971312393 ], [ -89.727721950806625, 13.843606971312393 ], [ -89.727721950806625, 13.857081638937261 ], [ -89.741196618431488, 13.85708163893726 ], [ -89.741196618431488, 13.88403097418699 ], [ -89.714247283181763, 13.88403097418699 ], [ -89.714247283181763, 13.870556306562127 ], [ -89.687297947932038, 13.870556306562117 ], [ -89.687297947932038, 13.85708163893726 ], [ -89.673823280307161, 13.85708163893726 ], [ -89.673823280307161, 13.843606971312392 ], [ -89.660348612682313, 13.84360697131239 ], [ -89.660348612682313, 13.830132303687524 ], [ -89.646873945057436, 13.830132303687524 ], [ -89.646873945057436, 13.816657636062663 ], [ -89.660348612682313, 13.816657636062663 ], [ -89.660348612682313, 13.789708300812931 ], [ -89.633399277432574, 13.789708300812933 ], [ -89.633399277432574, 13.776233633188061 ], [ -89.673823280307161, 13.776233633188067 ], [ -89.673823280307161, 13.749284297938337 ], [ -89.687297947932038, 13.749284297938337 ], [ -89.687297947932038, 13.722334962688604 ], [ -89.714247283181763, 13.722334962688603 ], [ -89.714247283181763, 13.695385627438874 ], [ -89.727721950806625, 13.695385627438874 ], [ -89.727721950806625, 13.708860295063733 ], [ -89.741196618431488, 13.708860295063745 ], [ -89.741196618431488, 13.735809630313469 ], [ -89.768145953681227, 13.735809630313467 ], [ -89.768145953681227, 13.762758965563204 ], [ -89.781620621306104, 13.762758965563199 ], [ -89.781620621306104, 13.735809630313469 ], [ -89.808569956555814, 13.735809630313467 ], [ -89.808569956555814, 13.749284297938337 ], [ -89.822044624180691, 13.74928429793834 ], [ -89.822044624180691, 13.762758965563203 ], [ -89.835519291805554, 13.762758965563204 ], [ -89.835519291805554, 13.776233633188061 ], [ -89.875943294680141, 13.776233633188067 ], [ -89.875943294680141, 13.762758965563203 ], [ -89.889417962305018, 13.762758965563197 ], [ -89.889417962305018, 13.749284297938337 ], [ -89.902892629929894, 13.749284297938337 ], [ -89.902892629929894, 13.776233633188065 ], [ -89.916367297554743, 13.776233633188061 ], [ -89.916367297554743, 13.762758965563201 ], [ -89.929841965179605, 13.762758965563201 ], [ -89.929841965179605, 13.803182968437797 ], [ -89.889417962305018, 13.803182968437797 ], [ -89.889417962305018, 13.816657636062658 ], [ -89.943316632804468, 13.816657636062667 ], [ -89.943316632804468, 13.803182968437795 ], [ -89.95679130042933, 13.803182968437799 ], [ -89.95679130042933, 13.816657636062672 ], [ -89.997215303303932, 13.816657636062661 ], [ -89.997215303303932, 13.830132303687527 ], [ -90.024164638553657, 13.830132303687522 ], [ -90.024164638553657, 13.857081638937258 ], [ -90.010689970928794, 13.857081638937265 ], [ -90.010689970928794, 13.884030974186985 ], [ -90.024164638553657, 13.884030974186986 ], [ -90.024164638553657, 13.91098030943672 ], [ -90.010689970928794, 13.91098030943672 ], [ -90.010689970928794, 13.924454977061584 ], [ -89.997215303303932, 13.92445497706159 ], [ -89.997215303303932, 13.937929644686449 ], [ -89.983740635679069, 13.937929644686445 ], [ -89.983740635679069, 13.910980309436717 ], [ -89.970265968054207, 13.91098030943672 ], [ -89.970265968054207, 13.897505641811856 ], [ -89.943316632804468, 13.897505641811854 ], [ -89.943316632804468, 13.93792964468645 ], [ -89.95679130042933, 13.937929644686449 ], [ -89.95679130042933, 13.924454977061584 ], [ -89.970265968054207, 13.924454977061584 ], [ -89.970265968054207, 13.951404312311309 ], [ -89.929841965179605, 13.951404312311313 ], [ -89.929841965179605, 13.937929644686447 ], [ -89.916367297554743, 13.937929644686447 ] ], [ [ -89.7007726155569, 13.843606971312393 ], [ -89.7007726155569, 13.857081638937261 ], [ -89.714247283181763, 13.85708163893726 ], [ -89.714247283181763, 13.843606971312393 ], [ -89.7007726155569, 13.843606971312393 ] ], [ [ -89.795095288930952, 13.749284297938337 ], [ -89.795095288930952, 13.762758965563199 ], [ -89.808569956555814, 13.762758965563195 ], [ -89.808569956555814, 13.749284297938337 ], [ -89.795095288930952, 13.749284297938337 ] ], [ [ -89.889417962305018, 13.789708300812933 ], [ -89.875943294680141, 13.789708300812933 ], [ -89.875943294680141, 13.803182968437797 ], [ -89.889417962305018, 13.803182968437797 ], [ -89.889417962305018, 13.789708300812933 ] ], [ [ -90.010689970928794, 13.897505641811854 ], [ -89.997215303303932, 13.897505641811854 ], [ -89.997215303303932, 13.91098030943672 ], [ -90.010689970928794, 13.91098030943672 ], [ -90.010689970928794, 13.897505641811854 ] ], [ [ -89.970265968054207, 13.843606971312392 ], [ -89.970265968054207, 13.830132303687527 ], [ -89.95679130042933, 13.830132303687527 ], [ -89.95679130042933, 13.843606971312393 ], [ -89.970265968054207, 13.843606971312392 ] ], [ [ -89.916367297554743, 13.843606971312392 ], [ -89.916367297554743, 13.830132303687526 ], [ -89.902892629929894, 13.83013230368752 ], [ -89.902892629929894, 13.843606971312388 ], [ -89.916367297554743, 13.843606971312392 ] ], [ [ -89.687297947932038, 13.816657636062665 ], [ -89.687297947932038, 13.83013230368752 ], [ -89.7007726155569, 13.830132303687522 ], [ -89.7007726155569, 13.803182968437797 ], [ -89.673823280307161, 13.803182968437797 ], [ -89.673823280307161, 13.816657636062661 ], [ -89.687297947932038, 13.816657636062665 ] ], [ [ -89.848993959430416, 13.816657636062663 ], [ -89.848993959430416, 13.803182968437797 ], [ -89.835519291805554, 13.803182968437797 ], [ -89.835519291805554, 13.816657636062663 ], [ -89.848993959430416, 13.816657636062663 ] ], [ [ -89.727721950806625, 13.789708300812928 ], [ -89.714247283181763, 13.789708300812933 ], [ -89.714247283181763, 13.816657636062665 ], [ -89.727721950806625, 13.816657636062663 ], [ -89.727721950806625, 13.789708300812928 ] ], [ [ -89.754671286056364, 13.789708300812933 ], [ -89.754671286056364, 13.762758965563195 ], [ -89.741196618431488, 13.762758965563197 ], [ -89.741196618431488, 13.776233633188067 ], [ -89.727721950806625, 13.776233633188063 ], [ -89.727721950806625, 13.789708300812928 ], [ -89.754671286056364, 13.789708300812933 ] ], [ [ -89.808569956555814, 13.803182968437797 ], [ -89.808569956555814, 13.789708300812929 ], [ -89.795095288930952, 13.789708300812929 ], [ -89.795095288930952, 13.803182968437797 ], [ -89.808569956555814, 13.803182968437797 ] ] ] } },
{ "type": "Feature", "properties": { "class_id": 4, "area_m2": 2175686.1949233199, "class_name": "Alto", "index": "NDII", "min_value": null, "max_value": null }, "geometry": { "type": "Polygon", "coordinates": [ [ [ -90.051113973803396, 13.857081638937263 ], [ -90.037639306178534, 13.85708163893726 ], [ -90.037639306178534, 13.84360697131239 ], [ -90.051113973803396, 13.843606971312393 ], [ -90.051113973803396, 13.857081638937263 ] ] ] } },
{ "type": "Feature", "properties": { "class_id": 4, "area_m2": 2174623.2735863333, "class_name": "Alto", "index": "NDII", "min_value": null, "max_value": null }, "geometry": { "type": "Polygon", "coordinates": [ [ [ -89.795095288930952, 13.870556306562122 ], [ -89.781620621306104, 13.87055630656212 ], [ -89.781620621306104, 13.857081638937261 ], [ -89.795095288930952, 13.857081638937258 ], [ -89.795095288930952, 13.870556306562122 ] ] ] } },
{ "type": "Feature", "properties": { "class_id": 4, "area_m2": 2174129.0268981056, "class_name": "Alto", "index": "NDII", "min_value": null, "max_value": null }, "geometry": { "type": "Polygon", "coordinates": [ [ [ -89.687297947932038, 13.88403097418699 ], [ -89.673823280307161, 13.884030974186985 ], [ -89.673823280307161, 13.870556306562124 ], [ -89.687297947932038, 13.870556306562117 ], [ -89.687297947932038, 13.88403097418699 ] ] ] } },
{ "type": "Feature", "properties": { "class_id": 4, "area_m2": 2174452.4823205909, "class_name": "Alto", "index": "NDII", "min_value": null, "max_value": null }, "geometry": { "type": "Polygon", "coordinates": [ [ [ -89.768145953681227, 13.870556306562127 ], [ -89.781620621306104, 13.87055630656212 ], [ -89.781620621306104, 13.88403097418699 ], [ -89.768145953681227, 13.88403097418699 ], [ -89.768145953681227, 13.870556306562127 ] ] ] } },
{ "type": "Feature", "properties": { "class_id": 4, "area_m2": 2175542.3309028242, "class_name": "Alto", "index": "NDII", "min_value": null, "max_value": null }, "geometry": { "type": "Polygon", "coordinates": [ [ [ -90.078063309053121, 13.884030974186985 ], [ -90.064588641428259, 13.88403097418699 ], [ -90.064588641428259, 13.870556306562124 ], [ -90.078063309053121, 13.87055630656212 ], [ -90.078063309053121, 13.884030974186985 ] ] ] } },
{ "type": "Feature", "properties": { "class_id": 4, "area_m2": 26095061.345438581, "class_name": "Alto", "index": "NDII", "min_value": null, "max_value": null }, "geometry": { "type": "Polygon", "coordinates": [ [ [ -89.795095288930952, 13.870556306562122 ], [ -89.808569956555814, 13.870556306562124 ], [ -89.808569956555814, 13.85708163893726 ], [ -89.822044624180691, 13.85708163893726 ], [ -89.822044624180691, 13.870556306562124 ], [ -89.848993959430416, 13.870556306562122 ], [ -89.848993959430416, 13.884030974186986 ], [ -89.862468627055279, 13.884030974186986 ], [ -89.862468627055279, 13.910980309436724 ], [ -89.808569956555814, 13.91098030943672 ], [ -89.808569956555814, 13.884030974186981 ], [ -89.795095288930952, 13.884030974186985 ], [ -89.795095288930952, 13.870556306562122 ] ], [ [ -89.835519291805554, 13.897505641811851 ], [ -89.835519291805554, 13.884030974186985 ], [ -89.822044624180691, 13.884030974186983 ], [ -89.822044624180691, 13.897505641811851 ], [ -89.835519291805554, 13.897505641811851 ] ] ] } },
{ "type": "Feature", "properties": { "class_id": 4, "area_m2": 4349547.9421906443, "class_name": "Alto", "index": "NDII", "min_value": null, "max_value": null }, "geometry": { "type": "Polygon", "coordinates": [ [ [ -89.889417962305018, 13.897505641811852 ], [ -89.875943294680141, 13.897505641811854 ], [ -89.875943294680141, 13.87055630656212 ], [ -89.889417962305018, 13.870556306562124 ], [ -89.889417962305018, 13.897505641811852 ] ] ] } },
{ "type": "Feature", "properties": { "class_id": 4, "area_m2": 4348627.6886239685, "class_name": "Alto", "index": "NDII", "min_value": null, "max_value": null }, "geometry": { "type": "Polygon", "coordinates": [ [ [ -89.795095288930952, 13.91098030943672 ], [ -89.781620621306104, 13.910980309436722 ], [ -89.781620621306104, 13.88403097418699 ], [ -89.795095288930952, 13.884030974186985 ], [ -89.795095288930952, 13.91098030943672 ] ] ] } },
{ "type": "Feature", "properties": { "class_id": 4, "area_m2": 2174022.141464531, "class_name": "Alto", "index": "NDII", "min_value": null, "max_value": null }, "geometry": { "type": "Polygon", "coordinates": [ [ [ -89.835519291805554, 13.951404312311311 ], [ -89.822044624180691, 13.951404312311315 ], [ -89.822044624180691, 13.937929644686449 ], [ -89.835519291805554, 13.93792964468645 ], [ -89.835519291805554, 13.951404312311311 ] ] ] } },
{ "type": "Feature", "properties": { "class_id": 4, "area_m2": 2174664.0850092843, "class_name": "Alto", "index": "NDII", "min_value": null, "max_value": null }, "geometry": { "type": "Polygon", "coordinates": [ [ [ -90.010689970928794, 13.951404312311311 ], [ -89.997215303303932, 13.951404312311311 ], [ -89.997215303303932, 13.937929644686449 ], [ -90.010689970928794, 13.937929644686449 ], [ -90.010689970928794, 13.951404312311311 ] ] ] } },
{ "type": "Feature", "properties": { "class_id": 4, "area_m2": 2173849.9771113805, "class_name": "Alto", "index": "NDII", "min_value": null, "max_value": null }, "geometry": { "type": "Polygon", "coordinates": [ [ [ -89.808569956555814, 13.951404312311311 ], [ -89.822044624180691, 13.951404312311315 ], [ -89.822044624180691, 13.964878979936181 ], [ -89.808569956555814, 13.964878979936183 ], [ -89.808569956555814, 13.951404312311311 ] ] ] } },
{ "type": "Feature", "properties": { "class_id": 4, "area_m2": 4347594.4852075102, "class_name": "Alto", "index": "NDII", "min_value": null, "max_value": null }, "geometry": { "type": "Polygon", "coordinates": [ [ [ -89.822044624180691, 13.978353647561041 ], [ -89.822044624180691, 13.964878979936181 ], [ -89.848993959430416, 13.964878979936181 ], [ -89.848993959430416, 13.97835364756104 ], [ -89.822044624180691, 13.978353647561041 ] ] ] } },
{ "type": "Feature", "properties": { "class_id": 4, "area_m2": 2173600.8405366233, "class_name": "Alto", "index": "NDII", "min_value": null, "max_value": null }, "geometry": { "type": "Polygon", "coordinates": [ [ [ -89.822044624180691, 13.978353647561041 ], [ -89.822044624180691, 13.991828315185913 ], [ -89.808569956555814, 13.991828315185911 ], [ -89.808569956555814, 13.97835364756104 ], [ -89.822044624180691, 13.978353647561041 ] ] ] } },
{ "type": "Feature", "properties": { "class_id": 4, "area_m2": 63037602.466650866, "class_name": "Alto", "index": "NDII", "min_value": null, "max_value": null }, "geometry": { "type": "Polygon", "coordinates": [ [ [ -89.929841965179605, 14.005302982810772 ], [ -89.902892629929894, 14.005302982810772 ], [ -89.902892629929894, 14.04572698568537 ], [ -89.875943294680141, 14.045726985685366 ], [ -89.875943294680141, 14.032252318060504 ], [ -89.835519291805554, 14.032252318060507 ], [ -89.835519291805554, 13.991828315185904 ], [ -89.848993959430416, 13.991828315185908 ], [ -89.848993959430416, 13.97835364756104 ], [ -89.862468627055279, 13.978353647561043 ], [ -89.862468627055279, 13.93792964468645 ], [ -89.875943294680141, 13.937929644686445 ], [ -89.875943294680141, 13.964878979936181 ], [ -89.929841965179605, 13.964878979936181 ], [ -89.929841965179605, 13.978353647561043 ], [ -89.916367297554743, 13.978353647561043 ], [ -89.916367297554743, 13.991828315185908 ], [ -89.929841965179605, 13.991828315185908 ], [ -89.929841965179605, 14.005302982810772 ] ], [ [ -89.875943294680141, 14.00530298281077 ], [ -89.875943294680141, 14.018777650435641 ], [ -89.889417962305018, 14.018777650435645 ], [ -89.889417962305018, 14.005302982810772 ], [ -89.875943294680141, 14.00530298281077 ] ], [ [ -89.875943294680141, 13.991828315185906 ], [ -89.862468627055279, 13.991828315185911 ], [ -89.862468627055279, 14.00530298281077 ], [ -89.875943294680141, 14.00530298281077 ], [ -89.875943294680141, 13.991828315185906 ] ] ] } },
{ "type": "Feature", "properties": { "class_id": 4, "area_m2": 2172716.4191904799, "class_name": "Alto", "index": "NDII", "min_value": null, "max_value": null }, "geometry": { "type": "Polygon", "coordinates": [ [ [ -89.673823280307161, 14.032252318060511 ], [ -89.660348612682313, 14.032252318060502 ], [ -89.660348612682313, 14.018777650435641 ], [ -89.673823280307161, 14.018777650435641 ], [ -89.673823280307161, 14.032252318060511 ] ] ] } },
{ "type": "Feature", "properties": { "class_id": 4, "area_m2": 2172991.0716125895, "class_name": "Alto", "index": "NDII", "min_value": null, "max_value": null }, "geometry": { "type": "Polygon", "coordinates": [ [ [ -89.754671286056364, 14.032252318060504 ], [ -89.741196618431488, 14.032252318060507 ], [ -89.741196618431488, 14.018777650435641 ], [ -89.754671286056364, 14.018777650435645 ], [ -89.754671286056364, 14.032252318060504 ] ] ] } },
{ "type": "Feature", "properties": { "class_id": 4, "area_m2": 23904326.881067537, "class_name": "Alto", "index": "NDII", "min_value": null, "max_value": null }, "geometry": { "type": "Polygon", "coordinates": [ [ [ -89.808569956555814, 14.045726985685372 ], [ -89.781620621306104, 14.04572698568537 ], [ -89.781620621306104, 14.032252318060502 ], [ -89.768145953681227, 14.032252318060504 ], [ -89.768145953681227, 14.018777650435641 ], [ -89.795095288930952, 14.018777650435643 ], [ -89.795095288930952, 14.00530298281077 ], [ -89.808569956555814, 14.00530298281077 ], [ -89.808569956555814, 14.018777650435641 ], [ -89.822044624180691, 14.018777650435641 ], [ -89.822044624180691, 14.045726985685365 ], [ -89.848993959430416, 14.045726985685372 ], [ -89.848993959430416, 14.059201653310234 ], [ -89.808569956555814, 14.059201653310234 ], [ -89.808569956555814, 14.045726985685372 ] ] ] } },
{ "type": "Feature", "properties": { "class_id": 4, "area_m2": 2172819.6729655052, "class_name": "Alto", "index": "NDII", "min_value": null, "max_value": null }, "geometry": { "type": "Polygon", "coordinates": [ [ [ -89.741196618431488, 14.032252318060507 ], [ -89.741196618431488, 14.045726985685366 ], [ -89.727721950806625, 14.045726985685366 ], [ -89.727721950806625, 14.032252318060502 ], [ -89.741196618431488, 14.032252318060507 ] ] ] } },
{ "type": "Feature", "properties": { "class_id": 4, "area_m2": 36926974.28018102, "class_name": "Alto", "index": "NDII", "min_value": null, "max_value": null }, "geometry": { "type": "Polygon", "coordinates": [ [ [ -89.727721950806625, 14.059201653310234 ], [ -89.741196618431488, 14.059201653310234 ], [ -89.741196618431488, 14.086150988559965 ], [ -89.727721950806625, 14.086150988559965 ], [ -89.727721950806625, 14.126574991434564 ], [ -89.687297947932038, 14.126574991434561 ], [ -89.687297947932038, 14.140049659059429 ], [ -89.673823280307161, 14.140049659059429 ], [ -89.673823280307161, 14.126574991434564 ], [ -89.660348612682313, 14.126574991434564 ], [ -89.660348612682313, 14.113100323809695 ], [ -89.673823280307161, 14.113100323809698 ], [ -89.673823280307161, 14.099625656184834 ], [ -89.660348612682313, 14.099625656184834 ], [ -89.660348612682313, 14.086150988559968 ], [ -89.687297947932038, 14.086150988559965 ], [ -89.687297947932038, 14.1131003238097 ], [ -89.7007726155569, 14.113100323809698 ], [ -89.7007726155569, 14.099625656184834 ], [ -89.714247283181763, 14.099625656184829 ], [ -89.714247283181763, 14.045726985685368 ], [ -89.727721950806625, 14.045726985685366 ], [ -89.727721950806625, 14.059201653310234 ] ] ] } },
{ "type": "Feature", "properties": { "class_id": 4, "area_m2": 2171677.5654125381, "class_name": "Alto", "index": "NDII", "min_value": null, "max_value": null }, "geometry": { "type": "Polygon", "coordinates": [ [ [ -89.687297947932038, 14.140049659059429 ], [ -89.7007726155569, 14.140049659059429 ], [ -89.7007726155569, 14.153524326684296 ], [ -89.687297947932038, 14.153524326684289 ], [ -89.687297947932038, 14.140049659059429 ] ] ] } },
{ "type": "Feature", "properties": { "class_id": 4, "area_m2": 2171506.1247860687, "class_name": "Alto", "index": "NDII", "min_value": null, "max_value": null }, "geometry": { "type": "Polygon", "coordinates": [ [ [ -89.687297947932038, 14.166998994309159 ], [ -89.673823280307161, 14.166998994309155 ], [ -89.673823280307161, 14.153524326684289 ], [ -89.687297947932038, 14.153524326684289 ], [ -89.687297947932038, 14.166998994309159 ] ] ] } },
{ "type": "Feature", "properties": { "class_id": 4, "area_m2": 2176576.7273105499, "class_name": "Alto", "index": "NDII", "min_value": null, "max_value": null }, "geometry": { "type": "Polygon", "coordinates": [ [ [ -89.175260578187149, 13.439366942566432 ], [ -89.161785910562287, 13.439366942566433 ], [ -89.161785910562287, 13.425892274941571 ], [ -89.175260578187149, 13.425892274941569 ], [ -89.175260578187149, 13.439366942566432 ] ] ] } },
{ "type": "Feature", "properties": { "class_id": 4, "area_m2": 2176420.39128784, "class_name": "Alto", "index": "NDII", "min_value": null, "max_value": null }, "geometry": { "type": "Polygon", "coordinates": [ [ [ -89.161785910562287, 13.452841610191301 ], [ -89.148311242937424, 13.452841610191303 ], [ -89.148311242937424, 13.439366942566435 ], [ -89.161785910562287, 13.439366942566433 ], [ -89.161785910562287, 13.452841610191301 ] ] ] } },
{ "type": "Feature", "properties": { "class_id": 4, "area_m2": 2176481.5570714856, "class_name": "Alto", "index": "NDII", "min_value": null, "max_value": null }, "geometry": { "type": "Polygon", "coordinates": [ [ [ -89.269583251561215, 13.479790945441032 ], [ -89.256108583936339, 13.47979094544103 ], [ -89.256108583936339, 13.466316277816162 ], [ -89.269583251561215, 13.466316277816162 ], [ -89.269583251561215, 13.479790945441032 ] ] ] } },
{ "type": "Feature", "properties": { "class_id": 4, "area_m2": 2176886.7352439733, "class_name": "Alto", "index": "NDII", "min_value": null, "max_value": null }, "geometry": { "type": "Polygon", "coordinates": [ [ [ -89.471703265934181, 13.493265613065898 ], [ -89.485177933559058, 13.493265613065899 ], [ -89.485177933559058, 13.506740280690755 ], [ -89.471703265934181, 13.506740280690757 ], [ -89.471703265934181, 13.493265613065898 ] ] ] } },
{ "type": "Feature", "properties": { "class_id": 4, "area_m2": 8707931.0210235007, "class_name": "Alto", "index": "NDII", "min_value": null, "max_value": null }, "geometry": { "type": "Polygon", "coordinates": [ [ [ -89.539076604058522, 13.520214948315623 ], [ -89.49865260118392, 13.520214948315623 ], [ -89.49865260118392, 13.506740280690762 ], [ -89.512127268808783, 13.506740280690757 ], [ -89.512127268808783, 13.493265613065899 ], [ -89.525601936433645, 13.493265613065901 ], [ -89.525601936433645, 13.50674028069076 ], [ -89.539076604058522, 13.506740280690762 ], [ -89.539076604058522, 13.520214948315623 ] ] ] } },
{ "type": "Feature", "properties": { "class_id": 4, "area_m2": 4354266.3385516126, "class_name": "Alto", "index": "NDII", "min_value": null, "max_value": null }, "geometry": { "type": "Polygon", "coordinates": [ [ [ -89.606449942182834, 13.520214948315623 ], [ -89.579500606933109, 13.520214948315623 ], [ -89.579500606933109, 13.506740280690762 ], [ -89.606449942182834, 13.506740280690757 ], [ -89.606449942182834, 13.520214948315623 ] ] ] } },
{ "type": "Feature", "properties": { "class_id": 4, "area_m2": 87048217.530768886, "class_name": "Alto", "index": "NDII", "min_value": null, "max_value": null }, "geometry": { "type": "Polygon", "coordinates": [ [ [ -89.29653258681094, 13.506740280690762 ], [ -89.310007254435803, 13.506740280690762 ], [ -89.310007254435803, 13.479790945441032 ], [ -89.336956589685542, 13.479790945441032 ], [ -89.336956589685542, 13.520214948315623 ], [ -89.350431257310419, 13.520214948315623 ], [ -89.350431257310419, 13.479790945441032 ], [ -89.363905924935267, 13.479790945441032 ], [ -89.363905924935267, 13.493265613065901 ], [ -89.417804595434731, 13.493265613065899 ], [ -89.417804595434731, 13.50674028069076 ], [ -89.404329927809869, 13.50674028069076 ], [ -89.404329927809869, 13.533689615940492 ], [ -89.390855260184992, 13.533689615940492 ], [ -89.390855260184992, 13.560638951190219 ], [ -89.363905924935267, 13.560638951190215 ], [ -89.363905924935267, 13.57411361881509 ], [ -89.350431257310419, 13.574113618815089 ], [ -89.350431257310419, 13.560638951190223 ], [ -89.336956589685542, 13.560638951190221 ], [ -89.336956589685542, 13.574113618815083 ], [ -89.29653258681094, 13.574113618815089 ], [ -89.29653258681094, 13.560638951190221 ], [ -89.283057919186078, 13.560638951190219 ], [ -89.283057919186078, 13.547164283565355 ], [ -89.269583251561215, 13.547164283565355 ], [ -89.269583251561215, 13.533689615940492 ], [ -89.29653258681094, 13.533689615940489 ], [ -89.29653258681094, 13.547164283565358 ], [ -89.310007254435803, 13.547164283565358 ], [ -89.310007254435803, 13.52021494831563 ], [ -89.29653258681094, 13.520214948315624 ], [ -89.29653258681094, 13.506740280690762 ] ], [ [ -89.350431257310419, 13.547164283565355 ], [ -89.350431257310419, 13.533689615940492 ], [ -89.336956589685542, 13.533689615940492 ], [ -89.336956589685542, 13.547164283565358 ], [ -89.350431257310419, 13.547164283565355 ] ], [ [ -89.363905924935267, 13.506740280690753 ], [ -89.363905924935267, 13.533689615940492 ], [ -89.377380592560129, 13.533689615940492 ], [ -89.377380592560129, 13.520214948315623 ], [ -89.390855260184992, 13.520214948315623 ], [ -89.390855260184992, 13.506740280690758 ], [ -89.363905924935267, 13.506740280690753 ] ] ] } },
{ "type": "Feature", "properties": { "class_id": 4, "area_m2": 6527391.0444889329, "class_name": "Alto", "index": "NDII", "min_value": null, "max_value": null }, "geometry": { "type": "Polygon", "coordinates": [ [ [ -89.377380592560129, 13.587588286439953 ], [ -89.363905924935267, 13.587588286439955 ], [ -89.363905924935267, 13.57411361881509 ], [ -89.390855260184992, 13.574113618815089 ], [ -89.390855260184992, 13.601062954064819 ], [ -89.377380592560129, 13.601062954064822 ], [ -89.377380592560129, 13.587588286439953 ] ] ] } },
{ "type": "Feature", "properties": { "class_id": 4, "area_m2": 2174406.719127866, "class_name": "Alto", "index": "NDII", "min_value": null, "max_value": null }, "geometry": { "type": "Polygon", "coordinates": [ [ [ -89.175260578187149, 13.681910959814006 ], [ -89.161785910562287, 13.681910959814013 ], [ -89.161785910562287, 13.668436292189142 ], [ -89.175260578187149, 13.668436292189146 ], [ -89.175260578187149, 13.681910959814006 ] ] ] } },
{ "type": "Feature", "properties": { "class_id": 4, "area_m2": 2175701.6309899534, "class_name": "Alto", "index": "NDII", "min_value": null, "max_value": null }, "geometry": { "type": "Polygon", "coordinates": [ [ [ -89.606449942182834, 13.681910959814008 ], [ -89.592975274557972, 13.681910959814013 ], [ -89.592975274557972, 13.668436292189137 ], [ -89.606449942182834, 13.668436292189138 ], [ -89.606449942182834, 13.681910959814008 ] ] ] } },
{ "type": "Feature", "properties": { "class_id": 4, "area_m2": 2175835.092938005, "class_name": "Alto", "index": "NDII", "min_value": null, "max_value": null }, "geometry": { "type": "Polygon", "coordinates": [ [ [ -89.646873945057436, 13.66843629218914 ], [ -89.646873945057436, 13.681910959814006 ], [ -89.633399277432574, 13.681910959814006 ], [ -89.633399277432574, 13.668436292189146 ], [ -89.646873945057436, 13.66843629218914 ] ] ] } },
{ "type": "Feature", "properties": { "class_id": 4, "area_m2": 2175668.4609163897, "class_name": "Alto", "index": "NDII", "min_value": null, "max_value": null }, "geometry": { "type": "Polygon", "coordinates": [ [ [ -89.633399277432574, 13.695385627438874 ], [ -89.619924609807711, 13.695385627438876 ], [ -89.619924609807711, 13.68191095981401 ], [ -89.633399277432574, 13.681910959814006 ], [ -89.633399277432574, 13.695385627438874 ] ] ] } },
{ "type": "Feature", "properties": { "class_id": 4, "area_m2": 2174767.3218605416, "class_name": "Alto", "index": "NDII", "min_value": null, "max_value": null }, "geometry": { "type": "Polygon", "coordinates": [ [ [ -89.619924609807711, 13.789708300812933 ], [ -89.606449942182834, 13.789708300812931 ], [ -89.606449942182834, 13.776233633188067 ], [ -89.619924609807711, 13.776233633188063 ], [ -89.619924609807711, 13.789708300812933 ] ] ] } },
{ "type": "Feature", "properties": { "class_id": 4, "area_m2": 4349077.5374961719, "class_name": "Alto", "index": "NDII", "min_value": null, "max_value": null }, "geometry": { "type": "Polygon", "coordinates": [ [ [ -89.592975274557972, 13.789708300812933 ], [ -89.606449942182834, 13.789708300812931 ], [ -89.606449942182834, 13.81665763606266 ], [ -89.592975274557972, 13.81665763606266 ], [ -89.592975274557972, 13.789708300812933 ] ] ] } },
{ "type": "Feature", "properties": { "class_id": 4, "area_m2": 4347317.1011156039, "class_name": "Alto", "index": "NDII", "min_value": null, "max_value": null }, "geometry": { "type": "Polygon", "coordinates": [ [ [ -89.390855260184992, 13.830132303687526 ], [ -89.363905924935267, 13.83013230368752 ], [ -89.363905924935267, 13.81665763606266 ], [ -89.390855260184992, 13.816657636062665 ], [ -89.390855260184992, 13.830132303687526 ] ] ] } },
{ "type": "Feature", "properties": { "class_id": 4, "area_m2": 10871673.135865174, "class_name": "Alto", "index": "NDII", "min_value": null, "max_value": null }, "geometry": { "type": "Polygon", "coordinates": [ [ [ -89.633399277432574, 13.830132303687522 ], [ -89.646873945057436, 13.830132303687524 ], [ -89.646873945057436, 13.843606971312393 ], [ -89.633399277432574, 13.84360697131239 ], [ -89.633399277432574, 13.857081638937256 ], [ -89.619924609807711, 13.857081638937258 ], [ -89.619924609807711, 13.830132303687522 ], [ -89.606449942182834, 13.830132303687522 ], [ -89.606449942182834, 13.81665763606266 ], [ -89.633399277432574, 13.816657636062663 ], [ -89.633399277432574, 13.830132303687522 ] ] ] } },
{ "type": "Feature", "properties": { "class_id": 4, "area_m2": 6522727.0648494828, "class_name": "Alto", "index": "NDII", "min_value": null, "max_value": null }, "geometry": { "type": "Polygon", "coordinates": [ [ [ -89.646873945057436, 13.843606971312393 ], [ -89.660348612682313, 13.84360697131239 ], [ -89.660348612682313, 13.85708163893726 ], [ -89.673823280307161, 13.85708163893726 ], [ -89.673823280307161, 13.870556306562124 ], [ -89.646873945057436, 13.870556306562124 ], [ -89.646873945057436, 13.843606971312393 ] ] ] } },
{ "type": "Feature", "properties": { "class_id": 4, "area_m2": 2172700.4394862121, "class_name": "Alto", "index": "NDII", "min_value": null, "max_value": null }, "geometry": { "type": "Polygon", "coordinates": [ [ [ -89.310007254435803, 13.91098030943672 ], [ -89.29653258681094, 13.91098030943672 ], [ -89.29653258681094, 13.897505641811852 ], [ -89.310007254435803, 13.897505641811851 ], [ -89.310007254435803, 13.91098030943672 ] ] ] } },
{ "type": "Feature", "properties": { "class_id": 4, "area_m2": 2172818.3881996586, "class_name": "Alto", "index": "NDII", "min_value": null, "max_value": null }, "geometry": { "type": "Polygon", "coordinates": [ [ [ -89.350431257310419, 13.91098030943672 ], [ -89.336956589685542, 13.91098030943672 ], [ -89.336956589685542, 13.897505641811852 ], [ -89.350431257310419, 13.897505641811851 ], [ -89.350431257310419, 13.91098030943672 ] ] ] } },
{ "type": "Feature", "properties": { "class_id": 4, "area_m2": 4345107.6078314995, "class_name": "Alto", "index": "NDII", "min_value": null, "max_value": null }, "geometry": { "type": "Polygon", "coordinates": [ [ [ -89.323481922060665, 13.93792964468645 ], [ -89.310007254435803, 13.93792964468645 ], [ -89.310007254435803, 13.91098030943672 ], [ -89.323481922060665, 13.910980309436724 ], [ -89.323481922060665, 13.93792964468645 ] ] ] } },
{ "type": "Feature", "properties": { "class_id": 4, "area_m2": 2173453.7851990089, "class_name": "Alto", "index": "NDII", "min_value": null, "max_value": null }, "geometry": { "type": "Polygon", "coordinates": [ [ [ -89.633399277432574, 13.937929644686454 ], [ -89.619924609807711, 13.937929644686452 ], [ -89.619924609807711, 13.924454977061584 ], [ -89.633399277432574, 13.924454977061584 ], [ -89.633399277432574, 13.937929644686454 ] ] ] } },
{ "type": "Feature", "properties": { "class_id": 4, "area_m2": 2173205.3470549379, "class_name": "Alto", "index": "NDII", "min_value": null, "max_value": null }, "geometry": { "type": "Polygon", "coordinates": [ [ [ -89.633399277432574, 13.964878979936181 ], [ -89.619924609807711, 13.964878979936181 ], [ -89.619924609807711, 13.951404312311315 ], [ -89.633399277432574, 13.951404312311309 ], [ -89.633399277432574, 13.964878979936181 ] ] ] } },
{ "type": "Feature", "properties": { "class_id": 4, "area_m2": 2172582.1848235023, "class_name": "Alto", "index": "NDII", "min_value": null, "max_value": null }, "geometry": { "type": "Polygon", "coordinates": [ [ [ -89.633399277432574, 14.032252318060507 ], [ -89.619924609807711, 14.032252318060504 ], [ -89.619924609807711, 14.018777650435641 ], [ -89.633399277432574, 14.018777650435643 ], [ -89.633399277432574, 14.032252318060507 ] ] ] } },
{ "type": "Feature", "properties": { "class_id": 4, "area_m2": 4345048.1989696408, "class_name": "Alto", "index": "NDII", "min_value": null, "max_value": null }, "geometry": { "type": "Polygon", "coordinates": [ [ [ -89.633399277432574, 14.032252318060507 ], [ -89.660348612682313, 14.032252318060502 ], [ -89.660348612682313, 14.045726985685366 ], [ -89.633399277432574, 14.045726985685368 ], [ -89.633399277432574, 14.032252318060507 ] ] ] } },
{ "type": "Feature", "properties": { "class_id": 4, "area_m2": 2171053.927825775, "class_name": "Alto", "index": "NDII", "min_value": null, "max_value": null }, "geometry": { "type": "Polygon", "coordinates": [ [ [ -89.256108583936339, 14.072676320935102 ], [ -89.242633916311476, 14.0726763209351 ], [ -89.242633916311476, 14.059201653310234 ], [ -89.256108583936339, 14.059201653310234 ], [ -89.256108583936339, 14.072676320935102 ] ] ] } },
{ "type": "Feature", "properties": { "class_id": 4, "area_m2": 2171732.5541880922, "class_name": "Alto", "index": "NDII", "min_value": null, "max_value": null }, "geometry": { "type": "Polygon", "coordinates": [ [ [ -89.485177933559058, 14.072676320935106 ], [ -89.471703265934181, 14.072676320935098 ], [ -89.471703265934181, 14.059201653310234 ], [ -89.485177933559058, 14.059201653310238 ], [ -89.485177933559058, 14.072676320935106 ] ] ] } },
{ "type": "Feature", "properties": { "class_id": 4, "area_m2": 2171919.659537558, "class_name": "Alto", "index": "NDII", "min_value": null, "max_value": null }, "geometry": { "type": "Polygon", "coordinates": [ [ [ -89.660348612682313, 14.113100323809695 ], [ -89.646873945057436, 14.113100323809698 ], [ -89.646873945057436, 14.099625656184831 ], [ -89.660348612682313, 14.099625656184834 ], [ -89.660348612682313, 14.113100323809695 ] ] ] } },
{ "type": "Feature", "properties": { "class_id": 4, "area_m2": 2171623.4380870066, "class_name": "Alto", "index": "NDII", "min_value": null, "max_value": null }, "geometry": { "type": "Polygon", "coordinates": [ [ [ -89.646873945057436, 14.140049659059427 ], [ -89.633399277432574, 14.140049659059423 ], [ -89.633399277432574, 14.126574991434564 ], [ -89.646873945057436, 14.126574991434564 ], [ -89.646873945057436, 14.140049659059427 ] ] ] } },
{ "type": "Feature", "properties": { "class_id": 4, "area_m2": 34730850.746646695, "class_name": "Alto", "index": "NDII", "min_value": null, "max_value": null }, "geometry": { "type": "Polygon", "coordinates": [ [ [ -89.363905924935267, 14.166998994309159 ], [ -89.350431257310419, 14.166998994309155 ], [ -89.350431257310419, 14.153524326684295 ], [ -89.323481922060665, 14.153524326684291 ], [ -89.323481922060665, 14.18047366193403 ], [ -89.310007254435803, 14.180473661934025 ], [ -89.310007254435803, 14.113100323809698 ], [ -89.336956589685542, 14.113100323809698 ], [ -89.336956589685542, 14.126574991434561 ], [ -89.323481922060665, 14.126574991434561 ], [ -89.323481922060665, 14.140049659059429 ], [ -89.350431257310419, 14.140049659059423 ], [ -89.350431257310419, 14.126574991434559 ], [ -89.363905924935267, 14.126574991434564 ], [ -89.363905924935267, 14.099625656184831 ], [ -89.377380592560129, 14.099625656184834 ], [ -89.377380592560129, 14.1131003238097 ], [ -89.390855260184992, 14.113100323809698 ], [ -89.390855260184992, 14.140049659059432 ], [ -89.363905924935267, 14.140049659059427 ], [ -89.363905924935267, 14.166998994309159 ] ] ] } },
{ "type": "Feature", "properties": { "class_id": 4, "area_m2": 2170263.5119061237, "class_name": "Alto", "index": "NDII", "min_value": null, "max_value": null }, "geometry": { "type": "Polygon", "coordinates": [ [ [ -89.242633916311476, 14.153524326684295 ], [ -89.229159248686628, 14.153524326684289 ], [ -89.229159248686628, 14.140049659059429 ], [ -89.242633916311476, 14.140049659059427 ], [ -89.242633916311476, 14.153524326684295 ] ] ] } },
{ "type": "Feature", "properties": { "class_id": 4, "area_m2": 2171542.1726571061, "class_name": "Alto", "index": "NDII", "min_value": null, "max_value": null }, "geometry": { "type": "Polygon", "coordinates": [ [ [ -89.660348612682313, 14.140049659059429 ], [ -89.660348612682313, 14.153524326684295 ], [ -89.646873945057436, 14.153524326684288 ], [ -89.646873945057436, 14.140049659059427 ], [ -89.660348612682313, 14.140049659059429 ] ] ] } },
{ "type": "Feature", "properties": { "class_id": 4, "area_m2": 106371474.41146268, "class_name": "Alto", "index": "NDII", "min_value": null, "max_value": null }, "geometry": { "type": "Polygon", "coordinates": [ [ [ -89.525601936433645, 14.234372332433486 ], [ -89.512127268808783, 14.234372332433486 ], [ -89.512127268808783, 14.220897664808623 ], [ -89.49865260118392, 14.22089766480862 ], [ -89.49865260118392, 14.234372332433486 ], [ -89.471703265934181, 14.234372332433486 ], [ -89.471703265934181, 14.193948329558882 ], [ -89.458228598309319, 14.193948329558889 ], [ -89.458228598309319, 14.166998994309157 ], [ -89.485177933559058, 14.166998994309155 ], [ -89.485177933559058, 14.153524326684289 ], [ -89.471703265934181, 14.153524326684295 ], [ -89.471703265934181, 14.140049659059429 ], [ -89.458228598309319, 14.140049659059429 ], [ -89.458228598309319, 14.086150988559965 ], [ -89.471703265934181, 14.086150988559961 ], [ -89.471703265934181, 14.113100323809697 ], [ -89.539076604058522, 14.113100323809697 ], [ -89.539076604058522, 14.126574991434564 ], [ -89.552551271683384, 14.126574991434561 ], [ -89.552551271683384, 14.140049659059429 ], [ -89.566025939308247, 14.140049659059432 ], [ -89.566025939308247, 14.153524326684295 ], [ -89.552551271683384, 14.153524326684289 ], [ -89.552551271683384, 14.166998994309155 ], [ -89.539076604058522, 14.166998994309155 ], [ -89.539076604058522, 14.220897664808625 ], [ -89.525601936433645, 14.220897664808621 ], [ -89.525601936433645, 14.234372332433486 ] ], [ [ -89.49865260118392, 14.140049659059423 ], [ -89.49865260118392, 14.126574991434564 ], [ -89.471703265934181, 14.126574991434564 ], [ -89.471703265934181, 14.140049659059429 ], [ -89.49865260118392, 14.140049659059423 ] ], [ [ -89.525601936433645, 14.153524326684296 ], [ -89.525601936433645, 14.140049659059425 ], [ -89.512127268808783, 14.140049659059425 ], [ -89.512127268808783, 14.153524326684296 ], [ -89.525601936433645, 14.153524326684296 ] ] ] } },
{ "type": "Feature", "properties": { "class_id": 4, "area_m2": 2171371.4418776743, "class_name": "Alto", "index": "NDII", "min_value": null, "max_value": null }, "geometry": { "type": "Polygon", "coordinates": [ [ [ -89.646873945057436, 14.166998994309159 ], [ -89.633399277432574, 14.166998994309159 ], [ -89.633399277432574, 14.153524326684295 ], [ -89.646873945057436, 14.153524326684288 ], [ -89.646873945057436, 14.166998994309159 ] ] ] } },
{ "type": "Feature", "properties": { "class_id": 4, "area_m2": 2170049.5276411092, "class_name": "Alto", "index": "NDII", "min_value": null, "max_value": null }, "geometry": { "type": "Polygon", "coordinates": [ [ [ -89.256108583936339, 14.180473661934025 ], [ -89.242633916311476, 14.180473661934025 ], [ -89.242633916311476, 14.166998994309157 ], [ -89.256108583936339, 14.166998994309155 ], [ -89.256108583936339, 14.180473661934025 ] ] ] } },
{ "type": "Feature", "properties": { "class_id": 4, "area_m2": 2171289.9244948104, "class_name": "Alto", "index": "NDII", "min_value": null, "max_value": null }, "geometry": { "type": "Polygon", "coordinates": [ [ [ -89.660348612682313, 14.180473661934025 ], [ -89.646873945057436, 14.180473661934025 ], [ -89.646873945057436, 14.166998994309159 ], [ -89.660348612682313, 14.166998994309157 ], [ -89.660348612682313, 14.180473661934025 ] ] ] } },
{ "type": "Feature", "properties": { "class_id": 4, "area_m2": 19539273.440865397, "class_name": "Alto", "index": "NDII", "min_value": null, "max_value": null }, "geometry": { "type": "Polygon", "coordinates": [ [ [ -89.633399277432574, 14.207422997183757 ], [ -89.592975274557972, 14.207422997183754 ], [ -89.592975274557972, 14.166998994309155 ], [ -89.633399277432574, 14.166998994309159 ], [ -89.633399277432574, 14.207422997183757 ] ] ] } },
{ "type": "Feature", "properties": { "class_id": 4, "area_m2": 19528036.862379495, "class_name": "Alto", "index": "NDII", "min_value": null, "max_value": null }, "geometry": { "type": "Polygon", "coordinates": [ [ [ -89.242633916311476, 14.207422997183752 ], [ -89.256108583936339, 14.20742299718375 ], [ -89.256108583936339, 14.19394832955888 ], [ -89.269583251561215, 14.193948329558882 ], [ -89.269583251561215, 14.180473661934025 ], [ -89.29653258681094, 14.180473661934025 ], [ -89.29653258681094, 14.193948329558882 ], [ -89.283057919186078, 14.193948329558888 ], [ -89.283057919186078, 14.234372332433486 ], [ -89.256108583936339, 14.234372332433486 ], [ -89.256108583936339, 14.220897664808621 ], [ -89.242633916311476, 14.220897664808618 ], [ -89.242633916311476, 14.207422997183752 ] ] ] } },
{ "type": "Feature", "properties": { "class_id": 4, "area_m2": 2169532.6418198617, "class_name": "Alto", "index": "NDII", "min_value": null, "max_value": null }, "geometry": { "type": "Polygon", "coordinates": [ [ [ -89.283057919186078, 14.234372332433486 ], [ -89.29653258681094, 14.234372332433489 ], [ -89.29653258681094, 14.247847000058352 ], [ -89.283057919186078, 14.247847000058348 ], [ -89.283057919186078, 14.234372332433486 ] ] ] } },
{ "type": "Feature", "properties": { "class_id": 4, "area_m2": 8680005.8778529484, "class_name": "Alto", "index": "NDII", "min_value": null, "max_value": null }, "geometry": { "type": "Polygon", "coordinates": [ [ [ -89.525601936433645, 14.274796335308082 ], [ -89.512127268808783, 14.274796335308078 ], [ -89.512127268808783, 14.261321667683211 ], [ -89.49865260118392, 14.261321667683211 ], [ -89.49865260118392, 14.247847000058352 ], [ -89.539076604058522, 14.24784700005835 ], [ -89.539076604058522, 14.261321667683216 ], [ -89.525601936433645, 14.261321667683216 ], [ -89.525601936433645, 14.274796335308082 ] ] ] } },
{ "type": "Feature", "properties": { "class_id": 4, "area_m2": 6509402.6821862943, "class_name": "Alto", "index": "NDII", "min_value": null, "max_value": null }, "geometry": { "type": "Polygon", "coordinates": [ [ [ -89.512127268808783, 14.288271002932946 ], [ -89.525601936433645, 14.28827100293295 ], [ -89.525601936433645, 14.274796335308082 ], [ -89.539076604058522, 14.274796335308084 ], [ -89.539076604058522, 14.301745670557809 ], [ -89.512127268808783, 14.301745670557811 ], [ -89.512127268808783, 14.288271002932946 ] ] ] } },
{ "type": "Feature", "properties": { "class_id": 4, "area_m2": 2169543.946421566, "class_name": "Alto", "index": "NDII", "min_value": null, "max_value": null }, "geometry": { "type": "Polygon", "coordinates": [ [ [ -89.552551271683384, 14.328695005807541 ], [ -89.539076604058522, 14.328695005807536 ], [ -89.539076604058522, 14.315220338182675 ], [ -89.552551271683384, 14.315220338182669 ], [ -89.552551271683384, 14.328695005807541 ] ] ] } },
{ "type": "Feature", "properties": { "class_id": 4, "area_m2": 8672403.945507776, "class_name": "Alto", "index": "NDII", "min_value": null, "max_value": null }, "geometry": { "type": "Polygon", "coordinates": [ [ [ -89.269583251561215, 14.396068343931868 ], [ -89.242633916311476, 14.396068343931869 ], [ -89.242633916311476, 14.369119008682134 ], [ -89.269583251561215, 14.369119008682141 ], [ -89.269583251561215, 14.396068343931868 ] ] ] } },
{ "type": "Feature", "properties": { "class_id": 4, "area_m2": 8675562.1817415468, "class_name": "Alto", "index": "NDII", "min_value": null, "max_value": null }, "geometry": { "type": "Polygon", "coordinates": [ [ [ -89.552551271683384, 14.396068343931869 ], [ -89.579500606933109, 14.396068343931869 ], [ -89.579500606933109, 14.409543011556734 ], [ -89.539076604058522, 14.409543011556739 ], [ -89.539076604058522, 14.382593676307 ], [ -89.552551271683384, 14.382593676307 ], [ -89.552551271683384, 14.396068343931869 ] ] ] } },
{ "type": "Feature", "properties": { "class_id": 4, "area_m2": 6505188.3640748886, "class_name": "Alto", "index": "NDII", "min_value": null, "max_value": null }, "geometry": { "type": "Polygon", "coordinates": [ [ [ -89.485177933559058, 14.423017679181596 ], [ -89.444753930684456, 14.4230176791816 ], [ -89.444753930684456, 14.40954301155673 ], [ -89.485177933559058, 14.409543011556734 ], [ -89.485177933559058, 14.423017679181596 ] ] ] } },
{ "type": "Feature", "properties": { "class_id": 4, "area_m2": 2168103.7535587791, "class_name": "Alto", "index": "NDII", "min_value": null, "max_value": null }, "geometry": { "type": "Polygon", "coordinates": [ [ [ -89.404329927809869, 14.4230176791816 ], [ -89.417804595434731, 14.4230176791816 ], [ -89.417804595434731, 14.436492346806457 ], [ -89.404329927809869, 14.436492346806457 ], [ -89.404329927809869, 14.4230176791816 ] ] ] } },
{ "type": "Feature", "properties": { "class_id": 4, "area_m2": 2177205.6977728913, "class_name": "Alto", "index": "NDII", "min_value": null, "max_value": null }, "geometry": { "type": "Polygon", "coordinates": [ [ [ -88.649748540817413, 13.223772260568589 ], [ -88.636273873192536, 13.223772260568587 ], [ -88.636273873192536, 13.210297592943727 ], [ -88.649748540817413, 13.21029759294373 ], [ -88.649748540817413, 13.223772260568589 ] ] ] } },
{ "type": "Feature", "properties": { "class_id": 4, "area_m2": 2177231.1754595623, "class_name": "Alto", "index": "NDII", "min_value": null, "max_value": null }, "geometry": { "type": "Polygon", "coordinates": [ [ [ -88.71712187894174, 13.237246928193453 ], [ -88.703647211316863, 13.237246928193455 ], [ -88.703647211316863, 13.223772260568589 ], [ -88.71712187894174, 13.223772260568587 ], [ -88.71712187894174, 13.237246928193453 ] ] ] } },
{ "type": "Feature", "properties": { "class_id": 4, "area_m2": 2176970.6755916239, "class_name": "Alto", "index": "NDII", "min_value": null, "max_value": null }, "geometry": { "type": "Polygon", "coordinates": [ [ [ -88.649748540817413, 13.250721595818318 ], [ -88.636273873192536, 13.250721595818318 ], [ -88.636273873192536, 13.237246928193455 ], [ -88.649748540817413, 13.237246928193453 ], [ -88.649748540817413, 13.250721595818318 ] ] ] } },
{ "type": "Feature", "properties": { "class_id": 4, "area_m2": 10884741.837998506, "class_name": "Alto", "index": "NDII", "min_value": null, "max_value": null }, "geometry": { "type": "Polygon", "coordinates": [ [ [ -88.757545881816327, 13.291145598692918 ], [ -88.730596546566602, 13.291145598692918 ], [ -88.730596546566602, 13.27767093106805 ], [ -88.744071214191464, 13.27767093106805 ], [ -88.744071214191464, 13.264196263443187 ], [ -88.730596546566602, 13.264196263443186 ], [ -88.730596546566602, 13.250721595818323 ], [ -88.757545881816327, 13.250721595818321 ], [ -88.757545881816327, 13.291145598692918 ] ] ] } },
{ "type": "Feature", "properties": { "class_id": 4, "area_m2": 2177031.6923669404, "class_name": "Alto", "index": "NDII", "min_value": null, "max_value": null }, "geometry": { "type": "Polygon", "coordinates": [ [ [ -88.838393887565516, 13.291145598692918 ], [ -88.824919219940654, 13.291145598692914 ], [ -88.824919219940654, 13.277670931068053 ], [ -88.838393887565516, 13.277670931068053 ], [ -88.838393887565516, 13.291145598692918 ] ] ] } },
{ "type": "Feature", "properties": { "class_id": 4, "area_m2": 2176582.5677210335, "class_name": "Alto", "index": "NDII", "min_value": null, "max_value": null }, "geometry": { "type": "Polygon", "coordinates": [ [ [ -88.744071214191464, 13.318094933942648 ], [ -88.730596546566602, 13.318094933942648 ], [ -88.730596546566602, 13.30462026631778 ], [ -88.744071214191464, 13.304620266317784 ], [ -88.744071214191464, 13.318094933942648 ] ] ] } },
{ "type": "Feature", "properties": { "class_id": 4, "area_m2": 13061055.053492274, "class_name": "Alto", "index": "NDII", "min_value": null, "max_value": null }, "geometry": { "type": "Polygon", "coordinates": [ [ [ -88.851868555190393, 13.318094933942648 ], [ -88.824919219940654, 13.318094933942648 ], [ -88.824919219940654, 13.304620266317784 ], [ -88.838393887565516, 13.304620266317778 ], [ -88.838393887565516, 13.291145598692918 ], [ -88.851868555190393, 13.291145598692921 ], [ -88.851868555190393, 13.304620266317789 ], [ -88.878817890440118, 13.30462026631778 ], [ -88.878817890440118, 13.318094933942648 ], [ -88.865343222815255, 13.318094933942648 ], [ -88.865343222815255, 13.331569601567512 ], [ -88.851868555190393, 13.331569601567509 ], [ -88.851868555190393, 13.318094933942648 ] ] ] } },
{ "type": "Feature", "properties": { "class_id": 4, "area_m2": 2176986.7141305325, "class_name": "Alto", "index": "NDII", "min_value": null, "max_value": null }, "geometry": { "type": "Polygon", "coordinates": [ [ [ -88.91924189331472, 13.318094933942643 ], [ -88.905767225689843, 13.318094933942648 ], [ -88.905767225689843, 13.304620266317778 ], [ -88.91924189331472, 13.304620266317784 ], [ -88.91924189331472, 13.318094933942643 ] ] ] } },
{ "type": "Feature", "properties": { "class_id": 4, "area_m2": 4353901.1112905731, "class_name": "Alto", "index": "NDII", "min_value": null, "max_value": null }, "geometry": { "type": "Polygon", "coordinates": [ [ [ -88.959665896189307, 13.331569601567509 ], [ -88.932716560939582, 13.33156960156751 ], [ -88.932716560939582, 13.318094933942646 ], [ -88.959665896189307, 13.318094933942643 ], [ -88.959665896189307, 13.331569601567509 ] ] ] } },
{ "type": "Feature", "properties": { "class_id": 4, "area_m2": 154508269.8123067, "class_name": "Alto", "index": "NDII", "min_value": null, "max_value": null }, "geometry": { "type": "Polygon", "coordinates": [ [ [ -88.744071214191464, 13.398942939691842 ], [ -88.744071214191464, 13.385468272066975 ], [ -88.703647211316863, 13.385468272066975 ], [ -88.703647211316863, 13.412417607316709 ], [ -88.690172543692, 13.412417607316701 ], [ -88.690172543692, 13.385468272066971 ], [ -88.663223208442275, 13.385468272066969 ], [ -88.663223208442275, 13.358518936817244 ], [ -88.676697876067138, 13.358518936817244 ], [ -88.676697876067138, 13.331569601567514 ], [ -88.663223208442275, 13.331569601567514 ], [ -88.663223208442275, 13.345044269192382 ], [ -88.649748540817413, 13.345044269192375 ], [ -88.649748540817413, 13.37199360444211 ], [ -88.636273873192536, 13.371993604442109 ], [ -88.636273873192536, 13.345044269192373 ], [ -88.622799205567674, 13.345044269192378 ], [ -88.622799205567674, 13.331569601567509 ], [ -88.636273873192536, 13.33156960156751 ], [ -88.636273873192536, 13.304620266317782 ], [ -88.649748540817413, 13.304620266317784 ], [ -88.649748540817413, 13.318094933942644 ], [ -88.676697876067138, 13.318094933942648 ], [ -88.676697876067138, 13.304620266317782 ], [ -88.663223208442275, 13.304620266317778 ], [ -88.663223208442275, 13.291145598692914 ], [ -88.649748540817413, 13.291145598692918 ], [ -88.649748540817413, 13.27767093106805 ], [ -88.636273873192536, 13.277670931068048 ], [ -88.636273873192536, 13.264196263443186 ], [ -88.676697876067138, 13.264196263443184 ], [ -88.676697876067138, 13.291145598692918 ], [ -88.703647211316863, 13.291145598692918 ], [ -88.703647211316863, 13.318094933942646 ], [ -88.730596546566602, 13.318094933942648 ], [ -88.730596546566602, 13.331569601567509 ], [ -88.744071214191464, 13.331569601567516 ], [ -88.744071214191464, 13.318094933942648 ], [ -88.771020549441189, 13.318094933942644 ], [ -88.771020549441189, 13.33156960156751 ], [ -88.784495217066066, 13.331569601567514 ], [ -88.784495217066066, 13.358518936817244 ], [ -88.797969884690929, 13.358518936817244 ], [ -88.797969884690929, 13.371993604442109 ], [ -88.824919219940654, 13.37199360444211 ], [ -88.824919219940654, 13.385468272066975 ], [ -88.771020549441189, 13.385468272066969 ], [ -88.771020549441189, 13.398942939691839 ], [ -88.797969884690929, 13.398942939691839 ], [ -88.797969884690929, 13.425892274941573 ], [ -88.757545881816327, 13.425892274941575 ], [ -88.757545881816327, 13.412417607316701 ], [ -88.744071214191464, 13.412417607316707 ], [ -88.744071214191464, 13.425892274941571 ], [ -88.730596546566602, 13.425892274941569 ], [ -88.730596546566602, 13.412417607316701 ], [ -88.71712187894174, 13.412417607316701 ], [ -88.71712187894174, 13.398942939691837 ], [ -88.744071214191464, 13.398942939691842 ] ], [ [ -88.676697876067138, 13.371993604442109 ], [ -88.703647211316863, 13.371993604442109 ], [ -88.703647211316863, 13.358518936817241 ], [ -88.676697876067138, 13.358518936817244 ], [ -88.676697876067138, 13.371993604442109 ] ], [ [ -88.757545881816327, 13.358518936817244 ], [ -88.757545881816327, 13.345044269192375 ], [ -88.71712187894174, 13.345044269192375 ], [ -88.71712187894174, 13.358518936817244 ], [ -88.757545881816327, 13.358518936817244 ] ], [ [ -88.703647211316863, 13.34504426919238 ], [ -88.703647211316863, 13.331569601567512 ], [ -88.690172543692, 13.331569601567518 ], [ -88.690172543692, 13.345044269192375 ], [ -88.703647211316863, 13.34504426919238 ] ] ] } },
{ "type": "Feature", "properties": { "class_id": 4, "area_m2": 2176378.0420246893, "class_name": "Alto", "index": "NDII", "min_value": null, "max_value": null }, "geometry": { "type": "Polygon", "coordinates": [ [ [ -88.797969884690929, 13.358518936817244 ], [ -88.797969884690929, 13.345044269192378 ], [ -88.811444552315791, 13.345044269192384 ], [ -88.811444552315791, 13.358518936817248 ], [ -88.797969884690929, 13.358518936817244 ] ] ] } },
{ "type": "Feature", "properties": { "class_id": 4, "area_m2": 4352863.7141972315, "class_name": "Alto", "index": "NDII", "min_value": null, "max_value": null }, "geometry": { "type": "Polygon", "coordinates": [ [ [ -88.89229255806498, 13.37199360444211 ], [ -88.865343222815255, 13.371993604442109 ], [ -88.865343222815255, 13.358518936817244 ], [ -88.89229255806498, 13.358518936817243 ], [ -88.89229255806498, 13.37199360444211 ] ] ] } },
{ "type": "Feature", "properties": { "class_id": 4, "area_m2": 2176780.3523623622, "class_name": "Alto", "index": "NDII", "min_value": null, "max_value": null }, "geometry": { "type": "Polygon", "coordinates": [ [ [ -89.027039234313634, 13.371993604442114 ], [ -89.013564566688771, 13.371993604442109 ], [ -89.013564566688771, 13.358518936817248 ], [ -89.027039234313634, 13.358518936817244 ], [ -89.027039234313634, 13.371993604442114 ] ] ] } },
{ "type": "Feature", "properties": { "class_id": 4, "area_m2": 2176849.6192938443, "class_name": "Alto", "index": "NDII", "min_value": null, "max_value": null }, "geometry": { "type": "Polygon", "coordinates": [ [ [ -89.040513901938496, 13.358518936817241 ], [ -89.053988569563359, 13.358518936817246 ], [ -89.053988569563359, 13.37199360444211 ], [ -89.040513901938496, 13.371993604442109 ], [ -89.040513901938496, 13.358518936817241 ] ] ] } },
{ "type": "Feature", "properties": { "class_id": 4, "area_m2": 4352603.3701051231, "class_name": "Alto", "index": "NDII", "min_value": null, "max_value": null }, "geometry": { "type": "Polygon", "coordinates": [ [ [ -88.905767225689843, 13.398942939691839 ], [ -88.89229255806498, 13.398942939691839 ], [ -88.89229255806498, 13.37199360444211 ], [ -88.905767225689843, 13.371993604442109 ], [ -88.905767225689843, 13.398942939691839 ] ] ] } },
{ "type": "Feature", "properties": { "class_id": 4, "area_m2": 2176307.3362289416, "class_name": "Alto", "index": "NDII", "min_value": null, "max_value": null }, "geometry": { "type": "Polygon", "coordinates": [ [ [ -88.932716560939582, 13.398942939691835 ], [ -88.91924189331472, 13.398942939691835 ], [ -88.91924189331472, 13.385468272066973 ], [ -88.932716560939582, 13.385468272066971 ], [ -88.932716560939582, 13.398942939691835 ] ] ] } },
{ "type": "Feature", "properties": { "class_id": 4, "area_m2": 6528643.3593849475, "class_name": "Alto", "index": "NDII", "min_value": null, "max_value": null }, "geometry": { "type": "Polygon", "coordinates": [ [ [ -88.946191228564444, 13.398942939691839 ], [ -88.973140563814169, 13.398942939691839 ], [ -88.973140563814169, 13.425892274941567 ], [ -88.959665896189307, 13.425892274941569 ], [ -88.959665896189307, 13.4124176073167 ], [ -88.946191228564444, 13.412417607316705 ], [ -88.946191228564444, 13.398942939691839 ] ] ] } },
{ "type": "Feature", "properties": { "class_id": 4, "area_m2": 28286800.837423109, "class_name": "Alto", "index": "NDII", "min_value": null, "max_value": null }, "geometry": { "type": "Polygon", "coordinates": [ [ [ -88.865343222815255, 13.452841610191305 ], [ -88.851868555190393, 13.452841610191305 ], [ -88.851868555190393, 13.439366942566426 ], [ -88.838393887565516, 13.43936694256643 ], [ -88.838393887565516, 13.425892274941569 ], [ -88.824919219940654, 13.425892274941571 ], [ -88.824919219940654, 13.398942939691839 ], [ -88.851868555190393, 13.398942939691837 ], [ -88.851868555190393, 13.385468272066969 ], [ -88.878817890440118, 13.385468272066973 ], [ -88.878817890440118, 13.398942939691837 ], [ -88.865343222815255, 13.398942939691841 ], [ -88.865343222815255, 13.412417607316705 ], [ -88.878817890440118, 13.412417607316705 ], [ -88.878817890440118, 13.439366942566433 ], [ -88.865343222815255, 13.439366942566435 ], [ -88.865343222815255, 13.452841610191305 ] ] ] } },
{ "type": "Feature", "properties": { "class_id": 4, "area_m2": 2175543.1781860264, "class_name": "Alto", "index": "NDII", "min_value": null, "max_value": null }, "geometry": { "type": "Polygon", "coordinates": [ [ [ -88.757545881816327, 13.43936694256643 ], [ -88.744071214191464, 13.439366942566435 ], [ -88.744071214191464, 13.425892274941571 ], [ -88.757545881816327, 13.425892274941575 ], [ -88.757545881816327, 13.43936694256643 ] ] ] } },
{ "type": "Feature", "properties": { "class_id": 4, "area_m2": 2175694.9386138106, "class_name": "Alto", "index": "NDII", "min_value": null, "max_value": null }, "geometry": { "type": "Polygon", "coordinates": [ [ [ -88.824919219940654, 13.439366942566432 ], [ -88.811444552315791, 13.439366942566433 ], [ -88.811444552315791, 13.425892274941571 ], [ -88.824919219940654, 13.425892274941571 ], [ -88.824919219940654, 13.439366942566432 ] ] ] } },
{ "type": "Feature", "properties": { "class_id": 4, "area_m2": 2175884.6336447797, "class_name": "Alto", "index": "NDII", "min_value": null, "max_value": null }, "geometry": { "type": "Polygon", "coordinates": [ [ [ -88.89229255806498, 13.425892274941567 ], [ -88.905767225689843, 13.425892274941569 ], [ -88.905767225689843, 13.43936694256643 ], [ -88.89229255806498, 13.439366942566435 ], [ -88.89229255806498, 13.425892274941567 ] ] ] } },
{ "type": "Feature", "properties": { "class_id": 4, "area_m2": 2175757.6240611635, "class_name": "Alto", "index": "NDII", "min_value": null, "max_value": null }, "geometry": { "type": "Polygon", "coordinates": [ [ [ -89.000089899063909, 13.479790945441032 ], [ -88.986615231439046, 13.479790945441032 ], [ -88.986615231439046, 13.466316277816166 ], [ -89.000089899063909, 13.466316277816166 ], [ -89.000089899063909, 13.479790945441032 ] ] ] } },
{ "type": "Feature", "properties": { "class_id": 4, "area_m2": 4350761.851326297, "class_name": "Alto", "index": "NDII", "min_value": null, "max_value": null }, "geometry": { "type": "Polygon", "coordinates": [ [ [ -89.000089899063909, 13.520214948315623 ], [ -88.973140563814169, 13.520214948315623 ], [ -88.973140563814169, 13.50674028069076 ], [ -89.000089899063909, 13.50674028069076 ], [ -89.000089899063909, 13.520214948315623 ] ] ] } },
{ "type": "Feature", "properties": { "class_id": 4, "area_m2": 4349442.0871636663, "class_name": "Alto", "index": "NDII", "min_value": null, "max_value": null }, "geometry": { "type": "Polygon", "coordinates": [ [ [ -88.797969884690929, 13.533689615940492 ], [ -88.824919219940654, 13.533689615940492 ], [ -88.824919219940654, 13.547164283565355 ], [ -88.797969884690929, 13.547164283565358 ], [ -88.797969884690929, 13.533689615940492 ] ] ] } },
{ "type": "Feature", "properties": { "class_id": 4, "area_m2": 2175225.4957437385, "class_name": "Alto", "index": "NDII", "min_value": null, "max_value": null }, "geometry": { "type": "Polygon", "coordinates": [ [ [ -89.027039234313634, 13.547164283565353 ], [ -89.013564566688771, 13.547164283565358 ], [ -89.013564566688771, 13.533689615940492 ], [ -89.027039234313634, 13.533689615940492 ], [ -89.027039234313634, 13.547164283565353 ] ] ] } },
{ "type": "Feature", "properties": { "class_id": 4, "area_m2": 8701389.5286378246, "class_name": "Alto", "index": "NDII", "min_value": null, "max_value": null }, "geometry": { "type": "Polygon", "coordinates": [ [ [ -89.067463237188235, 13.560638951190219 ], [ -89.053988569563359, 13.560638951190215 ], [ -89.053988569563359, 13.520214948315623 ], [ -89.067463237188235, 13.520214948315623 ], [ -89.067463237188235, 13.533689615940492 ], [ -89.080937904813098, 13.533689615940492 ], [ -89.080937904813098, 13.547164283565355 ], [ -89.067463237188235, 13.547164283565358 ], [ -89.067463237188235, 13.560638951190219 ] ] ] } },
{ "type": "Feature", "properties": { "class_id": 4, "area_m2": 30449409.229385659, "class_name": "Alto", "index": "NDII", "min_value": null, "max_value": null }, "geometry": { "type": "Polygon", "coordinates": [ [ [ -88.946191228564444, 13.587588286439955 ], [ -88.932716560939582, 13.587588286439953 ], [ -88.932716560939582, 13.574113618815085 ], [ -88.91924189331472, 13.574113618815083 ], [ -88.91924189331472, 13.560638951190219 ], [ -88.905767225689843, 13.560638951190217 ], [ -88.905767225689843, 13.547164283565353 ], [ -88.91924189331472, 13.547164283565358 ], [ -88.91924189331472, 13.506740280690765 ], [ -88.932716560939582, 13.506740280690758 ], [ -88.932716560939582, 13.520214948315623 ], [ -88.959665896189307, 13.520214948315626 ], [ -88.959665896189307, 13.560638951190217 ], [ -88.946191228564444, 13.560638951190219 ], [ -88.946191228564444, 13.587588286439955 ] ] ] } },
{ "type": "Feature", "properties": { "class_id": 4, "area_m2": 2173963.2544815098, "class_name": "Alto", "index": "NDII", "min_value": null, "max_value": null }, "geometry": { "type": "Polygon", "coordinates": [ [ [ -89.053988569563359, 13.695385627438879 ], [ -89.040513901938496, 13.695385627438874 ], [ -89.040513901938496, 13.681910959814006 ], [ -89.053988569563359, 13.681910959814013 ], [ -89.053988569563359, 13.695385627438879 ] ] ] } },
{ "type": "Feature", "properties": { "class_id": 4, "area_m2": 2173687.9000091134, "class_name": "Alto", "index": "NDII", "min_value": null, "max_value": null }, "geometry": { "type": "Polygon", "coordinates": [ [ [ -89.134836575312562, 13.749284297938333 ], [ -89.121361907687685, 13.749284297938337 ], [ -89.121361907687685, 13.735809630313472 ], [ -89.134836575312562, 13.735809630313467 ], [ -89.134836575312562, 13.749284297938333 ] ] ] } },
{ "type": "Feature", "properties": { "class_id": 4, "area_m2": 4343898.6541575277, "class_name": "Alto", "index": "NDII", "min_value": null, "max_value": null }, "geometry": { "type": "Polygon", "coordinates": [ [ [ -88.690172543692, 13.803182968437797 ], [ -88.690172543692, 13.83013230368752 ], [ -88.676697876067138, 13.830132303687527 ], [ -88.676697876067138, 13.803182968437797 ], [ -88.690172543692, 13.803182968437797 ] ] ] } },
{ "type": "Feature", "properties": { "class_id": 4, "area_m2": 6164014838.3135347, "class_name": "Alto", "index": "NDII", "min_value": null, "max_value": null }, "geometry": { "type": "Polygon", "coordinates": [ [ [ -89.256108583936339, 14.342169673432405 ], [ -89.256108583936339, 14.328695005807536 ], [ -89.242633916311476, 14.328695005807536 ], [ -89.242633916311476, 14.315220338182677 ], [ -89.229159248686628, 14.315220338182669 ], [ -89.229159248686628, 14.342169673432402 ], [ -89.202209913436889, 14.342169673432405 ], [ -89.202209913436889, 14.369119008682137 ], [ -89.148311242937424, 14.369119008682134 ], [ -89.148311242937424, 14.355644341057268 ], [ -89.161785910562287, 14.355644341057275 ], [ -89.161785910562287, 14.342169673432409 ], [ -89.148311242937424, 14.342169673432409 ], [ -89.148311242937424, 14.315220338182677 ], [ -89.121361907687685, 14.315220338182675 ], [ -89.121361907687685, 14.328695005807536 ], [ -89.134836575312562, 14.328695005807536 ], [ -89.134836575312562, 14.342169673432405 ], [ -89.121361907687685, 14.342169673432402 ], [ -89.121361907687685, 14.369119008682141 ], [ -89.134836575312562, 14.369119008682137 ], [ -89.134836575312562, 14.396068343931868 ], [ -89.121361907687685, 14.396068343931869 ], [ -89.121361907687685, 14.409543011556734 ], [ -89.09441257243796, 14.40954301155673 ], [ -89.09441257243796, 14.382593676307003 ], [ -89.080937904813098, 14.382593676307003 ], [ -89.080937904813098, 14.342169673432409 ], [ -89.067463237188235, 14.342169673432409 ], [ -89.067463237188235, 14.328695005807532 ], [ -89.040513901938496, 14.328695005807536 ], [ -89.040513901938496, 14.315220338182669 ], [ -89.027039234313634, 14.315220338182671 ], [ -89.027039234313634, 14.28827100293295 ], [ -89.040513901938496, 14.288271002932946 ], [ -89.040513901938496, 14.274796335308078 ], [ -89.013564566688771, 14.274796335308082 ], [ -89.013564566688771, 14.261321667683214 ], [ -88.986615231439046, 14.261321667683214 ], [ -88.986615231439046, 14.234372332433487 ], [ -89.000089899063909, 14.234372332433486 ], [ -89.000089899063909, 14.220897664808621 ], [ -88.986615231439046, 14.220897664808616 ], [ -88.986615231439046, 14.20742299718375 ], [ -88.905767225689843, 14.207422997183755 ], [ -88.905767225689843, 14.193948329558893 ], [ -88.878817890440118, 14.193948329558882 ], [ -88.878817890440118, 14.140049659059429 ], [ -88.851868555190393, 14.140049659059429 ], [ -88.851868555190393, 14.126574991434564 ], [ -88.838393887565516, 14.126574991434564 ], [ -88.838393887565516, 14.113100323809695 ], [ -88.811444552315791, 14.1131003238097 ], [ -88.811444552315791, 14.126574991434564 ], [ -88.797969884690929, 14.126574991434568 ], [ -88.797969884690929, 14.140049659059425 ], [ -88.811444552315791, 14.140049659059432 ], [ -88.811444552315791, 14.153524326684293 ], [ -88.771020549441189, 14.153524326684291 ], [ -88.771020549441189, 14.140049659059423 ], [ -88.744071214191464, 14.140049659059432 ], [ -88.744071214191464, 14.126574991434564 ], [ -88.730596546566602, 14.126574991434559 ], [ -88.730596546566602, 14.086150988559966 ], [ -88.71712187894174, 14.086150988559966 ], [ -88.71712187894174, 14.045726985685366 ], [ -88.703647211316863, 14.04572698568537 ], [ -88.703647211316863, 14.018777650435641 ], [ -88.71712187894174, 14.018777650435647 ], [ -88.71712187894174, 14.032252318060507 ], [ -88.730596546566602, 14.032252318060507 ], [ -88.730596546566602, 14.005302982810774 ], [ -88.771020549441189, 14.005302982810772 ], [ -88.771020549441189, 14.018777650435641 ], [ -88.784495217066066, 14.018777650435645 ], [ -88.784495217066066, 14.045726985685365 ], [ -88.797969884690929, 14.045726985685366 ], [ -88.797969884690929, 14.059201653310238 ], [ -88.824919219940654, 14.059201653310241 ], [ -88.824919219940654, 14.032252318060511 ], [ -88.838393887565516, 14.032252318060507 ], [ -88.838393887565516, 14.018777650435641 ], [ -88.865343222815255, 14.018777650435643 ], [ -88.865343222815255, 13.978353647561047 ], [ -88.851868555190393, 13.978353647561047 ], [ -88.851868555190393, 13.951404312311315 ], [ -88.865343222815255, 13.951404312311315 ], [ -88.865343222815255, 13.937929644686447 ], [ -88.878817890440118, 13.937929644686447 ], [ -88.878817890440118, 13.91098030943672 ], [ -88.865343222815255, 13.91098030943672 ], [ -88.865343222815255, 13.924454977061584 ], [ -88.811444552315791, 13.924454977061584 ], [ -88.811444552315791, 13.91098030943672 ], [ -88.797969884690929, 13.910980309436724 ], [ -88.797969884690929, 13.884030974186985 ], [ -88.784495217066066, 13.884030974186983 ], [ -88.784495217066066, 13.870556306562127 ], [ -88.757545881816327, 13.870556306562118 ], [ -88.757545881816327, 13.857081638937265 ], [ -88.771020549441189, 13.85708163893726 ], [ -88.771020549441189, 13.81665763606266 ], [ -88.703647211316863, 13.81665763606266 ], [ -88.703647211316863, 13.803182968437797 ], [ -88.690172543692, 13.803182968437797 ], [ -88.690172543692, 13.776233633188069 ], [ -88.703647211316863, 13.776233633188065 ], [ -88.703647211316863, 13.762758965563204 ], [ -88.676697876067138, 13.762758965563203 ], [ -88.676697876067138, 13.776233633188067 ], [ -88.663223208442275, 13.776233633188067 ], [ -88.663223208442275, 13.762758965563199 ], [ -88.636273873192536, 13.762758965563199 ], [ -88.636273873192536, 13.776233633188065 ], [ -88.609324537942811, 13.776233633188061 ], [ -88.609324537942811, 13.789708300812924 ], [ -88.595849870317949, 13.789708300812929 ], [ -88.595849870317949, 13.803182968437797 ], [ -88.582375202693086, 13.803182968437797 ], [ -88.582375202693086, 13.816657636062669 ], [ -88.595849870317949, 13.816657636062663 ], [ -88.595849870317949, 13.830132303687522 ], [ -88.582375202693086, 13.830132303687522 ], [ -88.582375202693086, 13.84360697131239 ], [ -88.609324537942811, 13.843606971312393 ], [ -88.609324537942811, 13.857081638937263 ], [ -88.622799205567674, 13.85708163893726 ], [ -88.622799205567674, 13.816657636062667 ], [ -88.636273873192536, 13.816657636062661 ], [ -88.636273873192536, 13.830132303687527 ], [ -88.663223208442275, 13.83013230368752 ], [ -88.663223208442275, 13.84360697131239 ], [ -88.649748540817413, 13.843606971312388 ], [ -88.649748540817413, 13.85708163893726 ], [ -88.636273873192536, 13.857081638937258 ], [ -88.636273873192536, 13.870556306562127 ], [ -88.622799205567674, 13.870556306562124 ], [ -88.622799205567674, 13.884030974186986 ], [ -88.555425867443347, 13.884030974186983 ], [ -88.555425867443347, 13.870556306562124 ], [ -88.528476532193622, 13.87055630656212 ], [ -88.528476532193622, 13.85708163893726 ], [ -88.541951199818484, 13.857081638937263 ], [ -88.541951199818484, 13.830132303687526 ], [ -88.555425867443347, 13.830132303687524 ], [ -88.555425867443347, 13.803182968437797 ], [ -88.541951199818484, 13.803182968437797 ], [ -88.541951199818484, 13.789708300812935 ], [ -88.528476532193622, 13.789708300812929 ], [ -88.528476532193622, 13.776233633188063 ], [ -88.555425867443347, 13.776233633188067 ], [ -88.555425867443347, 13.789708300812933 ], [ -88.582375202693086, 13.789708300812931 ], [ -88.582375202693086, 13.776233633188063 ], [ -88.595849870317949, 13.776233633188061 ], [ -88.595849870317949, 13.749284297938335 ], [ -88.582375202693086, 13.749284297938337 ], [ -88.582375202693086, 13.735809630313467 ], [ -88.568900535068209, 13.735809630313469 ], [ -88.568900535068209, 13.722334962688606 ], [ -88.555425867443347, 13.722334962688606 ], [ -88.555425867443347, 13.735809630313469 ], [ -88.541951199818484, 13.735809630313474 ], [ -88.541951199818484, 13.749284297938337 ], [ -88.528476532193622, 13.749284297938337 ], [ -88.528476532193622, 13.708860295063744 ], [ -88.51500186456876, 13.70886029506374 ], [ -88.51500186456876, 13.695385627438879 ], [ -88.541951199818484, 13.695385627438876 ], [ -88.541951199818484, 13.68191095981401 ], [ -88.51500186456876, 13.68191095981401 ], [ -88.51500186456876, 13.668436292189146 ], [ -88.541951199818484, 13.668436292189146 ], [ -88.541951199818484, 13.654961624564285 ], [ -88.555425867443347, 13.65496162456428 ], [ -88.555425867443347, 13.614537621689689 ], [ -88.541951199818484, 13.614537621689685 ], [ -88.541951199818484, 13.628012289314546 ], [ -88.528476532193622, 13.628012289314544 ], [ -88.528476532193622, 13.601062954064819 ], [ -88.51500186456876, 13.601062954064819 ], [ -88.51500186456876, 13.57411361881509 ], [ -88.461103194069295, 13.574113618815087 ], [ -88.461103194069295, 13.560638951190223 ], [ -88.43415385881957, 13.560638951190221 ], [ -88.43415385881957, 13.587588286439953 ], [ -88.420679191194694, 13.587588286439953 ], [ -88.420679191194694, 13.574113618815085 ], [ -88.366780520695244, 13.574113618815085 ], [ -88.366780520695244, 13.560638951190219 ], [ -88.380255188320106, 13.560638951190219 ], [ -88.380255188320106, 13.506740280690758 ], [ -88.31288185019578, 13.506740280690758 ], [ -88.31288185019578, 13.520214948315628 ], [ -88.299407182570931, 13.520214948315624 ], [ -88.299407182570931, 13.54716428356536 ], [ -88.28593251494604, 13.547164283565358 ], [ -88.28593251494604, 13.533689615940498 ], [ -88.272457847321178, 13.533689615940496 ], [ -88.272457847321178, 13.52021494831563 ], [ -88.28593251494604, 13.520214948315623 ], [ -88.28593251494604, 13.493265613065899 ], [ -88.272457847321178, 13.493265613065899 ], [ -88.272457847321178, 13.452841610191301 ], [ -88.258983179696315, 13.452841610191305 ], [ -88.258983179696315, 13.439366942566428 ], [ -88.28593251494604, 13.439366942566432 ], [ -88.28593251494604, 13.425892274941569 ], [ -88.31288185019578, 13.425892274941571 ], [ -88.31288185019578, 13.439366942566435 ], [ -88.326356517820642, 13.439366942566432 ], [ -88.326356517820642, 13.425892274941573 ], [ -88.339831185445505, 13.425892274941569 ], [ -88.339831185445505, 13.452841610191301 ], [ -88.380255188320106, 13.4528416101913 ], [ -88.380255188320106, 13.43936694256643 ], [ -88.393729855944969, 13.439366942566435 ], [ -88.393729855944969, 13.412417607316701 ], [ -88.380255188320106, 13.412417607316705 ], [ -88.380255188320106, 13.385468272066975 ], [ -88.393729855944969, 13.385468272066969 ], [ -88.393729855944969, 13.371993604442109 ], [ -88.407204523569831, 13.371993604442109 ], [ -88.407204523569831, 13.385468272066968 ], [ -88.447628526444433, 13.385468272066969 ], [ -88.447628526444433, 13.398942939691837 ], [ -88.461103194069295, 13.398942939691837 ], [ -88.461103194069295, 13.385468272066969 ], [ -88.48805252931902, 13.385468272066969 ], [ -88.48805252931902, 13.358518936817241 ], [ -88.528476532193622, 13.358518936817244 ], [ -88.528476532193622, 13.345044269192375 ], [ -88.541951199818484, 13.345044269192375 ], [ -88.541951199818484, 13.331569601567514 ], [ -88.555425867443347, 13.331569601567514 ], [ -88.555425867443347, 13.318094933942648 ], [ -88.528476532193622, 13.318094933942648 ], [ -88.528476532193622, 13.291145598692919 ], [ -88.541951199818484, 13.291145598692912 ], [ -88.541951199818484, 13.304620266317784 ], [ -88.568900535068209, 13.30462026631778 ], [ -88.568900535068209, 13.291145598692918 ], [ -88.582375202693086, 13.291145598692918 ], [ -88.582375202693086, 13.318094933942643 ], [ -88.609324537942811, 13.318094933942643 ], [ -88.609324537942811, 13.345044269192373 ], [ -88.622799205567674, 13.345044269192378 ], [ -88.622799205567674, 13.385468272066973 ], [ -88.649748540817413, 13.385468272066975 ], [ -88.649748540817413, 13.412417607316705 ], [ -88.663223208442275, 13.412417607316701 ], [ -88.663223208442275, 13.425892274941571 ], [ -88.676697876067138, 13.425892274941569 ], [ -88.676697876067138, 13.439366942566433 ], [ -88.663223208442275, 13.439366942566433 ], [ -88.663223208442275, 13.452841610191301 ], [ -88.636273873192536, 13.452841610191301 ], [ -88.636273873192536, 13.479790945441032 ], [ -88.663223208442275, 13.479790945441032 ], [ -88.663223208442275, 13.493265613065899 ], [ -88.676697876067138, 13.493265613065898 ], [ -88.676697876067138, 13.506740280690762 ], [ -88.690172543692, 13.506740280690762 ], [ -88.690172543692, 13.520214948315624 ], [ -88.71712187894174, 13.520214948315623 ], [ -88.71712187894174, 13.533689615940492 ], [ -88.730596546566602, 13.533689615940492 ], [ -88.730596546566602, 13.547164283565358 ], [ -88.757545881816327, 13.547164283565358 ], [ -88.757545881816327, 13.587588286439955 ], [ -88.771020549441189, 13.587588286439953 ], [ -88.771020549441189, 13.547164283565351 ], [ -88.797969884690929, 13.547164283565358 ], [ -88.797969884690929, 13.57411361881509 ], [ -88.784495217066066, 13.574113618815083 ], [ -88.784495217066066, 13.601062954064822 ], [ -88.797969884690929, 13.601062954064819 ], [ -88.797969884690929, 13.587588286439956 ], [ -88.811444552315791, 13.587588286439953 ], [ -88.811444552315791, 13.560638951190224 ], [ -88.824919219940654, 13.560638951190217 ], [ -88.824919219940654, 13.547164283565355 ], [ -88.851868555190393, 13.547164283565358 ], [ -88.851868555190393, 13.533689615940492 ], [ -88.824919219940654, 13.533689615940492 ], [ -88.824919219940654, 13.506740280690762 ], [ -88.851868555190393, 13.506740280690757 ], [ -88.851868555190393, 13.493265613065901 ], [ -88.865343222815255, 13.493265613065898 ], [ -88.865343222815255, 13.506740280690758 ], [ -88.878817890440118, 13.506740280690762 ], [ -88.878817890440118, 13.493265613065898 ], [ -88.89229255806498, 13.493265613065899 ], [ -88.89229255806498, 13.520214948315621 ], [ -88.878817890440118, 13.520214948315624 ], [ -88.878817890440118, 13.533689615940492 ], [ -88.89229255806498, 13.533689615940492 ], [ -88.89229255806498, 13.560638951190217 ], [ -88.905767225689843, 13.560638951190217 ], [ -88.905767225689843, 13.587588286439953 ], [ -88.91924189331472, 13.587588286439953 ], [ -88.91924189331472, 13.614537621689676 ], [ -88.946191228564444, 13.61453762168968 ], [ -88.946191228564444, 13.601062954064822 ], [ -88.973140563814169, 13.601062954064819 ], [ -88.973140563814169, 13.587588286439953 ], [ -88.959665896189307, 13.587588286439953 ], [ -88.959665896189307, 13.574113618815085 ], [ -88.986615231439046, 13.574113618815085 ], [ -88.986615231439046, 13.601062954064822 ], [ -89.000089899063909, 13.601062954064824 ], [ -89.000089899063909, 13.574113618815089 ], [ -89.013564566688771, 13.574113618815087 ], [ -89.013564566688771, 13.560638951190219 ], [ -89.027039234313634, 13.560638951190223 ], [ -89.027039234313634, 13.547164283565353 ], [ -89.040513901938496, 13.547164283565353 ], [ -89.040513901938496, 13.560638951190217 ], [ -89.053988569563359, 13.560638951190215 ], [ -89.053988569563359, 13.587588286439956 ], [ -89.067463237188235, 13.587588286439953 ], [ -89.067463237188235, 13.601062954064817 ], [ -89.080937904813098, 13.601062954064815 ], [ -89.080937904813098, 13.587588286439953 ], [ -89.09441257243796, 13.587588286439953 ], [ -89.09441257243796, 13.560638951190217 ], [ -89.121361907687685, 13.560638951190221 ], [ -89.121361907687685, 13.547164283565358 ], [ -89.107887240062837, 13.547164283565357 ], [ -89.107887240062837, 13.533689615940496 ], [ -89.121361907687685, 13.533689615940494 ], [ -89.121361907687685, 13.520214948315621 ], [ -89.134836575312562, 13.520214948315621 ], [ -89.134836575312562, 13.506740280690757 ], [ -89.188735245812012, 13.506740280690758 ], [ -89.188735245812012, 13.493265613065898 ], [ -89.202209913436889, 13.493265613065899 ], [ -89.202209913436889, 13.506740280690758 ], [ -89.215684581061751, 13.506740280690762 ], [ -89.215684581061751, 13.493265613065898 ], [ -89.269583251561215, 13.493265613065901 ], [ -89.269583251561215, 13.533689615940492 ], [ -89.256108583936339, 13.533689615940496 ], [ -89.256108583936339, 13.560638951190221 ], [ -89.229159248686628, 13.560638951190226 ], [ -89.229159248686628, 13.574113618815083 ], [ -89.215684581061751, 13.574113618815083 ], [ -89.215684581061751, 13.587588286439953 ], [ -89.256108583936339, 13.587588286439951 ], [ -89.256108583936339, 13.574113618815089 ], [ -89.269583251561215, 13.574113618815085 ], [ -89.269583251561215, 13.587588286439953 ], [ -89.283057919186078, 13.587588286439953 ], [ -89.283057919186078, 13.574113618815089 ], [ -89.29653258681094, 13.574113618815089 ], [ -89.29653258681094, 13.587588286439951 ], [ -89.323481922060665, 13.587588286439953 ], [ -89.323481922060665, 13.601062954064817 ], [ -89.336956589685542, 13.601062954064819 ], [ -89.336956589685542, 13.587588286439953 ], [ -89.350431257310419, 13.587588286439953 ], [ -89.350431257310419, 13.628012289314549 ], [ -89.363905924935267, 13.628012289314547 ], [ -89.363905924935267, 13.614537621689685 ], [ -89.390855260184992, 13.614537621689685 ], [ -89.390855260184992, 13.601062954064819 ], [ -89.404329927809869, 13.601062954064822 ], [ -89.404329927809869, 13.560638951190223 ], [ -89.431279263059594, 13.560638951190219 ], [ -89.431279263059594, 13.547164283565358 ], [ -89.444753930684456, 13.547164283565353 ], [ -89.444753930684456, 13.533689615940492 ], [ -89.431279263059594, 13.533689615940492 ], [ -89.431279263059594, 13.520214948315632 ], [ -89.458228598309319, 13.520214948315628 ], [ -89.458228598309319, 13.506740280690762 ], [ -89.471703265934181, 13.506740280690757 ], [ -89.471703265934181, 13.520214948315623 ], [ -89.49865260118392, 13.520214948315623 ], [ -89.49865260118392, 13.574113618815083 ], [ -89.539076604058522, 13.57411361881509 ], [ -89.539076604058522, 13.587588286439953 ], [ -89.566025939308247, 13.587588286439953 ], [ -89.566025939308247, 13.574113618815085 ], [ -89.592975274557972, 13.574113618815089 ], [ -89.592975274557972, 13.587588286439955 ], [ -89.606449942182834, 13.587588286439953 ], [ -89.606449942182834, 13.614537621689685 ], [ -89.619924609807711, 13.61453762168968 ], [ -89.619924609807711, 13.654961624564283 ], [ -89.606449942182834, 13.65496162456428 ], [ -89.606449942182834, 13.628012289314546 ], [ -89.592975274557972, 13.628012289314547 ], [ -89.592975274557972, 13.641486956939413 ], [ -89.566025939308247, 13.641486956939415 ], [ -89.566025939308247, 13.654961624564281 ], [ -89.552551271683384, 13.654961624564283 ], [ -89.552551271683384, 13.641486956939413 ], [ -89.525601936433645, 13.641486956939413 ], [ -89.525601936433645, 13.668436292189138 ], [ -89.539076604058522, 13.66843629218914 ], [ -89.539076604058522, 13.681910959814006 ], [ -89.592975274557972, 13.681910959814013 ], [ -89.592975274557972, 13.695385627438876 ], [ -89.606449942182834, 13.695385627438874 ], [ -89.606449942182834, 13.722334962688606 ], [ -89.579500606933109, 13.722334962688606 ], [ -89.579500606933109, 13.735809630313469 ], [ -89.592975274557972, 13.735809630313476 ], [ -89.592975274557972, 13.762758965563199 ], [ -89.566025939308247, 13.762758965563203 ], [ -89.566025939308247, 13.73580963031347 ], [ -89.552551271683384, 13.735809630313467 ], [ -89.552551271683384, 13.762758965563197 ], [ -89.539076604058522, 13.762758965563201 ], [ -89.539076604058522, 13.776233633188065 ], [ -89.552551271683384, 13.776233633188067 ], [ -89.552551271683384, 13.789708300812933 ], [ -89.539076604058522, 13.789708300812931 ], [ -89.539076604058522, 13.803182968437797 ], [ -89.579500606933109, 13.803182968437797 ], [ -89.579500606933109, 13.816657636062665 ], [ -89.592975274557972, 13.81665763606266 ], [ -89.592975274557972, 13.85708163893726 ], [ -89.579500606933109, 13.85708163893726 ], [ -89.579500606933109, 13.870556306562124 ], [ -89.606449942182834, 13.870556306562124 ], [ -89.606449942182834, 13.857081638937261 ], [ -89.619924609807711, 13.857081638937258 ], [ -89.619924609807711, 13.870556306562122 ], [ -89.633399277432574, 13.870556306562124 ], [ -89.633399277432574, 13.897505641811854 ], [ -89.673823280307161, 13.897505641811854 ], [ -89.673823280307161, 13.91098030943672 ], [ -89.687297947932038, 13.91098030943672 ], [ -89.687297947932038, 13.937929644686447 ], [ -89.7007726155569, 13.937929644686449 ], [ -89.7007726155569, 13.897505641811856 ], [ -89.741196618431488, 13.897505641811851 ], [ -89.741196618431488, 13.88403097418699 ], [ -89.768145953681227, 13.88403097418699 ], [ -89.768145953681227, 13.91098030943672 ], [ -89.781620621306104, 13.910980309436722 ], [ -89.781620621306104, 13.951404312311311 ], [ -89.754671286056364, 13.951404312311309 ], [ -89.754671286056364, 13.964878979936181 ], [ -89.768145953681227, 13.964878979936181 ], [ -89.768145953681227, 13.978353647561043 ], [ -89.781620621306104, 13.978353647561045 ], [ -89.781620621306104, 13.991828315185908 ], [ -89.795095288930952, 13.991828315185913 ], [ -89.795095288930952, 14.00530298281077 ], [ -89.768145953681227, 14.005302982810777 ], [ -89.768145953681227, 13.991828315185911 ], [ -89.741196618431488, 13.991828315185913 ], [ -89.741196618431488, 14.018777650435641 ], [ -89.714247283181763, 14.018777650435643 ], [ -89.714247283181763, 14.032252318060511 ], [ -89.7007726155569, 14.032252318060507 ], [ -89.7007726155569, 14.018777650435641 ], [ -89.687297947932038, 14.018777650435641 ], [ -89.687297947932038, 14.005302982810772 ], [ -89.673823280307161, 14.005302982810775 ], [ -89.673823280307161, 13.991828315185911 ], [ -89.660348612682313, 13.991828315185911 ], [ -89.660348612682313, 14.018777650435641 ], [ -89.633399277432574, 14.018777650435643 ], [ -89.633399277432574, 13.991828315185913 ], [ -89.606449942182834, 13.991828315185909 ], [ -89.606449942182834, 14.005302982810772 ], [ -89.579500606933109, 14.005302982810775 ], [ -89.579500606933109, 14.032252318060507 ], [ -89.566025939308247, 14.032252318060504 ], [ -89.566025939308247, 14.045726985685366 ], [ -89.539076604058522, 14.045726985685373 ], [ -89.539076604058522, 14.059201653310236 ], [ -89.512127268808783, 14.059201653310236 ], [ -89.512127268808783, 14.072676320935102 ], [ -89.49865260118392, 14.072676320935102 ], [ -89.49865260118392, 14.032252318060507 ], [ -89.485177933559058, 14.032252318060507 ], [ -89.485177933559058, 14.045726985685366 ], [ -89.471703265934181, 14.045726985685366 ], [ -89.471703265934181, 14.059201653310234 ], [ -89.444753930684456, 14.059201653310234 ], [ -89.444753930684456, 14.072676320935095 ], [ -89.431279263059594, 14.072676320935102 ], [ -89.431279263059594, 14.059201653310234 ], [ -89.390855260184992, 14.059201653310234 ], [ -89.390855260184992, 14.072676320935102 ], [ -89.363905924935267, 14.072676320935102 ], [ -89.363905924935267, 14.059201653310234 ], [ -89.377380592560129, 14.059201653310234 ], [ -89.377380592560129, 14.045726985685365 ], [ -89.350431257310419, 14.045726985685365 ], [ -89.350431257310419, 14.032252318060504 ], [ -89.336956589685542, 14.032252318060502 ], [ -89.336956589685542, 14.018777650435643 ], [ -89.323481922060665, 14.018777650435645 ], [ -89.323481922060665, 14.032252318060507 ], [ -89.310007254435803, 14.032252318060507 ], [ -89.310007254435803, 14.018777650435645 ], [ -89.29653258681094, 14.018777650435641 ], [ -89.29653258681094, 14.032252318060502 ], [ -89.283057919186078, 14.032252318060507 ], [ -89.283057919186078, 14.018777650435641 ], [ -89.256108583936339, 14.018777650435641 ], [ -89.256108583936339, 14.005302982810777 ], [ -89.242633916311476, 14.00530298281077 ], [ -89.242633916311476, 14.032252318060506 ], [ -89.229159248686628, 14.032252318060507 ], [ -89.229159248686628, 14.045726985685365 ], [ -89.215684581061751, 14.045726985685368 ], [ -89.215684581061751, 14.059201653310234 ], [ -89.202209913436889, 14.059201653310234 ], [ -89.202209913436889, 14.072676320935102 ], [ -89.215684581061751, 14.072676320935102 ], [ -89.215684581061751, 14.153524326684289 ], [ -89.148311242937424, 14.153524326684295 ], [ -89.148311242937424, 14.140049659059423 ], [ -89.09441257243796, 14.140049659059425 ], [ -89.09441257243796, 14.086150988559965 ], [ -89.080937904813098, 14.086150988559965 ], [ -89.080937904813098, 14.072676320935102 ], [ -89.121361907687685, 14.072676320935102 ], [ -89.121361907687685, 14.032252318060506 ], [ -89.080937904813098, 14.032252318060504 ], [ -89.080937904813098, 14.04572698568537 ], [ -89.067463237188235, 14.045726985685373 ], [ -89.067463237188235, 14.018777650435641 ], [ -89.040513901938496, 14.018777650435641 ], [ -89.040513901938496, 14.005302982810772 ], [ -89.013564566688771, 14.005302982810774 ], [ -89.013564566688771, 13.991828315185908 ], [ -89.027039234313634, 13.991828315185913 ], [ -89.027039234313634, 13.951404312311315 ], [ -89.013564566688771, 13.951404312311309 ], [ -89.013564566688771, 13.93792964468645 ], [ -89.027039234313634, 13.937929644686445 ], [ -89.027039234313634, 13.924454977061584 ], [ -89.040513901938496, 13.924454977061583 ], [ -89.040513901938496, 13.91098030943672 ], [ -89.013564566688771, 13.910980309436722 ], [ -89.013564566688771, 13.924454977061579 ], [ -89.000089899063909, 13.924454977061584 ], [ -89.000089899063909, 13.910980309436725 ], [ -88.973140563814169, 13.91098030943672 ], [ -88.973140563814169, 13.924454977061583 ], [ -88.932716560939582, 13.924454977061579 ], [ -88.932716560939582, 13.897505641811854 ], [ -88.91924189331472, 13.897505641811854 ], [ -88.91924189331472, 13.924454977061588 ], [ -88.905767225689843, 13.924454977061581 ], [ -88.905767225689843, 13.937929644686452 ], [ -88.89229255806498, 13.937929644686452 ], [ -88.89229255806498, 13.964878979936181 ], [ -88.905767225689843, 13.964878979936181 ], [ -88.905767225689843, 14.005302982810775 ], [ -88.91924189331472, 14.005302982810777 ], [ -88.91924189331472, 14.018777650435641 ], [ -88.878817890440118, 14.018777650435641 ], [ -88.878817890440118, 14.032252318060507 ], [ -88.89229255806498, 14.032252318060502 ], [ -88.89229255806498, 14.045726985685366 ], [ -88.91924189331472, 14.045726985685365 ], [ -88.91924189331472, 14.059201653310234 ], [ -88.973140563814169, 14.059201653310234 ], [ -88.973140563814169, 14.045726985685365 ], [ -88.986615231439046, 14.04572698568537 ], [ -88.986615231439046, 14.072676320935102 ], [ -88.973140563814169, 14.072676320935106 ], [ -88.973140563814169, 14.086150988559963 ], [ -88.986615231439046, 14.086150988559968 ], [ -88.986615231439046, 14.099625656184829 ], [ -89.000089899063909, 14.099625656184834 ], [ -89.000089899063909, 14.113100323809695 ], [ -89.027039234313634, 14.113100323809698 ], [ -89.027039234313634, 14.153524326684291 ], [ -89.053988569563359, 14.153524326684289 ], [ -89.053988569563359, 14.166998994309155 ], [ -89.067463237188235, 14.166998994309155 ], [ -89.067463237188235, 14.180473661934032 ], [ -89.09441257243796, 14.180473661934029 ], [ -89.09441257243796, 14.166998994309155 ], [ -89.121361907687685, 14.166998994309159 ], [ -89.121361907687685, 14.193948329558889 ], [ -89.134836575312562, 14.193948329558889 ], [ -89.134836575312562, 14.207422997183752 ], [ -89.148311242937424, 14.207422997183752 ], [ -89.148311242937424, 14.193948329558888 ], [ -89.175260578187149, 14.193948329558886 ], [ -89.175260578187149, 14.180473661934021 ], [ -89.161785910562287, 14.180473661934029 ], [ -89.161785910562287, 14.166998994309159 ], [ -89.188735245812012, 14.166998994309155 ], [ -89.188735245812012, 14.180473661934025 ], [ -89.202209913436889, 14.180473661934025 ], [ -89.202209913436889, 14.193948329558886 ], [ -89.215684581061751, 14.193948329558886 ], [ -89.215684581061751, 14.207422997183748 ], [ -89.229159248686628, 14.207422997183752 ], [ -89.229159248686628, 14.220897664808621 ], [ -89.242633916311476, 14.220897664808618 ], [ -89.242633916311476, 14.234372332433486 ], [ -89.256108583936339, 14.234372332433486 ], [ -89.256108583936339, 14.261321667683212 ], [ -89.242633916311476, 14.261321667683216 ], [ -89.242633916311476, 14.274796335308078 ], [ -89.283057919186078, 14.274796335308078 ], [ -89.283057919186078, 14.301745670557811 ], [ -89.310007254435803, 14.301745670557809 ], [ -89.310007254435803, 14.315220338182677 ], [ -89.336956589685542, 14.315220338182673 ], [ -89.336956589685542, 14.301745670557812 ], [ -89.323481922060665, 14.301745670557816 ], [ -89.323481922060665, 14.288271002932946 ], [ -89.310007254435803, 14.288271002932946 ], [ -89.310007254435803, 14.274796335308082 ], [ -89.323481922060665, 14.274796335308082 ], [ -89.323481922060665, 14.261321667683216 ], [ -89.336956589685542, 14.261321667683216 ], [ -89.336956589685542, 14.234372332433486 ], [ -89.417804595434731, 14.234372332433482 ], [ -89.417804595434731, 14.24784700005835 ], [ -89.404329927809869, 14.247847000058352 ], [ -89.404329927809869, 14.261321667683212 ], [ -89.444753930684456, 14.261321667683214 ], [ -89.444753930684456, 14.247847000058355 ], [ -89.458228598309319, 14.247847000058348 ], [ -89.458228598309319, 14.234372332433487 ], [ -89.471703265934181, 14.234372332433486 ], [ -89.471703265934181, 14.247847000058346 ], [ -89.485177933559058, 14.247847000058352 ], [ -89.485177933559058, 14.274796335308078 ], [ -89.49865260118392, 14.274796335308082 ], [ -89.49865260118392, 14.301745670557809 ], [ -89.512127268808783, 14.301745670557811 ], [ -89.512127268808783, 14.315220338182673 ], [ -89.49865260118392, 14.315220338182671 ], [ -89.49865260118392, 14.342169673432409 ], [ -89.512127268808783, 14.342169673432409 ], [ -89.512127268808783, 14.355644341057275 ], [ -89.49865260118392, 14.355644341057271 ], [ -89.49865260118392, 14.369119008682141 ], [ -89.539076604058522, 14.369119008682134 ], [ -89.539076604058522, 14.382593676307 ], [ -89.525601936433645, 14.382593676306998 ], [ -89.525601936433645, 14.396068343931864 ], [ -89.512127268808783, 14.396068343931869 ], [ -89.512127268808783, 14.409543011556734 ], [ -89.485177933559058, 14.409543011556734 ], [ -89.485177933559058, 14.382593676307003 ], [ -89.471703265934181, 14.382593676307003 ], [ -89.471703265934181, 14.396068343931857 ], [ -89.444753930684456, 14.396068343931869 ], [ -89.444753930684456, 14.40954301155673 ], [ -89.431279263059594, 14.409543011556739 ], [ -89.431279263059594, 14.369119008682141 ], [ -89.458228598309319, 14.369119008682144 ], [ -89.458228598309319, 14.355644341057271 ], [ -89.417804595434731, 14.355644341057268 ], [ -89.417804595434731, 14.409543011556739 ], [ -89.404329927809869, 14.409543011556734 ], [ -89.404329927809869, 14.369119008682141 ], [ -89.390855260184992, 14.369119008682144 ], [ -89.390855260184992, 14.382593676306998 ], [ -89.363905924935267, 14.382593676307003 ], [ -89.363905924935267, 14.396068343931857 ], [ -89.350431257310419, 14.396068343931864 ], [ -89.350431257310419, 14.409543011556734 ], [ -89.377380592560129, 14.409543011556739 ], [ -89.377380592560129, 14.423017679181607 ], [ -89.336956589685542, 14.4230176791816 ], [ -89.336956589685542, 14.436492346806462 ], [ -89.323481922060665, 14.436492346806462 ], [ -89.323481922060665, 14.4230176791816 ], [ -89.310007254435803, 14.423017679181603 ], [ -89.310007254435803, 14.409543011556734 ], [ -89.283057919186078, 14.409543011556739 ], [ -89.283057919186078, 14.369119008682137 ], [ -89.269583251561215, 14.369119008682141 ], [ -89.269583251561215, 14.342169673432405 ], [ -89.256108583936339, 14.342169673432405 ] ], [ [ -89.121361907687685, 14.301745670557818 ], [ -89.107887240062837, 14.301745670557807 ], [ -89.107887240062837, 14.315220338182673 ], [ -89.121361907687685, 14.315220338182675 ], [ -89.121361907687685, 14.301745670557818 ] ], [ [ -89.053988569563359, 14.274796335308082 ], [ -89.053988569563359, 14.261321667683214 ], [ -89.040513901938496, 14.261321667683216 ], [ -89.040513901938496, 14.274796335308078 ], [ -89.053988569563359, 14.274796335308082 ] ], [ [ -89.053988569563359, 14.315220338182671 ], [ -89.067463237188235, 14.315220338182673 ], [ -89.067463237188235, 14.301745670557811 ], [ -89.080937904813098, 14.301745670557811 ], [ -89.080937904813098, 14.288271002932946 ], [ -89.067463237188235, 14.288271002932946 ], [ -89.067463237188235, 14.274796335308086 ], [ -89.053988569563359, 14.274796335308082 ], [ -89.053988569563359, 14.315220338182671 ] ], [ [ -88.824919219940654, 14.072676320935102 ], [ -88.865343222815255, 14.072676320935102 ], [ -88.865343222815255, 14.059201653310238 ], [ -88.824919219940654, 14.059201653310241 ], [ -88.824919219940654, 14.072676320935102 ] ], [ [ -88.797969884690929, 14.072676320935102 ], [ -88.797969884690929, 14.099625656184834 ], [ -88.811444552315791, 14.099625656184834 ], [ -88.811444552315791, 14.086150988559966 ], [ -88.824919219940654, 14.086150988559972 ], [ -88.824919219940654, 14.072676320935102 ], [ -88.797969884690929, 14.072676320935102 ] ], [ [ -88.784495217066066, 13.816657636062661 ], [ -88.784495217066066, 13.803182968437797 ], [ -88.771020549441189, 13.803182968437797 ], [ -88.771020549441189, 13.81665763606266 ], [ -88.784495217066066, 13.816657636062661 ] ], [ [ -88.703647211316863, 13.789708300812929 ], [ -88.730596546566602, 13.789708300812931 ], [ -88.730596546566602, 13.776233633188065 ], [ -88.703647211316863, 13.776233633188065 ], [ -88.703647211316863, 13.789708300812929 ] ], [ [ -88.730596546566602, 13.803182968437797 ], [ -88.744071214191464, 13.803182968437797 ], [ -88.744071214191464, 13.789708300812933 ], [ -88.730596546566602, 13.789708300812931 ], [ -88.730596546566602, 13.803182968437797 ] ], [ [ -88.609324537942811, 13.735809630313469 ], [ -88.609324537942811, 13.749284297938335 ], [ -88.622799205567674, 13.749284297938337 ], [ -88.622799205567674, 13.722334962688612 ], [ -88.609324537942811, 13.722334962688601 ], [ -88.609324537942811, 13.695385627438874 ], [ -88.582375202693086, 13.695385627438874 ], [ -88.582375202693086, 13.668436292189142 ], [ -88.568900535068209, 13.668436292189142 ], [ -88.568900535068209, 13.681910959814008 ], [ -88.555425867443347, 13.681910959814006 ], [ -88.555425867443347, 13.695385627438876 ], [ -88.568900535068209, 13.695385627438876 ], [ -88.568900535068209, 13.70886029506374 ], [ -88.582375202693086, 13.708860295063738 ], [ -88.582375202693086, 13.735809630313467 ], [ -88.609324537942811, 13.735809630313469 ] ], [ [ -88.636273873192536, 13.722334962688606 ], [ -88.636273873192536, 13.735809630313472 ], [ -88.663223208442275, 13.735809630313472 ], [ -88.663223208442275, 13.722334962688604 ], [ -88.703647211316863, 13.72233496268861 ], [ -88.703647211316863, 13.68191095981401 ], [ -88.690172543692, 13.68191095981401 ], [ -88.690172543692, 13.668436292189146 ], [ -88.676697876067138, 13.668436292189137 ], [ -88.676697876067138, 13.65496162456428 ], [ -88.663223208442275, 13.65496162456428 ], [ -88.663223208442275, 13.668436292189142 ], [ -88.622799205567674, 13.66843629218914 ], [ -88.622799205567674, 13.681910959814006 ], [ -88.663223208442275, 13.68191095981401 ], [ -88.663223208442275, 13.695385627438874 ], [ -88.676697876067138, 13.695385627438872 ], [ -88.676697876067138, 13.708860295063738 ], [ -88.636273873192536, 13.708860295063737 ], [ -88.636273873192536, 13.695385627438874 ], [ -88.622799205567674, 13.695385627438874 ], [ -88.622799205567674, 13.722334962688612 ], [ -88.636273873192536, 13.722334962688606 ] ], [ [ -88.703647211316863, 13.668436292189146 ], [ -88.703647211316863, 13.65496162456428 ], [ -88.690172543692, 13.65496162456428 ], [ -88.690172543692, 13.668436292189146 ], [ -88.703647211316863, 13.668436292189146 ] ], [ [ -88.568900535068209, 13.614537621689683 ], [ -88.568900535068209, 13.601062954064822 ], [ -88.555425867443347, 13.601062954064819 ], [ -88.555425867443347, 13.614537621689689 ], [ -88.568900535068209, 13.614537621689683 ] ], [ [ -88.48805252931902, 13.398942939691841 ], [ -88.501527196943883, 13.398942939691837 ], [ -88.501527196943883, 13.385468272066969 ], [ -88.48805252931902, 13.385468272066969 ], [ -88.48805252931902, 13.398942939691841 ] ], [ [ -88.474577861694158, 13.398942939691832 ], [ -88.474577861694158, 13.412417607316701 ], [ -88.48805252931902, 13.4124176073167 ], [ -88.48805252931902, 13.398942939691841 ], [ -88.474577861694158, 13.398942939691832 ] ], [ [ -88.48805252931902, 13.425892274941567 ], [ -88.501527196943883, 13.425892274941569 ], [ -88.501527196943883, 13.412417607316701 ], [ -88.48805252931902, 13.4124176073167 ], [ -88.48805252931902, 13.425892274941567 ] ], [ [ -88.568900535068209, 13.318094933942644 ], [ -88.568900535068209, 13.33156960156751 ], [ -88.582375202693086, 13.331569601567514 ], [ -88.582375202693086, 13.318094933942643 ], [ -88.568900535068209, 13.318094933942644 ] ], [ [ -88.636273873192536, 13.439366942566432 ], [ -88.622799205567674, 13.439366942566432 ], [ -88.622799205567674, 13.452841610191305 ], [ -88.636273873192536, 13.452841610191301 ], [ -88.636273873192536, 13.439366942566432 ] ], [ [ -88.649748540817413, 13.439366942566439 ], [ -88.649748540817413, 13.425892274941571 ], [ -88.636273873192536, 13.425892274941569 ], [ -88.636273873192536, 13.439366942566432 ], [ -88.649748540817413, 13.439366942566439 ] ], [ [ -88.663223208442275, 13.520214948315628 ], [ -88.663223208442275, 13.506740280690762 ], [ -88.649748540817413, 13.506740280690758 ], [ -88.649748540817413, 13.493265613065899 ], [ -88.636273873192536, 13.493265613065899 ], [ -88.636273873192536, 13.50674028069076 ], [ -88.622799205567674, 13.50674028069076 ], [ -88.622799205567674, 13.520214948315628 ], [ -88.595849870317949, 13.520214948315623 ], [ -88.595849870317949, 13.533689615940492 ], [ -88.609324537942811, 13.533689615940492 ], [ -88.609324537942811, 13.547164283565355 ], [ -88.622799205567674, 13.547164283565358 ], [ -88.622799205567674, 13.560638951190223 ], [ -88.649748540817413, 13.560638951190219 ], [ -88.649748540817413, 13.54716428356536 ], [ -88.663223208442275, 13.547164283565353 ], [ -88.663223208442275, 13.533689615940494 ], [ -88.676697876067138, 13.533689615940494 ], [ -88.676697876067138, 13.560638951190217 ], [ -88.690172543692, 13.560638951190219 ], [ -88.690172543692, 13.574113618815087 ], [ -88.663223208442275, 13.574113618815089 ], [ -88.663223208442275, 13.587588286439953 ], [ -88.649748540817413, 13.587588286439953 ], [ -88.649748540817413, 13.614537621689685 ], [ -88.703647211316863, 13.61453762168968 ], [ -88.703647211316863, 13.574113618815089 ], [ -88.71712187894174, 13.574113618815087 ], [ -88.71712187894174, 13.547164283565355 ], [ -88.690172543692, 13.547164283565353 ], [ -88.690172543692, 13.520214948315624 ], [ -88.663223208442275, 13.520214948315628 ] ], [ [ -88.568900535068209, 13.533689615940498 ], [ -88.568900535068209, 13.547164283565362 ], [ -88.595849870317949, 13.547164283565351 ], [ -88.595849870317949, 13.533689615940492 ], [ -88.568900535068209, 13.533689615940498 ] ], [ [ -89.390855260184992, 13.628012289314549 ], [ -89.404329927809869, 13.628012289314546 ], [ -89.404329927809869, 13.614537621689681 ], [ -89.390855260184992, 13.614537621689685 ], [ -89.390855260184992, 13.628012289314549 ] ], [ [ -89.525601936433645, 13.587588286439953 ], [ -89.525601936433645, 13.601062954064819 ], [ -89.512127268808783, 13.601062954064819 ], [ -89.512127268808783, 13.61453762168968 ], [ -89.539076604058522, 13.614537621689683 ], [ -89.539076604058522, 13.587588286439953 ], [ -89.525601936433645, 13.587588286439953 ] ], [ [ -89.592975274557972, 13.614537621689685 ], [ -89.579500606933109, 13.614537621689685 ], [ -89.579500606933109, 13.628012289314549 ], [ -89.592975274557972, 13.628012289314547 ], [ -89.592975274557972, 13.614537621689685 ] ], [ [ -89.673823280307161, 13.937929644686447 ], [ -89.673823280307161, 13.951404312311315 ], [ -89.687297947932038, 13.951404312311309 ], [ -89.687297947932038, 13.937929644686447 ], [ -89.673823280307161, 13.937929644686447 ] ], [ [ -89.660348612682313, 13.951404312311309 ], [ -89.660348612682313, 13.964878979936181 ], [ -89.673823280307161, 13.964878979936181 ], [ -89.673823280307161, 13.951404312311315 ], [ -89.660348612682313, 13.951404312311309 ] ], [ [ -89.646873945057436, 13.964878979936183 ], [ -89.646873945057436, 13.978353647561047 ], [ -89.660348612682313, 13.978353647561041 ], [ -89.660348612682313, 13.964878979936181 ], [ -89.646873945057436, 13.964878979936183 ] ], [ [ -89.646873945057436, 13.924454977061584 ], [ -89.633399277432574, 13.924454977061584 ], [ -89.633399277432574, 13.91098030943672 ], [ -89.606449942182834, 13.91098030943672 ], [ -89.606449942182834, 13.951404312311315 ], [ -89.592975274557972, 13.951404312311315 ], [ -89.592975274557972, 13.937929644686454 ], [ -89.579500606933109, 13.93792964468645 ], [ -89.579500606933109, 13.964878979936183 ], [ -89.592975274557972, 13.964878979936181 ], [ -89.592975274557972, 13.978353647561047 ], [ -89.633399277432574, 13.978353647561047 ], [ -89.633399277432574, 13.964878979936181 ], [ -89.646873945057436, 13.964878979936183 ], [ -89.646873945057436, 13.924454977061584 ] ], [ [ -89.606449942182834, 13.884030974186985 ], [ -89.592975274557972, 13.88403097418699 ], [ -89.592975274557972, 13.91098030943672 ], [ -89.606449942182834, 13.91098030943672 ], [ -89.606449942182834, 13.884030974186985 ] ], [ [ -89.579500606933109, 13.924454977061581 ], [ -89.566025939308247, 13.924454977061583 ], [ -89.566025939308247, 13.93792964468645 ], [ -89.579500606933109, 13.93792964468645 ], [ -89.579500606933109, 13.924454977061581 ] ], [ [ -89.741196618431488, 13.91098030943672 ], [ -89.754671286056364, 13.91098030943672 ], [ -89.754671286056364, 13.897505641811854 ], [ -89.741196618431488, 13.897505641811851 ], [ -89.741196618431488, 13.91098030943672 ] ], [ [ -89.714247283181763, 13.91098030943672 ], [ -89.714247283181763, 13.924454977061584 ], [ -89.741196618431488, 13.924454977061584 ], [ -89.741196618431488, 13.91098030943672 ], [ -89.714247283181763, 13.91098030943672 ] ], [ [ -89.741196618431488, 13.93792964468645 ], [ -89.754671286056364, 13.93792964468645 ], [ -89.754671286056364, 13.924454977061583 ], [ -89.741196618431488, 13.924454977061584 ], [ -89.741196618431488, 13.93792964468645 ] ], [ [ -89.714247283181763, 13.93792964468645 ], [ -89.714247283181763, 13.951404312311315 ], [ -89.741196618431488, 13.951404312311311 ], [ -89.741196618431488, 13.93792964468645 ], [ -89.714247283181763, 13.93792964468645 ] ], [ [ -89.741196618431488, 13.978353647561043 ], [ -89.727721950806625, 13.978353647561047 ], [ -89.727721950806625, 13.964878979936181 ], [ -89.714247283181763, 13.964878979936181 ], [ -89.714247283181763, 13.991828315185913 ], [ -89.741196618431488, 13.991828315185913 ], [ -89.741196618431488, 13.978353647561043 ] ], [ [ -89.485177933559058, 14.018777650435641 ], [ -89.471703265934181, 14.018777650435641 ], [ -89.471703265934181, 14.00530298281077 ], [ -89.458228598309319, 14.005302982810772 ], [ -89.458228598309319, 13.991828315185911 ], [ -89.404329927809869, 13.991828315185911 ], [ -89.404329927809869, 14.018777650435643 ], [ -89.417804595434731, 14.018777650435641 ], [ -89.417804595434731, 14.005302982810774 ], [ -89.431279263059594, 14.005302982810772 ], [ -89.431279263059594, 14.018777650435641 ], [ -89.444753930684456, 14.018777650435641 ], [ -89.444753930684456, 14.032252318060502 ], [ -89.485177933559058, 14.032252318060507 ], [ -89.485177933559058, 14.018777650435641 ] ], [ [ -89.188735245812012, 14.072676320935098 ], [ -89.188735245812012, 14.099625656184834 ], [ -89.202209913436889, 14.099625656184831 ], [ -89.202209913436889, 14.072676320935102 ], [ -89.188735245812012, 14.072676320935098 ] ], [ [ -89.175260578187149, 14.099625656184827 ], [ -89.175260578187149, 14.113100323809697 ], [ -89.148311242937424, 14.113100323809698 ], [ -89.148311242937424, 14.126574991434564 ], [ -89.202209913436889, 14.126574991434564 ], [ -89.202209913436889, 14.113100323809698 ], [ -89.188735245812012, 14.113100323809698 ], [ -89.188735245812012, 14.099625656184834 ], [ -89.175260578187149, 14.099625656184827 ] ], [ [ -89.175260578187149, 14.086150988559963 ], [ -89.121361907687685, 14.086150988559972 ], [ -89.121361907687685, 14.099625656184834 ], [ -89.175260578187149, 14.099625656184827 ], [ -89.175260578187149, 14.086150988559963 ] ], [ [ -89.134836575312562, 14.032252318060502 ], [ -89.134836575312562, 14.018777650435641 ], [ -89.121361907687685, 14.018777650435647 ], [ -89.121361907687685, 14.032252318060506 ], [ -89.134836575312562, 14.032252318060502 ] ], [ [ -89.053988569563359, 14.005302982810772 ], [ -89.053988569563359, 13.991828315185911 ], [ -89.040513901938496, 13.991828315185908 ], [ -89.040513901938496, 14.005302982810772 ], [ -89.053988569563359, 14.005302982810772 ] ], [ [ -88.905767225689843, 14.059201653310234 ], [ -88.905767225689843, 14.072676320935102 ], [ -88.91924189331472, 14.072676320935106 ], [ -88.91924189331472, 14.059201653310234 ], [ -88.905767225689843, 14.059201653310234 ] ], [ [ -89.148311242937424, 14.220897664808621 ], [ -89.161785910562287, 14.220897664808616 ], [ -89.161785910562287, 14.207422997183748 ], [ -89.148311242937424, 14.207422997183752 ], [ -89.148311242937424, 14.220897664808621 ] ], [ [ -89.363905924935267, 14.369119008682141 ], [ -89.350431257310419, 14.369119008682141 ], [ -89.350431257310419, 14.382593676307003 ], [ -89.363905924935267, 14.382593676307003 ], [ -89.363905924935267, 14.369119008682141 ] ], [ [ -89.350431257310419, 14.355644341057275 ], [ -89.363905924935267, 14.355644341057275 ], [ -89.363905924935267, 14.342169673432409 ], [ -89.323481922060665, 14.342169673432409 ], [ -89.323481922060665, 14.355644341057275 ], [ -89.336956589685542, 14.355644341057275 ], [ -89.336956589685542, 14.369119008682134 ], [ -89.350431257310419, 14.369119008682141 ], [ -89.350431257310419, 14.355644341057275 ] ], [ [ -89.107887240062837, 14.355644341057275 ], [ -89.107887240062837, 14.342169673432409 ], [ -89.09441257243796, 14.342169673432409 ], [ -89.09441257243796, 14.355644341057271 ], [ -89.107887240062837, 14.355644341057275 ] ], [ [ -89.458228598309319, 14.328695005807539 ], [ -89.458228598309319, 14.315220338182675 ], [ -89.431279263059594, 14.315220338182678 ], [ -89.431279263059594, 14.328695005807541 ], [ -89.458228598309319, 14.328695005807539 ] ], [ [ -89.188735245812012, 14.328695005807536 ], [ -89.188735245812012, 14.315220338182669 ], [ -89.175260578187149, 14.315220338182671 ], [ -89.175260578187149, 14.328695005807541 ], [ -89.188735245812012, 14.328695005807536 ] ], [ [ -89.471703265934181, 14.301745670557812 ], [ -89.471703265934181, 14.315220338182669 ], [ -89.485177933559058, 14.315220338182675 ], [ -89.485177933559058, 14.288271002932946 ], [ -89.458228598309319, 14.288271002932948 ], [ -89.458228598309319, 14.301745670557812 ], [ -89.471703265934181, 14.301745670557812 ] ], [ [ -89.363905924935267, 14.301745670557807 ], [ -89.363905924935267, 14.288271002932941 ], [ -89.350431257310419, 14.288271002932946 ], [ -89.350431257310419, 14.301745670557812 ], [ -89.363905924935267, 14.301745670557807 ] ], [ [ -89.161785910562287, 14.301745670557816 ], [ -89.161785910562287, 14.288271002932948 ], [ -89.148311242937424, 14.288271002932943 ], [ -89.148311242937424, 14.301745670557821 ], [ -89.161785910562287, 14.301745670557816 ] ], [ [ -89.134836575312562, 14.288271002932946 ], [ -89.134836575312562, 14.274796335308078 ], [ -89.148311242937424, 14.274796335308082 ], [ -89.148311242937424, 14.261321667683209 ], [ -89.134836575312562, 14.261321667683212 ], [ -89.134836575312562, 14.247847000058348 ], [ -89.121361907687685, 14.247847000058348 ], [ -89.121361907687685, 14.28827100293295 ], [ -89.134836575312562, 14.288271002932946 ] ], [ [ -89.107887240062837, 14.27479633530808 ], [ -89.107887240062837, 14.24784700005835 ], [ -89.09441257243796, 14.24784700005835 ], [ -89.09441257243796, 14.274796335308078 ], [ -89.107887240062837, 14.27479633530808 ] ], [ [ -89.067463237188235, 14.234372332433489 ], [ -89.067463237188235, 14.261321667683212 ], [ -89.080937904813098, 14.261321667683216 ], [ -89.080937904813098, 14.234372332433489 ], [ -89.067463237188235, 14.234372332433489 ] ], [ [ -89.067463237188235, 14.220897664808616 ], [ -89.053988569563359, 14.220897664808627 ], [ -89.053988569563359, 14.234372332433486 ], [ -89.067463237188235, 14.234372332433489 ], [ -89.067463237188235, 14.220897664808616 ] ], [ [ -89.215684581061751, 14.234372332433486 ], [ -89.215684581061751, 14.220897664808618 ], [ -89.202209913436889, 14.220897664808623 ], [ -89.202209913436889, 14.234372332433486 ], [ -89.215684581061751, 14.234372332433486 ] ], [ [ -89.188735245812012, 14.220897664808621 ], [ -89.188735245812012, 14.20742299718375 ], [ -89.175260578187149, 14.207422997183752 ], [ -89.175260578187149, 14.220897664808618 ], [ -89.188735245812012, 14.220897664808621 ] ], [ [ -89.013564566688771, 14.193948329558882 ], [ -89.013564566688771, 14.220897664808616 ], [ -89.027039234313634, 14.22089766480862 ], [ -89.027039234313634, 14.193948329558891 ], [ -89.013564566688771, 14.193948329558882 ] ], [ [ -89.013564566688771, 14.180473661934025 ], [ -89.000089899063909, 14.180473661934027 ], [ -89.000089899063909, 14.193948329558889 ], [ -89.013564566688771, 14.193948329558882 ], [ -89.013564566688771, 14.180473661934025 ] ], [ [ -89.000089899063909, 14.166998994309159 ], [ -88.986615231439046, 14.166998994309157 ], [ -88.986615231439046, 14.180473661934025 ], [ -89.000089899063909, 14.180473661934027 ], [ -89.000089899063909, 14.166998994309159 ] ], [ [ -88.932716560939582, 14.153524326684293 ], [ -88.932716560939582, 14.14004965905942 ], [ -88.91924189331472, 14.140049659059425 ], [ -88.91924189331472, 14.153524326684288 ], [ -88.932716560939582, 14.153524326684293 ] ], [ [ -88.905767225689843, 14.153524326684291 ], [ -88.905767225689843, 14.140049659059425 ], [ -88.89229255806498, 14.140049659059423 ], [ -88.89229255806498, 14.153524326684288 ], [ -88.905767225689843, 14.153524326684291 ] ], [ [ -88.986615231439046, 14.126574991434564 ], [ -88.986615231439046, 14.113100323809697 ], [ -88.973140563814169, 14.113100323809698 ], [ -88.973140563814169, 14.126574991434564 ], [ -88.986615231439046, 14.126574991434564 ] ], [ [ -88.878817890440118, 14.126574991434564 ], [ -88.878817890440118, 14.113100323809698 ], [ -88.865343222815255, 14.113100323809698 ], [ -88.865343222815255, 14.126574991434564 ], [ -88.878817890440118, 14.126574991434564 ] ], [ [ -88.757545881816327, 14.099625656184832 ], [ -88.757545881816327, 14.126574991434564 ], [ -88.771020549441189, 14.126574991434564 ], [ -88.771020549441189, 14.113100323809697 ], [ -88.784495217066066, 14.113100323809695 ], [ -88.784495217066066, 14.099625656184831 ], [ -88.757545881816327, 14.099625656184832 ] ], [ [ -89.148311242937424, 14.072676320935102 ], [ -89.175260578187149, 14.072676320935102 ], [ -89.175260578187149, 14.032252318060502 ], [ -89.161785910562287, 14.032252318060507 ], [ -89.161785910562287, 14.059201653310234 ], [ -89.148311242937424, 14.059201653310234 ], [ -89.148311242937424, 14.072676320935102 ] ], [ [ -89.188735245812012, 14.032252318060509 ], [ -89.188735245812012, 13.991828315185911 ], [ -89.202209913436889, 13.991828315185909 ], [ -89.202209913436889, 13.964878979936175 ], [ -89.188735245812012, 13.964878979936181 ], [ -89.188735245812012, 13.951404312311317 ], [ -89.202209913436889, 13.951404312311311 ], [ -89.202209913436889, 13.937929644686447 ], [ -89.175260578187149, 13.937929644686447 ], [ -89.175260578187149, 14.005302982810772 ], [ -89.161785910562287, 14.005302982810777 ], [ -89.161785910562287, 14.018777650435641 ], [ -89.175260578187149, 14.018777650435641 ], [ -89.175260578187149, 14.032252318060502 ], [ -89.188735245812012, 14.032252318060509 ] ], [ [ -89.188735245812012, 14.045726985685372 ], [ -89.202209913436889, 14.045726985685366 ], [ -89.202209913436889, 14.032252318060502 ], [ -89.188735245812012, 14.032252318060509 ], [ -89.188735245812012, 14.045726985685372 ] ], [ [ -89.161785910562287, 13.991828315185911 ], [ -89.148311242937424, 13.991828315185911 ], [ -89.148311242937424, 14.005302982810774 ], [ -89.161785910562287, 14.005302982810777 ], [ -89.161785910562287, 13.991828315185911 ] ], [ [ -89.525601936433645, 14.005302982810772 ], [ -89.512127268808783, 14.005302982810772 ], [ -89.512127268808783, 14.018777650435645 ], [ -89.525601936433645, 14.018777650435641 ], [ -89.525601936433645, 14.005302982810772 ] ], [ [ -89.539076604058522, 14.005302982810775 ], [ -89.539076604058522, 13.991828315185909 ], [ -89.525601936433645, 13.991828315185908 ], [ -89.525601936433645, 14.005302982810772 ], [ -89.539076604058522, 14.005302982810775 ] ], [ [ -89.350431257310419, 13.991828315185904 ], [ -89.336956589685542, 13.991828315185908 ], [ -89.336956589685542, 14.005302982810775 ], [ -89.350431257310419, 14.005302982810772 ], [ -89.350431257310419, 13.991828315185904 ] ], [ [ -89.363905924935267, 13.991828315185911 ], [ -89.363905924935267, 13.978353647561041 ], [ -89.350431257310419, 13.97835364756104 ], [ -89.350431257310419, 13.991828315185904 ], [ -89.363905924935267, 13.991828315185911 ] ], [ [ -89.310007254435803, 13.991828315185909 ], [ -89.310007254435803, 14.005302982810774 ], [ -89.323481922060665, 14.005302982810774 ], [ -89.323481922060665, 13.991828315185906 ], [ -89.310007254435803, 13.991828315185909 ] ], [ [ -89.310007254435803, 13.978353647561045 ], [ -89.29653258681094, 13.978353647561047 ], [ -89.29653258681094, 13.964878979936181 ], [ -89.242633916311476, 13.964878979936177 ], [ -89.242633916311476, 13.978353647561041 ], [ -89.256108583936339, 13.978353647561043 ], [ -89.256108583936339, 13.991828315185913 ], [ -89.310007254435803, 13.991828315185909 ], [ -89.310007254435803, 13.978353647561045 ] ], [ [ -89.242633916311476, 13.951404312311309 ], [ -89.229159248686628, 13.951404312311315 ], [ -89.229159248686628, 13.964878979936177 ], [ -89.242633916311476, 13.964878979936177 ], [ -89.242633916311476, 13.951404312311309 ] ], [ [ -89.09441257243796, 14.005302982810772 ], [ -89.09441257243796, 13.991828315185909 ], [ -89.080937904813098, 13.991828315185909 ], [ -89.080937904813098, 14.005302982810775 ], [ -89.09441257243796, 14.005302982810772 ] ], [ [ -89.310007254435803, 13.93792964468645 ], [ -89.310007254435803, 13.951404312311315 ], [ -89.336956589685542, 13.951404312311309 ], [ -89.336956589685542, 13.964878979936183 ], [ -89.363905924935267, 13.964878979936181 ], [ -89.363905924935267, 13.951404312311311 ], [ -89.377380592560129, 13.951404312311311 ], [ -89.377380592560129, 13.964878979936184 ], [ -89.390855260184992, 13.964878979936181 ], [ -89.390855260184992, 13.937929644686443 ], [ -89.404329927809869, 13.937929644686449 ], [ -89.404329927809869, 13.978353647561045 ], [ -89.417804595434731, 13.978353647561047 ], [ -89.417804595434731, 13.964878979936181 ], [ -89.431279263059594, 13.964878979936181 ], [ -89.431279263059594, 13.951404312311309 ], [ -89.417804595434731, 13.951404312311315 ], [ -89.417804595434731, 13.924454977061579 ], [ -89.390855260184992, 13.924454977061581 ], [ -89.390855260184992, 13.91098030943672 ], [ -89.377380592560129, 13.91098030943672 ], [ -89.377380592560129, 13.897505641811852 ], [ -89.390855260184992, 13.897505641811854 ], [ -89.390855260184992, 13.84360697131239 ], [ -89.404329927809869, 13.84360697131239 ], [ -89.404329927809869, 13.830132303687524 ], [ -89.417804595434731, 13.830132303687522 ], [ -89.417804595434731, 13.803182968437797 ], [ -89.431279263059594, 13.803182968437797 ], [ -89.431279263059594, 13.789708300812933 ], [ -89.444753930684456, 13.789708300812933 ], [ -89.444753930684456, 13.816657636062658 ], [ -89.458228598309319, 13.816657636062661 ], [ -89.458228598309319, 13.762758965563203 ], [ -89.444753930684456, 13.762758965563199 ], [ -89.444753930684456, 13.749284297938337 ], [ -89.417804595434731, 13.749284297938333 ], [ -89.417804595434731, 13.722334962688603 ], [ -89.377380592560129, 13.722334962688604 ], [ -89.377380592560129, 13.749284297938337 ], [ -89.390855260184992, 13.749284297938337 ], [ -89.390855260184992, 13.735809630313467 ], [ -89.404329927809869, 13.735809630313472 ], [ -89.404329927809869, 13.762758965563206 ], [ -89.390855260184992, 13.762758965563203 ], [ -89.390855260184992, 13.776233633188069 ], [ -89.377380592560129, 13.776233633188065 ], [ -89.377380592560129, 13.789708300812928 ], [ -89.350431257310419, 13.789708300812933 ], [ -89.350431257310419, 13.843606971312392 ], [ -89.363905924935267, 13.843606971312393 ], [ -89.363905924935267, 13.870556306562124 ], [ -89.350431257310419, 13.870556306562117 ], [ -89.350431257310419, 13.884030974186988 ], [ -89.336956589685542, 13.88403097418699 ], [ -89.336956589685542, 13.897505641811852 ], [ -89.323481922060665, 13.897505641811852 ], [ -89.323481922060665, 13.88403097418699 ], [ -89.29653258681094, 13.884030974186986 ], [ -89.29653258681094, 13.897505641811852 ], [ -89.283057919186078, 13.897505641811854 ], [ -89.283057919186078, 13.91098030943672 ], [ -89.29653258681094, 13.91098030943672 ], [ -89.29653258681094, 13.937929644686445 ], [ -89.310007254435803, 13.93792964468645 ] ], [ [ -89.458228598309319, 13.830132303687524 ], [ -89.485177933559058, 13.830132303687526 ], [ -89.485177933559058, 13.803182968437797 ], [ -89.471703265934181, 13.803182968437794 ], [ -89.471703265934181, 13.816657636062663 ], [ -89.458228598309319, 13.816657636062661 ], [ -89.458228598309319, 13.830132303687524 ] ], [ [ -89.350431257310419, 13.776233633188067 ], [ -89.336956589685542, 13.776233633188067 ], [ -89.336956589685542, 13.789708300812935 ], [ -89.350431257310419, 13.789708300812933 ], [ -89.350431257310419, 13.776233633188067 ] ], [ [ -89.323481922060665, 13.789708300812933 ], [ -89.323481922060665, 13.776233633188063 ], [ -89.310007254435803, 13.776233633188067 ], [ -89.310007254435803, 13.803182968437797 ], [ -89.336956589685542, 13.803182968437799 ], [ -89.336956589685542, 13.789708300812935 ], [ -89.323481922060665, 13.789708300812933 ] ], [ [ -89.161785910562287, 13.85708163893726 ], [ -89.175260578187149, 13.857081638937258 ], [ -89.175260578187149, 13.870556306562124 ], [ -89.188735245812012, 13.870556306562122 ], [ -89.188735245812012, 13.884030974186985 ], [ -89.202209913436889, 13.884030974186993 ], [ -89.202209913436889, 13.897505641811851 ], [ -89.269583251561215, 13.897505641811854 ], [ -89.269583251561215, 13.88403097418699 ], [ -89.256108583936339, 13.88403097418699 ], [ -89.256108583936339, 13.870556306562122 ], [ -89.242633916311476, 13.870556306562124 ], [ -89.242633916311476, 13.857081638937258 ], [ -89.229159248686628, 13.857081638937261 ], [ -89.229159248686628, 13.870556306562118 ], [ -89.215684581061751, 13.870556306562122 ], [ -89.215684581061751, 13.84360697131239 ], [ -89.175260578187149, 13.843606971312392 ], [ -89.175260578187149, 13.81665763606266 ], [ -89.161785910562287, 13.816657636062667 ], [ -89.161785910562287, 13.830132303687522 ], [ -89.121361907687685, 13.830132303687527 ], [ -89.121361907687685, 13.843606971312393 ], [ -89.107887240062837, 13.84360697131239 ], [ -89.107887240062837, 13.857081638937265 ], [ -89.080937904813098, 13.857081638937261 ], [ -89.080937904813098, 13.870556306562124 ], [ -89.09441257243796, 13.87055630656212 ], [ -89.09441257243796, 13.884030974186986 ], [ -89.107887240062837, 13.884030974186986 ], [ -89.107887240062837, 13.897505641811856 ], [ -89.134836575312562, 13.897505641811856 ], [ -89.134836575312562, 13.884030974186986 ], [ -89.148311242937424, 13.884030974186985 ], [ -89.148311242937424, 13.93792964468645 ], [ -89.121361907687685, 13.93792964468645 ], [ -89.121361907687685, 13.95140431231132 ], [ -89.134836575312562, 13.951404312311309 ], [ -89.134836575312562, 13.964878979936181 ], [ -89.121361907687685, 13.964878979936183 ], [ -89.121361907687685, 13.978353647561049 ], [ -89.148311242937424, 13.978353647561047 ], [ -89.148311242937424, 13.951404312311315 ], [ -89.161785910562287, 13.951404312311309 ], [ -89.161785910562287, 13.85708163893726 ] ], [ [ -89.188735245812012, 13.816657636062665 ], [ -89.188735245812012, 13.803182968437797 ], [ -89.175260578187149, 13.803182968437799 ], [ -89.175260578187149, 13.81665763606266 ], [ -89.188735245812012, 13.816657636062665 ] ], [ [ -89.067463237188235, 13.884030974186986 ], [ -89.067463237188235, 13.897505641811859 ], [ -89.09441257243796, 13.897505641811854 ], [ -89.09441257243796, 13.884030974186986 ], [ -89.067463237188235, 13.884030974186986 ] ], [ [ -89.067463237188235, 13.857081638937258 ], [ -89.040513901938496, 13.857081638937258 ], [ -89.040513901938496, 13.884030974186985 ], [ -89.067463237188235, 13.884030974186986 ], [ -89.067463237188235, 13.857081638937258 ] ], [ [ -89.458228598309319, 13.951404312311308 ], [ -89.444753930684456, 13.951404312311315 ], [ -89.444753930684456, 13.964878979936181 ], [ -89.458228598309319, 13.964878979936181 ], [ -89.458228598309319, 13.951404312311308 ] ], [ [ -89.471703265934181, 13.951404312311311 ], [ -89.471703265934181, 13.937929644686449 ], [ -89.458228598309319, 13.937929644686447 ], [ -89.458228598309319, 13.951404312311308 ], [ -89.471703265934181, 13.951404312311311 ] ], [ [ -89.552551271683384, 13.951404312311311 ], [ -89.552551271683384, 13.924454977061584 ], [ -89.539076604058522, 13.924454977061583 ], [ -89.539076604058522, 13.951404312311315 ], [ -89.552551271683384, 13.951404312311311 ] ], [ [ -89.444753930684456, 13.93792964468645 ], [ -89.444753930684456, 13.924454977061581 ], [ -89.431279263059594, 13.924454977061577 ], [ -89.431279263059594, 13.93792964468645 ], [ -89.444753930684456, 13.93792964468645 ] ], [ [ -89.256108583936339, 13.924454977061584 ], [ -89.256108583936339, 13.93792964468645 ], [ -89.269583251561215, 13.937929644686443 ], [ -89.269583251561215, 13.91098030943672 ], [ -89.242633916311476, 13.91098030943672 ], [ -89.242633916311476, 13.924454977061583 ], [ -89.256108583936339, 13.924454977061584 ] ], [ [ -89.471703265934181, 13.91098030943672 ], [ -89.471703265934181, 13.924454977061584 ], [ -89.485177933559058, 13.924454977061584 ], [ -89.485177933559058, 13.91098030943672 ], [ -89.471703265934181, 13.91098030943672 ] ], [ [ -89.471703265934181, 13.897505641811852 ], [ -89.444753930684456, 13.897505641811849 ], [ -89.444753930684456, 13.910980309436718 ], [ -89.471703265934181, 13.91098030943672 ], [ -89.471703265934181, 13.897505641811852 ] ], [ [ -89.566025939308247, 13.897505641811854 ], [ -89.566025939308247, 13.910980309436727 ], [ -89.579500606933109, 13.910980309436724 ], [ -89.579500606933109, 13.897505641811851 ], [ -89.566025939308247, 13.897505641811854 ] ], [ [ -89.566025939308247, 13.870556306562127 ], [ -89.552551271683384, 13.870556306562124 ], [ -89.552551271683384, 13.84360697131239 ], [ -89.539076604058522, 13.84360697131239 ], [ -89.539076604058522, 13.884030974186985 ], [ -89.552551271683384, 13.884030974186985 ], [ -89.552551271683384, 13.897505641811852 ], [ -89.566025939308247, 13.897505641811854 ], [ -89.566025939308247, 13.870556306562127 ] ], [ [ -89.404329927809869, 13.870556306562124 ], [ -89.404329927809869, 13.910980309436722 ], [ -89.431279263059594, 13.91098030943672 ], [ -89.431279263059594, 13.897505641811854 ], [ -89.417804595434731, 13.897505641811852 ], [ -89.417804595434731, 13.870556306562124 ], [ -89.404329927809869, 13.870556306562124 ] ], [ [ -89.525601936433645, 13.87055630656212 ], [ -89.525601936433645, 13.857081638937258 ], [ -89.512127268808783, 13.857081638937261 ], [ -89.512127268808783, 13.870556306562124 ], [ -89.525601936433645, 13.87055630656212 ] ], [ [ -89.29653258681094, 13.85708163893726 ], [ -89.269583251561215, 13.857081638937258 ], [ -89.269583251561215, 13.870556306562118 ], [ -89.29653258681094, 13.870556306562124 ], [ -89.29653258681094, 13.85708163893726 ] ], [ [ -89.310007254435803, 13.85708163893726 ], [ -89.310007254435803, 13.843606971312393 ], [ -89.29653258681094, 13.843606971312386 ], [ -89.29653258681094, 13.85708163893726 ], [ -89.310007254435803, 13.85708163893726 ] ], [ [ -88.824919219940654, 13.803182968437797 ], [ -88.824919219940654, 13.830132303687522 ], [ -88.865343222815255, 13.830132303687524 ], [ -88.865343222815255, 13.870556306562124 ], [ -88.89229255806498, 13.870556306562127 ], [ -88.89229255806498, 13.803182968437797 ], [ -88.865343222815255, 13.803182968437797 ], [ -88.865343222815255, 13.816657636062667 ], [ -88.838393887565516, 13.816657636062663 ], [ -88.838393887565516, 13.803182968437797 ], [ -88.824919219940654, 13.803182968437797 ] ], [ [ -88.824919219940654, 13.870556306562124 ], [ -88.824919219940654, 13.843606971312393 ], [ -88.797969884690929, 13.843606971312392 ], [ -88.797969884690929, 13.870556306562124 ], [ -88.824919219940654, 13.870556306562124 ] ], [ [ -89.49865260118392, 13.857081638937258 ], [ -89.49865260118392, 13.843606971312392 ], [ -89.471703265934181, 13.843606971312388 ], [ -89.471703265934181, 13.857081638937258 ], [ -89.49865260118392, 13.857081638937258 ] ], [ [ -89.444753930684456, 13.85708163893726 ], [ -89.444753930684456, 13.830132303687519 ], [ -89.431279263059594, 13.830132303687527 ], [ -89.431279263059594, 13.857081638937258 ], [ -89.444753930684456, 13.85708163893726 ] ], [ [ -89.336956589685542, 13.857081638937265 ], [ -89.336956589685542, 13.84360697131239 ], [ -89.323481922060665, 13.843606971312392 ], [ -89.323481922060665, 13.857081638937263 ], [ -89.336956589685542, 13.857081638937265 ] ], [ [ -89.579500606933109, 13.84360697131239 ], [ -89.579500606933109, 13.830132303687524 ], [ -89.566025939308247, 13.830132303687527 ], [ -89.566025939308247, 13.84360697131239 ], [ -89.579500606933109, 13.84360697131239 ] ], [ [ -89.256108583936339, 13.830132303687522 ], [ -89.256108583936339, 13.84360697131239 ], [ -89.283057919186078, 13.843606971312386 ], [ -89.283057919186078, 13.830132303687522 ], [ -89.269583251561215, 13.83013230368752 ], [ -89.269583251561215, 13.816657636062661 ], [ -89.283057919186078, 13.816657636062663 ], [ -89.283057919186078, 13.803182968437797 ], [ -89.256108583936339, 13.803182968437799 ], [ -89.256108583936339, 13.81665763606266 ], [ -89.242633916311476, 13.81665763606266 ], [ -89.242633916311476, 13.803182968437795 ], [ -89.229159248686628, 13.803182968437797 ], [ -89.229159248686628, 13.830132303687524 ], [ -89.256108583936339, 13.830132303687522 ] ], [ [ -89.229159248686628, 13.789708300812933 ], [ -89.256108583936339, 13.789708300812931 ], [ -89.256108583936339, 13.776233633188063 ], [ -89.215684581061751, 13.776233633188067 ], [ -89.215684581061751, 13.803182968437797 ], [ -89.229159248686628, 13.803182968437797 ], [ -89.229159248686628, 13.789708300812933 ] ], [ [ -89.215684581061751, 13.762758965563197 ], [ -89.202209913436889, 13.762758965563197 ], [ -89.202209913436889, 13.776233633188067 ], [ -89.215684581061751, 13.776233633188067 ], [ -89.215684581061751, 13.762758965563197 ] ], [ [ -89.188735245812012, 13.776233633188063 ], [ -89.188735245812012, 13.789708300812931 ], [ -89.202209913436889, 13.789708300812931 ], [ -89.202209913436889, 13.776233633188067 ], [ -89.188735245812012, 13.776233633188063 ] ], [ [ -89.202209913436889, 13.803182968437795 ], [ -89.202209913436889, 13.816657636062663 ], [ -89.215684581061751, 13.81665763606266 ], [ -89.215684581061751, 13.803182968437797 ], [ -89.202209913436889, 13.803182968437795 ] ], [ [ -89.040513901938496, 13.843606971312386 ], [ -89.040513901938496, 13.83013230368752 ], [ -89.027039234313634, 13.830132303687524 ], [ -89.027039234313634, 13.843606971312393 ], [ -89.040513901938496, 13.843606971312386 ] ], [ [ -89.552551271683384, 13.830132303687524 ], [ -89.552551271683384, 13.81665763606266 ], [ -89.525601936433645, 13.81665763606266 ], [ -89.525601936433645, 13.830132303687522 ], [ -89.552551271683384, 13.830132303687524 ] ], [ [ -89.512127268808783, 13.830132303687524 ], [ -89.512127268808783, 13.816657636062667 ], [ -89.49865260118392, 13.816657636062663 ], [ -89.49865260118392, 13.830132303687527 ], [ -89.512127268808783, 13.830132303687524 ] ], [ [ -89.040513901938496, 13.789708300812938 ], [ -89.040513901938496, 13.803182968437797 ], [ -89.067463237188235, 13.803182968437797 ], [ -89.067463237188235, 13.816657636062667 ], [ -89.053988569563359, 13.816657636062663 ], [ -89.053988569563359, 13.830132303687522 ], [ -89.080937904813098, 13.830132303687522 ], [ -89.080937904813098, 13.789708300812933 ], [ -89.040513901938496, 13.789708300812938 ] ], [ [ -89.040513901938496, 13.776233633188069 ], [ -89.053988569563359, 13.776233633188067 ], [ -89.053988569563359, 13.762758965563199 ], [ -89.067463237188235, 13.762758965563197 ], [ -89.067463237188235, 13.776233633188067 ], [ -89.080937904813098, 13.776233633188067 ], [ -89.080937904813098, 13.762758965563199 ], [ -89.09441257243796, 13.762758965563197 ], [ -89.09441257243796, 13.776233633188063 ], [ -89.107887240062837, 13.776233633188067 ], [ -89.107887240062837, 13.803182968437797 ], [ -89.121361907687685, 13.803182968437795 ], [ -89.121361907687685, 13.776233633188069 ], [ -89.134836575312562, 13.77623363318807 ], [ -89.134836575312562, 13.762758965563199 ], [ -89.148311242937424, 13.762758965563203 ], [ -89.148311242937424, 13.749284297938337 ], [ -89.161785910562287, 13.749284297938337 ], [ -89.161785910562287, 13.722334962688606 ], [ -89.148311242937424, 13.722334962688601 ], [ -89.148311242937424, 13.695385627438876 ], [ -89.175260578187149, 13.695385627438874 ], [ -89.175260578187149, 13.681910959814006 ], [ -89.188735245812012, 13.681910959814006 ], [ -89.188735245812012, 13.654961624564278 ], [ -89.161785910562287, 13.654961624564283 ], [ -89.161785910562287, 13.668436292189142 ], [ -89.148311242937424, 13.668436292189142 ], [ -89.148311242937424, 13.641486956939412 ], [ -89.134836575312562, 13.641486956939417 ], [ -89.134836575312562, 13.708860295063744 ], [ -89.080937904813098, 13.708860295063744 ], [ -89.080937904813098, 13.722334962688608 ], [ -89.067463237188235, 13.722334962688604 ], [ -89.067463237188235, 13.735809630313469 ], [ -89.080937904813098, 13.735809630313469 ], [ -89.080937904813098, 13.749284297938331 ], [ -89.027039234313634, 13.749284297938337 ], [ -89.027039234313634, 13.789708300812933 ], [ -89.040513901938496, 13.789708300812938 ], [ -89.040513901938496, 13.776233633188069 ] ], [ [ -89.148311242937424, 13.77623363318807 ], [ -89.161785910562287, 13.776233633188067 ], [ -89.161785910562287, 13.762758965563197 ], [ -89.148311242937424, 13.762758965563203 ], [ -89.148311242937424, 13.77623363318807 ] ], [ [ -89.080937904813098, 13.654961624564276 ], [ -89.09441257243796, 13.654961624564276 ], [ -89.09441257243796, 13.641486956939415 ], [ -89.080937904813098, 13.641486956939415 ], [ -89.080937904813098, 13.628012289314547 ], [ -89.067463237188235, 13.628012289314549 ], [ -89.067463237188235, 13.641486956939413 ], [ -89.053988569563359, 13.641486956939415 ], [ -89.053988569563359, 13.628012289314546 ], [ -89.027039234313634, 13.628012289314549 ], [ -89.027039234313634, 13.641486956939413 ], [ -89.000089899063909, 13.641486956939415 ], [ -89.000089899063909, 13.681910959814006 ], [ -88.986615231439046, 13.68191095981401 ], [ -88.986615231439046, 13.708860295063738 ], [ -89.053988569563359, 13.70886029506374 ], [ -89.053988569563359, 13.695385627438879 ], [ -89.067463237188235, 13.695385627438874 ], [ -89.067463237188235, 13.70886029506374 ], [ -89.080937904813098, 13.708860295063744 ], [ -89.080937904813098, 13.654961624564276 ] ], [ [ -89.000089899063909, 13.81665763606266 ], [ -88.973140563814169, 13.816657636062663 ], [ -88.973140563814169, 13.830132303687522 ], [ -89.000089899063909, 13.83013230368752 ], [ -89.000089899063909, 13.81665763606266 ] ], [ [ -89.013564566688771, 13.816657636062661 ], [ -89.013564566688771, 13.803182968437799 ], [ -89.000089899063909, 13.803182968437799 ], [ -89.000089899063909, 13.81665763606266 ], [ -89.013564566688771, 13.816657636062661 ] ], [ [ -88.946191228564444, 13.83013230368752 ], [ -88.946191228564444, 13.816657636062663 ], [ -88.932716560939582, 13.816657636062667 ], [ -88.932716560939582, 13.83013230368752 ], [ -88.946191228564444, 13.83013230368752 ] ], [ [ -88.811444552315791, 13.830132303687526 ], [ -88.811444552315791, 13.816657636062663 ], [ -88.797969884690929, 13.81665763606266 ], [ -88.797969884690929, 13.830132303687526 ], [ -88.811444552315791, 13.830132303687526 ] ], [ [ -89.49865260118392, 13.789708300812931 ], [ -89.49865260118392, 13.803182968437797 ], [ -89.512127268808783, 13.803182968437797 ], [ -89.512127268808783, 13.789708300812929 ], [ -89.49865260118392, 13.789708300812931 ] ], [ [ -89.49865260118392, 13.762758965563195 ], [ -89.485177933559058, 13.762758965563203 ], [ -89.485177933559058, 13.789708300812928 ], [ -89.49865260118392, 13.789708300812931 ], [ -89.49865260118392, 13.762758965563195 ] ], [ [ -88.91924189331472, 13.803182968437797 ], [ -88.91924189331472, 13.789708300812935 ], [ -88.932716560939582, 13.789708300812928 ], [ -88.932716560939582, 13.776233633188067 ], [ -88.91924189331472, 13.776233633188067 ], [ -88.91924189331472, 13.762758965563199 ], [ -88.905767225689843, 13.762758965563199 ], [ -88.905767225689843, 13.749284297938337 ], [ -88.89229255806498, 13.749284297938333 ], [ -88.89229255806498, 13.776233633188067 ], [ -88.905767225689843, 13.776233633188067 ], [ -88.905767225689843, 13.803182968437797 ], [ -88.91924189331472, 13.803182968437797 ] ], [ [ -88.89229255806498, 13.735809630313469 ], [ -88.878817890440118, 13.735809630313467 ], [ -88.878817890440118, 13.749284297938337 ], [ -88.89229255806498, 13.749284297938333 ], [ -88.89229255806498, 13.735809630313469 ] ], [ [ -88.865343222815255, 13.749284297938329 ], [ -88.865343222815255, 13.735809630313469 ], [ -88.851868555190393, 13.735809630313472 ], [ -88.851868555190393, 13.762758965563201 ], [ -88.878817890440118, 13.762758965563197 ], [ -88.878817890440118, 13.749284297938337 ], [ -88.865343222815255, 13.749284297938329 ] ], [ [ -89.013564566688771, 13.789708300812931 ], [ -89.013564566688771, 13.776233633188067 ], [ -89.000089899063909, 13.776233633188069 ], [ -89.000089899063909, 13.789708300812933 ], [ -89.013564566688771, 13.789708300812931 ] ], [ [ -88.797969884690929, 13.789708300812933 ], [ -88.797969884690929, 13.776233633188067 ], [ -88.784495217066066, 13.776233633188067 ], [ -88.784495217066066, 13.789708300812929 ], [ -88.797969884690929, 13.789708300812933 ] ], [ [ -89.525601936433645, 13.776233633188063 ], [ -89.525601936433645, 13.749284297938337 ], [ -89.512127268808783, 13.749284297938333 ], [ -89.512127268808783, 13.776233633188063 ], [ -89.525601936433645, 13.776233633188063 ] ], [ [ -89.269583251561215, 13.749284297938337 ], [ -89.269583251561215, 13.735809630313465 ], [ -89.242633916311476, 13.735809630313467 ], [ -89.242633916311476, 13.749284297938337 ], [ -89.269583251561215, 13.749284297938337 ] ], [ [ -89.000089899063909, 13.749284297938337 ], [ -89.000089899063909, 13.735809630313467 ], [ -88.986615231439046, 13.73580963031347 ], [ -88.986615231439046, 13.749284297938335 ], [ -89.000089899063909, 13.749284297938337 ] ], [ [ -88.89229255806498, 13.668436292189142 ], [ -88.89229255806498, 13.654961624564276 ], [ -88.851868555190393, 13.65496162456428 ], [ -88.851868555190393, 13.668436292189146 ], [ -88.824919219940654, 13.66843629218914 ], [ -88.824919219940654, 13.641486956939419 ], [ -88.797969884690929, 13.64148695693941 ], [ -88.797969884690929, 13.654961624564283 ], [ -88.784495217066066, 13.65496162456428 ], [ -88.784495217066066, 13.695385627438876 ], [ -88.757545881816327, 13.695385627438874 ], [ -88.757545881816327, 13.70886029506374 ], [ -88.771020549441189, 13.708860295063738 ], [ -88.771020549441189, 13.73580963031347 ], [ -88.784495217066066, 13.735809630313472 ], [ -88.784495217066066, 13.749284297938335 ], [ -88.797969884690929, 13.749284297938338 ], [ -88.797969884690929, 13.735809630313472 ], [ -88.811444552315791, 13.735809630313472 ], [ -88.811444552315791, 13.70886029506374 ], [ -88.824919219940654, 13.70886029506374 ], [ -88.824919219940654, 13.695385627438874 ], [ -88.851868555190393, 13.695385627438874 ], [ -88.851868555190393, 13.681910959814008 ], [ -88.878817890440118, 13.68191095981401 ], [ -88.878817890440118, 13.668436292189138 ], [ -88.89229255806498, 13.668436292189142 ] ], [ [ -88.838393887565516, 13.641486956939412 ], [ -88.838393887565516, 13.628012289314542 ], [ -88.824919219940654, 13.628012289314549 ], [ -88.824919219940654, 13.641486956939419 ], [ -88.838393887565516, 13.641486956939412 ] ], [ [ -88.824919219940654, 13.61453762168969 ], [ -88.811444552315791, 13.614537621689678 ], [ -88.811444552315791, 13.628012289314549 ], [ -88.824919219940654, 13.628012289314549 ], [ -88.824919219940654, 13.61453762168969 ] ], [ [ -88.757545881816327, 13.681910959814012 ], [ -88.730596546566602, 13.68191095981401 ], [ -88.730596546566602, 13.695385627438874 ], [ -88.757545881816327, 13.695385627438874 ], [ -88.757545881816327, 13.681910959814012 ] ], [ [ -89.350431257310419, 13.735809630313467 ], [ -89.350431257310419, 13.722334962688604 ], [ -89.336956589685542, 13.722334962688606 ], [ -89.336956589685542, 13.735809630313474 ], [ -89.350431257310419, 13.735809630313467 ] ], [ [ -89.458228598309319, 13.70886029506374 ], [ -89.458228598309319, 13.722334962688603 ], [ -89.485177933559058, 13.722334962688601 ], [ -89.485177933559058, 13.708860295063737 ], [ -89.458228598309319, 13.70886029506374 ] ], [ [ -89.458228598309319, 13.68191095981401 ], [ -89.444753930684456, 13.681910959814006 ], [ -89.444753930684456, 13.695385627438876 ], [ -89.431279263059594, 13.695385627438876 ], [ -89.431279263059594, 13.708860295063744 ], [ -89.458228598309319, 13.70886029506374 ], [ -89.458228598309319, 13.68191095981401 ] ], [ [ -89.49865260118392, 13.708860295063744 ], [ -89.49865260118392, 13.695385627438876 ], [ -89.485177933559058, 13.695385627438874 ], [ -89.485177933559058, 13.708860295063737 ], [ -89.49865260118392, 13.708860295063744 ] ], [ [ -89.512127268808783, 13.695385627438874 ], [ -89.512127268808783, 13.681910959814006 ], [ -89.49865260118392, 13.681910959814006 ], [ -89.49865260118392, 13.695385627438876 ], [ -89.512127268808783, 13.695385627438874 ] ], [ [ -89.29653258681094, 13.722334962688608 ], [ -89.29653258681094, 13.708860295063742 ], [ -89.283057919186078, 13.70886029506374 ], [ -89.283057919186078, 13.722334962688603 ], [ -89.29653258681094, 13.722334962688608 ] ], [ [ -89.202209913436889, 13.722334962688601 ], [ -89.202209913436889, 13.695385627438874 ], [ -89.188735245812012, 13.695385627438874 ], [ -89.188735245812012, 13.722334962688606 ], [ -89.202209913436889, 13.722334962688601 ] ], [ [ -88.878817890440118, 13.708860295063737 ], [ -88.878817890440118, 13.695385627438878 ], [ -88.865343222815255, 13.695385627438874 ], [ -88.865343222815255, 13.70886029506374 ], [ -88.878817890440118, 13.708860295063737 ] ], [ [ -89.269583251561215, 13.695385627438874 ], [ -89.269583251561215, 13.668436292189146 ], [ -89.242633916311476, 13.668436292189142 ], [ -89.242633916311476, 13.695385627438876 ], [ -89.269583251561215, 13.695385627438874 ] ], [ [ -89.121361907687685, 13.695385627438874 ], [ -89.121361907687685, 13.68191095981401 ], [ -89.107887240062837, 13.681910959814008 ], [ -89.107887240062837, 13.695385627438874 ], [ -89.121361907687685, 13.695385627438874 ] ], [ [ -89.431279263059594, 13.681910959814006 ], [ -89.431279263059594, 13.668436292189146 ], [ -89.417804595434731, 13.668436292189142 ], [ -89.417804595434731, 13.681910959814008 ], [ -89.431279263059594, 13.681910959814006 ] ], [ [ -89.363905924935267, 13.64148695693941 ], [ -89.363905924935267, 13.681910959814013 ], [ -89.390855260184992, 13.681910959814006 ], [ -89.390855260184992, 13.668436292189142 ], [ -89.377380592560129, 13.668436292189144 ], [ -89.377380592560129, 13.641486956939412 ], [ -89.363905924935267, 13.64148695693941 ] ], [ [ -89.310007254435803, 13.68191095981401 ], [ -89.310007254435803, 13.668436292189138 ], [ -89.29653258681094, 13.668436292189144 ], [ -89.29653258681094, 13.68191095981401 ], [ -89.310007254435803, 13.68191095981401 ] ], [ [ -89.471703265934181, 13.654961624564274 ], [ -89.471703265934181, 13.66843629218914 ], [ -89.485177933559058, 13.66843629218914 ], [ -89.485177933559058, 13.65496162456428 ], [ -89.49865260118392, 13.654961624564287 ], [ -89.49865260118392, 13.641486956939415 ], [ -89.471703265934181, 13.641486956939417 ], [ -89.471703265934181, 13.628012289314549 ], [ -89.458228598309319, 13.628012289314549 ], [ -89.458228598309319, 13.601062954064819 ], [ -89.444753930684456, 13.601062954064822 ], [ -89.444753930684456, 13.587588286439953 ], [ -89.458228598309319, 13.587588286439956 ], [ -89.458228598309319, 13.574113618815089 ], [ -89.417804595434731, 13.574113618815089 ], [ -89.417804595434731, 13.641486956939413 ], [ -89.458228598309319, 13.641486956939412 ], [ -89.458228598309319, 13.65496162456428 ], [ -89.471703265934181, 13.654961624564274 ] ], [ [ -89.269583251561215, 13.654961624564283 ], [ -89.269583251561215, 13.641486956939412 ], [ -89.256108583936339, 13.641486956939412 ], [ -89.256108583936339, 13.65496162456428 ], [ -89.269583251561215, 13.654961624564283 ] ], [ [ -88.91924189331472, 13.654961624564283 ], [ -88.91924189331472, 13.641486956939413 ], [ -88.905767225689843, 13.641486956939415 ], [ -88.905767225689843, 13.65496162456428 ], [ -88.91924189331472, 13.654961624564283 ] ], [ [ -88.690172543692, 13.641486956939413 ], [ -88.690172543692, 13.628012289314542 ], [ -88.676697876067138, 13.628012289314546 ], [ -88.676697876067138, 13.641486956939415 ], [ -88.690172543692, 13.641486956939413 ] ], [ [ -88.622799205567674, 13.641486956939415 ], [ -88.622799205567674, 13.628012289314549 ], [ -88.609324537942811, 13.628012289314542 ], [ -88.609324537942811, 13.641486956939415 ], [ -88.622799205567674, 13.641486956939415 ] ], [ [ -89.29653258681094, 13.614537621689681 ], [ -89.283057919186078, 13.614537621689681 ], [ -89.283057919186078, 13.628012289314549 ], [ -89.29653258681094, 13.628012289314546 ], [ -89.29653258681094, 13.614537621689681 ] ], [ [ -89.310007254435803, 13.614537621689681 ], [ -89.310007254435803, 13.601062954064819 ], [ -89.29653258681094, 13.601062954064819 ], [ -89.29653258681094, 13.614537621689681 ], [ -89.310007254435803, 13.614537621689681 ] ], [ [ -89.229159248686628, 13.628012289314546 ], [ -89.229159248686628, 13.61453762168968 ], [ -89.215684581061751, 13.614537621689685 ], [ -89.215684581061751, 13.628012289314549 ], [ -89.229159248686628, 13.628012289314546 ] ], [ [ -88.986615231439046, 13.628012289314547 ], [ -88.986615231439046, 13.61453762168968 ], [ -88.973140563814169, 13.614537621689681 ], [ -88.973140563814169, 13.628012289314542 ], [ -88.986615231439046, 13.628012289314547 ] ], [ [ -89.269583251561215, 13.614537621689678 ], [ -89.269583251561215, 13.601062954064812 ], [ -89.256108583936339, 13.601062954064822 ], [ -89.256108583936339, 13.614537621689683 ], [ -89.269583251561215, 13.614537621689678 ] ], [ [ -89.188735245812012, 13.574113618815083 ], [ -89.175260578187149, 13.574113618815089 ], [ -89.175260578187149, 13.601062954064819 ], [ -89.188735245812012, 13.601062954064815 ], [ -89.188735245812012, 13.574113618815083 ] ], [ [ -89.202209913436889, 13.574113618815089 ], [ -89.202209913436889, 13.560638951190219 ], [ -89.188735245812012, 13.560638951190217 ], [ -89.188735245812012, 13.574113618815083 ], [ -89.202209913436889, 13.574113618815089 ] ], [ [ -89.485177933559058, 13.587588286439953 ], [ -89.485177933559058, 13.574113618815089 ], [ -89.471703265934181, 13.574113618815083 ], [ -89.471703265934181, 13.587588286439949 ], [ -89.485177933559058, 13.587588286439953 ] ], [ [ -88.420679191194694, 13.533689615940494 ], [ -88.420679191194694, 13.520214948315628 ], [ -88.407204523569831, 13.520214948315623 ], [ -88.407204523569831, 13.533689615940492 ], [ -88.420679191194694, 13.533689615940494 ] ], [ [ -88.541951199818484, 13.466316277816166 ], [ -88.541951199818484, 13.47979094544103 ], [ -88.555425867443347, 13.47979094544103 ], [ -88.555425867443347, 13.520214948315624 ], [ -88.568900535068209, 13.520214948315628 ], [ -88.568900535068209, 13.493265613065898 ], [ -88.582375202693086, 13.493265613065899 ], [ -88.582375202693086, 13.479790945441032 ], [ -88.568900535068209, 13.47979094544103 ], [ -88.568900535068209, 13.466316277816166 ], [ -88.541951199818484, 13.466316277816166 ] ], [ [ -88.43415385881957, 13.479790945441032 ], [ -88.43415385881957, 13.466316277816167 ], [ -88.420679191194694, 13.46631627781616 ], [ -88.420679191194694, 13.479790945441033 ], [ -88.43415385881957, 13.479790945441032 ] ], [ [ -88.595849870317949, 13.466316277816162 ], [ -88.595849870317949, 13.452841610191296 ], [ -88.582375202693086, 13.452841610191301 ], [ -88.582375202693086, 13.466316277816164 ], [ -88.595849870317949, 13.466316277816162 ] ], [ [ -88.51500186456876, 13.466316277816162 ], [ -88.51500186456876, 13.439366942566433 ], [ -88.501527196943883, 13.439366942566432 ], [ -88.501527196943883, 13.466316277816166 ], [ -88.51500186456876, 13.466316277816162 ] ], [ [ -88.555425867443347, 13.439366942566435 ], [ -88.555425867443347, 13.452841610191305 ], [ -88.568900535068209, 13.452841610191298 ], [ -88.568900535068209, 13.425892274941569 ], [ -88.555425867443347, 13.425892274941575 ], [ -88.555425867443347, 13.398942939691835 ], [ -88.541951199818484, 13.398942939691841 ], [ -88.541951199818484, 13.412417607316705 ], [ -88.528476532193622, 13.412417607316701 ], [ -88.528476532193622, 13.425892274941569 ], [ -88.541951199818484, 13.425892274941567 ], [ -88.541951199818484, 13.439366942566435 ], [ -88.555425867443347, 13.439366942566435 ] ], [ [ -88.528476532193622, 13.398942939691842 ], [ -88.51500186456876, 13.398942939691834 ], [ -88.51500186456876, 13.4124176073167 ], [ -88.528476532193622, 13.412417607316701 ], [ -88.528476532193622, 13.398942939691842 ] ], [ [ -88.595849870317949, 13.425892274941569 ], [ -88.595849870317949, 13.412417607316701 ], [ -88.582375202693086, 13.412417607316701 ], [ -88.582375202693086, 13.425892274941569 ], [ -88.595849870317949, 13.425892274941569 ] ] ] } },
{ "type": "Feature", "properties": { "class_id": 4, "area_m2": 2172583.4141853657, "class_name": "Alto", "index": "NDII", "min_value": null, "max_value": null }, "geometry": { "type": "Polygon", "coordinates": [ [ [ -89.134836575312562, 13.870556306562126 ], [ -89.121361907687685, 13.870556306562124 ], [ -89.121361907687685, 13.857081638937258 ], [ -89.134836575312562, 13.857081638937263 ], [ -89.134836575312562, 13.870556306562126 ] ] ] } },
{ "type": "Feature", "properties": { "class_id": 4, "area_m2": 2171188.6279828176, "class_name": "Alto", "index": "NDII", "min_value": null, "max_value": null }, "geometry": { "type": "Polygon", "coordinates": [ [ [ -88.649748540817413, 13.897505641811858 ], [ -88.636273873192536, 13.897505641811851 ], [ -88.636273873192536, 13.884030974186985 ], [ -88.649748540817413, 13.884030974186985 ], [ -88.649748540817413, 13.897505641811858 ] ] ] } },
{ "type": "Feature", "properties": { "class_id": 4, "area_m2": 158473816.00081733, "class_name": "Alto", "index": "NDII", "min_value": null, "max_value": null }, "geometry": { "type": "Polygon", "coordinates": [ [ [ -88.663223208442275, 13.897505641811854 ], [ -88.703647211316863, 13.897505641811854 ], [ -88.703647211316863, 13.88403097418699 ], [ -88.71712187894174, 13.884030974186985 ], [ -88.71712187894174, 13.870556306562118 ], [ -88.730596546566602, 13.870556306562127 ], [ -88.730596546566602, 13.884030974186986 ], [ -88.784495217066066, 13.884030974186983 ], [ -88.784495217066066, 13.897505641811858 ], [ -88.757545881816327, 13.897505641811854 ], [ -88.757545881816327, 13.93792964468645 ], [ -88.771020549441189, 13.93792964468645 ], [ -88.771020549441189, 13.951404312311315 ], [ -88.797969884690929, 13.951404312311311 ], [ -88.797969884690929, 13.964878979936181 ], [ -88.744071214191464, 13.964878979936184 ], [ -88.744071214191464, 13.991828315185911 ], [ -88.690172543692, 13.991828315185913 ], [ -88.690172543692, 13.978353647561047 ], [ -88.622799205567674, 13.978353647561045 ], [ -88.622799205567674, 13.991828315185911 ], [ -88.609324537942811, 13.991828315185908 ], [ -88.609324537942811, 13.924454977061583 ], [ -88.622799205567674, 13.924454977061584 ], [ -88.622799205567674, 13.91098030943672 ], [ -88.636273873192536, 13.910980309436725 ], [ -88.636273873192536, 13.924454977061588 ], [ -88.649748540817413, 13.924454977061584 ], [ -88.649748540817413, 13.91098030943672 ], [ -88.663223208442275, 13.91098030943672 ], [ -88.663223208442275, 13.897505641811854 ] ], [ [ -88.690172543692, 13.91098030943672 ], [ -88.690172543692, 13.924454977061584 ], [ -88.703647211316863, 13.924454977061584 ], [ -88.703647211316863, 13.91098030943672 ], [ -88.690172543692, 13.91098030943672 ] ], [ [ -88.730596546566602, 13.897505641811852 ], [ -88.730596546566602, 13.91098030943672 ], [ -88.744071214191464, 13.91098030943672 ], [ -88.744071214191464, 13.897505641811854 ], [ -88.730596546566602, 13.897505641811852 ] ] ] } },
{ "type": "Feature", "properties": { "class_id": 4, "area_m2": 2171302.5372351003, "class_name": "Alto", "index": "NDII", "min_value": null, "max_value": null }, "geometry": { "type": "Polygon", "coordinates": [ [ [ -88.973140563814169, 13.964878979936181 ], [ -88.959665896189307, 13.964878979936181 ], [ -88.959665896189307, 13.951404312311311 ], [ -88.973140563814169, 13.951404312311315 ], [ -88.973140563814169, 13.964878979936181 ] ] ] } },
{ "type": "Feature", "properties": { "class_id": 4, "area_m2": 2171403.2601764891, "class_name": "Alto", "index": "NDII", "min_value": null, "max_value": null }, "geometry": { "type": "Polygon", "coordinates": [ [ [ -89.013564566688771, 13.964878979936181 ], [ -89.000089899063909, 13.964878979936181 ], [ -89.000089899063909, 13.951404312311315 ], [ -89.013564566688771, 13.951404312311309 ], [ -89.013564566688771, 13.964878979936181 ] ] ] } },
{ "type": "Feature", "properties": { "class_id": 4, "area_m2": 13023857.981125826, "class_name": "Alto", "index": "NDII", "min_value": null, "max_value": null }, "geometry": { "type": "Polygon", "coordinates": [ [ [ -88.797969884690929, 13.991828315185908 ], [ -88.811444552315791, 13.991828315185911 ], [ -88.811444552315791, 13.978353647561045 ], [ -88.824919219940654, 13.978353647561043 ], [ -88.824919219940654, 13.964878979936181 ], [ -88.838393887565516, 13.964878979936181 ], [ -88.838393887565516, 13.991828315185906 ], [ -88.824919219940654, 13.991828315185911 ], [ -88.824919219940654, 14.018777650435643 ], [ -88.811444552315791, 14.018777650435641 ], [ -88.811444552315791, 14.005302982810774 ], [ -88.797969884690929, 14.005302982810775 ], [ -88.797969884690929, 13.991828315185908 ] ] ] } },
{ "type": "Feature", "properties": { "class_id": 4, "area_m2": 23880661.741852265, "class_name": "Alto", "index": "NDII", "min_value": null, "max_value": null }, "geometry": { "type": "Polygon", "coordinates": [ [ [ -88.959665896189307, 14.018777650435641 ], [ -88.986615231439046, 14.018777650435641 ], [ -88.986615231439046, 14.005302982810772 ], [ -88.973140563814169, 14.005302982810772 ], [ -88.973140563814169, 13.991828315185911 ], [ -88.959665896189307, 13.991828315185908 ], [ -88.959665896189307, 13.978353647561047 ], [ -88.986615231439046, 13.978353647561047 ], [ -88.986615231439046, 13.964878979936181 ], [ -89.000089899063909, 13.964878979936181 ], [ -89.000089899063909, 14.018777650435641 ], [ -89.013564566688771, 14.018777650435641 ], [ -89.013564566688771, 14.032252318060504 ], [ -88.959665896189307, 14.0322523180605 ], [ -88.959665896189307, 14.018777650435641 ] ] ] } },
{ "type": "Feature", "properties": { "class_id": 4, "area_m2": 2170393.1475090985, "class_name": "Alto", "index": "NDII", "min_value": null, "max_value": null }, "geometry": { "type": "Polygon", "coordinates": [ [ [ -88.797969884690929, 14.018777650435641 ], [ -88.784495217066066, 14.018777650435645 ], [ -88.784495217066066, 14.005302982810772 ], [ -88.797969884690929, 14.005302982810775 ], [ -88.797969884690929, 14.018777650435641 ] ] ] } },
{ "type": "Feature", "properties": { "class_id": 4, "area_m2": 4341354.6519550039, "class_name": "Alto", "index": "NDII", "min_value": null, "max_value": null }, "geometry": { "type": "Polygon", "coordinates": [ [ [ -88.946191228564444, 14.032252318060511 ], [ -88.932716560939582, 14.032252318060507 ], [ -88.932716560939582, 14.005302982810774 ], [ -88.946191228564444, 14.005302982810775 ], [ -88.946191228564444, 14.032252318060511 ] ] ] } },
{ "type": "Feature", "properties": { "class_id": 4, "area_m2": 2170523.3084349982, "class_name": "Alto", "index": "NDII", "min_value": null, "max_value": null }, "geometry": { "type": "Polygon", "coordinates": [ [ [ -88.946191228564444, 14.032252318060511 ], [ -88.959665896189307, 14.0322523180605 ], [ -88.959665896189307, 14.045726985685365 ], [ -88.946191228564444, 14.045726985685365 ], [ -88.946191228564444, 14.032252318060511 ] ] ] } },
{ "type": "Feature", "properties": { "class_id": 4, "area_m2": 17362285.131127775, "class_name": "Alto", "index": "NDII", "min_value": null, "max_value": null }, "geometry": { "type": "Polygon", "coordinates": [ [ [ -89.000089899063909, 14.086150988559968 ], [ -88.986615231439046, 14.086150988559968 ], [ -88.986615231439046, 14.072676320935102 ], [ -89.027039234313634, 14.072676320935102 ], [ -89.027039234313634, 14.05920165331024 ], [ -89.040513901938496, 14.059201653310238 ], [ -89.040513901938496, 14.072676320935102 ], [ -89.053988569563359, 14.072676320935102 ], [ -89.053988569563359, 14.086150988559968 ], [ -89.027039234313634, 14.086150988559968 ], [ -89.027039234313634, 14.099625656184834 ], [ -89.000089899063909, 14.099625656184834 ], [ -89.000089899063909, 14.086150988559968 ] ] ] } },
{ "type": "Feature", "properties": { "class_id": 4, "area_m2": 4340623.7413352579, "class_name": "Alto", "index": "NDII", "min_value": null, "max_value": null }, "geometry": { "type": "Polygon", "coordinates": [ [ [ -89.053988569563359, 14.086150988559968 ], [ -89.080937904813098, 14.086150988559965 ], [ -89.080937904813098, 14.099625656184829 ], [ -89.053988569563359, 14.099625656184832 ], [ -89.053988569563359, 14.086150988559968 ] ] ] } },
{ "type": "Feature", "properties": { "class_id": 4, "area_m2": 2170134.4714316861, "class_name": "Alto", "index": "NDII", "min_value": null, "max_value": null }, "geometry": { "type": "Polygon", "coordinates": [ [ [ -89.053988569563359, 14.1131003238097 ], [ -89.040513901938496, 14.113100323809698 ], [ -89.040513901938496, 14.099625656184825 ], [ -89.053988569563359, 14.099625656184832 ], [ -89.053988569563359, 14.1131003238097 ] ] ] } },
{ "type": "Feature", "properties": { "class_id": 4, "area_m2": 2169827.4231972531, "class_name": "Alto", "index": "NDII", "min_value": null, "max_value": null }, "geometry": { "type": "Polygon", "coordinates": [ [ [ -89.080937904813098, 14.153524326684295 ], [ -89.067463237188235, 14.153524326684293 ], [ -89.067463237188235, 14.140049659059429 ], [ -89.080937904813098, 14.140049659059432 ], [ -89.080937904813098, 14.153524326684295 ] ] ] } },
{ "type": "Feature", "properties": { "class_id": 4, "area_m2": 4353790.9556903308, "class_name": "Alto", "index": "NDII", "min_value": null, "max_value": null }, "geometry": { "type": "Polygon", "coordinates": [ [ [ -88.299407182570931, 13.183348257693998 ], [ -88.272457847321178, 13.183348257693996 ], [ -88.272457847321178, 13.16987359006913 ], [ -88.299407182570931, 13.169873590069125 ], [ -88.299407182570931, 13.183348257693998 ] ] ] } },
{ "type": "Feature", "properties": { "class_id": 4, "area_m2": 2176996.4321235991, "class_name": "Alto", "index": "NDII", "min_value": null, "max_value": null }, "geometry": { "type": "Polygon", "coordinates": [ [ [ -88.353305853070367, 13.183348257693991 ], [ -88.339831185445505, 13.183348257693993 ], [ -88.339831185445505, 13.169873590069134 ], [ -88.353305853070367, 13.16987359006913 ], [ -88.353305853070367, 13.183348257693991 ] ] ] } },
{ "type": "Feature", "properties": { "class_id": 4, "area_m2": 2177138.3589001182, "class_name": "Alto", "index": "NDII", "min_value": null, "max_value": null }, "geometry": { "type": "Polygon", "coordinates": [ [ [ -88.420679191194694, 13.169873590069123 ], [ -88.43415385881957, 13.16987359006913 ], [ -88.43415385881957, 13.183348257693993 ], [ -88.420679191194694, 13.183348257693991 ], [ -88.420679191194694, 13.169873590069123 ] ] ] } },
{ "type": "Feature", "properties": { "class_id": 4, "area_m2": 2176856.581231806, "class_name": "Alto", "index": "NDII", "min_value": null, "max_value": null }, "geometry": { "type": "Polygon", "coordinates": [ [ [ -88.339831185445505, 13.196822925318857 ], [ -88.326356517820642, 13.196822925318861 ], [ -88.326356517820642, 13.183348257693993 ], [ -88.339831185445505, 13.183348257693993 ], [ -88.339831185445505, 13.196822925318857 ] ] ] } },
{ "type": "Feature", "properties": { "class_id": 4, "area_m2": 2176902.5018319357, "class_name": "Alto", "index": "NDII", "min_value": null, "max_value": null }, "geometry": { "type": "Polygon", "coordinates": [ [ [ -88.366780520695244, 13.196822925318857 ], [ -88.353305853070367, 13.196822925318861 ], [ -88.353305853070367, 13.183348257693991 ], [ -88.366780520695244, 13.183348257693995 ], [ -88.366780520695244, 13.196822925318857 ] ] ] } },
{ "type": "Feature", "properties": { "class_id": 4, "area_m2": 4353922.5022787992, "class_name": "Alto", "index": "NDII", "min_value": null, "max_value": null }, "geometry": { "type": "Polygon", "coordinates": [ [ [ -88.407204523569831, 13.196822925318859 ], [ -88.380255188320106, 13.196822925318861 ], [ -88.380255188320106, 13.183348257693995 ], [ -88.407204523569831, 13.183348257693996 ], [ -88.407204523569831, 13.196822925318859 ] ] ] } },
{ "type": "Feature", "properties": { "class_id": 4, "area_m2": 2177145.9112009546, "class_name": "Alto", "index": "NDII", "min_value": null, "max_value": null }, "geometry": { "type": "Polygon", "coordinates": [ [ [ -88.501527196943883, 13.196822925318855 ], [ -88.48805252931902, 13.196822925318857 ], [ -88.48805252931902, 13.183348257693991 ], [ -88.501527196943883, 13.183348257693996 ], [ -88.501527196943883, 13.196822925318855 ] ] ] } },
{ "type": "Feature", "properties": { "class_id": 4, "area_m2": 2177197.3549133781, "class_name": "Alto", "index": "NDII", "min_value": null, "max_value": null }, "geometry": { "type": "Polygon", "coordinates": [ [ [ -88.528476532193622, 13.196822925318859 ], [ -88.51500186456876, 13.196822925318861 ], [ -88.51500186456876, 13.183348257693993 ], [ -88.528476532193622, 13.183348257693993 ], [ -88.528476532193622, 13.196822925318859 ] ] ] } },
{ "type": "Feature", "properties": { "class_id": 4, "area_m2": 2176427.0323783658, "class_name": "Alto", "index": "NDII", "min_value": null, "max_value": null }, "geometry": { "type": "Polygon", "coordinates": [ [ [ -88.218559176821714, 13.223772260568587 ], [ -88.205084509196851, 13.223772260568595 ], [ -88.205084509196851, 13.210297592943725 ], [ -88.218559176821714, 13.210297592943723 ], [ -88.218559176821714, 13.223772260568587 ] ] ] } },
{ "type": "Feature", "properties": { "class_id": 4, "area_m2": 2176860.9518760024, "class_name": "Alto", "index": "NDII", "min_value": null, "max_value": null }, "geometry": { "type": "Polygon", "coordinates": [ [ [ -88.461103194069295, 13.210297592943727 ], [ -88.474577861694158, 13.210297592943727 ], [ -88.474577861694158, 13.223772260568586 ], [ -88.461103194069295, 13.223772260568586 ], [ -88.461103194069295, 13.210297592943727 ] ] ] } },
{ "type": "Feature", "properties": { "class_id": 4, "area_m2": 4353848.565869973, "class_name": "Alto", "index": "NDII", "min_value": null, "max_value": null }, "geometry": { "type": "Polygon", "coordinates": [ [ [ -88.51500186456876, 13.223772260568586 ], [ -88.48805252931902, 13.223772260568591 ], [ -88.48805252931902, 13.210297592943727 ], [ -88.51500186456876, 13.210297592943723 ], [ -88.51500186456876, 13.223772260568586 ] ] ] } },
{ "type": "Feature", "properties": { "class_id": 4, "area_m2": 2177041.7510284437, "class_name": "Alto", "index": "NDII", "min_value": null, "max_value": null }, "geometry": { "type": "Polygon", "coordinates": [ [ [ -88.568900535068209, 13.223772260568589 ], [ -88.555425867443347, 13.223772260568587 ], [ -88.555425867443347, 13.210297592943725 ], [ -88.568900535068209, 13.210297592943727 ], [ -88.568900535068209, 13.223772260568589 ] ] ] } },
{ "type": "Feature", "properties": { "class_id": 4, "area_m2": 6529437.2493078662, "class_name": "Alto", "index": "NDII", "min_value": null, "max_value": null }, "geometry": { "type": "Polygon", "coordinates": [ [ [ -88.366780520695244, 13.237246928193452 ], [ -88.353305853070367, 13.237246928193453 ], [ -88.353305853070367, 13.25072159581832 ], [ -88.339831185445505, 13.250721595818321 ], [ -88.339831185445505, 13.223772260568586 ], [ -88.366780520695244, 13.223772260568587 ], [ -88.366780520695244, 13.237246928193452 ] ] ] } },
{ "type": "Feature", "properties": { "class_id": 4, "area_m2": 4353077.6183318654, "class_name": "Alto", "index": "NDII", "min_value": null, "max_value": null }, "geometry": { "type": "Polygon", "coordinates": [ [ [ -88.393729855944969, 13.250721595818323 ], [ -88.380255188320106, 13.250721595818325 ], [ -88.380255188320106, 13.223772260568587 ], [ -88.393729855944969, 13.223772260568591 ], [ -88.393729855944969, 13.250721595818323 ] ] ] } },
{ "type": "Feature", "properties": { "class_id": 4, "area_m2": 26119332.969822727, "class_name": "Alto", "index": "NDII", "min_value": null, "max_value": null }, "geometry": { "type": "Polygon", "coordinates": [ [ [ -88.474577861694158, 13.264196263443186 ], [ -88.461103194069295, 13.264196263443187 ], [ -88.461103194069295, 13.250721595818323 ], [ -88.447628526444433, 13.250721595818325 ], [ -88.447628526444433, 13.264196263443184 ], [ -88.43415385881957, 13.264196263443186 ], [ -88.43415385881957, 13.250721595818318 ], [ -88.407204523569831, 13.250721595818321 ], [ -88.407204523569831, 13.237246928193448 ], [ -88.420679191194694, 13.237246928193455 ], [ -88.420679191194694, 13.223772260568587 ], [ -88.407204523569831, 13.223772260568591 ], [ -88.407204523569831, 13.210297592943723 ], [ -88.447628526444433, 13.210297592943725 ], [ -88.447628526444433, 13.237246928193453 ], [ -88.474577861694158, 13.237246928193457 ], [ -88.474577861694158, 13.264196263443186 ] ] ] } },
{ "type": "Feature", "properties": { "class_id": 4, "area_m2": 2176887.6938024191, "class_name": "Alto", "index": "NDII", "min_value": null, "max_value": null }, "geometry": { "type": "Polygon", "coordinates": [ [ [ -88.609324537942811, 13.250721595818318 ], [ -88.595849870317949, 13.250721595818318 ], [ -88.595849870317949, 13.237246928193452 ], [ -88.609324537942811, 13.237246928193453 ], [ -88.609324537942811, 13.250721595818318 ] ] ] } },
{ "type": "Feature", "properties": { "class_id": 4, "area_m2": 39171200.00292661, "class_name": "Alto", "index": "NDII", "min_value": null, "max_value": null }, "geometry": { "type": "Polygon", "coordinates": [ [ [ -88.299407182570931, 13.25072159581832 ], [ -88.31288185019578, 13.250721595818318 ], [ -88.31288185019578, 13.264196263443186 ], [ -88.326356517820642, 13.264196263443187 ], [ -88.326356517820642, 13.277670931068055 ], [ -88.299407182570931, 13.27767093106805 ], [ -88.299407182570931, 13.291145598692916 ], [ -88.28593251494604, 13.291145598692918 ], [ -88.28593251494604, 13.277670931068053 ], [ -88.245508512071453, 13.277670931068053 ], [ -88.245508512071453, 13.264196263443184 ], [ -88.23203384444659, 13.264196263443187 ], [ -88.23203384444659, 13.237246928193452 ], [ -88.245508512071453, 13.237246928193453 ], [ -88.245508512071453, 13.25072159581832 ], [ -88.258983179696315, 13.25072159581832 ], [ -88.258983179696315, 13.223772260568595 ], [ -88.272457847321178, 13.223772260568589 ], [ -88.272457847321178, 13.237246928193461 ], [ -88.299407182570931, 13.237246928193453 ], [ -88.299407182570931, 13.25072159581832 ] ] ] } },
{ "type": "Feature", "properties": { "class_id": 4, "area_m2": 10883181.783546753, "class_name": "Alto", "index": "NDII", "min_value": null, "max_value": null }, "geometry": { "type": "Polygon", "coordinates": [ [ [ -88.555425867443347, 13.277670931068055 ], [ -88.528476532193622, 13.27767093106805 ], [ -88.528476532193622, 13.250721595818323 ], [ -88.51500186456876, 13.25072159581832 ], [ -88.51500186456876, 13.237246928193452 ], [ -88.541951199818484, 13.237246928193453 ], [ -88.541951199818484, 13.264196263443193 ], [ -88.555425867443347, 13.264196263443189 ], [ -88.555425867443347, 13.277670931068055 ] ] ] } },
{ "type": "Feature", "properties": { "class_id": 4, "area_m2": 2176742.8235905729, "class_name": "Alto", "index": "NDII", "min_value": null, "max_value": null }, "geometry": { "type": "Polygon", "coordinates": [ [ [ -88.595849870317949, 13.264196263443186 ], [ -88.582375202693086, 13.264196263443186 ], [ -88.582375202693086, 13.250721595818318 ], [ -88.595849870317949, 13.250721595818318 ], [ -88.595849870317949, 13.264196263443186 ] ] ] } },
{ "type": "Feature", "properties": { "class_id": 4, "area_m2": 4353622.5978276683, "class_name": "Alto", "index": "NDII", "min_value": null, "max_value": null }, "geometry": { "type": "Polygon", "coordinates": [ [ [ -88.636273873192536, 13.264196263443186 ], [ -88.609324537942811, 13.264196263443187 ], [ -88.609324537942811, 13.250721595818318 ], [ -88.636273873192536, 13.250721595818318 ], [ -88.636273873192536, 13.264196263443186 ] ] ] } },
{ "type": "Feature", "properties": { "class_id": 4, "area_m2": 4352764.3378454288, "class_name": "Alto", "index": "NDII", "min_value": null, "max_value": null }, "geometry": { "type": "Polygon", "coordinates": [ [ [ -88.501527196943883, 13.291145598692914 ], [ -88.48805252931902, 13.291145598692918 ], [ -88.48805252931902, 13.264196263443187 ], [ -88.501527196943883, 13.264196263443184 ], [ -88.501527196943883, 13.291145598692914 ] ] ] } },
{ "type": "Feature", "properties": { "class_id": 4, "area_m2": 17406909.004786152, "class_name": "Alto", "index": "NDII", "min_value": null, "max_value": null }, "geometry": { "type": "Polygon", "coordinates": [ [ [ -88.17813517394714, 13.264196263443186 ], [ -88.218559176821714, 13.264196263443186 ], [ -88.218559176821714, 13.277670931068053 ], [ -88.245508512071453, 13.277670931068053 ], [ -88.245508512071453, 13.304620266317784 ], [ -88.23203384444659, 13.304620266317784 ], [ -88.23203384444659, 13.291145598692921 ], [ -88.191609841571989, 13.291145598692918 ], [ -88.191609841571989, 13.277670931068046 ], [ -88.17813517394714, 13.277670931068053 ], [ -88.17813517394714, 13.264196263443186 ] ] ] } },
{ "type": "Feature", "properties": { "class_id": 4, "area_m2": 6528381.1946238391, "class_name": "Alto", "index": "NDII", "min_value": null, "max_value": null }, "geometry": { "type": "Polygon", "coordinates": [ [ [ -88.407204523569831, 13.291145598692918 ], [ -88.366780520695244, 13.291145598692918 ], [ -88.366780520695244, 13.27767093106805 ], [ -88.407204523569831, 13.27767093106805 ], [ -88.407204523569831, 13.291145598692918 ] ] ] } },
{ "type": "Feature", "properties": { "class_id": 4, "area_m2": 2176374.6454035956, "class_name": "Alto", "index": "NDII", "min_value": null, "max_value": null }, "geometry": { "type": "Polygon", "coordinates": [ [ [ -88.51500186456876, 13.277670931068053 ], [ -88.528476532193622, 13.27767093106805 ], [ -88.528476532193622, 13.291145598692919 ], [ -88.51500186456876, 13.291145598692919 ], [ -88.51500186456876, 13.277670931068053 ] ] ] } },
{ "type": "Feature", "properties": { "class_id": 4, "area_m2": 8705788.9891157188, "class_name": "Alto", "index": "NDII", "min_value": null, "max_value": null }, "geometry": { "type": "Polygon", "coordinates": [ [ [ -88.609324537942811, 13.30462026631778 ], [ -88.595849870317949, 13.304620266317785 ], [ -88.595849870317949, 13.291145598692914 ], [ -88.582375202693086, 13.291145598692918 ], [ -88.582375202693086, 13.277670931068052 ], [ -88.622799205567674, 13.277670931068053 ], [ -88.622799205567674, 13.291145598692918 ], [ -88.609324537942811, 13.291145598692918 ], [ -88.609324537942811, 13.30462026631778 ] ] ] } },
{ "type": "Feature", "properties": { "class_id": 4, "area_m2": 2175805.6917231688, "class_name": "Alto", "index": "NDII", "min_value": null, "max_value": null }, "geometry": { "type": "Polygon", "coordinates": [ [ [ -88.272457847321178, 13.304620266317784 ], [ -88.258983179696315, 13.304620266317782 ], [ -88.258983179696315, 13.291145598692918 ], [ -88.272457847321178, 13.291145598692921 ], [ -88.272457847321178, 13.304620266317784 ] ] ] } },
{ "type": "Feature", "properties": { "class_id": 4, "area_m2": 2175753.3242353103, "class_name": "Alto", "index": "NDII", "min_value": null, "max_value": null }, "geometry": { "type": "Polygon", "coordinates": [ [ [ -88.31288185019578, 13.318094933942648 ], [ -88.299407182570931, 13.318094933942648 ], [ -88.299407182570931, 13.30462026631778 ], [ -88.31288185019578, 13.304620266317784 ], [ -88.31288185019578, 13.318094933942648 ] ] ] } },
{ "type": "Feature", "properties": { "class_id": 4, "area_m2": 2176325.5498253764, "class_name": "Alto", "index": "NDII", "min_value": null, "max_value": null }, "geometry": { "type": "Polygon", "coordinates": [ [ [ -88.622799205567674, 13.318094933942641 ], [ -88.609324537942811, 13.318094933942643 ], [ -88.609324537942811, 13.30462026631778 ], [ -88.622799205567674, 13.304620266317784 ], [ -88.622799205567674, 13.318094933942641 ] ] ] } },
{ "type": "Feature", "properties": { "class_id": 4, "area_m2": 4351300.3932376271, "class_name": "Alto", "index": "NDII", "min_value": null, "max_value": null }, "geometry": { "type": "Polygon", "coordinates": [ [ [ -88.28593251494604, 13.331569601567512 ], [ -88.272457847321178, 13.33156960156751 ], [ -88.272457847321178, 13.304620266317784 ], [ -88.28593251494604, 13.30462026631778 ], [ -88.28593251494604, 13.331569601567512 ] ] ] } },
{ "type": "Feature", "properties": { "class_id": 4, "area_m2": 6527837.0928506972, "class_name": "Alto", "index": "NDII", "min_value": null, "max_value": null }, "geometry": { "type": "Polygon", "coordinates": [ [ [ -88.51500186456876, 13.331569601567514 ], [ -88.528476532193622, 13.331569601567507 ], [ -88.528476532193622, 13.345044269192375 ], [ -88.501527196943883, 13.345044269192375 ], [ -88.501527196943883, 13.318094933942643 ], [ -88.51500186456876, 13.318094933942648 ], [ -88.51500186456876, 13.331569601567514 ] ] ] } },
{ "type": "Feature", "properties": { "class_id": 4, "area_m2": 2175408.5814446947, "class_name": "Alto", "index": "NDII", "min_value": null, "max_value": null }, "geometry": { "type": "Polygon", "coordinates": [ [ [ -88.23203384444659, 13.331569601567512 ], [ -88.245508512071453, 13.331569601567507 ], [ -88.245508512071453, 13.345044269192373 ], [ -88.23203384444659, 13.345044269192375 ], [ -88.23203384444659, 13.331569601567512 ] ] ] } },
{ "type": "Feature", "properties": { "class_id": 4, "area_m2": 13053467.925323695, "class_name": "Alto", "index": "NDII", "min_value": null, "max_value": null }, "geometry": { "type": "Polygon", "coordinates": [ [ [ -88.393729855944969, 13.371993604442109 ], [ -88.380255188320106, 13.371993604442114 ], [ -88.380255188320106, 13.358518936817244 ], [ -88.366780520695244, 13.358518936817244 ], [ -88.366780520695244, 13.33156960156751 ], [ -88.380255188320106, 13.331569601567514 ], [ -88.380255188320106, 13.318094933942648 ], [ -88.393729855944969, 13.318094933942641 ], [ -88.393729855944969, 13.371993604442109 ] ] ] } },
{ "type": "Feature", "properties": { "class_id": 4, "area_m2": 15226639.464590082, "class_name": "Alto", "index": "NDII", "min_value": null, "max_value": null }, "geometry": { "type": "Polygon", "coordinates": [ [ [ -88.258983179696315, 13.331569601567514 ], [ -88.272457847321178, 13.33156960156751 ], [ -88.272457847321178, 13.358518936817244 ], [ -88.258983179696315, 13.358518936817246 ], [ -88.258983179696315, 13.385468272066975 ], [ -88.23203384444659, 13.385468272066971 ], [ -88.23203384444659, 13.358518936817244 ], [ -88.245508512071453, 13.358518936817243 ], [ -88.245508512071453, 13.345044269192373 ], [ -88.258983179696315, 13.345044269192378 ], [ -88.258983179696315, 13.331569601567514 ] ] ] } },
{ "type": "Feature", "properties": { "class_id": 4, "area_m2": 2175465.046040541, "class_name": "Alto", "index": "NDII", "min_value": null, "max_value": null }, "geometry": { "type": "Polygon", "coordinates": [ [ [ -88.420679191194694, 13.371993604442109 ], [ -88.407204523569831, 13.371993604442109 ], [ -88.407204523569831, 13.358518936817248 ], [ -88.420679191194694, 13.358518936817243 ], [ -88.420679191194694, 13.371993604442109 ] ] ] } },
{ "type": "Feature", "properties": { "class_id": 4, "area_m2": 2174359.9816078576, "class_name": "Alto", "index": "NDII", "min_value": null, "max_value": null }, "geometry": { "type": "Polygon", "coordinates": [ [ [ -88.258983179696315, 13.466316277816166 ], [ -88.245508512071453, 13.466316277816162 ], [ -88.245508512071453, 13.452841610191305 ], [ -88.258983179696315, 13.452841610191305 ], [ -88.258983179696315, 13.466316277816166 ] ] ] } },
{ "type": "Feature", "properties": { "class_id": 4, "area_m2": 2173359.273598101, "class_name": "Alto", "index": "NDII", "min_value": null, "max_value": null }, "geometry": { "type": "Polygon", "coordinates": [ [ [ -88.43415385881957, 13.614537621689683 ], [ -88.43415385881957, 13.601062954064817 ], [ -88.447628526444433, 13.601062954064815 ], [ -88.447628526444433, 13.614537621689683 ], [ -88.43415385881957, 13.614537621689683 ] ] ] } },
{ "type": "Feature", "properties": { "class_id": 4, "area_m2": 4346307.3067074809, "class_name": "Alto", "index": "NDII", "min_value": null, "max_value": null }, "geometry": { "type": "Polygon", "coordinates": [ [ [ -88.43415385881957, 13.614537621689683 ], [ -88.43415385881957, 13.641486956939415 ], [ -88.420679191194694, 13.641486956939415 ], [ -88.420679191194694, 13.614537621689685 ], [ -88.43415385881957, 13.614537621689683 ] ] ] } },
{ "type": "Feature", "properties": { "class_id": 4, "area_m2": 4346405.0568330465, "class_name": "Alto", "index": "NDII", "min_value": null, "max_value": null }, "geometry": { "type": "Polygon", "coordinates": [ [ [ -88.447628526444433, 13.614537621689683 ], [ -88.461103194069295, 13.614537621689685 ], [ -88.461103194069295, 13.641486956939413 ], [ -88.447628526444433, 13.641486956939413 ], [ -88.447628526444433, 13.614537621689683 ] ] ] } },
{ "type": "Feature", "properties": { "class_id": 4, "area_m2": 6519427.4338907143, "class_name": "Alto", "index": "NDII", "min_value": null, "max_value": null }, "geometry": { "type": "Polygon", "coordinates": [ [ [ -88.501527196943883, 13.641486956939413 ], [ -88.48805252931902, 13.641486956939413 ], [ -88.48805252931902, 13.654961624564272 ], [ -88.474577861694158, 13.65496162456428 ], [ -88.474577861694158, 13.628012289314549 ], [ -88.501527196943883, 13.628012289314549 ], [ -88.501527196943883, 13.641486956939413 ] ] ] } },
{ "type": "Feature", "properties": { "class_id": 4, "area_m2": 2172974.8833847204, "class_name": "Alto", "index": "NDII", "min_value": null, "max_value": null }, "geometry": { "type": "Polygon", "coordinates": [ [ [ -88.48805252931902, 13.654961624564272 ], [ -88.501527196943883, 13.65496162456428 ], [ -88.501527196943883, 13.66843629218914 ], [ -88.48805252931902, 13.66843629218914 ], [ -88.48805252931902, 13.654961624564272 ] ] ] } },
{ "type": "Feature", "properties": { "class_id": 4, "area_m2": 58659308.507114358, "class_name": "Alto", "index": "NDII", "min_value": null, "max_value": null }, "geometry": { "type": "Polygon", "coordinates": [ [ [ -88.461103194069295, 13.68191095981401 ], [ -88.461103194069295, 13.695385627438872 ], [ -88.447628526444433, 13.695385627438876 ], [ -88.447628526444433, 13.70886029506374 ], [ -88.474577861694158, 13.708860295063738 ], [ -88.474577861694158, 13.722334962688603 ], [ -88.461103194069295, 13.722334962688603 ], [ -88.461103194069295, 13.735809630313469 ], [ -88.474577861694158, 13.735809630313467 ], [ -88.474577861694158, 13.749284297938333 ], [ -88.43415385881957, 13.74928429793834 ], [ -88.43415385881957, 13.70886029506374 ], [ -88.420679191194694, 13.708860295063747 ], [ -88.420679191194694, 13.681910959814006 ], [ -88.407204523569831, 13.681910959814006 ], [ -88.407204523569831, 13.695385627438876 ], [ -88.380255188320106, 13.695385627438876 ], [ -88.380255188320106, 13.681910959814006 ], [ -88.366780520695244, 13.681910959814008 ], [ -88.366780520695244, 13.66843629218914 ], [ -88.380255188320106, 13.66843629218914 ], [ -88.380255188320106, 13.641486956939419 ], [ -88.393729855944969, 13.641486956939412 ], [ -88.393729855944969, 13.654961624564281 ], [ -88.407204523569831, 13.654961624564274 ], [ -88.407204523569831, 13.641486956939415 ], [ -88.420679191194694, 13.641486956939415 ], [ -88.420679191194694, 13.66843629218914 ], [ -88.474577861694158, 13.66843629218914 ], [ -88.474577861694158, 13.681910959814005 ], [ -88.461103194069295, 13.68191095981401 ] ], [ [ -88.407204523569831, 13.668436292189144 ], [ -88.393729855944969, 13.668436292189138 ], [ -88.393729855944969, 13.68191095981401 ], [ -88.407204523569831, 13.681910959814006 ], [ -88.407204523569831, 13.668436292189144 ] ] ] } },
{ "type": "Feature", "properties": { "class_id": 4, "area_m2": 2172270.7844344429, "class_name": "Alto", "index": "NDII", "min_value": null, "max_value": null }, "geometry": { "type": "Polygon", "coordinates": [ [ [ -88.51500186456876, 13.749284297938337 ], [ -88.501527196943883, 13.749284297938337 ], [ -88.501527196943883, 13.735809630313472 ], [ -88.51500186456876, 13.735809630313467 ], [ -88.51500186456876, 13.749284297938337 ] ] ] } },
{ "type": "Feature", "properties": { "class_id": 4, "area_m2": 2172123.3533517509, "class_name": "Alto", "index": "NDII", "min_value": null, "max_value": null }, "geometry": { "type": "Polygon", "coordinates": [ [ [ -88.501527196943883, 13.762758965563197 ], [ -88.48805252931902, 13.762758965563203 ], [ -88.48805252931902, 13.749284297938337 ], [ -88.501527196943883, 13.749284297938337 ], [ -88.501527196943883, 13.762758965563197 ] ] ] } },
{ "type": "Feature", "properties": { "class_id": 4, "area_m2": 2171669.3189593325, "class_name": "Alto", "index": "NDII", "min_value": null, "max_value": null }, "geometry": { "type": "Polygon", "coordinates": [ [ [ -88.31288185019578, 13.776233633188063 ], [ -88.299407182570931, 13.776233633188067 ], [ -88.299407182570931, 13.762758965563199 ], [ -88.31288185019578, 13.762758965563199 ], [ -88.31288185019578, 13.776233633188063 ] ] ] } },
{ "type": "Feature", "properties": { "class_id": 4, "area_m2": 4342756.9177171262, "class_name": "Alto", "index": "NDII", "min_value": null, "max_value": null }, "geometry": { "type": "Polygon", "coordinates": [ [ [ -88.51500186456876, 13.830132303687522 ], [ -88.528476532193622, 13.830132303687526 ], [ -88.528476532193622, 13.85708163893726 ], [ -88.51500186456876, 13.857081638937263 ], [ -88.51500186456876, 13.830132303687522 ] ] ] } },
{ "type": "Feature", "properties": { "class_id": 4, "area_m2": 2175982.5263770754, "class_name": "Alto", "index": "NDII", "min_value": null, "max_value": null }, "geometry": { "type": "Polygon", "coordinates": [ [ [ -87.881692486200095, 13.223772260568586 ], [ -87.868217818575218, 13.223772260568587 ], [ -87.868217818575218, 13.210297592943725 ], [ -87.881692486200095, 13.210297592943727 ], [ -87.881692486200095, 13.223772260568586 ] ] ] } },
{ "type": "Feature", "properties": { "class_id": 4, "area_m2": 4352672.9495972283, "class_name": "Alto", "index": "NDII", "min_value": null, "max_value": null }, "geometry": { "type": "Polygon", "coordinates": [ [ [ -88.164660506322264, 13.223772260568595 ], [ -88.137711171072525, 13.223772260568587 ], [ -88.137711171072525, 13.210297592943727 ], [ -88.164660506322264, 13.210297592943723 ], [ -88.164660506322264, 13.223772260568595 ] ] ] } },
{ "type": "Feature", "properties": { "class_id": 4, "area_m2": 4351603.0603071954, "class_name": "Alto", "index": "NDII", "min_value": null, "max_value": null }, "geometry": { "type": "Polygon", "coordinates": [ [ [ -87.935591156699559, 13.250721595818327 ], [ -87.90864182144982, 13.250721595818318 ], [ -87.90864182144982, 13.237246928193452 ], [ -87.935591156699559, 13.237246928193453 ], [ -87.935591156699559, 13.250721595818327 ] ] ] } },
{ "type": "Feature", "properties": { "class_id": 4, "area_m2": 4351669.3500250271, "class_name": "Alto", "index": "NDII", "min_value": null, "max_value": null }, "geometry": { "type": "Polygon", "coordinates": [ [ [ -88.05686316532335, 13.264196263443186 ], [ -88.02991383007361, 13.264196263443186 ], [ -88.02991383007361, 13.250721595818323 ], [ -88.05686316532335, 13.250721595818321 ], [ -88.05686316532335, 13.264196263443186 ] ] ] } },
{ "type": "Feature", "properties": { "class_id": 4, "area_m2": 21759644.750216965, "class_name": "Alto", "index": "NDII", "min_value": null, "max_value": null }, "geometry": { "type": "Polygon", "coordinates": [ [ [ -88.124236503447662, 13.264196263443184 ], [ -88.1107618358228, 13.264196263443187 ], [ -88.1107618358228, 13.250721595818321 ], [ -88.097287168197937, 13.250721595818323 ], [ -88.097287168197937, 13.237246928193453 ], [ -88.124236503447662, 13.237246928193452 ], [ -88.124236503447662, 13.250721595818323 ], [ -88.137711171072525, 13.250721595818323 ], [ -88.137711171072525, 13.237246928193455 ], [ -88.164660506322264, 13.237246928193453 ], [ -88.164660506322264, 13.264196263443186 ], [ -88.137711171072525, 13.264196263443189 ], [ -88.137711171072525, 13.291145598692923 ], [ -88.124236503447662, 13.291145598692921 ], [ -88.124236503447662, 13.264196263443184 ] ] ] } },
{ "type": "Feature", "properties": { "class_id": 4, "area_m2": 21755151.3313233, "class_name": "Alto", "index": "NDII", "min_value": null, "max_value": null }, "geometry": { "type": "Polygon", "coordinates": [ [ [ -87.854743150950355, 13.250721595818316 ], [ -87.881692486200095, 13.250721595818323 ], [ -87.881692486200095, 13.291145598692919 ], [ -87.82779381570063, 13.291145598692914 ], [ -87.82779381570063, 13.264196263443186 ], [ -87.854743150950355, 13.264196263443184 ], [ -87.854743150950355, 13.250721595818316 ] ] ] } },
{ "type": "Feature", "properties": { "class_id": 4, "area_m2": 2175690.5893535311, "class_name": "Alto", "index": "NDII", "min_value": null, "max_value": null }, "geometry": { "type": "Polygon", "coordinates": [ [ [ -88.016439162448734, 13.264196263443189 ], [ -88.02991383007361, 13.264196263443186 ], [ -88.02991383007361, 13.27767093106805 ], [ -88.016439162448734, 13.277670931068053 ], [ -88.016439162448734, 13.264196263443189 ] ] ] } },
{ "type": "Feature", "properties": { "class_id": 4, "area_m2": 2175799.2660876377, "class_name": "Alto", "index": "NDII", "min_value": null, "max_value": null }, "geometry": { "type": "Polygon", "coordinates": [ [ [ -88.1107618358228, 13.277670931068048 ], [ -88.097287168197937, 13.277670931068053 ], [ -88.097287168197937, 13.264196263443187 ], [ -88.1107618358228, 13.264196263443187 ], [ -88.1107618358228, 13.277670931068048 ] ] ] } },
{ "type": "Feature", "properties": { "class_id": 4, "area_m2": 2175456.5169840078, "class_name": "Alto", "index": "NDII", "min_value": null, "max_value": null }, "geometry": { "type": "Polygon", "coordinates": [ [ [ -87.935591156699559, 13.291145598692919 ], [ -87.922116489074682, 13.291145598692918 ], [ -87.922116489074682, 13.277670931068053 ], [ -87.935591156699559, 13.277670931068055 ], [ -87.935591156699559, 13.291145598692919 ] ] ] } },
{ "type": "Feature", "properties": { "class_id": 4, "area_m2": 2175555.5324103902, "class_name": "Alto", "index": "NDII", "min_value": null, "max_value": null }, "geometry": { "type": "Polygon", "coordinates": [ [ [ -88.016439162448734, 13.291145598692918 ], [ -88.002964494823871, 13.291145598692918 ], [ -88.002964494823871, 13.277670931068053 ], [ -88.016439162448734, 13.277670931068053 ], [ -88.016439162448734, 13.291145598692918 ] ] ] } },
{ "type": "Feature", "properties": { "class_id": 4, "area_m2": 4350791.8934417786, "class_name": "Alto", "index": "NDII", "min_value": null, "max_value": null }, "geometry": { "type": "Polygon", "coordinates": [ [ [ -88.016439162448734, 13.291145598692918 ], [ -88.02991383007361, 13.291145598692918 ], [ -88.02991383007361, 13.318094933942646 ], [ -88.016439162448734, 13.318094933942646 ], [ -88.016439162448734, 13.291145598692918 ] ] ] } },
{ "type": "Feature", "properties": { "class_id": 4, "area_m2": 2175290.3640379184, "class_name": "Alto", "index": "NDII", "min_value": null, "max_value": null }, "geometry": { "type": "Polygon", "coordinates": [ [ [ -88.08381250057306, 13.331569601567509 ], [ -88.070337832948198, 13.331569601567509 ], [ -88.070337832948198, 13.318094933942646 ], [ -88.08381250057306, 13.318094933942646 ], [ -88.08381250057306, 13.331569601567509 ] ] ] } },
{ "type": "Feature", "properties": { "class_id": 4, "area_m2": 4350574.4721870599, "class_name": "Alto", "index": "NDII", "min_value": null, "max_value": null }, "geometry": { "type": "Polygon", "coordinates": [ [ [ -88.124236503447662, 13.345044269192378 ], [ -88.1107618358228, 13.345044269192373 ], [ -88.1107618358228, 13.318094933942646 ], [ -88.124236503447662, 13.318094933942648 ], [ -88.124236503447662, 13.345044269192378 ] ] ] } },
{ "type": "Feature", "properties": { "class_id": 4, "area_m2": 2175118.1809926298, "class_name": "Alto", "index": "NDII", "min_value": null, "max_value": null }, "geometry": { "type": "Polygon", "coordinates": [ [ [ -88.02991383007361, 13.331569601567512 ], [ -88.043388497698473, 13.33156960156751 ], [ -88.043388497698473, 13.345044269192378 ], [ -88.02991383007361, 13.345044269192382 ], [ -88.02991383007361, 13.331569601567512 ] ] ] } },
{ "type": "Feature", "properties": { "class_id": 4, "area_m2": 2175153.9175159764, "class_name": "Alto", "index": "NDII", "min_value": null, "max_value": null }, "geometry": { "type": "Polygon", "coordinates": [ [ [ -88.070337832948198, 13.34504426919238 ], [ -88.05686316532335, 13.345044269192377 ], [ -88.05686316532335, 13.331569601567509 ], [ -88.070337832948198, 13.331569601567509 ], [ -88.070337832948198, 13.34504426919238 ] ] ] } },
{ "type": "Feature", "properties": { "class_id": 4, "area_m2": 2175053.7781073535, "class_name": "Alto", "index": "NDII", "min_value": null, "max_value": null }, "geometry": { "type": "Polygon", "coordinates": [ [ [ -88.070337832948198, 13.34504426919238 ], [ -88.08381250057306, 13.345044269192375 ], [ -88.08381250057306, 13.358518936817241 ], [ -88.070337832948198, 13.358518936817248 ], [ -88.070337832948198, 13.34504426919238 ] ] ] } },
{ "type": "Feature", "properties": { "class_id": 4, "area_m2": 2175090.8853131891, "class_name": "Alto", "index": "NDII", "min_value": null, "max_value": null }, "geometry": { "type": "Polygon", "coordinates": [ [ [ -88.1107618358228, 13.358518936817241 ], [ -88.097287168197937, 13.358518936817244 ], [ -88.097287168197937, 13.345044269192378 ], [ -88.1107618358228, 13.345044269192373 ], [ -88.1107618358228, 13.358518936817241 ] ] ] } },
{ "type": "Feature", "properties": { "class_id": 4, "area_m2": 2174258.802878343, "class_name": "Alto", "index": "NDII", "min_value": null, "max_value": null }, "geometry": { "type": "Polygon", "coordinates": [ [ [ -87.814319148075768, 13.412417607316701 ], [ -87.800844480450891, 13.412417607316705 ], [ -87.800844480450891, 13.398942939691837 ], [ -87.814319148075768, 13.398942939691835 ], [ -87.814319148075768, 13.412417607316701 ] ] ] } },
{ "type": "Feature", "properties": { "class_id": 4, "area_m2": 4346943.6086780317, "class_name": "Alto", "index": "NDII", "min_value": null, "max_value": null }, "geometry": { "type": "Polygon", "coordinates": [ [ [ -87.746945809951455, 13.493265613065899 ], [ -87.719996474701702, 13.493265613065898 ], [ -87.719996474701702, 13.47979094544103 ], [ -87.746945809951455, 13.479790945441028 ], [ -87.746945809951455, 13.493265613065899 ] ] ] } },
{ "type": "Feature", "properties": { "class_id": 4, "area_m2": 26085366.900629837, "class_name": "Alto", "index": "NDII", "min_value": null, "max_value": null }, "geometry": { "type": "Polygon", "coordinates": [ [ [ -88.151185838697387, 13.466316277816164 ], [ -88.17813517394714, 13.466316277816164 ], [ -88.17813517394714, 13.493265613065899 ], [ -88.164660506322264, 13.493265613065901 ], [ -88.164660506322264, 13.520214948315626 ], [ -88.17813517394714, 13.520214948315623 ], [ -88.17813517394714, 13.533689615940494 ], [ -88.164660506322264, 13.533689615940492 ], [ -88.164660506322264, 13.547164283565358 ], [ -88.137711171072525, 13.547164283565358 ], [ -88.137711171072525, 13.50674028069076 ], [ -88.151185838697387, 13.506740280690764 ], [ -88.151185838697387, 13.466316277816164 ] ] ] } },
{ "type": "Feature", "properties": { "class_id": 4, "area_m2": 4346178.3592853164, "class_name": "Alto", "index": "NDII", "min_value": null, "max_value": null }, "geometry": { "type": "Polygon", "coordinates": [ [ [ -88.1107618358228, 13.574113618815089 ], [ -88.137711171072525, 13.574113618815094 ], [ -88.137711171072525, 13.587588286439955 ], [ -88.1107618358228, 13.587588286439955 ], [ -88.1107618358228, 13.574113618815089 ] ] ] } },
{ "type": "Feature", "properties": { "class_id": 4, "area_m2": 4345416.7783043254, "class_name": "Alto", "index": "NDII", "min_value": null, "max_value": null }, "geometry": { "type": "Polygon", "coordinates": [ [ [ -87.935591156699559, 13.601062954064817 ], [ -87.90864182144982, 13.601062954064815 ], [ -87.90864182144982, 13.587588286439953 ], [ -87.935591156699559, 13.587588286439953 ], [ -87.935591156699559, 13.601062954064817 ] ] ] } },
{ "type": "Feature", "properties": { "class_id": 4, "area_m2": 2171939.7917379574, "class_name": "Alto", "index": "NDII", "min_value": null, "max_value": null }, "geometry": { "type": "Polygon", "coordinates": [ [ [ -87.773895145201166, 13.668436292189142 ], [ -87.760420477576304, 13.66843629218914 ], [ -87.760420477576304, 13.65496162456428 ], [ -87.773895145201166, 13.65496162456428 ], [ -87.773895145201166, 13.668436292189142 ] ] ] } },
{ "type": "Feature", "properties": { "class_id": 4, "area_m2": 2171966.9908107291, "class_name": "Alto", "index": "NDII", "min_value": null, "max_value": null }, "geometry": { "type": "Polygon", "coordinates": [ [ [ -88.191609841571989, 13.72233496268861 ], [ -88.17813517394714, 13.722334962688601 ], [ -88.17813517394714, 13.70886029506374 ], [ -88.191609841571989, 13.708860295063744 ], [ -88.191609841571989, 13.72233496268861 ] ] ] } },
{ "type": "Feature", "properties": { "class_id": 4, "area_m2": 2171743.6978110354, "class_name": "Alto", "index": "NDII", "min_value": null, "max_value": null }, "geometry": { "type": "Polygon", "coordinates": [ [ [ -88.205084509196851, 13.749284297938337 ], [ -88.191609841571989, 13.74928429793834 ], [ -88.191609841571989, 13.735809630313467 ], [ -88.205084509196851, 13.735809630313467 ], [ -88.205084509196851, 13.749284297938337 ] ] ] } },
{ "type": "Feature", "properties": { "class_id": 4, "area_m2": 6514444.3270189604, "class_name": "Alto", "index": "NDII", "min_value": null, "max_value": null }, "geometry": { "type": "Polygon", "coordinates": [ [ [ -88.070337832948198, 13.749284297938337 ], [ -88.05686316532335, 13.749284297938335 ], [ -88.05686316532335, 13.762758965563197 ], [ -88.043388497698473, 13.762758965563203 ], [ -88.043388497698473, 13.735809630313469 ], [ -88.070337832948198, 13.735809630313467 ], [ -88.070337832948198, 13.749284297938337 ] ] ] } },
{ "type": "Feature", "properties": { "class_id": 4, "area_m2": 13026991.364850761, "class_name": "Alto", "index": "NDII", "min_value": null, "max_value": null }, "geometry": { "type": "Polygon", "coordinates": [ [ [ -87.868217818575218, 13.749284297938335 ], [ -87.854743150950355, 13.749284297938337 ], [ -87.854743150950355, 13.762758965563199 ], [ -87.868217818575218, 13.762758965563201 ], [ -87.868217818575218, 13.776233633188061 ], [ -87.841268483325493, 13.776233633188067 ], [ -87.841268483325493, 13.749284297938337 ], [ -87.82779381570063, 13.749284297938337 ], [ -87.82779381570063, 13.735809630313463 ], [ -87.868217818575218, 13.735809630313472 ], [ -87.868217818575218, 13.749284297938335 ] ] ] } },
{ "type": "Feature", "properties": { "class_id": 4, "area_m2": 2171343.1775099188, "class_name": "Alto", "index": "NDII", "min_value": null, "max_value": null }, "geometry": { "type": "Polygon", "coordinates": [ [ [ -87.989489827199009, 13.749284297938337 ], [ -88.002964494823871, 13.749284297938337 ], [ -88.002964494823871, 13.762758965563201 ], [ -87.989489827199009, 13.762758965563199 ], [ -87.989489827199009, 13.749284297938337 ] ] ] } },
{ "type": "Feature", "properties": { "class_id": 4, "area_m2": 2171139.7519145077, "class_name": "Alto", "index": "NDII", "min_value": null, "max_value": null }, "geometry": { "type": "Polygon", "coordinates": [ [ [ -87.935591156699559, 13.776233633188067 ], [ -87.922116489074682, 13.776233633188067 ], [ -87.922116489074682, 13.762758965563203 ], [ -87.935591156699559, 13.762758965563201 ], [ -87.935591156699559, 13.776233633188067 ] ] ] } },
{ "type": "Feature", "properties": { "class_id": 4, "area_m2": 2171308.3401576816, "class_name": "Alto", "index": "NDII", "min_value": null, "max_value": null }, "geometry": { "type": "Polygon", "coordinates": [ [ [ -88.070337832948198, 13.776233633188063 ], [ -88.05686316532335, 13.776233633188067 ], [ -88.05686316532335, 13.762758965563197 ], [ -88.070337832948198, 13.762758965563201 ], [ -88.070337832948198, 13.776233633188063 ] ] ] } },
{ "type": "Feature", "properties": { "class_id": 4, "area_m2": 4341678.196583949, "class_name": "Alto", "index": "NDII", "min_value": null, "max_value": null }, "geometry": { "type": "Polygon", "coordinates": [ [ [ -87.773895145201166, 13.789708300812933 ], [ -87.746945809951455, 13.789708300812933 ], [ -87.746945809951455, 13.776233633188067 ], [ -87.773895145201166, 13.776233633188067 ], [ -87.773895145201166, 13.789708300812933 ] ] ] } },
{ "type": "Feature", "properties": { "class_id": 4, "area_m2": 4342319.0774892224, "class_name": "Alto", "index": "NDII", "min_value": null, "max_value": null }, "geometry": { "type": "Polygon", "coordinates": [ [ [ -88.05686316532335, 13.789708300812935 ], [ -88.02991383007361, 13.789708300812933 ], [ -88.02991383007361, 13.776233633188063 ], [ -88.05686316532335, 13.776233633188067 ], [ -88.05686316532335, 13.789708300812935 ] ] ] } },
{ "type": "Feature", "properties": { "class_id": 4, "area_m2": 2171204.3344244179, "class_name": "Alto", "index": "NDII", "min_value": null, "max_value": null }, "geometry": { "type": "Polygon", "coordinates": [ [ [ -88.08381250057306, 13.789708300812931 ], [ -88.070337832948198, 13.789708300812929 ], [ -88.070337832948198, 13.776233633188063 ], [ -88.08381250057306, 13.776233633188063 ], [ -88.08381250057306, 13.789708300812931 ] ] ] } },
{ "type": "Feature", "properties": { "class_id": 4, "area_m2": 10854969.277478874, "class_name": "Alto", "index": "NDII", "min_value": null, "max_value": null }, "geometry": { "type": "Polygon", "coordinates": [ [ [ -88.02991383007361, 13.816657636062663 ], [ -88.002964494823871, 13.816657636062663 ], [ -88.002964494823871, 13.789708300812933 ], [ -87.989489827199009, 13.789708300812929 ], [ -87.989489827199009, 13.776233633188067 ], [ -88.016439162448734, 13.776233633188063 ], [ -88.016439162448734, 13.803182968437794 ], [ -88.02991383007361, 13.803182968437797 ], [ -88.02991383007361, 13.816657636062663 ] ] ] } },
{ "type": "Feature", "properties": { "class_id": 4, "area_m2": 8684580.0482269116, "class_name": "Alto", "index": "NDII", "min_value": null, "max_value": null }, "geometry": { "type": "Polygon", "coordinates": [ [ [ -88.1107618358228, 13.789708300812931 ], [ -88.097287168197937, 13.789708300812933 ], [ -88.097287168197937, 13.77623363318807 ], [ -88.124236503447662, 13.776233633188065 ], [ -88.124236503447662, 13.81665763606266 ], [ -88.1107618358228, 13.816657636062663 ], [ -88.1107618358228, 13.789708300812931 ] ] ] } },
{ "type": "Feature", "properties": { "class_id": 4, "area_m2": 2170959.7420112272, "class_name": "Alto", "index": "NDII", "min_value": null, "max_value": null }, "geometry": { "type": "Polygon", "coordinates": [ [ [ -88.08381250057306, 13.816657636062663 ], [ -88.070337832948198, 13.81665763606266 ], [ -88.070337832948198, 13.803182968437797 ], [ -88.08381250057306, 13.803182968437797 ], [ -88.08381250057306, 13.816657636062663 ] ] ] } },
{ "type": "Feature", "properties": { "class_id": 4, "area_m2": 2170732.0814046133, "class_name": "Alto", "index": "NDII", "min_value": null, "max_value": null }, "geometry": { "type": "Polygon", "coordinates": [ [ [ -88.002964494823871, 13.830132303687522 ], [ -87.989489827199009, 13.830132303687522 ], [ -87.989489827199009, 13.816657636062661 ], [ -88.002964494823871, 13.816657636062663 ], [ -88.002964494823871, 13.830132303687522 ] ] ] } },
{ "type": "Feature", "properties": { "class_id": 4, "area_m2": 54257106.538223565, "class_name": "Alto", "index": "NDII", "min_value": null, "max_value": null }, "geometry": { "type": "Polygon", "coordinates": [ [ [ -87.814319148075768, 13.884030974186981 ], [ -87.787369812826029, 13.884030974186986 ], [ -87.787369812826029, 13.87055630656212 ], [ -87.773895145201166, 13.870556306562127 ], [ -87.773895145201166, 13.85708163893726 ], [ -87.746945809951455, 13.857081638937258 ], [ -87.746945809951455, 13.830132303687522 ], [ -87.733471142326565, 13.830132303687524 ], [ -87.733471142326565, 13.816657636062656 ], [ -87.70652180707684, 13.816657636062658 ], [ -87.70652180707684, 13.803182968437795 ], [ -87.787369812826029, 13.803182968437797 ], [ -87.787369812826029, 13.81665763606266 ], [ -87.800844480450891, 13.81665763606266 ], [ -87.800844480450891, 13.843606971312386 ], [ -87.814319148075768, 13.84360697131239 ], [ -87.814319148075768, 13.884030974186981 ] ] ] } },
{ "type": "Feature", "properties": { "class_id": 4, "area_m2": 379843942.15105885, "class_name": "Alto", "index": "NDII", "min_value": null, "max_value": null }, "geometry": { "type": "Polygon", "coordinates": [ [ [ -88.043388497698473, 13.870556306562127 ], [ -88.043388497698473, 13.88403097418699 ], [ -88.02991383007361, 13.884030974186993 ], [ -88.02991383007361, 13.85708163893726 ], [ -88.08381250057306, 13.857081638937263 ], [ -88.08381250057306, 13.84360697131239 ], [ -88.05686316532335, 13.843606971312392 ], [ -88.05686316532335, 13.830132303687522 ], [ -88.08381250057306, 13.83013230368752 ], [ -88.08381250057306, 13.816657636062663 ], [ -88.097287168197937, 13.816657636062667 ], [ -88.097287168197937, 13.857081638937258 ], [ -88.1107618358228, 13.857081638937261 ], [ -88.1107618358228, 13.870556306562127 ], [ -88.137711171072525, 13.870556306562124 ], [ -88.137711171072525, 13.84360697131239 ], [ -88.191609841571989, 13.84360697131239 ], [ -88.191609841571989, 13.830132303687529 ], [ -88.17813517394714, 13.830132303687522 ], [ -88.17813517394714, 13.816657636062663 ], [ -88.164660506322264, 13.81665763606266 ], [ -88.164660506322264, 13.803182968437799 ], [ -88.151185838697387, 13.803182968437797 ], [ -88.151185838697387, 13.749284297938337 ], [ -88.191609841571989, 13.74928429793834 ], [ -88.191609841571989, 13.762758965563201 ], [ -88.218559176821714, 13.762758965563197 ], [ -88.218559176821714, 13.735809630313472 ], [ -88.258983179696315, 13.73580963031347 ], [ -88.258983179696315, 13.749284297938337 ], [ -88.28593251494604, 13.749284297938337 ], [ -88.28593251494604, 13.708860295063735 ], [ -88.299407182570931, 13.70886029506374 ], [ -88.299407182570931, 13.762758965563199 ], [ -88.272457847321178, 13.762758965563203 ], [ -88.272457847321178, 13.776233633188063 ], [ -88.28593251494604, 13.77623363318807 ], [ -88.28593251494604, 13.816657636062665 ], [ -88.245508512071453, 13.816657636062663 ], [ -88.245508512071453, 13.85708163893726 ], [ -88.23203384444659, 13.85708163893726 ], [ -88.23203384444659, 13.843606971312392 ], [ -88.205084509196851, 13.843606971312392 ], [ -88.205084509196851, 13.85708163893726 ], [ -88.218559176821714, 13.857081638937263 ], [ -88.218559176821714, 13.884030974186993 ], [ -88.245508512071453, 13.88403097418699 ], [ -88.245508512071453, 13.897505641811852 ], [ -88.23203384444659, 13.897505641811851 ], [ -88.23203384444659, 13.910980309436722 ], [ -88.218559176821714, 13.910980309436722 ], [ -88.218559176821714, 13.924454977061584 ], [ -88.245508512071453, 13.924454977061584 ], [ -88.245508512071453, 13.93792964468645 ], [ -88.23203384444659, 13.937929644686447 ], [ -88.23203384444659, 13.964878979936186 ], [ -88.218559176821714, 13.964878979936181 ], [ -88.218559176821714, 13.978353647561041 ], [ -88.23203384444659, 13.978353647561043 ], [ -88.23203384444659, 13.991828315185911 ], [ -88.17813517394714, 13.991828315185908 ], [ -88.17813517394714, 13.978353647561045 ], [ -88.151185838697387, 13.978353647561041 ], [ -88.151185838697387, 13.991828315185911 ], [ -88.137711171072525, 13.991828315185906 ], [ -88.137711171072525, 13.951404312311315 ], [ -88.124236503447662, 13.951404312311309 ], [ -88.124236503447662, 13.991828315185911 ], [ -88.1107618358228, 13.991828315185911 ], [ -88.1107618358228, 14.005302982810777 ], [ -88.097287168197937, 14.005302982810777 ], [ -88.097287168197937, 13.991828315185906 ], [ -88.070337832948198, 13.991828315185906 ], [ -88.070337832948198, 13.937929644686447 ], [ -88.043388497698473, 13.93792964468645 ], [ -88.043388497698473, 13.91098030943672 ], [ -88.02991383007361, 13.91098030943672 ], [ -88.02991383007361, 13.897505641811854 ], [ -88.05686316532335, 13.897505641811859 ], [ -88.05686316532335, 13.88403097418699 ], [ -88.070337832948198, 13.884030974186986 ], [ -88.070337832948198, 13.870556306562124 ], [ -88.043388497698473, 13.870556306562127 ] ], [ [ -88.137711171072525, 13.897505641811854 ], [ -88.151185838697387, 13.897505641811854 ], [ -88.151185838697387, 13.91098030943672 ], [ -88.17813517394714, 13.91098030943672 ], [ -88.17813517394714, 13.924454977061584 ], [ -88.191609841571989, 13.924454977061583 ], [ -88.191609841571989, 13.93792964468645 ], [ -88.205084509196851, 13.93792964468645 ], [ -88.205084509196851, 13.897505641811854 ], [ -88.17813517394714, 13.897505641811851 ], [ -88.17813517394714, 13.870556306562113 ], [ -88.164660506322264, 13.870556306562124 ], [ -88.164660506322264, 13.88403097418699 ], [ -88.151185838697387, 13.88403097418699 ], [ -88.151185838697387, 13.870556306562127 ], [ -88.137711171072525, 13.870556306562124 ], [ -88.137711171072525, 13.897505641811854 ] ], [ [ -88.124236503447662, 13.93792964468645 ], [ -88.1107618358228, 13.937929644686447 ], [ -88.1107618358228, 13.924454977061584 ], [ -88.097287168197937, 13.924454977061586 ], [ -88.097287168197937, 13.910980309436724 ], [ -88.08381250057306, 13.910980309436722 ], [ -88.08381250057306, 13.964878979936181 ], [ -88.1107618358228, 13.964878979936181 ], [ -88.1107618358228, 13.951404312311315 ], [ -88.124236503447662, 13.951404312311309 ], [ -88.124236503447662, 13.93792964468645 ] ], [ [ -88.23203384444659, 13.830132303687527 ], [ -88.23203384444659, 13.816657636062667 ], [ -88.205084509196851, 13.81665763606266 ], [ -88.205084509196851, 13.83013230368752 ], [ -88.23203384444659, 13.830132303687527 ] ] ] } },
{ "type": "Feature", "properties": { "class_id": 4, "area_m2": 23873711.375357576, "class_name": "Alto", "index": "NDII", "min_value": null, "max_value": null }, "geometry": { "type": "Polygon", "coordinates": [ [ [ -87.962540491949284, 13.83013230368752 ], [ -87.962540491949284, 13.843606971312393 ], [ -87.989489827199009, 13.84360697131239 ], [ -87.989489827199009, 13.85708163893726 ], [ -88.002964494823871, 13.857081638937265 ], [ -88.002964494823871, 13.870556306562127 ], [ -87.976015159574146, 13.870556306562124 ], [ -87.976015159574146, 13.897505641811854 ], [ -87.949065824324421, 13.897505641811852 ], [ -87.949065824324421, 13.884030974186985 ], [ -87.962540491949284, 13.884030974186986 ], [ -87.962540491949284, 13.87055630656212 ], [ -87.949065824324421, 13.870556306562124 ], [ -87.949065824324421, 13.830132303687522 ], [ -87.962540491949284, 13.83013230368752 ] ] ] } },
{ "type": "Feature", "properties": { "class_id": 4, "area_m2": 93310312.178545728, "class_name": "Alto", "index": "NDII", "min_value": null, "max_value": null }, "geometry": { "type": "Polygon", "coordinates": [ [ [ -87.841268483325493, 13.870556306562124 ], [ -87.82779381570063, 13.870556306562124 ], [ -87.82779381570063, 13.857081638937258 ], [ -87.841268483325493, 13.85708163893726 ], [ -87.841268483325493, 13.830132303687524 ], [ -87.881692486200095, 13.830132303687529 ], [ -87.881692486200095, 13.843606971312393 ], [ -87.868217818575218, 13.843606971312393 ], [ -87.868217818575218, 13.85708163893726 ], [ -87.895167153824957, 13.857081638937263 ], [ -87.895167153824957, 13.843606971312393 ], [ -87.90864182144982, 13.84360697131239 ], [ -87.90864182144982, 13.857081638937263 ], [ -87.922116489074682, 13.85708163893726 ], [ -87.922116489074682, 13.870556306562124 ], [ -87.949065824324421, 13.870556306562124 ], [ -87.949065824324421, 13.884030974186985 ], [ -87.895167153824957, 13.884030974186983 ], [ -87.895167153824957, 13.937929644686454 ], [ -87.868217818575218, 13.937929644686449 ], [ -87.868217818575218, 13.910980309436724 ], [ -87.881692486200095, 13.91098030943672 ], [ -87.881692486200095, 13.897505641811851 ], [ -87.854743150950355, 13.897505641811851 ], [ -87.854743150950355, 13.937929644686447 ], [ -87.814319148075768, 13.937929644686449 ], [ -87.814319148075768, 13.924454977061581 ], [ -87.800844480450891, 13.924454977061584 ], [ -87.800844480450891, 13.897505641811852 ], [ -87.814319148075768, 13.897505641811854 ], [ -87.814319148075768, 13.884030974186981 ], [ -87.841268483325493, 13.88403097418699 ], [ -87.841268483325493, 13.870556306562124 ] ] ] } },
{ "type": "Feature", "properties": { "class_id": 5, "area_m2": 2177409.3011976574, "class_name": "Muy Alto", "index": "NDII", "min_value": null, "max_value": null }, "geometry": { "type": "Polygon", "coordinates": [ [ [ -89.822044624180691, 13.560638951190215 ], [ -89.822044624180691, 13.574113618815085 ], [ -89.808569956555814, 13.574113618815087 ], [ -89.808569956555814, 13.560638951190219 ], [ -89.822044624180691, 13.560638951190215 ] ] ] } },
{ "type": "Feature", "properties": { "class_id": 5, "area_m2": 10885919.349595018, "class_name": "Muy Alto", "index": "NDII", "min_value": null, "max_value": null }, "geometry": { "type": "Polygon", "coordinates": [ [ [ -89.781620621306104, 13.560638951190219 ], [ -89.781620621306104, 13.574113618815085 ], [ -89.808569956555814, 13.574113618815087 ], [ -89.808569956555814, 13.587588286439944 ], [ -89.781620621306104, 13.587588286439956 ], [ -89.781620621306104, 13.601062954064819 ], [ -89.768145953681227, 13.601062954064822 ], [ -89.768145953681227, 13.560638951190219 ], [ -89.781620621306104, 13.560638951190219 ] ] ] } },
{ "type": "Feature", "properties": { "class_id": 5, "area_m2": 2176681.0522006592, "class_name": "Muy Alto", "index": "NDII", "min_value": null, "max_value": null }, "geometry": { "type": "Polygon", "coordinates": [ [ [ -89.808569956555814, 13.641486956939412 ], [ -89.822044624180691, 13.641486956939415 ], [ -89.822044624180691, 13.654961624564278 ], [ -89.808569956555814, 13.654961624564276 ], [ -89.808569956555814, 13.641486956939412 ] ] ] } },
{ "type": "Feature", "properties": { "class_id": 5, "area_m2": 30466203.920588382, "class_name": "Muy Alto", "index": "NDII", "min_value": null, "max_value": null }, "geometry": { "type": "Polygon", "coordinates": [ [ [ -89.808569956555814, 13.72233496268861 ], [ -89.835519291805554, 13.722334962688606 ], [ -89.835519291805554, 13.735809630313472 ], [ -89.822044624180691, 13.735809630313467 ], [ -89.822044624180691, 13.74928429793834 ], [ -89.808569956555814, 13.749284297938337 ], [ -89.808569956555814, 13.735809630313467 ], [ -89.795095288930952, 13.735809630313467 ], [ -89.795095288930952, 13.70886029506374 ], [ -89.781620621306104, 13.708860295063744 ], [ -89.781620621306104, 13.695385627438874 ], [ -89.795095288930952, 13.695385627438876 ], [ -89.795095288930952, 13.681910959814008 ], [ -89.781620621306104, 13.681910959814008 ], [ -89.781620621306104, 13.654961624564278 ], [ -89.795095288930952, 13.654961624564283 ], [ -89.795095288930952, 13.66843629218914 ], [ -89.822044624180691, 13.66843629218914 ], [ -89.822044624180691, 13.708860295063737 ], [ -89.808569956555814, 13.70886029506374 ], [ -89.808569956555814, 13.72233496268861 ] ] ] } },
{ "type": "Feature", "properties": { "class_id": 5, "area_m2": 2176898.1317966226, "class_name": "Muy Alto", "index": "NDII", "min_value": null, "max_value": null }, "geometry": { "type": "Polygon", "coordinates": [ [ [ -90.078063309053121, 13.735809630313472 ], [ -90.064588641428259, 13.735809630313469 ], [ -90.064588641428259, 13.722334962688606 ], [ -90.078063309053121, 13.722334962688604 ], [ -90.078063309053121, 13.735809630313472 ] ] ] } },
{ "type": "Feature", "properties": { "class_id": 5, "area_m2": 4351550.8037386155, "class_name": "Muy Alto", "index": "NDII", "min_value": null, "max_value": null }, "geometry": { "type": "Polygon", "coordinates": [ [ [ -89.822044624180691, 13.74928429793834 ], [ -89.848993959430416, 13.749284297938337 ], [ -89.848993959430416, 13.762758965563197 ], [ -89.822044624180691, 13.762758965563203 ], [ -89.822044624180691, 13.74928429793834 ] ] ] } },
{ "type": "Feature", "properties": { "class_id": 5, "area_m2": 10883296.924022198, "class_name": "Muy Alto", "index": "NDII", "min_value": null, "max_value": null }, "geometry": { "type": "Polygon", "coordinates": [ [ [ -90.091537976677984, 13.762758965563197 ], [ -90.10501264430286, 13.762758965563195 ], [ -90.10501264430286, 13.776233633188063 ], [ -90.064588641428259, 13.776233633188069 ], [ -90.064588641428259, 13.74928429793834 ], [ -90.091537976677984, 13.749284297938337 ], [ -90.091537976677984, 13.762758965563197 ] ] ] } },
{ "type": "Feature", "properties": { "class_id": 5, "area_m2": 2174745.8481562072, "class_name": "Muy Alto", "index": "NDII", "min_value": null, "max_value": null }, "geometry": { "type": "Polygon", "coordinates": [ [ [ -89.687297947932038, 13.816657636062665 ], [ -89.673823280307161, 13.816657636062661 ], [ -89.673823280307161, 13.803182968437797 ], [ -89.687297947932038, 13.803182968437797 ], [ -89.687297947932038, 13.816657636062665 ] ] ] } },
{ "type": "Feature", "properties": { "class_id": 5, "area_m2": 2175504.122471083, "class_name": "Muy Alto", "index": "NDII", "min_value": null, "max_value": null }, "geometry": { "type": "Polygon", "coordinates": [ [ [ -89.95679130042933, 13.830132303687527 ], [ -89.970265968054207, 13.830132303687527 ], [ -89.970265968054207, 13.843606971312392 ], [ -89.95679130042933, 13.843606971312393 ], [ -89.95679130042933, 13.830132303687527 ] ] ] } },
{ "type": "Feature", "properties": { "class_id": 5, "area_m2": 2174240.8815928265, "class_name": "Muy Alto", "index": "NDII", "min_value": null, "max_value": null }, "geometry": { "type": "Polygon", "coordinates": [ [ [ -89.646873945057436, 13.857081638937258 ], [ -89.633399277432574, 13.857081638937256 ], [ -89.633399277432574, 13.84360697131239 ], [ -89.646873945057436, 13.843606971312393 ], [ -89.646873945057436, 13.857081638937258 ] ] ] } },
{ "type": "Feature", "properties": { "class_id": 5, "area_m2": 2174330.8043076727, "class_name": "Muy Alto", "index": "NDII", "min_value": null, "max_value": null }, "geometry": { "type": "Polygon", "coordinates": [ [ [ -89.673823280307161, 13.85708163893726 ], [ -89.660348612682313, 13.85708163893726 ], [ -89.660348612682313, 13.84360697131239 ], [ -89.673823280307161, 13.843606971312392 ], [ -89.673823280307161, 13.85708163893726 ] ] ] } },
{ "type": "Feature", "properties": { "class_id": 5, "area_m2": 2174467.4099101322, "class_name": "Muy Alto", "index": "NDII", "min_value": null, "max_value": null }, "geometry": { "type": "Polygon", "coordinates": [ [ [ -89.7007726155569, 13.843606971312393 ], [ -89.714247283181763, 13.843606971312393 ], [ -89.714247283181763, 13.85708163893726 ], [ -89.7007726155569, 13.857081638937261 ], [ -89.7007726155569, 13.843606971312393 ] ] ] } },
{ "type": "Feature", "properties": { "class_id": 5, "area_m2": 2174746.8204588597, "class_name": "Muy Alto", "index": "NDII", "min_value": null, "max_value": null }, "geometry": { "type": "Polygon", "coordinates": [ [ [ -89.795095288930952, 13.857081638937258 ], [ -89.781620621306104, 13.857081638937261 ], [ -89.781620621306104, 13.843606971312397 ], [ -89.795095288930952, 13.843606971312386 ], [ -89.795095288930952, 13.857081638937258 ] ] ] } },
{ "type": "Feature", "properties": { "class_id": 5, "area_m2": 2174841.794715683, "class_name": "Muy Alto", "index": "NDII", "min_value": null, "max_value": null }, "geometry": { "type": "Polygon", "coordinates": [ [ [ -89.822044624180691, 13.85708163893726 ], [ -89.808569956555814, 13.85708163893726 ], [ -89.808569956555814, 13.84360697131239 ], [ -89.822044624180691, 13.843606971312392 ], [ -89.822044624180691, 13.85708163893726 ] ] ] } },
{ "type": "Feature", "properties": { "class_id": 5, "area_m2": 17396447.203069434, "class_name": "Muy Alto", "index": "NDII", "min_value": null, "max_value": null }, "geometry": { "type": "Polygon", "coordinates": [ [ [ -89.768145953681227, 13.88403097418699 ], [ -89.754671286056364, 13.884030974186988 ], [ -89.754671286056364, 13.870556306562115 ], [ -89.741196618431488, 13.870556306562122 ], [ -89.741196618431488, 13.85708163893726 ], [ -89.727721950806625, 13.857081638937261 ], [ -89.727721950806625, 13.830132303687522 ], [ -89.741196618431488, 13.830132303687522 ], [ -89.741196618431488, 13.84360697131239 ], [ -89.768145953681227, 13.843606971312395 ], [ -89.768145953681227, 13.85708163893726 ], [ -89.781620621306104, 13.857081638937261 ], [ -89.781620621306104, 13.87055630656212 ], [ -89.768145953681227, 13.870556306562127 ], [ -89.768145953681227, 13.88403097418699 ] ] ] } },
{ "type": "Feature", "properties": { "class_id": 5, "area_m2": 4350042.8367310176, "class_name": "Muy Alto", "index": "NDII", "min_value": null, "max_value": null }, "geometry": { "type": "Polygon", "coordinates": [ [ [ -89.889417962305018, 13.870556306562124 ], [ -89.875943294680141, 13.87055630656212 ], [ -89.875943294680141, 13.84360697131239 ], [ -89.889417962305018, 13.84360697131239 ], [ -89.889417962305018, 13.870556306562124 ] ] ] } },
{ "type": "Feature", "properties": { "class_id": 5, "area_m2": 2174814.1078754631, "class_name": "Muy Alto", "index": "NDII", "min_value": null, "max_value": null }, "geometry": { "type": "Polygon", "coordinates": [ [ [ -89.848993959430416, 13.870556306562122 ], [ -89.835519291805554, 13.870556306562117 ], [ -89.835519291805554, 13.85708163893726 ], [ -89.848993959430416, 13.857081638937258 ], [ -89.848993959430416, 13.870556306562122 ] ] ] } },
{ "type": "Feature", "properties": { "class_id": 5, "area_m2": 8699390.2007807381, "class_name": "Muy Alto", "index": "NDII", "min_value": null, "max_value": null }, "geometry": { "type": "Polygon", "coordinates": [ [ [ -89.889417962305018, 13.870556306562124 ], [ -89.916367297554743, 13.870556306562118 ], [ -89.916367297554743, 13.897505641811851 ], [ -89.889417962305018, 13.897505641811852 ], [ -89.889417962305018, 13.870556306562124 ] ] ] } },
{ "type": "Feature", "properties": { "class_id": 5, "area_m2": 2173914.9735098416, "class_name": "Muy Alto", "index": "NDII", "min_value": null, "max_value": null }, "geometry": { "type": "Polygon", "coordinates": [ [ [ -89.660348612682313, 13.897505641811851 ], [ -89.646873945057436, 13.897505641811851 ], [ -89.646873945057436, 13.884030974186983 ], [ -89.660348612682313, 13.88403097418699 ], [ -89.660348612682313, 13.897505641811851 ] ] ] } },
{ "type": "Feature", "properties": { "class_id": 5, "area_m2": 4348533.460933269, "class_name": "Muy Alto", "index": "NDII", "min_value": null, "max_value": null }, "geometry": { "type": "Polygon", "coordinates": [ [ [ -89.781620621306104, 13.910980309436722 ], [ -89.768145953681227, 13.91098030943672 ], [ -89.768145953681227, 13.88403097418699 ], [ -89.781620621306104, 13.88403097418699 ], [ -89.781620621306104, 13.910980309436722 ] ] ] } },
{ "type": "Feature", "properties": { "class_id": 5, "area_m2": 2174111.2829137249, "class_name": "Muy Alto", "index": "NDII", "min_value": null, "max_value": null }, "geometry": { "type": "Polygon", "coordinates": [ [ [ -89.741196618431488, 13.897505641811851 ], [ -89.754671286056364, 13.897505641811854 ], [ -89.754671286056364, 13.91098030943672 ], [ -89.741196618431488, 13.91098030943672 ], [ -89.741196618431488, 13.897505641811851 ] ] ] } },
{ "type": "Feature", "properties": { "class_id": 5, "area_m2": 2175036.9103753059, "class_name": "Muy Alto", "index": "NDII", "min_value": null, "max_value": null }, "geometry": { "type": "Polygon", "coordinates": [ [ [ -90.010689970928794, 13.91098030943672 ], [ -89.997215303303932, 13.91098030943672 ], [ -89.997215303303932, 13.897505641811854 ], [ -90.010689970928794, 13.897505641811854 ], [ -90.010689970928794, 13.91098030943672 ] ] ] } },
{ "type": "Feature", "properties": { "class_id": 5, "area_m2": 10873758.236591872, "class_name": "Muy Alto", "index": "NDII", "min_value": null, "max_value": null }, "geometry": { "type": "Polygon", "coordinates": [ [ [ -89.970265968054207, 13.924454977061584 ], [ -89.95679130042933, 13.924454977061584 ], [ -89.95679130042933, 13.937929644686449 ], [ -89.943316632804468, 13.93792964468645 ], [ -89.943316632804468, 13.897505641811854 ], [ -89.970265968054207, 13.897505641811856 ], [ -89.970265968054207, 13.924454977061584 ] ] ] } },
{ "type": "Feature", "properties": { "class_id": 5, "area_m2": 4347481.8818703741, "class_name": "Muy Alto", "index": "NDII", "min_value": null, "max_value": null }, "geometry": { "type": "Polygon", "coordinates": [ [ [ -89.7007726155569, 13.91098030943672 ], [ -89.7007726155569, 13.937929644686449 ], [ -89.687297947932038, 13.937929644686447 ], [ -89.687297947932038, 13.91098030943672 ], [ -89.7007726155569, 13.91098030943672 ] ] ] } },
{ "type": "Feature", "properties": { "class_id": 5, "area_m2": 2173509.2513389112, "class_name": "Muy Alto", "index": "NDII", "min_value": null, "max_value": null }, "geometry": { "type": "Polygon", "coordinates": [ [ [ -89.673823280307161, 13.951404312311315 ], [ -89.673823280307161, 13.937929644686447 ], [ -89.687297947932038, 13.937929644686447 ], [ -89.687297947932038, 13.951404312311309 ], [ -89.673823280307161, 13.951404312311315 ] ] ] } },
{ "type": "Feature", "properties": { "class_id": 5, "area_m2": 28252022.868448578, "class_name": "Muy Alto", "index": "NDII", "min_value": null, "max_value": null }, "geometry": { "type": "Polygon", "coordinates": [ [ [ -89.646873945057436, 13.924454977061584 ], [ -89.646873945057436, 13.964878979936183 ], [ -89.633399277432574, 13.964878979936181 ], [ -89.633399277432574, 13.978353647561047 ], [ -89.592975274557972, 13.978353647561047 ], [ -89.592975274557972, 13.964878979936181 ], [ -89.579500606933109, 13.964878979936183 ], [ -89.579500606933109, 13.93792964468645 ], [ -89.592975274557972, 13.937929644686454 ], [ -89.592975274557972, 13.951404312311315 ], [ -89.606449942182834, 13.951404312311315 ], [ -89.606449942182834, 13.924454977061584 ], [ -89.619924609807711, 13.924454977061584 ], [ -89.619924609807711, 13.937929644686452 ], [ -89.633399277432574, 13.937929644686454 ], [ -89.633399277432574, 13.924454977061584 ], [ -89.646873945057436, 13.924454977061584 ] ], [ [ -89.633399277432574, 13.951404312311309 ], [ -89.619924609807711, 13.951404312311315 ], [ -89.619924609807711, 13.964878979936181 ], [ -89.633399277432574, 13.964878979936181 ], [ -89.633399277432574, 13.951404312311309 ] ] ] } },
{ "type": "Feature", "properties": { "class_id": 5, "area_m2": 2173339.6992955832, "class_name": "Muy Alto", "index": "NDII", "min_value": null, "max_value": null }, "geometry": { "type": "Polygon", "coordinates": [ [ [ -89.660348612682313, 13.964878979936181 ], [ -89.660348612682313, 13.951404312311309 ], [ -89.673823280307161, 13.951404312311315 ], [ -89.673823280307161, 13.964878979936181 ], [ -89.660348612682313, 13.964878979936181 ] ] ] } },
{ "type": "Feature", "properties": { "class_id": 5, "area_m2": 2173170.2741414523, "class_name": "Muy Alto", "index": "NDII", "min_value": null, "max_value": null }, "geometry": { "type": "Polygon", "coordinates": [ [ [ -89.660348612682313, 13.964878979936181 ], [ -89.660348612682313, 13.978353647561041 ], [ -89.646873945057436, 13.978353647561047 ], [ -89.646873945057436, 13.964878979936183 ], [ -89.660348612682313, 13.964878979936181 ] ] ] } },
{ "type": "Feature", "properties": { "class_id": 5, "area_m2": 6520062.2856967095, "class_name": "Muy Alto", "index": "NDII", "min_value": null, "max_value": null }, "geometry": { "type": "Polygon", "coordinates": [ [ [ -89.714247283181763, 13.964878979936181 ], [ -89.727721950806625, 13.964878979936181 ], [ -89.727721950806625, 13.978353647561047 ], [ -89.741196618431488, 13.978353647561043 ], [ -89.741196618431488, 13.991828315185913 ], [ -89.714247283181763, 13.991828315185913 ], [ -89.714247283181763, 13.964878979936181 ] ] ] } },
{ "type": "Feature", "properties": { "class_id": 5, "area_m2": 147830566.1872693, "class_name": "Muy Alto", "index": "NDII", "min_value": null, "max_value": null }, "geometry": { "type": "Polygon", "coordinates": [ [ [ -89.768145953681227, 13.964878979936181 ], [ -89.754671286056364, 13.964878979936181 ], [ -89.754671286056364, 13.951404312311309 ], [ -89.781620621306104, 13.951404312311311 ], [ -89.781620621306104, 13.910980309436722 ], [ -89.862468627055279, 13.910980309436724 ], [ -89.862468627055279, 13.897505641811854 ], [ -89.889417962305018, 13.897505641811852 ], [ -89.889417962305018, 13.91098030943672 ], [ -89.916367297554743, 13.91098030943672 ], [ -89.916367297554743, 13.937929644686447 ], [ -89.929841965179605, 13.937929644686447 ], [ -89.929841965179605, 13.951404312311313 ], [ -89.970265968054207, 13.951404312311309 ], [ -89.970265968054207, 13.937929644686449 ], [ -89.997215303303932, 13.937929644686449 ], [ -89.997215303303932, 13.951404312311311 ], [ -89.983740635679069, 13.951404312311315 ], [ -89.983740635679069, 13.964878979936181 ], [ -89.95679130042933, 13.964878979936183 ], [ -89.95679130042933, 13.978353647561052 ], [ -89.943316632804468, 13.978353647561045 ], [ -89.943316632804468, 13.991828315185913 ], [ -89.916367297554743, 13.991828315185908 ], [ -89.916367297554743, 13.978353647561043 ], [ -89.929841965179605, 13.978353647561043 ], [ -89.929841965179605, 13.964878979936181 ], [ -89.875943294680141, 13.964878979936181 ], [ -89.875943294680141, 13.937929644686445 ], [ -89.862468627055279, 13.93792964468645 ], [ -89.862468627055279, 13.964878979936184 ], [ -89.822044624180691, 13.964878979936181 ], [ -89.822044624180691, 13.978353647561041 ], [ -89.835519291805554, 13.978353647561041 ], [ -89.835519291805554, 14.032252318060507 ], [ -89.875943294680141, 14.032252318060504 ], [ -89.875943294680141, 14.045726985685366 ], [ -89.862468627055279, 14.045726985685372 ], [ -89.862468627055279, 14.059201653310234 ], [ -89.848993959430416, 14.059201653310234 ], [ -89.848993959430416, 14.045726985685372 ], [ -89.822044624180691, 14.045726985685365 ], [ -89.822044624180691, 14.018777650435641 ], [ -89.808569956555814, 14.018777650435641 ], [ -89.808569956555814, 14.00530298281077 ], [ -89.795095288930952, 14.00530298281077 ], [ -89.795095288930952, 13.978353647561043 ], [ -89.768145953681227, 13.978353647561043 ], [ -89.768145953681227, 13.964878979936181 ] ], [ [ -89.862468627055279, 13.924454977061584 ], [ -89.848993959430416, 13.924454977061583 ], [ -89.848993959430416, 13.93792964468645 ], [ -89.862468627055279, 13.93792964468645 ], [ -89.862468627055279, 13.924454977061584 ] ], [ [ -89.822044624180691, 13.951404312311315 ], [ -89.808569956555814, 13.951404312311311 ], [ -89.808569956555814, 13.964878979936183 ], [ -89.822044624180691, 13.964878979936181 ], [ -89.822044624180691, 13.951404312311315 ] ], [ [ -89.835519291805554, 13.951404312311311 ], [ -89.835519291805554, 13.93792964468645 ], [ -89.822044624180691, 13.937929644686449 ], [ -89.822044624180691, 13.951404312311315 ], [ -89.835519291805554, 13.951404312311311 ] ], [ [ -89.808569956555814, 13.97835364756104 ], [ -89.808569956555814, 13.991828315185911 ], [ -89.822044624180691, 13.991828315185913 ], [ -89.822044624180691, 13.978353647561041 ], [ -89.808569956555814, 13.97835364756104 ] ] ] } },
{ "type": "Feature", "properties": { "class_id": 5, "area_m2": 2172966.0855830237, "class_name": "Muy Alto", "index": "NDII", "min_value": null, "max_value": null }, "geometry": { "type": "Polygon", "coordinates": [ [ [ -89.673823280307161, 14.005302982810775 ], [ -89.660348612682313, 14.005302982810772 ], [ -89.660348612682313, 13.991828315185911 ], [ -89.673823280307161, 13.991828315185911 ], [ -89.673823280307161, 14.005302982810775 ] ] ] } },
{ "type": "Feature", "properties": { "class_id": 5, "area_m2": 2173668.4304372584, "class_name": "Muy Alto", "index": "NDII", "min_value": null, "max_value": null }, "geometry": { "type": "Polygon", "coordinates": [ [ [ -89.862468627055279, 13.991828315185911 ], [ -89.875943294680141, 13.991828315185906 ], [ -89.875943294680141, 14.00530298281077 ], [ -89.862468627055279, 14.00530298281077 ], [ -89.862468627055279, 13.991828315185911 ] ] ] } },
{ "type": "Feature", "properties": { "class_id": 5, "area_m2": 4345298.1959887482, "class_name": "Muy Alto", "index": "NDII", "min_value": null, "max_value": null }, "geometry": { "type": "Polygon", "coordinates": [ [ [ -89.633399277432574, 14.032252318060507 ], [ -89.633399277432574, 14.018777650435643 ], [ -89.660348612682313, 14.018777650435641 ], [ -89.660348612682313, 14.032252318060502 ], [ -89.633399277432574, 14.032252318060507 ] ] ] } },
{ "type": "Feature", "properties": { "class_id": 5, "area_m2": 2172457.1981010595, "class_name": "Muy Alto", "index": "NDII", "min_value": null, "max_value": null }, "geometry": { "type": "Polygon", "coordinates": [ [ [ -89.633399277432574, 14.032252318060507 ], [ -89.633399277432574, 14.045726985685368 ], [ -89.619924609807711, 14.045726985685365 ], [ -89.619924609807711, 14.032252318060504 ], [ -89.633399277432574, 14.032252318060507 ] ] ] } },
{ "type": "Feature", "properties": { "class_id": 5, "area_m2": 2172773.5620980719, "class_name": "Muy Alto", "index": "NDII", "min_value": null, "max_value": null }, "geometry": { "type": "Polygon", "coordinates": [ [ [ -89.714247283181763, 14.032252318060511 ], [ -89.727721950806625, 14.032252318060502 ], [ -89.727721950806625, 14.045726985685366 ], [ -89.714247283181763, 14.045726985685368 ], [ -89.714247283181763, 14.032252318060511 ] ] ] } },
{ "type": "Feature", "properties": { "class_id": 5, "area_m2": 2172694.504279932, "class_name": "Muy Alto", "index": "NDII", "min_value": null, "max_value": null }, "geometry": { "type": "Polygon", "coordinates": [ [ [ -89.741196618431488, 14.059201653310234 ], [ -89.727721950806625, 14.059201653310234 ], [ -89.727721950806625, 14.045726985685366 ], [ -89.741196618431488, 14.045726985685366 ], [ -89.741196618431488, 14.059201653310234 ] ] ] } },
{ "type": "Feature", "properties": { "class_id": 5, "area_m2": 2171964.5856954716, "class_name": "Muy Alto", "index": "NDII", "min_value": null, "max_value": null }, "geometry": { "type": "Polygon", "coordinates": [ [ [ -89.673823280307161, 14.113100323809698 ], [ -89.660348612682313, 14.113100323809695 ], [ -89.660348612682313, 14.099625656184834 ], [ -89.673823280307161, 14.099625656184834 ], [ -89.673823280307161, 14.113100323809698 ] ] ] } },
{ "type": "Feature", "properties": { "class_id": 5, "area_m2": 4343652.7190119643, "class_name": "Muy Alto", "index": "NDII", "min_value": null, "max_value": null }, "geometry": { "type": "Polygon", "coordinates": [ [ [ -89.687297947932038, 14.126574991434561 ], [ -89.714247283181763, 14.126574991434564 ], [ -89.714247283181763, 14.140049659059429 ], [ -89.687297947932038, 14.140049659059429 ], [ -89.687297947932038, 14.126574991434561 ] ] ] } },
{ "type": "Feature", "properties": { "class_id": 5, "area_m2": 4353900.5970623, "class_name": "Muy Alto", "index": "NDII", "min_value": null, "max_value": null }, "geometry": { "type": "Polygon", "coordinates": [ [ [ -89.512127268808783, 13.506740280690757 ], [ -89.485177933559058, 13.506740280690755 ], [ -89.485177933559058, 13.493265613065899 ], [ -89.512127268808783, 13.493265613065899 ], [ -89.512127268808783, 13.506740280690757 ] ] ] } },
{ "type": "Feature", "properties": { "class_id": 5, "area_m2": 2177057.244563255, "class_name": "Muy Alto", "index": "NDII", "min_value": null, "max_value": null }, "geometry": { "type": "Polygon", "coordinates": [ [ [ -89.539076604058522, 13.506740280690762 ], [ -89.525601936433645, 13.50674028069076 ], [ -89.525601936433645, 13.493265613065901 ], [ -89.539076604058522, 13.493265613065899 ], [ -89.539076604058522, 13.506740280690762 ] ] ] } },
{ "type": "Feature", "properties": { "class_id": 5, "area_m2": 21766070.385881715, "class_name": "Muy Alto", "index": "NDII", "min_value": null, "max_value": null }, "geometry": { "type": "Polygon", "coordinates": [ [ [ -89.417804595434731, 13.493265613065899 ], [ -89.471703265934181, 13.493265613065898 ], [ -89.471703265934181, 13.506740280690757 ], [ -89.458228598309319, 13.506740280690762 ], [ -89.458228598309319, 13.520214948315628 ], [ -89.431279263059594, 13.520214948315632 ], [ -89.431279263059594, 13.533689615940492 ], [ -89.404329927809869, 13.533689615940492 ], [ -89.404329927809869, 13.50674028069076 ], [ -89.417804595434731, 13.50674028069076 ], [ -89.417804595434731, 13.493265613065899 ] ] ] } },
{ "type": "Feature", "properties": { "class_id": 5, "area_m2": 6529181.5698973825, "class_name": "Muy Alto", "index": "NDII", "min_value": null, "max_value": null }, "geometry": { "type": "Polygon", "coordinates": [ [ [ -89.390855260184992, 13.520214948315623 ], [ -89.377380592560129, 13.520214948315623 ], [ -89.377380592560129, 13.533689615940492 ], [ -89.363905924935267, 13.533689615940492 ], [ -89.363905924935267, 13.506740280690753 ], [ -89.390855260184992, 13.506740280690758 ], [ -89.390855260184992, 13.520214948315623 ] ] ] } },
{ "type": "Feature", "properties": { "class_id": 5, "area_m2": 2176143.9892644146, "class_name": "Muy Alto", "index": "NDII", "min_value": null, "max_value": null }, "geometry": { "type": "Polygon", "coordinates": [ [ [ -89.592975274557972, 13.628012289314547 ], [ -89.579500606933109, 13.628012289314549 ], [ -89.579500606933109, 13.614537621689685 ], [ -89.592975274557972, 13.614537621689685 ], [ -89.592975274557972, 13.628012289314547 ] ] ] } },
{ "type": "Feature", "properties": { "class_id": 5, "area_m2": 2175556.9723868626, "class_name": "Muy Alto", "index": "NDII", "min_value": null, "max_value": null }, "geometry": { "type": "Polygon", "coordinates": [ [ [ -89.471703265934181, 13.641486956939417 ], [ -89.485177933559058, 13.641486956939413 ], [ -89.485177933559058, 13.65496162456428 ], [ -89.471703265934181, 13.654961624564274 ], [ -89.471703265934181, 13.641486956939417 ] ] ] } },
{ "type": "Feature", "properties": { "class_id": 5, "area_m2": 8700433.5686828978, "class_name": "Muy Alto", "index": "NDII", "min_value": null, "max_value": null }, "geometry": { "type": "Polygon", "coordinates": [ [ [ -89.377380592560129, 13.668436292189144 ], [ -89.390855260184992, 13.668436292189142 ], [ -89.390855260184992, 13.681910959814006 ], [ -89.363905924935267, 13.681910959814013 ], [ -89.363905924935267, 13.64148695693941 ], [ -89.377380592560129, 13.641486956939412 ], [ -89.377380592560129, 13.668436292189144 ] ] ] } },
{ "type": "Feature", "properties": { "class_id": 5, "area_m2": 28284525.099606358, "class_name": "Muy Alto", "index": "NDII", "min_value": null, "max_value": null }, "geometry": { "type": "Polygon", "coordinates": [ [ [ -89.552551271683384, 13.654961624564283 ], [ -89.566025939308247, 13.654961624564281 ], [ -89.566025939308247, 13.641486956939415 ], [ -89.592975274557972, 13.641486956939413 ], [ -89.592975274557972, 13.681910959814013 ], [ -89.539076604058522, 13.681910959814006 ], [ -89.539076604058522, 13.66843629218914 ], [ -89.525601936433645, 13.668436292189138 ], [ -89.525601936433645, 13.641486956939413 ], [ -89.552551271683384, 13.641486956939413 ], [ -89.552551271683384, 13.654961624564283 ] ] ] } },
{ "type": "Feature", "properties": { "class_id": 5, "area_m2": 2175147.2052686107, "class_name": "Muy Alto", "index": "NDII", "min_value": null, "max_value": null }, "geometry": { "type": "Polygon", "coordinates": [ [ [ -89.417804595434731, 13.668436292189142 ], [ -89.431279263059594, 13.668436292189146 ], [ -89.431279263059594, 13.681910959814006 ], [ -89.417804595434731, 13.681910959814008 ], [ -89.417804595434731, 13.668436292189142 ] ] ] } },
{ "type": "Feature", "properties": { "class_id": 5, "area_m2": 2175276.4199536578, "class_name": "Muy Alto", "index": "NDII", "min_value": null, "max_value": null }, "geometry": { "type": "Polygon", "coordinates": [ [ [ -89.49865260118392, 13.681910959814006 ], [ -89.512127268808783, 13.681910959814006 ], [ -89.512127268808783, 13.695385627438874 ], [ -89.49865260118392, 13.695385627438876 ], [ -89.49865260118392, 13.681910959814006 ] ] ] } },
{ "type": "Feature", "properties": { "class_id": 5, "area_m2": 6525087.5570596494, "class_name": "Muy Alto", "index": "NDII", "min_value": null, "max_value": null }, "geometry": { "type": "Polygon", "coordinates": [ [ [ -89.431279263059594, 13.695385627438876 ], [ -89.444753930684456, 13.695385627438876 ], [ -89.444753930684456, 13.681910959814006 ], [ -89.458228598309319, 13.68191095981401 ], [ -89.458228598309319, 13.70886029506374 ], [ -89.431279263059594, 13.708860295063744 ], [ -89.431279263059594, 13.695385627438876 ] ] ] } },
{ "type": "Feature", "properties": { "class_id": 5, "area_m2": 2175112.0506753954, "class_name": "Muy Alto", "index": "NDII", "min_value": null, "max_value": null }, "geometry": { "type": "Polygon", "coordinates": [ [ [ -89.485177933559058, 13.708860295063737 ], [ -89.485177933559058, 13.695385627438874 ], [ -89.49865260118392, 13.695385627438876 ], [ -89.49865260118392, 13.708860295063744 ], [ -89.485177933559058, 13.708860295063737 ] ] ] } },
{ "type": "Feature", "properties": { "class_id": 5, "area_m2": 4349853.7284710705, "class_name": "Muy Alto", "index": "NDII", "min_value": null, "max_value": null }, "geometry": { "type": "Polygon", "coordinates": [ [ [ -89.485177933559058, 13.708860295063737 ], [ -89.485177933559058, 13.722334962688601 ], [ -89.458228598309319, 13.722334962688603 ], [ -89.458228598309319, 13.70886029506374 ], [ -89.485177933559058, 13.708860295063737 ] ] ] } },
{ "type": "Feature", "properties": { "class_id": 5, "area_m2": 2174959.671946933, "class_name": "Muy Alto", "index": "NDII", "min_value": null, "max_value": null }, "geometry": { "type": "Polygon", "coordinates": [ [ [ -89.552551271683384, 13.735809630313467 ], [ -89.566025939308247, 13.73580963031347 ], [ -89.566025939308247, 13.749284297938337 ], [ -89.552551271683384, 13.749284297938337 ], [ -89.552551271683384, 13.735809630313467 ] ] ] } },
{ "type": "Feature", "properties": { "class_id": 5, "area_m2": 4348878.2459313711, "class_name": "Muy Alto", "index": "NDII", "min_value": null, "max_value": null }, "geometry": { "type": "Polygon", "coordinates": [ [ [ -89.49865260118392, 13.789708300812931 ], [ -89.485177933559058, 13.789708300812928 ], [ -89.485177933559058, 13.762758965563203 ], [ -89.49865260118392, 13.762758965563195 ], [ -89.49865260118392, 13.789708300812931 ] ] ] } },
{ "type": "Feature", "properties": { "class_id": 5, "area_m2": 2174143.393072708, "class_name": "Muy Alto", "index": "NDII", "min_value": null, "max_value": null }, "geometry": { "type": "Polygon", "coordinates": [ [ [ -89.579500606933109, 13.84360697131239 ], [ -89.566025939308247, 13.84360697131239 ], [ -89.566025939308247, 13.830132303687527 ], [ -89.579500606933109, 13.830132303687524 ], [ -89.579500606933109, 13.84360697131239 ] ] ] } },
{ "type": "Feature", "properties": { "class_id": 5, "area_m2": 15219139.096018597, "class_name": "Muy Alto", "index": "NDII", "min_value": null, "max_value": null }, "geometry": { "type": "Polygon", "coordinates": [ [ [ -89.592975274557972, 13.81665763606266 ], [ -89.606449942182834, 13.81665763606266 ], [ -89.606449942182834, 13.830132303687522 ], [ -89.619924609807711, 13.830132303687522 ], [ -89.619924609807711, 13.857081638937258 ], [ -89.606449942182834, 13.857081638937261 ], [ -89.606449942182834, 13.870556306562124 ], [ -89.579500606933109, 13.870556306562124 ], [ -89.579500606933109, 13.85708163893726 ], [ -89.592975274557972, 13.85708163893726 ], [ -89.592975274557972, 13.81665763606266 ] ] ] } },
{ "type": "Feature", "properties": { "class_id": 5, "area_m2": 2173729.6765490314, "class_name": "Muy Alto", "index": "NDII", "min_value": null, "max_value": null }, "geometry": { "type": "Polygon", "coordinates": [ [ [ -89.566025939308247, 13.88403097418699 ], [ -89.552551271683384, 13.884030974186985 ], [ -89.552551271683384, 13.870556306562124 ], [ -89.566025939308247, 13.870556306562127 ], [ -89.566025939308247, 13.88403097418699 ] ] ] } },
{ "type": "Feature", "properties": { "class_id": 5, "area_m2": 8692582.0874695871, "class_name": "Muy Alto", "index": "NDII", "min_value": null, "max_value": null }, "geometry": { "type": "Polygon", "coordinates": [ [ [ -89.417804595434731, 13.897505641811852 ], [ -89.431279263059594, 13.897505641811854 ], [ -89.431279263059594, 13.91098030943672 ], [ -89.404329927809869, 13.910980309436722 ], [ -89.404329927809869, 13.870556306562124 ], [ -89.417804595434731, 13.870556306562124 ], [ -89.417804595434731, 13.897505641811852 ] ] ] } },
{ "type": "Feature", "properties": { "class_id": 5, "area_m2": 2173184.5996189499, "class_name": "Muy Alto", "index": "NDII", "min_value": null, "max_value": null }, "geometry": { "type": "Polygon", "coordinates": [ [ [ -89.458228598309319, 13.897505641811854 ], [ -89.471703265934181, 13.897505641811852 ], [ -89.471703265934181, 13.91098030943672 ], [ -89.458228598309319, 13.91098030943672 ], [ -89.458228598309319, 13.897505641811854 ] ] ] } },
{ "type": "Feature", "properties": { "class_id": 5, "area_m2": 2173525.6995896813, "class_name": "Muy Alto", "index": "NDII", "min_value": null, "max_value": null }, "geometry": { "type": "Polygon", "coordinates": [ [ [ -89.579500606933109, 13.910980309436724 ], [ -89.566025939308247, 13.910980309436727 ], [ -89.566025939308247, 13.897505641811854 ], [ -89.579500606933109, 13.897505641811851 ], [ -89.579500606933109, 13.910980309436724 ] ] ] } },
{ "type": "Feature", "properties": { "class_id": 5, "area_m2": 2172853.8598160092, "class_name": "Muy Alto", "index": "NDII", "min_value": null, "max_value": null }, "geometry": { "type": "Polygon", "coordinates": [ [ [ -89.444753930684456, 13.93792964468645 ], [ -89.431279263059594, 13.93792964468645 ], [ -89.431279263059594, 13.924454977061577 ], [ -89.444753930684456, 13.924454977061581 ], [ -89.444753930684456, 13.93792964468645 ] ] ] } },
{ "type": "Feature", "properties": { "class_id": 5, "area_m2": 2173277.7953927475, "class_name": "Muy Alto", "index": "NDII", "min_value": null, "max_value": null }, "geometry": { "type": "Polygon", "coordinates": [ [ [ -89.566025939308247, 13.924454977061583 ], [ -89.579500606933109, 13.924454977061581 ], [ -89.579500606933109, 13.93792964468645 ], [ -89.566025939308247, 13.93792964468645 ], [ -89.566025939308247, 13.924454977061583 ] ] ] } },
{ "type": "Feature", "properties": { "class_id": 5, "area_m2": 4346258.176926353, "class_name": "Muy Alto", "index": "NDII", "min_value": null, "max_value": null }, "geometry": { "type": "Polygon", "coordinates": [ [ [ -89.552551271683384, 13.951404312311311 ], [ -89.539076604058522, 13.951404312311315 ], [ -89.539076604058522, 13.924454977061583 ], [ -89.552551271683384, 13.924454977061584 ], [ -89.552551271683384, 13.951404312311311 ] ] ] } },
{ "type": "Feature", "properties": { "class_id": 5, "area_m2": 2172812.7448164807, "class_name": "Muy Alto", "index": "NDII", "min_value": null, "max_value": null }, "geometry": { "type": "Polygon", "coordinates": [ [ [ -89.471703265934181, 13.951404312311311 ], [ -89.458228598309319, 13.951404312311308 ], [ -89.458228598309319, 13.937929644686447 ], [ -89.471703265934181, 13.937929644686449 ], [ -89.471703265934181, 13.951404312311311 ] ] ] } },
{ "type": "Feature", "properties": { "class_id": 5, "area_m2": 2172646.9798378451, "class_name": "Muy Alto", "index": "NDII", "min_value": null, "max_value": null }, "geometry": { "type": "Polygon", "coordinates": [ [ [ -89.444753930684456, 13.951404312311315 ], [ -89.458228598309319, 13.951404312311308 ], [ -89.458228598309319, 13.964878979936181 ], [ -89.444753930684456, 13.964878979936181 ], [ -89.444753930684456, 13.951404312311315 ] ] ] } },
{ "type": "Feature", "properties": { "class_id": 5, "area_m2": 6517437.875667762, "class_name": "Muy Alto", "index": "NDII", "min_value": null, "max_value": null }, "geometry": { "type": "Polygon", "coordinates": [ [ [ -89.431279263059594, 13.964878979936181 ], [ -89.417804595434731, 13.964878979936181 ], [ -89.417804595434731, 13.978353647561047 ], [ -89.404329927809869, 13.978353647561045 ], [ -89.404329927809869, 13.951404312311315 ], [ -89.431279263059594, 13.951404312311309 ], [ -89.431279263059594, 13.964878979936181 ] ] ] } },
{ "type": "Feature", "properties": { "class_id": 5, "area_m2": 2172113.7326095267, "class_name": "Muy Alto", "index": "NDII", "min_value": null, "max_value": null }, "geometry": { "type": "Polygon", "coordinates": [ [ [ -89.363905924935267, 13.991828315185911 ], [ -89.350431257310419, 13.991828315185904 ], [ -89.350431257310419, 13.97835364756104 ], [ -89.363905924935267, 13.978353647561041 ], [ -89.363905924935267, 13.991828315185911 ] ] ] } },
{ "type": "Feature", "properties": { "class_id": 5, "area_m2": 2172526.4956455305, "class_name": "Muy Alto", "index": "NDII", "min_value": null, "max_value": null }, "geometry": { "type": "Polygon", "coordinates": [ [ [ -89.539076604058522, 13.991828315185909 ], [ -89.539076604058522, 14.005302982810775 ], [ -89.525601936433645, 14.005302982810772 ], [ -89.525601936433645, 13.991828315185908 ], [ -89.539076604058522, 13.991828315185909 ] ] ] } },
{ "type": "Feature", "properties": { "class_id": 5, "area_m2": 23893167.724131327, "class_name": "Muy Alto", "index": "NDII", "min_value": null, "max_value": null }, "geometry": { "type": "Polygon", "coordinates": [ [ [ -89.444753930684456, 14.018777650435641 ], [ -89.431279263059594, 14.018777650435641 ], [ -89.431279263059594, 14.005302982810772 ], [ -89.417804595434731, 14.005302982810774 ], [ -89.417804595434731, 14.018777650435641 ], [ -89.404329927809869, 14.018777650435643 ], [ -89.404329927809869, 13.991828315185911 ], [ -89.458228598309319, 13.991828315185911 ], [ -89.458228598309319, 14.005302982810772 ], [ -89.471703265934181, 14.00530298281077 ], [ -89.471703265934181, 14.018777650435641 ], [ -89.485177933559058, 14.018777650435641 ], [ -89.485177933559058, 14.032252318060507 ], [ -89.444753930684456, 14.032252318060502 ], [ -89.444753930684456, 14.018777650435641 ] ] ] } },
{ "type": "Feature", "properties": { "class_id": 5, "area_m2": 2172359.1065257513, "class_name": "Muy Alto", "index": "NDII", "min_value": null, "max_value": null }, "geometry": { "type": "Polygon", "coordinates": [ [ [ -89.525601936433645, 14.018777650435641 ], [ -89.512127268808783, 14.018777650435645 ], [ -89.512127268808783, 14.005302982810772 ], [ -89.525601936433645, 14.005302982810772 ], [ -89.525601936433645, 14.018777650435641 ] ] ] } },
{ "type": "Feature", "properties": { "class_id": 5, "area_m2": 2171105.7211750974, "class_name": "Muy Alto", "index": "NDII", "min_value": null, "max_value": null }, "geometry": { "type": "Polygon", "coordinates": [ [ [ -89.512127268808783, 14.140049659059425 ], [ -89.525601936433645, 14.140049659059425 ], [ -89.525601936433645, 14.153524326684296 ], [ -89.512127268808783, 14.153524326684296 ], [ -89.512127268808783, 14.140049659059425 ] ] ] } },
{ "type": "Feature", "properties": { "class_id": 5, "area_m2": 2169762.2795111481, "class_name": "Muy Alto", "index": "NDII", "min_value": null, "max_value": null }, "geometry": { "type": "Polygon", "coordinates": [ [ [ -89.417804595434731, 14.261321667683216 ], [ -89.404329927809869, 14.261321667683212 ], [ -89.404329927809869, 14.247847000058352 ], [ -89.417804595434731, 14.24784700005835 ], [ -89.417804595434731, 14.261321667683216 ] ] ] } },
{ "type": "Feature", "properties": { "class_id": 5, "area_m2": 2170010.1351267281, "class_name": "Muy Alto", "index": "NDII", "min_value": null, "max_value": null }, "geometry": { "type": "Polygon", "coordinates": [ [ [ -89.539076604058522, 14.274796335308084 ], [ -89.525601936433645, 14.274796335308082 ], [ -89.525601936433645, 14.261321667683216 ], [ -89.539076604058522, 14.261321667683216 ], [ -89.539076604058522, 14.274796335308084 ] ] ] } },
{ "type": "Feature", "properties": { "class_id": 5, "area_m2": 2169220.7499320526, "class_name": "Muy Alto", "index": "NDII", "min_value": null, "max_value": null }, "geometry": { "type": "Polygon", "coordinates": [ [ [ -89.350431257310419, 14.288271002932946 ], [ -89.363905924935267, 14.288271002932941 ], [ -89.363905924935267, 14.301745670557807 ], [ -89.350431257310419, 14.301745670557812 ], [ -89.350431257310419, 14.288271002932946 ] ] ] } },
{ "type": "Feature", "properties": { "class_id": 5, "area_m2": 8674441.5074518733, "class_name": "Muy Alto", "index": "NDII", "min_value": null, "max_value": null }, "geometry": { "type": "Polygon", "coordinates": [ [ [ -89.471703265934181, 14.382593676307003 ], [ -89.485177933559058, 14.382593676307003 ], [ -89.485177933559058, 14.409543011556734 ], [ -89.444753930684456, 14.40954301155673 ], [ -89.444753930684456, 14.396068343931869 ], [ -89.471703265934181, 14.396068343931857 ], [ -89.471703265934181, 14.382593676307003 ] ] ] } },
{ "type": "Feature", "properties": { "class_id": 5, "area_m2": 2168319.7840608819, "class_name": "Muy Alto", "index": "NDII", "min_value": null, "max_value": null }, "geometry": { "type": "Polygon", "coordinates": [ [ [ -89.404329927809869, 14.409543011556734 ], [ -89.390855260184992, 14.409543011556739 ], [ -89.390855260184992, 14.396068343931857 ], [ -89.404329927809869, 14.396068343931869 ], [ -89.404329927809869, 14.409543011556734 ] ] ] } },
{ "type": "Feature", "properties": { "class_id": 5, "area_m2": 6504956.8214060972, "class_name": "Muy Alto", "index": "NDII", "min_value": null, "max_value": null }, "geometry": { "type": "Polygon", "coordinates": [ [ [ -89.404329927809869, 14.409543011556734 ], [ -89.417804595434731, 14.409543011556739 ], [ -89.417804595434731, 14.396068343931869 ], [ -89.431279263059594, 14.396068343931876 ], [ -89.431279263059594, 14.4230176791816 ], [ -89.404329927809869, 14.4230176791816 ], [ -89.404329927809869, 14.409543011556734 ] ] ] } },
{ "type": "Feature", "properties": { "class_id": 5, "area_m2": 2176705.7610897282, "class_name": "Muy Alto", "index": "NDII", "min_value": null, "max_value": null }, "geometry": { "type": "Polygon", "coordinates": [ [ [ -89.134836575312562, 13.412417607316701 ], [ -89.121361907687685, 13.412417607316703 ], [ -89.121361907687685, 13.398942939691834 ], [ -89.134836575312562, 13.398942939691839 ], [ -89.134836575312562, 13.412417607316701 ] ] ] } },
{ "type": "Feature", "properties": { "class_id": 5, "area_m2": 2176659.3653103085, "class_name": "Muy Alto", "index": "NDII", "min_value": null, "max_value": null }, "geometry": { "type": "Polygon", "coordinates": [ [ [ -89.161785910562287, 13.425892274941571 ], [ -89.148311242937424, 13.425892274941569 ], [ -89.148311242937424, 13.412417607316707 ], [ -89.161785910562287, 13.412417607316707 ], [ -89.161785910562287, 13.425892274941571 ] ] ] } },
{ "type": "Feature", "properties": { "class_id": 5, "area_m2": 2176613.7473912272, "class_name": "Muy Alto", "index": "NDII", "min_value": null, "max_value": null }, "geometry": { "type": "Polygon", "coordinates": [ [ [ -89.175260578187149, 13.425892274941569 ], [ -89.188735245812012, 13.425892274941567 ], [ -89.188735245812012, 13.439366942566433 ], [ -89.175260578187149, 13.439366942566432 ], [ -89.175260578187149, 13.425892274941569 ] ] ] } },
{ "type": "Feature", "properties": { "class_id": 5, "area_m2": 2176568.9069592133, "class_name": "Muy Alto", "index": "NDII", "min_value": null, "max_value": null }, "geometry": { "type": "Polygon", "coordinates": [ [ [ -89.215684581061751, 13.452841610191301 ], [ -89.202209913436889, 13.452841610191301 ], [ -89.202209913436889, 13.439366942566432 ], [ -89.215684581061751, 13.439366942566435 ], [ -89.215684581061751, 13.452841610191301 ] ] ] } },
{ "type": "Feature", "properties": { "class_id": 5, "area_m2": 2176524.8436386972, "class_name": "Muy Alto", "index": "NDII", "min_value": null, "max_value": null }, "geometry": { "type": "Polygon", "coordinates": [ [ [ -89.242633916311476, 13.466316277816162 ], [ -89.229159248686628, 13.466316277816167 ], [ -89.229159248686628, 13.452841610191307 ], [ -89.242633916311476, 13.452841610191298 ], [ -89.242633916311476, 13.466316277816162 ] ] ] } },
{ "type": "Feature", "properties": { "class_id": 5, "area_m2": 2176356.3541265326, "class_name": "Muy Alto", "index": "NDII", "min_value": null, "max_value": null }, "geometry": { "type": "Polygon", "coordinates": [ [ [ -89.336956589685542, 13.506740280690758 ], [ -89.350431257310419, 13.506740280690762 ], [ -89.350431257310419, 13.520214948315623 ], [ -89.336956589685542, 13.520214948315623 ], [ -89.336956589685542, 13.506740280690758 ] ] ] } },
{ "type": "Feature", "properties": { "class_id": 5, "area_m2": 2176115.5453893724, "class_name": "Muy Alto", "index": "NDII", "min_value": null, "max_value": null }, "geometry": { "type": "Polygon", "coordinates": [ [ [ -89.350431257310419, 13.547164283565355 ], [ -89.336956589685542, 13.547164283565358 ], [ -89.336956589685542, 13.533689615940492 ], [ -89.350431257310419, 13.533689615940492 ], [ -89.350431257310419, 13.547164283565355 ] ] ] } },
{ "type": "Feature", "properties": { "class_id": 5, "area_m2": 26107708.384964485, "class_name": "Muy Alto", "index": "NDII", "min_value": null, "max_value": null }, "geometry": { "type": "Polygon", "coordinates": [ [ [ -89.29653258681094, 13.574113618815089 ], [ -89.283057919186078, 13.574113618815089 ], [ -89.283057919186078, 13.587588286439953 ], [ -89.269583251561215, 13.587588286439953 ], [ -89.269583251561215, 13.574113618815085 ], [ -89.256108583936339, 13.574113618815089 ], [ -89.256108583936339, 13.587588286439951 ], [ -89.215684581061751, 13.587588286439953 ], [ -89.215684581061751, 13.574113618815083 ], [ -89.229159248686628, 13.574113618815083 ], [ -89.229159248686628, 13.560638951190226 ], [ -89.256108583936339, 13.560638951190221 ], [ -89.256108583936339, 13.533689615940496 ], [ -89.269583251561215, 13.533689615940492 ], [ -89.269583251561215, 13.547164283565355 ], [ -89.283057919186078, 13.547164283565355 ], [ -89.283057919186078, 13.560638951190219 ], [ -89.29653258681094, 13.560638951190221 ], [ -89.29653258681094, 13.574113618815089 ] ] ] } },
{ "type": "Feature", "properties": { "class_id": 5, "area_m2": 2175450.0350262662, "class_name": "Muy Alto", "index": "NDII", "min_value": null, "max_value": null }, "geometry": { "type": "Polygon", "coordinates": [ [ [ -89.202209913436889, 13.560638951190219 ], [ -89.202209913436889, 13.574113618815089 ], [ -89.188735245812012, 13.574113618815083 ], [ -89.188735245812012, 13.560638951190217 ], [ -89.202209913436889, 13.560638951190219 ] ] ] } },
{ "type": "Feature", "properties": { "class_id": 5, "area_m2": 2175635.0090137743, "class_name": "Muy Alto", "index": "NDII", "min_value": null, "max_value": null }, "geometry": { "type": "Polygon", "coordinates": [ [ [ -89.310007254435803, 13.587588286439958 ], [ -89.29653258681094, 13.587588286439951 ], [ -89.29653258681094, 13.574113618815089 ], [ -89.310007254435803, 13.574113618815087 ], [ -89.310007254435803, 13.587588286439958 ] ] ] } },
{ "type": "Feature", "properties": { "class_id": 5, "area_m2": 4350463.2988951085, "class_name": "Muy Alto", "index": "NDII", "min_value": null, "max_value": null }, "geometry": { "type": "Polygon", "coordinates": [ [ [ -89.188735245812012, 13.601062954064815 ], [ -89.175260578187149, 13.601062954064819 ], [ -89.175260578187149, 13.574113618815089 ], [ -89.188735245812012, 13.574113618815083 ], [ -89.188735245812012, 13.601062954064815 ] ] ] } },
{ "type": "Feature", "properties": { "class_id": 5, "area_m2": 2175393.0591509044, "class_name": "Muy Alto", "index": "NDII", "min_value": null, "max_value": null }, "geometry": { "type": "Polygon", "coordinates": [ [ [ -89.310007254435803, 13.601062954064819 ], [ -89.310007254435803, 13.614537621689681 ], [ -89.29653258681094, 13.614537621689681 ], [ -89.29653258681094, 13.601062954064819 ], [ -89.310007254435803, 13.601062954064819 ] ] ] } },
{ "type": "Feature", "properties": { "class_id": 5, "area_m2": 2175041.3563568778, "class_name": "Muy Alto", "index": "NDII", "min_value": null, "max_value": null }, "geometry": { "type": "Polygon", "coordinates": [ [ [ -89.229159248686628, 13.628012289314546 ], [ -89.215684581061751, 13.628012289314549 ], [ -89.215684581061751, 13.614537621689685 ], [ -89.229159248686628, 13.61453762168968 ], [ -89.229159248686628, 13.628012289314546 ] ] ] } },
{ "type": "Feature", "properties": { "class_id": 5, "area_m2": 2175232.9076825753, "class_name": "Muy Alto", "index": "NDII", "min_value": null, "max_value": null }, "geometry": { "type": "Polygon", "coordinates": [ [ [ -89.29653258681094, 13.628012289314546 ], [ -89.283057919186078, 13.628012289314549 ], [ -89.283057919186078, 13.614537621689681 ], [ -89.29653258681094, 13.614537621689681 ], [ -89.29653258681094, 13.628012289314546 ] ] ] } },
{ "type": "Feature", "properties": { "class_id": 5, "area_m2": 2174565.1921485094, "class_name": "Muy Alto", "index": "NDII", "min_value": null, "max_value": null }, "geometry": { "type": "Polygon", "coordinates": [ [ [ -89.175260578187149, 13.65496162456428 ], [ -89.188735245812012, 13.654961624564278 ], [ -89.188735245812012, 13.668436292189137 ], [ -89.175260578187149, 13.668436292189146 ], [ -89.175260578187149, 13.65496162456428 ] ] ] } },
{ "type": "Feature", "properties": { "class_id": 5, "area_m2": 2174631.6041600546, "class_name": "Muy Alto", "index": "NDII", "min_value": null, "max_value": null }, "geometry": { "type": "Polygon", "coordinates": [ [ [ -89.256108583936339, 13.68191095981401 ], [ -89.242633916311476, 13.68191095981401 ], [ -89.242633916311476, 13.668436292189142 ], [ -89.256108583936339, 13.66843629218914 ], [ -89.256108583936339, 13.68191095981401 ] ] ] } },
{ "type": "Feature", "properties": { "class_id": 5, "area_m2": 4348081.9881079774, "class_name": "Muy Alto", "index": "NDII", "min_value": null, "max_value": null }, "geometry": { "type": "Polygon", "coordinates": [ [ [ -89.269583251561215, 13.749284297938337 ], [ -89.242633916311476, 13.749284297938337 ], [ -89.242633916311476, 13.735809630313467 ], [ -89.269583251561215, 13.735809630313465 ], [ -89.269583251561215, 13.749284297938337 ] ] ] } },
{ "type": "Feature", "properties": { "class_id": 5, "area_m2": 2173663.7739657192, "class_name": "Muy Alto", "index": "NDII", "min_value": null, "max_value": null }, "geometry": { "type": "Polygon", "coordinates": [ [ [ -89.202209913436889, 13.762758965563197 ], [ -89.215684581061751, 13.762758965563197 ], [ -89.215684581061751, 13.776233633188067 ], [ -89.202209913436889, 13.776233633188067 ], [ -89.202209913436889, 13.762758965563197 ] ] ] } },
{ "type": "Feature", "properties": { "class_id": 5, "area_m2": 4347195.4134206641, "class_name": "Muy Alto", "index": "NDII", "min_value": null, "max_value": null }, "geometry": { "type": "Polygon", "coordinates": [ [ [ -89.242633916311476, 13.789708300812933 ], [ -89.215684581061751, 13.789708300812929 ], [ -89.215684581061751, 13.776233633188067 ], [ -89.242633916311476, 13.776233633188067 ], [ -89.242633916311476, 13.789708300812933 ] ] ] } },
{ "type": "Feature", "properties": { "class_id": 5, "area_m2": 2173848.0197687903, "class_name": "Muy Alto", "index": "NDII", "min_value": null, "max_value": null }, "geometry": { "type": "Polygon", "coordinates": [ [ [ -89.310007254435803, 13.776233633188067 ], [ -89.323481922060665, 13.776233633188063 ], [ -89.323481922060665, 13.789708300812933 ], [ -89.310007254435803, 13.789708300812931 ], [ -89.310007254435803, 13.776233633188067 ] ] ] } },
{ "type": "Feature", "properties": { "class_id": 5, "area_m2": 2173295.8516199007, "class_name": "Muy Alto", "index": "NDII", "min_value": null, "max_value": null }, "geometry": { "type": "Polygon", "coordinates": [ [ [ -89.215684581061751, 13.81665763606266 ], [ -89.202209913436889, 13.816657636062663 ], [ -89.202209913436889, 13.803182968437795 ], [ -89.215684581061751, 13.803182968437797 ], [ -89.215684581061751, 13.81665763606266 ] ] ] } },
{ "type": "Feature", "properties": { "class_id": 5, "area_m2": 4346933.1971700443, "class_name": "Muy Alto", "index": "NDII", "min_value": null, "max_value": null }, "geometry": { "type": "Polygon", "coordinates": [ [ [ -89.283057919186078, 13.816657636062663 ], [ -89.256108583936339, 13.81665763606266 ], [ -89.256108583936339, 13.803182968437799 ], [ -89.283057919186078, 13.803182968437797 ], [ -89.283057919186078, 13.816657636062663 ] ] ] } },
{ "type": "Feature", "properties": { "class_id": 5, "area_m2": 2173194.2560120327, "class_name": "Muy Alto", "index": "NDII", "min_value": null, "max_value": null }, "geometry": { "type": "Polygon", "coordinates": [ [ [ -89.29653258681094, 13.843606971312386 ], [ -89.310007254435803, 13.843606971312393 ], [ -89.310007254435803, 13.85708163893726 ], [ -89.29653258681094, 13.85708163893726 ], [ -89.29653258681094, 13.843606971312386 ] ] ] } },
{ "type": "Feature", "properties": { "class_id": 5, "area_m2": 102110368.33441551, "class_name": "Muy Alto", "index": "NDII", "min_value": null, "max_value": null }, "geometry": { "type": "Polygon", "coordinates": [ [ [ -89.121361907687685, 13.830132303687527 ], [ -89.161785910562287, 13.830132303687522 ], [ -89.161785910562287, 13.816657636062667 ], [ -89.175260578187149, 13.81665763606266 ], [ -89.175260578187149, 13.843606971312392 ], [ -89.215684581061751, 13.84360697131239 ], [ -89.215684581061751, 13.870556306562122 ], [ -89.229159248686628, 13.870556306562118 ], [ -89.229159248686628, 13.857081638937261 ], [ -89.242633916311476, 13.857081638937258 ], [ -89.242633916311476, 13.870556306562124 ], [ -89.256108583936339, 13.870556306562122 ], [ -89.256108583936339, 13.88403097418699 ], [ -89.269583251561215, 13.88403097418699 ], [ -89.269583251561215, 13.897505641811854 ], [ -89.202209913436889, 13.897505641811851 ], [ -89.202209913436889, 13.884030974186993 ], [ -89.188735245812012, 13.884030974186985 ], [ -89.188735245812012, 13.870556306562122 ], [ -89.175260578187149, 13.870556306562124 ], [ -89.175260578187149, 13.857081638937258 ], [ -89.161785910562287, 13.85708163893726 ], [ -89.161785910562287, 13.951404312311309 ], [ -89.148311242937424, 13.951404312311315 ], [ -89.148311242937424, 13.978353647561047 ], [ -89.134836575312562, 13.978353647561043 ], [ -89.134836575312562, 13.951404312311309 ], [ -89.121361907687685, 13.95140431231132 ], [ -89.121361907687685, 13.93792964468645 ], [ -89.148311242937424, 13.93792964468645 ], [ -89.148311242937424, 13.884030974186985 ], [ -89.134836575312562, 13.884030974186986 ], [ -89.134836575312562, 13.897505641811856 ], [ -89.107887240062837, 13.897505641811856 ], [ -89.107887240062837, 13.884030974186986 ], [ -89.09441257243796, 13.884030974186986 ], [ -89.09441257243796, 13.85708163893726 ], [ -89.107887240062837, 13.857081638937265 ], [ -89.107887240062837, 13.84360697131239 ], [ -89.121361907687685, 13.843606971312393 ], [ -89.121361907687685, 13.830132303687527 ] ], [ [ -89.134836575312562, 13.870556306562126 ], [ -89.134836575312562, 13.857081638937263 ], [ -89.121361907687685, 13.857081638937258 ], [ -89.121361907687685, 13.870556306562124 ], [ -89.134836575312562, 13.870556306562126 ] ] ] } },
{ "type": "Feature", "properties": { "class_id": 5, "area_m2": 6517150.3113507247, "class_name": "Muy Alto", "index": "NDII", "min_value": null, "max_value": null }, "geometry": { "type": "Polygon", "coordinates": [ [ [ -89.242633916311476, 13.91098030943672 ], [ -89.269583251561215, 13.91098030943672 ], [ -89.269583251561215, 13.937929644686443 ], [ -89.256108583936339, 13.93792964468645 ], [ -89.256108583936339, 13.924454977061584 ], [ -89.242633916311476, 13.924454977061583 ], [ -89.242633916311476, 13.91098030943672 ] ] ] } },
{ "type": "Feature", "properties": { "class_id": 5, "area_m2": 2171949.5225859, "class_name": "Muy Alto", "index": "NDII", "min_value": null, "max_value": null }, "geometry": { "type": "Polygon", "coordinates": [ [ [ -89.336956589685542, 13.991828315185908 ], [ -89.350431257310419, 13.991828315185904 ], [ -89.350431257310419, 14.005302982810772 ], [ -89.336956589685542, 14.005302982810775 ], [ -89.336956589685542, 13.991828315185908 ] ] ] } },
{ "type": "Feature", "properties": { "class_id": 5, "area_m2": 2171153.7133113705, "class_name": "Muy Alto", "index": "NDII", "min_value": null, "max_value": null }, "geometry": { "type": "Polygon", "coordinates": [ [ [ -89.202209913436889, 14.045726985685366 ], [ -89.188735245812012, 14.045726985685372 ], [ -89.188735245812012, 14.032252318060509 ], [ -89.202209913436889, 14.032252318060502 ], [ -89.202209913436889, 14.045726985685366 ] ] ] } },
{ "type": "Feature", "properties": { "class_id": 5, "area_m2": 6512865.1033872599, "class_name": "Muy Alto", "index": "NDII", "min_value": null, "max_value": null }, "geometry": { "type": "Polygon", "coordinates": [ [ [ -89.175260578187149, 14.072676320935102 ], [ -89.161785910562287, 14.072676320935102 ], [ -89.161785910562287, 14.032252318060507 ], [ -89.175260578187149, 14.032252318060502 ], [ -89.175260578187149, 14.072676320935102 ] ] ] } },
{ "type": "Feature", "properties": { "class_id": 5, "area_m2": 4341432.1795052979, "class_name": "Muy Alto", "index": "NDII", "min_value": null, "max_value": null }, "geometry": { "type": "Polygon", "coordinates": [ [ [ -89.202209913436889, 14.072676320935102 ], [ -89.202209913436889, 14.099625656184831 ], [ -89.188735245812012, 14.099625656184834 ], [ -89.188735245812012, 14.072676320935098 ], [ -89.202209913436889, 14.072676320935102 ] ] ] } },
{ "type": "Feature", "properties": { "class_id": 5, "area_m2": 8682101.966424739, "class_name": "Muy Alto", "index": "NDII", "min_value": null, "max_value": null }, "geometry": { "type": "Polygon", "coordinates": [ [ [ -89.175260578187149, 14.099625656184827 ], [ -89.121361907687685, 14.099625656184834 ], [ -89.121361907687685, 14.086150988559972 ], [ -89.175260578187149, 14.086150988559963 ], [ -89.175260578187149, 14.099625656184827 ] ] ] } },
{ "type": "Feature", "properties": { "class_id": 5, "area_m2": 10852429.24557977, "class_name": "Muy Alto", "index": "NDII", "min_value": null, "max_value": null }, "geometry": { "type": "Polygon", "coordinates": [ [ [ -89.175260578187149, 14.099625656184827 ], [ -89.188735245812012, 14.099625656184834 ], [ -89.188735245812012, 14.113100323809698 ], [ -89.202209913436889, 14.113100323809698 ], [ -89.202209913436889, 14.126574991434564 ], [ -89.148311242937424, 14.126574991434564 ], [ -89.148311242937424, 14.113100323809698 ], [ -89.175260578187149, 14.113100323809697 ], [ -89.175260578187149, 14.099625656184827 ] ] ] } },
{ "type": "Feature", "properties": { "class_id": 5, "area_m2": 2170446.5914189657, "class_name": "Muy Alto", "index": "NDII", "min_value": null, "max_value": null }, "geometry": { "type": "Polygon", "coordinates": [ [ [ -89.336956589685542, 14.153524326684298 ], [ -89.350431257310419, 14.153524326684295 ], [ -89.350431257310419, 14.166998994309155 ], [ -89.336956589685542, 14.166998994309159 ], [ -89.336956589685542, 14.153524326684298 ] ] ] } },
{ "type": "Feature", "properties": { "class_id": 5, "area_m2": 2169484.2646063333, "class_name": "Muy Alto", "index": "NDII", "min_value": null, "max_value": null }, "geometry": { "type": "Polygon", "coordinates": [ [ [ -89.188735245812012, 14.220897664808621 ], [ -89.175260578187149, 14.220897664808618 ], [ -89.175260578187149, 14.207422997183752 ], [ -89.188735245812012, 14.20742299718375 ], [ -89.188735245812012, 14.220897664808621 ] ] ] } },
{ "type": "Feature", "properties": { "class_id": 5, "area_m2": 2169431.8343948391, "class_name": "Muy Alto", "index": "NDII", "min_value": null, "max_value": null }, "geometry": { "type": "Polygon", "coordinates": [ [ [ -89.215684581061751, 14.234372332433486 ], [ -89.202209913436889, 14.234372332433486 ], [ -89.202209913436889, 14.220897664808623 ], [ -89.215684581061751, 14.220897664808618 ], [ -89.215684581061751, 14.234372332433486 ] ] ] } },
{ "type": "Feature", "properties": { "class_id": 5, "area_m2": 2168469.7609640281, "class_name": "Muy Alto", "index": "NDII", "min_value": null, "max_value": null }, "geometry": { "type": "Polygon", "coordinates": [ [ [ -89.175260578187149, 14.315220338182671 ], [ -89.188735245812012, 14.315220338182669 ], [ -89.188735245812012, 14.328695005807536 ], [ -89.175260578187149, 14.328695005807541 ], [ -89.175260578187149, 14.315220338182671 ] ] ] } },
{ "type": "Feature", "properties": { "class_id": 5, "area_m2": 2168142.0157682379, "class_name": "Muy Alto", "index": "NDII", "min_value": null, "max_value": null }, "geometry": { "type": "Polygon", "coordinates": [ [ [ -89.161785910562287, 14.355644341057275 ], [ -89.148311242937424, 14.355644341057268 ], [ -89.148311242937424, 14.342169673432409 ], [ -89.161785910562287, 14.342169673432409 ], [ -89.161785910562287, 14.355644341057275 ] ] ] } },
{ "type": "Feature", "properties": { "class_id": 5, "area_m2": 34692797.363399535, "class_name": "Muy Alto", "index": "NDII", "min_value": null, "max_value": null }, "geometry": { "type": "Polygon", "coordinates": [ [ [ -89.242633916311476, 14.396068343931869 ], [ -89.229159248686628, 14.396068343931864 ], [ -89.229159248686628, 14.382593676307 ], [ -89.215684581061751, 14.382593676307003 ], [ -89.215684581061751, 14.369119008682141 ], [ -89.202209913436889, 14.369119008682137 ], [ -89.202209913436889, 14.342169673432405 ], [ -89.229159248686628, 14.342169673432402 ], [ -89.229159248686628, 14.315220338182669 ], [ -89.242633916311476, 14.315220338182677 ], [ -89.242633916311476, 14.328695005807536 ], [ -89.256108583936339, 14.328695005807536 ], [ -89.256108583936339, 14.342169673432405 ], [ -89.269583251561215, 14.342169673432405 ], [ -89.269583251561215, 14.369119008682141 ], [ -89.242633916311476, 14.369119008682134 ], [ -89.242633916311476, 14.396068343931869 ] ] ] } },
{ "type": "Feature", "properties": { "class_id": 5, "area_m2": 4336316.1747537991, "class_name": "Muy Alto", "index": "NDII", "min_value": null, "max_value": null }, "geometry": { "type": "Polygon", "coordinates": [ [ [ -89.269583251561215, 14.369119008682141 ], [ -89.283057919186078, 14.369119008682137 ], [ -89.283057919186078, 14.396068343931869 ], [ -89.269583251561215, 14.396068343931868 ], [ -89.269583251561215, 14.369119008682141 ] ] ] } },
{ "type": "Feature", "properties": { "class_id": 5, "area_m2": 2177181.019116702, "class_name": "Muy Alto", "index": "NDII", "min_value": null, "max_value": null }, "geometry": { "type": "Polygon", "coordinates": [ [ [ -88.851868555190393, 13.277670931068055 ], [ -88.838393887565516, 13.277670931068053 ], [ -88.838393887565516, 13.264196263443186 ], [ -88.851868555190393, 13.264196263443186 ], [ -88.851868555190393, 13.277670931068055 ] ] ] } },
{ "type": "Feature", "properties": { "class_id": 5, "area_m2": 13062123.541799853, "class_name": "Muy Alto", "index": "NDII", "min_value": null, "max_value": null }, "geometry": { "type": "Polygon", "coordinates": [ [ [ -88.905767225689843, 13.318094933942648 ], [ -88.878817890440118, 13.318094933942648 ], [ -88.878817890440118, 13.30462026631778 ], [ -88.865343222815255, 13.304620266317784 ], [ -88.865343222815255, 13.27767093106805 ], [ -88.878817890440118, 13.277670931068057 ], [ -88.878817890440118, 13.291145598692916 ], [ -88.905767225689843, 13.291145598692916 ], [ -88.905767225689843, 13.318094933942648 ] ] ] } },
{ "type": "Feature", "properties": { "class_id": 5, "area_m2": 4353920.3824199419, "class_name": "Muy Alto", "index": "NDII", "min_value": null, "max_value": null }, "geometry": { "type": "Polygon", "coordinates": [ [ [ -88.91924189331472, 13.304620266317784 ], [ -88.932716560939582, 13.304620266317784 ], [ -88.932716560939582, 13.33156960156751 ], [ -88.91924189331472, 13.331569601567514 ], [ -88.91924189331472, 13.304620266317784 ] ] ] } },
{ "type": "Feature", "properties": { "class_id": 5, "area_m2": 4353865.0535520446, "class_name": "Muy Alto", "index": "NDII", "min_value": null, "max_value": null }, "geometry": { "type": "Polygon", "coordinates": [ [ [ -89.000089899063909, 13.345044269192377 ], [ -88.973140563814169, 13.345044269192378 ], [ -88.973140563814169, 13.331569601567509 ], [ -89.000089899063909, 13.331569601567509 ], [ -89.000089899063909, 13.345044269192377 ] ] ] } },
{ "type": "Feature", "properties": { "class_id": 5, "area_m2": 2176899.1302285674, "class_name": "Muy Alto", "index": "NDII", "min_value": null, "max_value": null }, "geometry": { "type": "Polygon", "coordinates": [ [ [ -89.027039234313634, 13.358518936817244 ], [ -89.013564566688771, 13.358518936817248 ], [ -89.013564566688771, 13.345044269192375 ], [ -89.027039234313634, 13.345044269192378 ], [ -89.027039234313634, 13.358518936817244 ] ] ] } },
{ "type": "Feature", "properties": { "class_id": 5, "area_m2": 2176884.5980392941, "class_name": "Muy Alto", "index": "NDII", "min_value": null, "max_value": null }, "geometry": { "type": "Polygon", "coordinates": [ [ [ -89.053988569563359, 13.358518936817246 ], [ -89.067463237188235, 13.358518936817241 ], [ -89.067463237188235, 13.371993604442109 ], [ -89.053988569563359, 13.37199360444211 ], [ -89.053988569563359, 13.358518936817246 ] ] ] } },
{ "type": "Feature", "properties": { "class_id": 5, "area_m2": 2176800.8877045875, "class_name": "Muy Alto", "index": "NDII", "min_value": null, "max_value": null }, "geometry": { "type": "Polygon", "coordinates": [ [ [ -89.080937904813098, 13.385468272066975 ], [ -89.067463237188235, 13.385468272066969 ], [ -89.067463237188235, 13.371993604442109 ], [ -89.080937904813098, 13.371993604442109 ], [ -89.080937904813098, 13.385468272066975 ] ] ] } },
{ "type": "Feature", "properties": { "class_id": 5, "area_m2": 6528629.7217756948, "class_name": "Muy Alto", "index": "NDII", "min_value": null, "max_value": null }, "geometry": { "type": "Polygon", "coordinates": [ [ [ -88.89229255806498, 13.412417607316703 ], [ -88.878817890440118, 13.412417607316705 ], [ -88.878817890440118, 13.37199360444211 ], [ -88.89229255806498, 13.37199360444211 ], [ -88.89229255806498, 13.412417607316703 ] ] ] } },
{ "type": "Feature", "properties": { "class_id": 5, "area_m2": 2176752.9350992548, "class_name": "Muy Alto", "index": "NDII", "min_value": null, "max_value": null }, "geometry": { "type": "Polygon", "coordinates": [ [ [ -89.09441257243796, 13.385468272066969 ], [ -89.107887240062837, 13.385468272066969 ], [ -89.107887240062837, 13.398942939691841 ], [ -89.09441257243796, 13.398942939691834 ], [ -89.09441257243796, 13.385468272066969 ] ] ] } },
{ "type": "Feature", "properties": { "class_id": 5, "area_m2": 2174139.7318574665, "class_name": "Muy Alto", "index": "NDII", "min_value": null, "max_value": null }, "geometry": { "type": "Polygon", "coordinates": [ [ [ -89.121361907687685, 13.695385627438874 ], [ -89.107887240062837, 13.695385627438874 ], [ -89.107887240062837, 13.681910959814008 ], [ -89.121361907687685, 13.68191095981401 ], [ -89.121361907687685, 13.695385627438874 ] ] ] } },
{ "type": "Feature", "properties": { "class_id": 5, "area_m2": 6516988.0429398743, "class_name": "Muy Alto", "index": "NDII", "min_value": null, "max_value": null }, "geometry": { "type": "Polygon", "coordinates": [ [ [ -89.053988569563359, 13.857081638937263 ], [ -89.067463237188235, 13.857081638937258 ], [ -89.067463237188235, 13.884030974186986 ], [ -89.040513901938496, 13.884030974186985 ], [ -89.040513901938496, 13.870556306562118 ], [ -89.053988569563359, 13.870556306562122 ], [ -89.053988569563359, 13.857081638937263 ] ] ] } },
{ "type": "Feature", "properties": { "class_id": 5, "area_m2": 4344424.2275423966, "class_name": "Muy Alto", "index": "NDII", "min_value": null, "max_value": null }, "geometry": { "type": "Polygon", "coordinates": [ [ [ -89.067463237188235, 13.884030974186986 ], [ -89.09441257243796, 13.884030974186986 ], [ -89.09441257243796, 13.897505641811854 ], [ -89.067463237188235, 13.897505641811859 ], [ -89.067463237188235, 13.884030974186986 ] ] ] } },
{ "type": "Feature", "properties": { "class_id": 5, "area_m2": 2171211.814198032, "class_name": "Muy Alto", "index": "NDII", "min_value": null, "max_value": null }, "geometry": { "type": "Polygon", "coordinates": [ [ [ -88.986615231439046, 13.978353647561047 ], [ -88.973140563814169, 13.97835364756104 ], [ -88.973140563814169, 13.964878979936181 ], [ -88.986615231439046, 13.964878979936181 ], [ -88.986615231439046, 13.978353647561047 ] ] ] } },
{ "type": "Feature", "properties": { "class_id": 5, "area_m2": 8684687.729663983, "class_name": "Muy Alto", "index": "NDII", "min_value": null, "max_value": null }, "geometry": { "type": "Polygon", "coordinates": [ [ [ -89.013564566688771, 14.005302982810774 ], [ -89.000089899063909, 14.005302982810777 ], [ -89.000089899063909, 13.978353647561045 ], [ -89.013564566688771, 13.978353647561041 ], [ -89.013564566688771, 13.964878979936181 ], [ -89.027039234313634, 13.964878979936181 ], [ -89.027039234313634, 13.991828315185913 ], [ -89.013564566688771, 13.991828315185908 ], [ -89.013564566688771, 14.005302982810774 ] ] ] } },
{ "type": "Feature", "properties": { "class_id": 5, "area_m2": 6511790.5192622319, "class_name": "Muy Alto", "index": "NDII", "min_value": null, "max_value": null }, "geometry": { "type": "Polygon", "coordinates": [ [ [ -88.851868555190393, 14.005302982810777 ], [ -88.838393887565516, 14.005302982810774 ], [ -88.838393887565516, 13.991828315185906 ], [ -88.865343222815255, 13.991828315185915 ], [ -88.865343222815255, 14.018777650435643 ], [ -88.851868555190393, 14.018777650435643 ], [ -88.851868555190393, 14.005302982810777 ] ] ] } },
{ "type": "Feature", "properties": { "class_id": 5, "area_m2": 2171095.9073430654, "class_name": "Muy Alto", "index": "NDII", "min_value": null, "max_value": null }, "geometry": { "type": "Polygon", "coordinates": [ [ [ -89.134836575312562, 14.032252318060502 ], [ -89.121361907687685, 14.032252318060506 ], [ -89.121361907687685, 14.018777650435647 ], [ -89.134836575312562, 14.018777650435641 ], [ -89.134836575312562, 14.032252318060502 ] ] ] } },
{ "type": "Feature", "properties": { "class_id": 5, "area_m2": 2170393.2587160268, "class_name": "Muy Alto", "index": "NDII", "min_value": null, "max_value": null }, "geometry": { "type": "Polygon", "coordinates": [ [ [ -88.905767225689843, 14.045726985685365 ], [ -88.89229255806498, 14.045726985685366 ], [ -88.89229255806498, 14.032252318060502 ], [ -88.905767225689843, 14.032252318060507 ], [ -88.905767225689843, 14.045726985685365 ] ] ] } },
{ "type": "Feature", "properties": { "class_id": 5, "area_m2": 36902023.968175881, "class_name": "Muy Alto", "index": "NDII", "min_value": null, "max_value": null }, "geometry": { "type": "Polygon", "coordinates": [ [ [ -89.080937904813098, 14.086150988559965 ], [ -89.067463237188235, 14.086150988559968 ], [ -89.067463237188235, 14.072676320935102 ], [ -89.040513901938496, 14.072676320935102 ], [ -89.040513901938496, 14.059201653310238 ], [ -89.013564566688771, 14.059201653310234 ], [ -89.013564566688771, 14.018777650435641 ], [ -89.027039234313634, 14.018777650435643 ], [ -89.027039234313634, 14.005302982810774 ], [ -89.040513901938496, 14.005302982810772 ], [ -89.040513901938496, 14.018777650435641 ], [ -89.067463237188235, 14.018777650435641 ], [ -89.067463237188235, 14.059201653310234 ], [ -89.080937904813098, 14.059201653310234 ], [ -89.080937904813098, 14.086150988559965 ] ] ] } },
{ "type": "Feature", "properties": { "class_id": 5, "area_m2": 2170365.6954351012, "class_name": "Muy Alto", "index": "NDII", "min_value": null, "max_value": null }, "geometry": { "type": "Polygon", "coordinates": [ [ [ -88.946191228564444, 14.059201653310234 ], [ -88.932716560939582, 14.059201653310234 ], [ -88.932716560939582, 14.04572698568537 ], [ -88.946191228564444, 14.045726985685365 ], [ -88.946191228564444, 14.059201653310234 ] ] ] } },
{ "type": "Feature", "properties": { "class_id": 5, "area_m2": 4340065.9013074338, "class_name": "Muy Alto", "index": "NDII", "min_value": null, "max_value": null }, "geometry": { "type": "Polygon", "coordinates": [ [ [ -88.865343222815255, 14.072676320935102 ], [ -88.838393887565516, 14.072676320935102 ], [ -88.838393887565516, 14.059201653310234 ], [ -88.865343222815255, 14.059201653310238 ], [ -88.865343222815255, 14.072676320935102 ] ] ] } },
{ "type": "Feature", "properties": { "class_id": 5, "area_m2": 4340485.1193380915, "class_name": "Muy Alto", "index": "NDII", "min_value": null, "max_value": null }, "geometry": { "type": "Polygon", "coordinates": [ [ [ -89.027039234313634, 14.086150988559968 ], [ -89.053988569563359, 14.086150988559968 ], [ -89.053988569563359, 14.099625656184832 ], [ -89.027039234313634, 14.099625656184834 ], [ -89.027039234313634, 14.086150988559968 ] ] ] } },
{ "type": "Feature", "properties": { "class_id": 5, "area_m2": 2169579.4553017677, "class_name": "Muy Alto", "index": "NDII", "min_value": null, "max_value": null }, "geometry": { "type": "Polygon", "coordinates": [ [ [ -88.878817890440118, 14.126574991434564 ], [ -88.865343222815255, 14.126574991434564 ], [ -88.865343222815255, 14.113100323809698 ], [ -88.878817890440118, 14.113100323809698 ], [ -88.878817890440118, 14.126574991434564 ] ] ] } },
{ "type": "Feature", "properties": { "class_id": 5, "area_m2": 2169392.0308381133, "class_name": "Muy Alto", "index": "NDII", "min_value": null, "max_value": null }, "geometry": { "type": "Polygon", "coordinates": [ [ [ -88.905767225689843, 14.153524326684291 ], [ -88.89229255806498, 14.153524326684288 ], [ -88.89229255806498, 14.140049659059423 ], [ -88.905767225689843, 14.140049659059425 ], [ -88.905767225689843, 14.153524326684291 ] ] ] } },
{ "type": "Feature", "properties": { "class_id": 5, "area_m2": 2169456.5083297561, "class_name": "Muy Alto", "index": "NDII", "min_value": null, "max_value": null }, "geometry": { "type": "Polygon", "coordinates": [ [ [ -88.91924189331472, 14.140049659059425 ], [ -88.932716560939582, 14.14004965905942 ], [ -88.932716560939582, 14.153524326684293 ], [ -88.91924189331472, 14.153524326684288 ], [ -88.91924189331472, 14.140049659059425 ] ] ] } },
{ "type": "Feature", "properties": { "class_id": 5, "area_m2": 2169370.1223593527, "class_name": "Muy Alto", "index": "NDII", "min_value": null, "max_value": null }, "geometry": { "type": "Polygon", "coordinates": [ [ [ -89.000089899063909, 14.180473661934027 ], [ -88.986615231439046, 14.180473661934025 ], [ -88.986615231439046, 14.166998994309157 ], [ -89.000089899063909, 14.166998994309159 ], [ -89.000089899063909, 14.180473661934027 ] ] ] } },
{ "type": "Feature", "properties": { "class_id": 5, "area_m2": 2169277.8642385136, "class_name": "Muy Alto", "index": "NDII", "min_value": null, "max_value": null }, "geometry": { "type": "Polygon", "coordinates": [ [ [ -89.000089899063909, 14.180473661934027 ], [ -89.013564566688771, 14.180473661934025 ], [ -89.013564566688771, 14.193948329558882 ], [ -89.000089899063909, 14.193948329558889 ], [ -89.000089899063909, 14.180473661934027 ] ] ] } },
{ "type": "Feature", "properties": { "class_id": 5, "area_m2": 4338245.1411534278, "class_name": "Muy Alto", "index": "NDII", "min_value": null, "max_value": null }, "geometry": { "type": "Polygon", "coordinates": [ [ [ -89.013564566688771, 14.193948329558882 ], [ -89.027039234313634, 14.193948329558891 ], [ -89.027039234313634, 14.22089766480862 ], [ -89.013564566688771, 14.220897664808616 ], [ -89.013564566688771, 14.193948329558882 ] ] ] } },
{ "type": "Feature", "properties": { "class_id": 5, "area_m2": 6506726.0955362851, "class_name": "Muy Alto", "index": "NDII", "min_value": null, "max_value": null }, "geometry": { "type": "Polygon", "coordinates": [ [ [ -88.973140563814169, 14.207422997183748 ], [ -88.986615231439046, 14.20742299718375 ], [ -88.986615231439046, 14.220897664808616 ], [ -89.000089899063909, 14.220897664808621 ], [ -89.000089899063909, 14.234372332433486 ], [ -88.973140563814169, 14.234372332433486 ], [ -88.973140563814169, 14.207422997183748 ] ] ] } },
{ "type": "Feature", "properties": { "class_id": 5, "area_m2": 2169036.2710962496, "class_name": "Muy Alto", "index": "NDII", "min_value": null, "max_value": null }, "geometry": { "type": "Polygon", "coordinates": [ [ [ -89.053988569563359, 14.220897664808627 ], [ -89.067463237188235, 14.220897664808616 ], [ -89.067463237188235, 14.234372332433489 ], [ -89.053988569563359, 14.234372332433486 ], [ -89.053988569563359, 14.220897664808627 ] ] ] } },
{ "type": "Feature", "properties": { "class_id": 5, "area_m2": 4337762.606137868, "class_name": "Muy Alto", "index": "NDII", "min_value": null, "max_value": null }, "geometry": { "type": "Polygon", "coordinates": [ [ [ -89.080937904813098, 14.261321667683216 ], [ -89.067463237188235, 14.261321667683212 ], [ -89.067463237188235, 14.234372332433489 ], [ -89.080937904813098, 14.234372332433489 ], [ -89.080937904813098, 14.261321667683216 ] ] ] } },
{ "type": "Feature", "properties": { "class_id": 5, "area_m2": 4337649.9083369523, "class_name": "Muy Alto", "index": "NDII", "min_value": null, "max_value": null }, "geometry": { "type": "Polygon", "coordinates": [ [ [ -89.107887240062837, 14.27479633530808 ], [ -89.09441257243796, 14.274796335308078 ], [ -89.09441257243796, 14.24784700005835 ], [ -89.107887240062837, 14.24784700005835 ], [ -89.107887240062837, 14.27479633530808 ] ] ] } },
{ "type": "Feature", "properties": { "class_id": 5, "area_m2": 2168621.9591660118, "class_name": "Muy Alto", "index": "NDII", "min_value": null, "max_value": null }, "geometry": { "type": "Polygon", "coordinates": [ [ [ -89.053988569563359, 14.261321667683214 ], [ -89.053988569563359, 14.274796335308082 ], [ -89.040513901938496, 14.274796335308078 ], [ -89.040513901938496, 14.261321667683216 ], [ -89.053988569563359, 14.261321667683214 ] ] ] } },
{ "type": "Feature", "properties": { "class_id": 5, "area_m2": 8675404.6711072251, "class_name": "Muy Alto", "index": "NDII", "min_value": null, "max_value": null }, "geometry": { "type": "Polygon", "coordinates": [ [ [ -89.134836575312562, 14.288271002932946 ], [ -89.121361907687685, 14.28827100293295 ], [ -89.121361907687685, 14.247847000058348 ], [ -89.134836575312562, 14.247847000058348 ], [ -89.134836575312562, 14.261321667683212 ], [ -89.148311242937424, 14.261321667683209 ], [ -89.148311242937424, 14.274796335308082 ], [ -89.134836575312562, 14.274796335308078 ], [ -89.134836575312562, 14.288271002932946 ] ] ] } },
{ "type": "Feature", "properties": { "class_id": 5, "area_m2": 2168460.8092442751, "class_name": "Muy Alto", "index": "NDII", "min_value": null, "max_value": null }, "geometry": { "type": "Polygon", "coordinates": [ [ [ -89.040513901938496, 14.288271002932946 ], [ -89.027039234313634, 14.28827100293295 ], [ -89.027039234313634, 14.274796335308078 ], [ -89.040513901938496, 14.274796335308078 ], [ -89.040513901938496, 14.288271002932946 ] ] ] } },
{ "type": "Feature", "properties": { "class_id": 5, "area_m2": 8673682.1715506874, "class_name": "Muy Alto", "index": "NDII", "min_value": null, "max_value": null }, "geometry": { "type": "Polygon", "coordinates": [ [ [ -89.080937904813098, 14.301745670557811 ], [ -89.067463237188235, 14.301745670557811 ], [ -89.067463237188235, 14.315220338182673 ], [ -89.053988569563359, 14.315220338182671 ], [ -89.053988569563359, 14.274796335308082 ], [ -89.067463237188235, 14.274796335308086 ], [ -89.067463237188235, 14.288271002932946 ], [ -89.080937904813098, 14.288271002932946 ], [ -89.080937904813098, 14.301745670557811 ] ] ] } },
{ "type": "Feature", "properties": { "class_id": 5, "area_m2": 2168416.2404069277, "class_name": "Muy Alto", "index": "NDII", "min_value": null, "max_value": null }, "geometry": { "type": "Polygon", "coordinates": [ [ [ -89.121361907687685, 14.315220338182675 ], [ -89.107887240062837, 14.315220338182673 ], [ -89.107887240062837, 14.301745670557807 ], [ -89.121361907687685, 14.301745670557818 ], [ -89.121361907687685, 14.315220338182675 ] ] ] } },
{ "type": "Feature", "properties": { "class_id": 5, "area_m2": 2168324.7353984495, "class_name": "Muy Alto", "index": "NDII", "min_value": null, "max_value": null }, "geometry": { "type": "Polygon", "coordinates": [ [ [ -89.121361907687685, 14.315220338182675 ], [ -89.134836575312562, 14.315220338182677 ], [ -89.134836575312562, 14.328695005807536 ], [ -89.121361907687685, 14.328695005807536 ], [ -89.121361907687685, 14.315220338182675 ] ] ] } },
{ "type": "Feature", "properties": { "class_id": 5, "area_m2": 2167998.8614394213, "class_name": "Muy Alto", "index": "NDII", "min_value": null, "max_value": null }, "geometry": { "type": "Polygon", "coordinates": [ [ [ -89.09441257243796, 14.342169673432409 ], [ -89.107887240062837, 14.342169673432409 ], [ -89.107887240062837, 14.355644341057275 ], [ -89.09441257243796, 14.355644341057271 ], [ -89.09441257243796, 14.342169673432409 ] ] ] } },
{ "type": "Feature", "properties": { "class_id": 5, "area_m2": 2177019.5112621309, "class_name": "Muy Alto", "index": "NDII", "min_value": null, "max_value": null }, "geometry": { "type": "Polygon", "coordinates": [ [ [ -88.353305853070367, 13.183348257693991 ], [ -88.353305853070367, 13.16987359006913 ], [ -88.366780520695244, 13.169873590069125 ], [ -88.366780520695244, 13.183348257693995 ], [ -88.353305853070367, 13.183348257693991 ] ] ] } },
{ "type": "Feature", "properties": { "class_id": 5, "area_m2": 2176879.4264943711, "class_name": "Muy Alto", "index": "NDII", "min_value": null, "max_value": null }, "geometry": { "type": "Polygon", "coordinates": [ [ [ -88.353305853070367, 13.183348257693991 ], [ -88.353305853070367, 13.196822925318861 ], [ -88.339831185445505, 13.196822925318857 ], [ -88.339831185445505, 13.183348257693993 ], [ -88.353305853070367, 13.183348257693991 ] ] ] } },
{ "type": "Feature", "properties": { "class_id": 5, "area_m2": 2177223.4220678951, "class_name": "Muy Alto", "index": "NDII", "min_value": null, "max_value": null }, "geometry": { "type": "Polygon", "coordinates": [ [ [ -88.528476532193622, 13.183348257693993 ], [ -88.541951199818484, 13.183348257693995 ], [ -88.541951199818484, 13.196822925318864 ], [ -88.528476532193622, 13.196822925318859 ], [ -88.528476532193622, 13.183348257693993 ] ] ] } },
{ "type": "Feature", "properties": { "class_id": 5, "area_m2": 4354452.8551369635, "class_name": "Muy Alto", "index": "NDII", "min_value": null, "max_value": null }, "geometry": { "type": "Polygon", "coordinates": [ [ [ -88.609324537942811, 13.210297592943727 ], [ -88.582375202693086, 13.210297592943725 ], [ -88.582375202693086, 13.196822925318862 ], [ -88.609324537942811, 13.196822925318857 ], [ -88.609324537942811, 13.210297592943727 ] ] ] } },
{ "type": "Feature", "properties": { "class_id": 5, "area_m2": 6531787.0000152374, "class_name": "Muy Alto", "index": "NDII", "min_value": null, "max_value": null }, "geometry": { "type": "Polygon", "coordinates": [ [ [ -88.690172543692, 13.223772260568587 ], [ -88.649748540817413, 13.223772260568589 ], [ -88.649748540817413, 13.21029759294373 ], [ -88.690172543692, 13.210297592943723 ], [ -88.690172543692, 13.223772260568587 ] ] ] } },
{ "type": "Feature", "properties": { "class_id": 5, "area_m2": 2176645.3212634306, "class_name": "Muy Alto", "index": "NDII", "min_value": null, "max_value": null }, "geometry": { "type": "Polygon", "coordinates": [ [ [ -88.407204523569831, 13.223772260568591 ], [ -88.420679191194694, 13.223772260568587 ], [ -88.420679191194694, 13.237246928193455 ], [ -88.407204523569831, 13.237246928193448 ], [ -88.407204523569831, 13.223772260568591 ] ] ] } },
{ "type": "Feature", "properties": { "class_id": 5, "area_m2": 69662871.506593719, "class_name": "Muy Alto", "index": "NDII", "min_value": null, "max_value": null }, "geometry": { "type": "Polygon", "coordinates": [ [ [ -88.43415385881957, 13.16987359006913 ], [ -88.48805252931902, 13.169873590069125 ], [ -88.48805252931902, 13.196822925318857 ], [ -88.528476532193622, 13.196822925318859 ], [ -88.528476532193622, 13.210297592943723 ], [ -88.555425867443347, 13.210297592943725 ], [ -88.555425867443347, 13.237246928193457 ], [ -88.568900535068209, 13.237246928193457 ], [ -88.568900535068209, 13.250721595818323 ], [ -88.582375202693086, 13.250721595818318 ], [ -88.582375202693086, 13.264196263443186 ], [ -88.636273873192536, 13.264196263443186 ], [ -88.636273873192536, 13.291145598692919 ], [ -88.622799205567674, 13.291145598692918 ], [ -88.622799205567674, 13.277670931068053 ], [ -88.555425867443347, 13.277670931068055 ], [ -88.555425867443347, 13.25072159581832 ], [ -88.541951199818484, 13.250721595818323 ], [ -88.541951199818484, 13.237246928193453 ], [ -88.501527196943883, 13.237246928193453 ], [ -88.501527196943883, 13.223772260568587 ], [ -88.51500186456876, 13.223772260568586 ], [ -88.51500186456876, 13.210297592943723 ], [ -88.43415385881957, 13.210297592943725 ], [ -88.43415385881957, 13.196822925318859 ], [ -88.447628526444433, 13.196822925318859 ], [ -88.447628526444433, 13.183348257693996 ], [ -88.43415385881957, 13.183348257693993 ], [ -88.43415385881957, 13.16987359006913 ] ] ] } },
{ "type": "Feature", "properties": { "class_id": 5, "area_m2": 6531870.3118870184, "class_name": "Muy Alto", "index": "NDII", "min_value": null, "max_value": null }, "geometry": { "type": "Polygon", "coordinates": [ [ [ -88.757545881816327, 13.237246928193453 ], [ -88.71712187894174, 13.237246928193453 ], [ -88.71712187894174, 13.223772260568587 ], [ -88.757545881816327, 13.223772260568591 ], [ -88.757545881816327, 13.237246928193453 ] ] ] } },
{ "type": "Feature", "properties": { "class_id": 5, "area_m2": 6531878.433040279, "class_name": "Muy Alto", "index": "NDII", "min_value": null, "max_value": null }, "geometry": { "type": "Polygon", "coordinates": [ [ [ -88.771020549441189, 13.237246928193457 ], [ -88.811444552315791, 13.237246928193453 ], [ -88.811444552315791, 13.25072159581832 ], [ -88.771020549441189, 13.250721595818318 ], [ -88.771020549441189, 13.237246928193457 ] ] ] } },
{ "type": "Feature", "properties": { "class_id": 5, "area_m2": 10884549.422894273, "class_name": "Muy Alto", "index": "NDII", "min_value": null, "max_value": null }, "geometry": { "type": "Polygon", "coordinates": [ [ [ -88.703647211316863, 13.264196263443186 ], [ -88.636273873192536, 13.264196263443186 ], [ -88.636273873192536, 13.250721595818318 ], [ -88.703647211316863, 13.25072159581832 ], [ -88.703647211316863, 13.264196263443186 ] ] ] } },
{ "type": "Feature", "properties": { "class_id": 5, "area_m2": 28280570.294468533, "class_name": "Muy Alto", "index": "NDII", "min_value": null, "max_value": null }, "geometry": { "type": "Polygon", "coordinates": [ [ [ -88.043388497698473, 13.277670931068053 ], [ -88.05686316532335, 13.277670931068053 ], [ -88.05686316532335, 13.291145598692919 ], [ -88.08381250057306, 13.291145598692916 ], [ -88.08381250057306, 13.30462026631778 ], [ -88.097287168197937, 13.30462026631778 ], [ -88.097287168197937, 13.318094933942648 ], [ -88.070337832948198, 13.318094933942646 ], [ -88.070337832948198, 13.331569601567509 ], [ -88.02991383007361, 13.331569601567512 ], [ -88.02991383007361, 13.291145598692918 ], [ -88.043388497698473, 13.291145598692918 ], [ -88.043388497698473, 13.277670931068053 ] ] ] } },
{ "type": "Feature", "properties": { "class_id": 5, "area_m2": 6529023.0091015361, "class_name": "Muy Alto", "index": "NDII", "min_value": null, "max_value": null }, "geometry": { "type": "Polygon", "coordinates": [ [ [ -88.595849870317949, 13.291145598692914 ], [ -88.595849870317949, 13.304620266317785 ], [ -88.609324537942811, 13.30462026631778 ], [ -88.609324537942811, 13.318094933942643 ], [ -88.582375202693086, 13.318094933942643 ], [ -88.582375202693086, 13.291145598692918 ], [ -88.595849870317949, 13.291145598692914 ] ] ] } },
{ "type": "Feature", "properties": { "class_id": 5, "area_m2": 2176125.7611850426, "class_name": "Muy Alto", "index": "NDII", "min_value": null, "max_value": null }, "geometry": { "type": "Polygon", "coordinates": [ [ [ -88.582375202693086, 13.331569601567514 ], [ -88.568900535068209, 13.33156960156751 ], [ -88.568900535068209, 13.318094933942644 ], [ -88.582375202693086, 13.318094933942643 ], [ -88.582375202693086, 13.331569601567514 ] ] ] } },
{ "type": "Feature", "properties": { "class_id": 5, "area_m2": 6527995.8416988598, "class_name": "Muy Alto", "index": "NDII", "min_value": null, "max_value": null }, "geometry": { "type": "Polygon", "coordinates": [ [ [ -88.555425867443347, 13.331569601567514 ], [ -88.541951199818484, 13.331569601567514 ], [ -88.541951199818484, 13.345044269192375 ], [ -88.528476532193622, 13.345044269192375 ], [ -88.528476532193622, 13.318094933942648 ], [ -88.555425867443347, 13.318094933942648 ], [ -88.555425867443347, 13.331569601567514 ] ] ] } },
{ "type": "Feature", "properties": { "class_id": 5, "area_m2": 2175429.7777941008, "class_name": "Muy Alto", "index": "NDII", "min_value": null, "max_value": null }, "geometry": { "type": "Polygon", "coordinates": [ [ [ -88.245508512071453, 13.331569601567507 ], [ -88.258983179696315, 13.331569601567514 ], [ -88.258983179696315, 13.345044269192378 ], [ -88.245508512071453, 13.345044269192373 ], [ -88.245508512071453, 13.331569601567507 ] ] ] } },
{ "type": "Feature", "properties": { "class_id": 5, "area_m2": 2176258.1131236115, "class_name": "Muy Alto", "index": "NDII", "min_value": null, "max_value": null }, "geometry": { "type": "Polygon", "coordinates": [ [ [ -88.703647211316863, 13.34504426919238 ], [ -88.690172543692, 13.345044269192375 ], [ -88.690172543692, 13.331569601567518 ], [ -88.703647211316863, 13.331569601567512 ], [ -88.703647211316863, 13.34504426919238 ] ] ] } },
{ "type": "Feature", "properties": { "class_id": 5, "area_m2": 4352282.9910777267, "class_name": "Muy Alto", "index": "NDII", "min_value": null, "max_value": null }, "geometry": { "type": "Polygon", "coordinates": [ [ [ -88.676697876067138, 13.358518936817244 ], [ -88.663223208442275, 13.358518936817244 ], [ -88.663223208442275, 13.331569601567514 ], [ -88.676697876067138, 13.331569601567514 ], [ -88.676697876067138, 13.358518936817244 ] ] ] } },
{ "type": "Feature", "properties": { "class_id": 5, "area_m2": 4351541.179186292, "class_name": "Muy Alto", "index": "NDII", "min_value": null, "max_value": null }, "geometry": { "type": "Polygon", "coordinates": [ [ [ -88.501527196943883, 13.345044269192375 ], [ -88.528476532193622, 13.345044269192375 ], [ -88.528476532193622, 13.358518936817244 ], [ -88.501527196943883, 13.358518936817246 ], [ -88.501527196943883, 13.345044269192375 ] ] ] } },
{ "type": "Feature", "properties": { "class_id": 5, "area_m2": 4352484.3013557885, "class_name": "Muy Alto", "index": "NDII", "min_value": null, "max_value": null }, "geometry": { "type": "Polygon", "coordinates": [ [ [ -88.757545881816327, 13.358518936817244 ], [ -88.730596546566602, 13.358518936817244 ], [ -88.730596546566602, 13.345044269192382 ], [ -88.757545881816327, 13.345044269192375 ], [ -88.757545881816327, 13.358518936817244 ] ] ] } },
{ "type": "Feature", "properties": { "class_id": 5, "area_m2": 2176347.4294629581, "class_name": "Muy Alto", "index": "NDII", "min_value": null, "max_value": null }, "geometry": { "type": "Polygon", "coordinates": [ [ [ -88.797969884690929, 13.358518936817244 ], [ -88.784495217066066, 13.358518936817244 ], [ -88.784495217066066, 13.345044269192373 ], [ -88.797969884690929, 13.345044269192378 ], [ -88.797969884690929, 13.358518936817244 ] ] ] } },
{ "type": "Feature", "properties": { "class_id": 5, "area_m2": 4351877.3392346585, "class_name": "Muy Alto", "index": "NDII", "min_value": null, "max_value": null }, "geometry": { "type": "Polygon", "coordinates": [ [ [ -88.622799205567674, 13.345044269192378 ], [ -88.636273873192536, 13.345044269192373 ], [ -88.636273873192536, 13.371993604442109 ], [ -88.622799205567674, 13.371993604442107 ], [ -88.622799205567674, 13.345044269192378 ] ] ] } },
{ "type": "Feature", "properties": { "class_id": 5, "area_m2": 4352013.1409056885, "class_name": "Muy Alto", "index": "NDII", "min_value": null, "max_value": null }, "geometry": { "type": "Polygon", "coordinates": [ [ [ -88.703647211316863, 13.371993604442109 ], [ -88.676697876067138, 13.371993604442109 ], [ -88.676697876067138, 13.358518936817244 ], [ -88.703647211316863, 13.358518936817241 ], [ -88.703647211316863, 13.371993604442109 ] ] ] } },
{ "type": "Feature", "properties": { "class_id": 5, "area_m2": 2176259.3512123269, "class_name": "Muy Alto", "index": "NDII", "min_value": null, "max_value": null }, "geometry": { "type": "Polygon", "coordinates": [ [ [ -88.811444552315791, 13.371993604442109 ], [ -88.797969884690929, 13.371993604442109 ], [ -88.797969884690929, 13.358518936817244 ], [ -88.811444552315791, 13.358518936817248 ], [ -88.811444552315791, 13.371993604442109 ] ] ] } },
{ "type": "Feature", "properties": { "class_id": 5, "area_m2": 2175991.0183425299, "class_name": "Muy Alto", "index": "NDII", "min_value": null, "max_value": null }, "geometry": { "type": "Polygon", "coordinates": [ [ [ -88.784495217066066, 13.385468272066968 ], [ -88.797969884690929, 13.385468272066975 ], [ -88.797969884690929, 13.398942939691839 ], [ -88.784495217066066, 13.398942939691835 ], [ -88.784495217066066, 13.385468272066968 ] ] ] } },
{ "type": "Feature", "properties": { "class_id": 5, "area_m2": 2175662.4387080306, "class_name": "Muy Alto", "index": "NDII", "min_value": null, "max_value": null }, "geometry": { "type": "Polygon", "coordinates": [ [ [ -88.757545881816327, 13.425892274941575 ], [ -88.744071214191464, 13.425892274941571 ], [ -88.744071214191464, 13.412417607316707 ], [ -88.757545881816327, 13.412417607316701 ], [ -88.757545881816327, 13.425892274941575 ] ] ] } },
{ "type": "Feature", "properties": { "class_id": 5, "area_m2": 2175312.3056252776, "class_name": "Muy Alto", "index": "NDII", "min_value": null, "max_value": null }, "geometry": { "type": "Polygon", "coordinates": [ [ [ -88.649748540817413, 13.439366942566439 ], [ -88.636273873192536, 13.439366942566432 ], [ -88.636273873192536, 13.425892274941569 ], [ -88.649748540817413, 13.425892274941571 ], [ -88.649748540817413, 13.439366942566439 ] ] ] } },
{ "type": "Feature", "properties": { "class_id": 5, "area_m2": 2175165.1449137628, "class_name": "Muy Alto", "index": "NDII", "min_value": null, "max_value": null }, "geometry": { "type": "Polygon", "coordinates": [ [ [ -88.622799205567674, 13.439366942566432 ], [ -88.636273873192536, 13.439366942566432 ], [ -88.636273873192536, 13.452841610191301 ], [ -88.622799205567674, 13.452841610191305 ], [ -88.622799205567674, 13.439366942566432 ] ] ] } },
{ "type": "Feature", "properties": { "class_id": 5, "area_m2": 4349730.6968984185, "class_name": "Muy Alto", "index": "NDII", "min_value": null, "max_value": null }, "geometry": { "type": "Polygon", "coordinates": [ [ [ -88.51500186456876, 13.466316277816162 ], [ -88.501527196943883, 13.466316277816166 ], [ -88.501527196943883, 13.439366942566432 ], [ -88.51500186456876, 13.439366942566433 ], [ -88.51500186456876, 13.466316277816162 ] ] ] } },
{ "type": "Feature", "properties": { "class_id": 5, "area_m2": 2174033.1537460205, "class_name": "Muy Alto", "index": "NDII", "min_value": null, "max_value": null }, "geometry": { "type": "Polygon", "coordinates": [ [ [ -88.420679191194694, 13.533689615940494 ], [ -88.407204523569831, 13.533689615940492 ], [ -88.407204523569831, 13.520214948315623 ], [ -88.420679191194694, 13.520214948315628 ], [ -88.420679191194694, 13.533689615940494 ] ] ] } },
{ "type": "Feature", "properties": { "class_id": 5, "area_m2": 4349566.0850715162, "class_name": "Muy Alto", "index": "NDII", "min_value": null, "max_value": null }, "geometry": { "type": "Polygon", "coordinates": [ [ [ -88.824919219940654, 13.533689615940492 ], [ -88.851868555190393, 13.533689615940492 ], [ -88.851868555190393, 13.547164283565358 ], [ -88.824919219940654, 13.547164283565355 ], [ -88.824919219940654, 13.533689615940492 ] ] ] } },
{ "type": "Feature", "properties": { "class_id": 5, "area_m2": 73925266.513348565, "class_name": "Muy Alto", "index": "NDII", "min_value": null, "max_value": null }, "geometry": { "type": "Polygon", "coordinates": [ [ [ -88.609324537942811, 13.533689615940492 ], [ -88.595849870317949, 13.533689615940492 ], [ -88.595849870317949, 13.520214948315623 ], [ -88.622799205567674, 13.520214948315628 ], [ -88.622799205567674, 13.50674028069076 ], [ -88.636273873192536, 13.50674028069076 ], [ -88.636273873192536, 13.493265613065899 ], [ -88.649748540817413, 13.493265613065899 ], [ -88.649748540817413, 13.506740280690758 ], [ -88.663223208442275, 13.506740280690762 ], [ -88.663223208442275, 13.520214948315628 ], [ -88.690172543692, 13.520214948315624 ], [ -88.690172543692, 13.547164283565353 ], [ -88.71712187894174, 13.547164283565355 ], [ -88.71712187894174, 13.574113618815087 ], [ -88.703647211316863, 13.574113618815089 ], [ -88.703647211316863, 13.61453762168968 ], [ -88.649748540817413, 13.614537621689685 ], [ -88.649748540817413, 13.587588286439953 ], [ -88.663223208442275, 13.587588286439953 ], [ -88.663223208442275, 13.574113618815089 ], [ -88.690172543692, 13.574113618815087 ], [ -88.690172543692, 13.560638951190219 ], [ -88.676697876067138, 13.560638951190217 ], [ -88.676697876067138, 13.533689615940494 ], [ -88.663223208442275, 13.533689615940494 ], [ -88.663223208442275, 13.547164283565353 ], [ -88.649748540817413, 13.54716428356536 ], [ -88.649748540817413, 13.560638951190219 ], [ -88.622799205567674, 13.560638951190223 ], [ -88.622799205567674, 13.547164283565358 ], [ -88.609324537942811, 13.547164283565355 ], [ -88.609324537942811, 13.533689615940492 ] ] ] } },
{ "type": "Feature", "properties": { "class_id": 5, "area_m2": 6523121.4254054902, "class_name": "Muy Alto", "index": "NDII", "min_value": null, "max_value": null }, "geometry": { "type": "Polygon", "coordinates": [ [ [ -88.771020549441189, 13.587588286439953 ], [ -88.757545881816327, 13.587588286439955 ], [ -88.757545881816327, 13.547164283565358 ], [ -88.771020549441189, 13.547164283565351 ], [ -88.771020549441189, 13.587588286439953 ] ] ] } },
{ "type": "Feature", "properties": { "class_id": 5, "area_m2": 13046466.384759333, "class_name": "Muy Alto", "index": "NDII", "min_value": null, "max_value": null }, "geometry": { "type": "Polygon", "coordinates": [ [ [ -88.797969884690929, 13.547164283565358 ], [ -88.824919219940654, 13.547164283565355 ], [ -88.824919219940654, 13.560638951190217 ], [ -88.811444552315791, 13.560638951190224 ], [ -88.811444552315791, 13.587588286439953 ], [ -88.797969884690929, 13.587588286439956 ], [ -88.797969884690929, 13.601062954064819 ], [ -88.784495217066066, 13.601062954064822 ], [ -88.784495217066066, 13.574113618815083 ], [ -88.797969884690929, 13.57411361881509 ], [ -88.797969884690929, 13.547164283565358 ] ] ] } },
{ "type": "Feature", "properties": { "class_id": 5, "area_m2": 2174012.5476723085, "class_name": "Muy Alto", "index": "NDII", "min_value": null, "max_value": null }, "geometry": { "type": "Polygon", "coordinates": [ [ [ -88.824919219940654, 13.628012289314549 ], [ -88.811444552315791, 13.628012289314549 ], [ -88.811444552315791, 13.614537621689678 ], [ -88.824919219940654, 13.61453762168969 ], [ -88.824919219940654, 13.628012289314549 ] ] ] } },
{ "type": "Feature", "properties": { "class_id": 5, "area_m2": 2173594.4694342134, "class_name": "Muy Alto", "index": "NDII", "min_value": null, "max_value": null }, "geometry": { "type": "Polygon", "coordinates": [ [ [ -88.690172543692, 13.641486956939413 ], [ -88.676697876067138, 13.641486956939415 ], [ -88.676697876067138, 13.628012289314546 ], [ -88.690172543692, 13.628012289314542 ], [ -88.690172543692, 13.641486956939413 ] ] ] } }
]
}
