{
"type": "FeatureCollection",
"name": "anomaly_2026_Q1_May_Jul_NDVI",
"crs": { "type": "name", "properties": { "name": "urn:ogc:def:crs:OGC:1.3:CRS84" } },
"features": [
{ "type": "Feature", "properties": { "class_id": 1, "area_m2": 2176611.686111399, "class_name": "Muy bajo", "index": "NDVI", "min_value": null, "max_value": null }, "geometry": { "type": "Polygon", "coordinates": [ [ [ -89.040513901938496, 13.398942939691832 ], [ -89.040513901938496, 13.385468272066969 ], [ -89.053988569563359, 13.385468272066975 ], [ -89.053988569563359, 13.398942939691841 ], [ -89.040513901938496, 13.398942939691832 ] ] ] } },
{ "type": "Feature", "properties": { "class_id": 1, "area_m2": 4352796.3065582979, "class_name": "Muy bajo", "index": "NDVI", "min_value": null, "max_value": null }, "geometry": { "type": "Polygon", "coordinates": [ [ [ -89.040513901938496, 13.398942939691832 ], [ -89.040513901938496, 13.425892274941573 ], [ -89.027039234313634, 13.425892274941571 ], [ -89.027039234313634, 13.398942939691839 ], [ -89.040513901938496, 13.398942939691832 ] ] ] } },
{ "type": "Feature", "properties": { "class_id": 1, "area_m2": 2176596.6902107731, "class_name": "Muy bajo", "index": "NDVI", "min_value": null, "max_value": null }, "geometry": { "type": "Polygon", "coordinates": [ [ [ -89.350431257310419, 13.493265613065899 ], [ -89.336956589685542, 13.493265613065901 ], [ -89.336956589685542, 13.479790945441032 ], [ -89.350431257310419, 13.479790945441032 ], [ -89.350431257310419, 13.493265613065899 ] ] ] } },
{ "type": "Feature", "properties": { "class_id": 1, "area_m2": 4351784.1971331416, "class_name": "Muy bajo", "index": "NDVI", "min_value": null, "max_value": null }, "geometry": { "type": "Polygon", "coordinates": [ [ [ -89.107887240062837, 13.47979094544103 ], [ -89.121361907687685, 13.479790945441035 ], [ -89.121361907687685, 13.506740280690764 ], [ -89.107887240062837, 13.506740280690764 ], [ -89.107887240062837, 13.47979094544103 ] ] ] } },
{ "type": "Feature", "properties": { "class_id": 1, "area_m2": 2176245.121068886, "class_name": "Muy bajo", "index": "NDVI", "min_value": null, "max_value": null }, "geometry": { "type": "Polygon", "coordinates": [ [ [ -89.646873945057436, 13.628012289314546 ], [ -89.660348612682313, 13.628012289314549 ], [ -89.660348612682313, 13.641486956939413 ], [ -89.646873945057436, 13.641486956939415 ], [ -89.646873945057436, 13.628012289314546 ] ] ] } },
{ "type": "Feature", "properties": { "class_id": 1, "area_m2": 2174397.7067546919, "class_name": "Muy bajo", "index": "NDVI", "min_value": null, "max_value": null }, "geometry": { "type": "Polygon", "coordinates": [ [ [ -89.080937904813098, 13.654961624564276 ], [ -89.067463237188235, 13.654961624564276 ], [ -89.067463237188235, 13.641486956939413 ], [ -89.080937904813098, 13.641486956939415 ], [ -89.080937904813098, 13.654961624564276 ] ] ] } },
{ "type": "Feature", "properties": { "class_id": 1, "area_m2": 2176092.4523743419, "class_name": "Muy bajo", "index": "NDVI", "min_value": null, "max_value": null }, "geometry": { "type": "Polygon", "coordinates": [ [ [ -89.673823280307161, 13.65496162456428 ], [ -89.687297947932038, 13.654961624564283 ], [ -89.687297947932038, 13.668436292189144 ], [ -89.673823280307161, 13.668436292189142 ], [ -89.673823280307161, 13.65496162456428 ] ] ] } },
{ "type": "Feature", "properties": { "class_id": 1, "area_m2": 2176899.7323651714, "class_name": "Muy bajo", "index": "NDVI", "min_value": null, "max_value": null }, "geometry": { "type": "Polygon", "coordinates": [ [ [ -89.902892629929894, 13.654961624564283 ], [ -89.916367297554743, 13.654961624564276 ], [ -89.916367297554743, 13.668436292189146 ], [ -89.902892629929894, 13.66843629218914 ], [ -89.902892629929894, 13.654961624564283 ] ] ] } },
{ "type": "Feature", "properties": { "class_id": 1, "area_m2": 4348533.4621219141, "class_name": "Muy bajo", "index": "NDVI", "min_value": null, "max_value": null }, "geometry": { "type": "Polygon", "coordinates": [ [ [ -89.175260578187149, 13.695385627438874 ], [ -89.148311242937424, 13.695385627438876 ], [ -89.148311242937424, 13.681910959814006 ], [ -89.175260578187149, 13.681910959814006 ], [ -89.175260578187149, 13.695385627438874 ] ] ] } },
{ "type": "Feature", "properties": { "class_id": 1, "area_m2": 8707065.4249283206, "class_name": "Muy bajo", "index": "NDVI", "min_value": null, "max_value": null }, "geometry": { "type": "Polygon", "coordinates": [ [ [ -89.943316632804468, 13.681910959814008 ], [ -89.929841965179605, 13.68191095981401 ], [ -89.929841965179605, 13.695385627438874 ], [ -89.902892629929894, 13.695385627438876 ], [ -89.902892629929894, 13.681910959814008 ], [ -89.916367297554743, 13.681910959814006 ], [ -89.916367297554743, 13.668436292189146 ], [ -89.943316632804468, 13.668436292189146 ], [ -89.943316632804468, 13.681910959814008 ] ] ] } },
{ "type": "Feature", "properties": { "class_id": 1, "area_m2": 2176032.5782742272, "class_name": "Muy bajo", "index": "NDVI", "min_value": null, "max_value": null }, "geometry": { "type": "Polygon", "coordinates": [ [ [ -89.727721950806625, 13.68191095981401 ], [ -89.741196618431488, 13.681910959814006 ], [ -89.741196618431488, 13.695385627438876 ], [ -89.727721950806625, 13.695385627438874 ], [ -89.727721950806625, 13.68191095981401 ] ] ] } },
{ "type": "Feature", "properties": { "class_id": 1, "area_m2": 6529185.4574609092, "class_name": "Muy bajo", "index": "NDVI", "min_value": null, "max_value": null }, "geometry": { "type": "Polygon", "coordinates": [ [ [ -89.889417962305018, 13.722334962688606 ], [ -89.875943294680141, 13.722334962688603 ], [ -89.875943294680141, 13.695385627438876 ], [ -89.902892629929894, 13.695385627438876 ], [ -89.902892629929894, 13.70886029506374 ], [ -89.889417962305018, 13.70886029506374 ], [ -89.889417962305018, 13.722334962688606 ] ] ] } },
{ "type": "Feature", "properties": { "class_id": 1, "area_m2": 2176968.6154395444, "class_name": "Muy bajo", "index": "NDVI", "min_value": null, "max_value": null }, "geometry": { "type": "Polygon", "coordinates": [ [ [ -90.064588641428259, 13.722334962688606 ], [ -90.051113973803396, 13.722334962688601 ], [ -90.051113973803396, 13.70886029506374 ], [ -90.064588641428259, 13.70886029506374 ], [ -90.064588641428259, 13.722334962688606 ] ] ] } },
{ "type": "Feature", "properties": { "class_id": 1, "area_m2": 4352699.8191669416, "class_name": "Muy bajo", "index": "NDVI", "min_value": null, "max_value": null }, "geometry": { "type": "Polygon", "coordinates": [ [ [ -89.916367297554743, 13.73580963031347 ], [ -89.902892629929894, 13.735809630313472 ], [ -89.902892629929894, 13.70886029506374 ], [ -89.916367297554743, 13.708860295063744 ], [ -89.916367297554743, 13.73580963031347 ] ] ] } },
{ "type": "Feature", "properties": { "class_id": 1, "area_m2": 2176141.5489635016, "class_name": "Muy bajo", "index": "NDVI", "min_value": null, "max_value": null }, "geometry": { "type": "Polygon", "coordinates": [ [ [ -89.862468627055279, 13.722334962688604 ], [ -89.875943294680141, 13.722334962688603 ], [ -89.875943294680141, 13.735809630313467 ], [ -89.862468627055279, 13.735809630313465 ], [ -89.862468627055279, 13.722334962688604 ] ] ] } },
{ "type": "Feature", "properties": { "class_id": 1, "area_m2": 4352463.684162329, "class_name": "Muy bajo", "index": "NDVI", "min_value": null, "max_value": null }, "geometry": { "type": "Polygon", "coordinates": [ [ [ -89.970265968054207, 13.749284297938337 ], [ -89.983740635679069, 13.749284297938335 ], [ -89.983740635679069, 13.776233633188061 ], [ -89.970265968054207, 13.776233633188063 ], [ -89.970265968054207, 13.749284297938337 ] ] ] } },
{ "type": "Feature", "properties": { "class_id": 1, "area_m2": 2176069.8586026761, "class_name": "Muy bajo", "index": "NDVI", "min_value": null, "max_value": null }, "geometry": { "type": "Polygon", "coordinates": [ [ [ -89.95679130042933, 13.77623363318807 ], [ -89.943316632804468, 13.776233633188061 ], [ -89.943316632804468, 13.762758965563203 ], [ -89.95679130042933, 13.762758965563199 ], [ -89.95679130042933, 13.77623363318807 ] ] ] } },
{ "type": "Feature", "properties": { "class_id": 1, "area_m2": 4352247.178345344, "class_name": "Muy bajo", "index": "NDVI", "min_value": null, "max_value": null }, "geometry": { "type": "Polygon", "coordinates": [ [ [ -89.983740635679069, 13.776233633188061 ], [ -90.010689970928794, 13.77623363318806 ], [ -90.010689970928794, 13.789708300812931 ], [ -89.983740635679069, 13.789708300812933 ], [ -89.983740635679069, 13.776233633188061 ] ] ] } },
{ "type": "Feature", "properties": { "class_id": 1, "area_m2": 2173764.6968561378, "class_name": "Muy bajo", "index": "NDVI", "min_value": null, "max_value": null }, "geometry": { "type": "Polygon", "coordinates": [ [ [ -89.323481922060665, 13.789708300812933 ], [ -89.336956589685542, 13.789708300812935 ], [ -89.336956589685542, 13.803182968437799 ], [ -89.323481922060665, 13.803182968437797 ], [ -89.323481922060665, 13.789708300812933 ] ] ] } },
{ "type": "Feature", "properties": { "class_id": 1, "area_m2": 2174358.9187643337, "class_name": "Muy bajo", "index": "NDVI", "min_value": null, "max_value": null }, "geometry": { "type": "Polygon", "coordinates": [ [ [ -89.754671286056364, 13.884030974186988 ], [ -89.741196618431488, 13.88403097418699 ], [ -89.741196618431488, 13.870556306562122 ], [ -89.754671286056364, 13.870556306562115 ], [ -89.754671286056364, 13.884030974186988 ] ] ] } },
{ "type": "Feature", "properties": { "class_id": 1, "area_m2": 2173870.1503027128, "class_name": "Muy bajo", "index": "NDVI", "min_value": null, "max_value": null }, "geometry": { "type": "Polygon", "coordinates": [ [ [ -89.633399277432574, 13.884030974186988 ], [ -89.646873945057436, 13.884030974186983 ], [ -89.646873945057436, 13.897505641811851 ], [ -89.633399277432574, 13.897505641811854 ], [ -89.633399277432574, 13.884030974186988 ] ] ] } },
{ "type": "Feature", "properties": { "class_id": 1, "area_m2": 2173926.9746505255, "class_name": "Muy bajo", "index": "NDVI", "min_value": null, "max_value": null }, "geometry": { "type": "Polygon", "coordinates": [ [ [ -89.687297947932038, 13.897505641811852 ], [ -89.7007726155569, 13.897505641811856 ], [ -89.7007726155569, 13.91098030943672 ], [ -89.687297947932038, 13.91098030943672 ], [ -89.687297947932038, 13.897505641811852 ] ] ] } },
{ "type": "Feature", "properties": { "class_id": 1, "area_m2": 4347338.9740481442, "class_name": "Muy bajo", "index": "NDVI", "min_value": null, "max_value": null }, "geometry": { "type": "Polygon", "coordinates": [ [ [ -89.741196618431488, 13.951404312311311 ], [ -89.714247283181763, 13.951404312311315 ], [ -89.714247283181763, 13.93792964468645 ], [ -89.741196618431488, 13.93792964468645 ], [ -89.741196618431488, 13.951404312311311 ] ] ] } },
{ "type": "Feature", "properties": { "class_id": 1, "area_m2": 2172537.8979637795, "class_name": "Muy bajo", "index": "NDVI", "min_value": null, "max_value": null }, "geometry": { "type": "Polygon", "coordinates": [ [ [ -89.619924609807711, 14.032252318060504 ], [ -89.606449942182834, 14.032252318060507 ], [ -89.606449942182834, 14.018777650435641 ], [ -89.619924609807711, 14.018777650435641 ], [ -89.619924609807711, 14.032252318060504 ] ] ] } },
{ "type": "Feature", "properties": { "class_id": 1, "area_m2": 41275782.913123839, "class_name": "Muy bajo", "index": "NDVI", "min_value": null, "max_value": null }, "geometry": { "type": "Polygon", "coordinates": [ [ [ -89.687297947932038, 14.032252318060506 ], [ -89.7007726155569, 14.032252318060507 ], [ -89.7007726155569, 14.072676320935102 ], [ -89.660348612682313, 14.072676320935106 ], [ -89.660348612682313, 14.086150988559968 ], [ -89.633399277432574, 14.086150988559966 ], [ -89.633399277432574, 14.072676320935102 ], [ -89.606449942182834, 14.072676320935102 ], [ -89.606449942182834, 14.059201653310232 ], [ -89.619924609807711, 14.059201653310234 ], [ -89.619924609807711, 14.045726985685365 ], [ -89.660348612682313, 14.045726985685366 ], [ -89.660348612682313, 14.032252318060502 ], [ -89.673823280307161, 14.032252318060511 ], [ -89.673823280307161, 14.018777650435641 ], [ -89.687297947932038, 14.018777650435641 ], [ -89.687297947932038, 14.032252318060506 ] ] ] } },
{ "type": "Feature", "properties": { "class_id": 1, "area_m2": 2170475.5096595082, "class_name": "Muy bajo", "index": "NDVI", "min_value": null, "max_value": null }, "geometry": { "type": "Polygon", "coordinates": [ [ [ -89.027039234313634, 14.05920165331024 ], [ -89.040513901938496, 14.059201653310238 ], [ -89.040513901938496, 14.072676320935102 ], [ -89.027039234313634, 14.072676320935102 ], [ -89.027039234313634, 14.05920165331024 ] ] ] } },
{ "type": "Feature", "properties": { "class_id": 1, "area_m2": 4343528.5453598639, "class_name": "Muy bajo", "index": "NDVI", "min_value": null, "max_value": null }, "geometry": { "type": "Polygon", "coordinates": [ [ [ -89.592975274557972, 14.099625656184834 ], [ -89.619924609807711, 14.099625656184839 ], [ -89.619924609807711, 14.1131003238097 ], [ -89.592975274557972, 14.113100323809695 ], [ -89.592975274557972, 14.099625656184834 ] ] ] } },
{ "type": "Feature", "properties": { "class_id": 1, "area_m2": 2170010.1351267276, "class_name": "Muy bajo", "index": "NDVI", "min_value": null, "max_value": null }, "geometry": { "type": "Polygon", "coordinates": [ [ [ -89.525601936433645, 14.274796335308082 ], [ -89.525601936433645, 14.261321667683216 ], [ -89.539076604058522, 14.261321667683216 ], [ -89.539076604058522, 14.274796335308084 ], [ -89.525601936433645, 14.274796335308082 ] ] ] } },
{ "type": "Feature", "properties": { "class_id": 1, "area_m2": 2169840.5374695198, "class_name": "Muy bajo", "index": "NDVI", "min_value": null, "max_value": null }, "geometry": { "type": "Polygon", "coordinates": [ [ [ -89.512127268808783, 14.274796335308078 ], [ -89.525601936433645, 14.274796335308082 ], [ -89.525601936433645, 14.28827100293295 ], [ -89.512127268808783, 14.288271002932946 ], [ -89.512127268808783, 14.274796335308078 ] ] ] } },
{ "type": "Feature", "properties": { "class_id": 1, "area_m2": 2167850.6507117162, "class_name": "Muy bajo", "index": "NDVI", "min_value": null, "max_value": null }, "geometry": { "type": "Polygon", "coordinates": [ [ [ -89.134836575312562, 14.369119008682137 ], [ -89.148311242937424, 14.369119008682134 ], [ -89.148311242937424, 14.382593676307003 ], [ -89.134836575312562, 14.382593676307003 ], [ -89.134836575312562, 14.369119008682137 ] ] ] } },
{ "type": "Feature", "properties": { "class_id": 1, "area_m2": 2176936.940860759, "class_name": "Muy bajo", "index": "NDVI", "min_value": null, "max_value": null }, "geometry": { "type": "Polygon", "coordinates": [ [ [ -88.245508512071453, 13.169873590069127 ], [ -88.23203384444659, 13.169873590069129 ], [ -88.23203384444659, 13.156398922444264 ], [ -88.245508512071453, 13.156398922444264 ], [ -88.245508512071453, 13.169873590069127 ] ] ] } },
{ "type": "Feature", "properties": { "class_id": 1, "area_m2": 2177290.7790370863, "class_name": "Muy bajo", "index": "NDVI", "min_value": null, "max_value": null }, "geometry": { "type": "Polygon", "coordinates": [ [ [ -88.676697876067138, 13.210297592943727 ], [ -88.690172543692, 13.210297592943723 ], [ -88.690172543692, 13.223772260568587 ], [ -88.676697876067138, 13.223772260568591 ], [ -88.676697876067138, 13.210297592943727 ] ] ] } },
{ "type": "Feature", "properties": { "class_id": 1, "area_m2": 4354204.668050319, "class_name": "Muy bajo", "index": "NDVI", "min_value": null, "max_value": null }, "geometry": { "type": "Polygon", "coordinates": [ [ [ -88.636273873192536, 13.223772260568587 ], [ -88.663223208442275, 13.223772260568586 ], [ -88.663223208442275, 13.237246928193453 ], [ -88.636273873192536, 13.237246928193455 ], [ -88.636273873192536, 13.223772260568587 ] ] ] } },
{ "type": "Feature", "properties": { "class_id": 1, "area_m2": 2175680.5172546566, "class_name": "Muy bajo", "index": "NDVI", "min_value": null, "max_value": null }, "geometry": { "type": "Polygon", "coordinates": [ [ [ -88.191609841571989, 13.304620266317784 ], [ -88.17813517394714, 13.304620266317782 ], [ -88.17813517394714, 13.291145598692923 ], [ -88.191609841571989, 13.291145598692918 ], [ -88.191609841571989, 13.304620266317784 ] ] ] } },
{ "type": "Feature", "properties": { "class_id": 1, "area_m2": 2175844.1098168776, "class_name": "Muy bajo", "index": "NDVI", "min_value": null, "max_value": null }, "geometry": { "type": "Polygon", "coordinates": [ [ [ -88.366780520695244, 13.318094933942643 ], [ -88.353305853070367, 13.318094933942641 ], [ -88.353305853070367, 13.304620266317782 ], [ -88.366780520695244, 13.30462026631778 ], [ -88.366780520695244, 13.318094933942643 ] ] ] } },
{ "type": "Feature", "properties": { "class_id": 1, "area_m2": 2176465.9971463289, "class_name": "Muy bajo", "index": "NDVI", "min_value": null, "max_value": null }, "geometry": { "type": "Polygon", "coordinates": [ [ [ -88.797969884690929, 13.345044269192378 ], [ -88.784495217066066, 13.345044269192373 ], [ -88.784495217066066, 13.331569601567514 ], [ -88.797969884690929, 13.331569601567512 ], [ -88.797969884690929, 13.345044269192378 ] ] ] } },
{ "type": "Feature", "properties": { "class_id": 1, "area_m2": 63081774.086005405, "class_name": "Muy bajo", "index": "NDVI", "min_value": null, "max_value": null }, "geometry": { "type": "Polygon", "coordinates": [ [ [ -88.28593251494604, 13.331569601567512 ], [ -88.299407182570931, 13.331569601567512 ], [ -88.299407182570931, 13.318094933942648 ], [ -88.31288185019578, 13.318094933942648 ], [ -88.31288185019578, 13.358518936817248 ], [ -88.353305853070367, 13.358518936817239 ], [ -88.353305853070367, 13.37199360444211 ], [ -88.366780520695244, 13.371993604442107 ], [ -88.366780520695244, 13.4124176073167 ], [ -88.353305853070367, 13.412417607316701 ], [ -88.353305853070367, 13.398942939691839 ], [ -88.339831185445505, 13.398942939691834 ], [ -88.339831185445505, 13.412417607316703 ], [ -88.326356517820642, 13.412417607316705 ], [ -88.326356517820642, 13.398942939691841 ], [ -88.272457847321178, 13.398942939691839 ], [ -88.272457847321178, 13.37199360444211 ], [ -88.258983179696315, 13.371993604442109 ], [ -88.258983179696315, 13.358518936817246 ], [ -88.272457847321178, 13.358518936817244 ], [ -88.272457847321178, 13.345044269192378 ], [ -88.28593251494604, 13.345044269192377 ], [ -88.28593251494604, 13.331569601567512 ] ] ] } },
{ "type": "Feature", "properties": { "class_id": 1, "area_m2": 2176746.0641489807, "class_name": "Muy bajo", "index": "NDVI", "min_value": null, "max_value": null }, "geometry": { "type": "Polygon", "coordinates": [ [ [ -89.000089899063909, 13.358518936817246 ], [ -89.013564566688771, 13.358518936817248 ], [ -89.013564566688771, 13.371993604442109 ], [ -89.000089899063909, 13.371993604442109 ], [ -89.000089899063909, 13.358518936817246 ] ] ] } },
{ "type": "Feature", "properties": { "class_id": 1, "area_m2": 2176459.2129221549, "class_name": "Muy bajo", "index": "NDVI", "min_value": null, "max_value": null }, "geometry": { "type": "Polygon", "coordinates": [ [ [ -88.946191228564444, 13.385468272066975 ], [ -88.932716560939582, 13.385468272066971 ], [ -88.932716560939582, 13.37199360444211 ], [ -88.946191228564444, 13.37199360444211 ], [ -88.946191228564444, 13.385468272066975 ] ] ] } },
{ "type": "Feature", "properties": { "class_id": 1, "area_m2": 6529556.7874119207, "class_name": "Muy bajo", "index": "NDVI", "min_value": null, "max_value": null }, "geometry": { "type": "Polygon", "coordinates": [ [ [ -88.973140563814169, 13.385468272066969 ], [ -88.986615231439046, 13.385468272066969 ], [ -88.986615231439046, 13.37199360444211 ], [ -89.000089899063909, 13.371993604442109 ], [ -89.000089899063909, 13.398942939691841 ], [ -88.973140563814169, 13.398942939691839 ], [ -88.973140563814169, 13.385468272066969 ] ] ] } },
{ "type": "Feature", "properties": { "class_id": 1, "area_m2": 2174858.0330640385, "class_name": "Muy bajo", "index": "NDVI", "min_value": null, "max_value": null }, "geometry": { "type": "Polygon", "coordinates": [ [ [ -88.258983179696315, 13.398942939691839 ], [ -88.272457847321178, 13.398942939691839 ], [ -88.272457847321178, 13.412417607316709 ], [ -88.258983179696315, 13.412417607316709 ], [ -88.258983179696315, 13.398942939691839 ] ] ] } },
{ "type": "Feature", "properties": { "class_id": 1, "area_m2": 4352420.1670828415, "class_name": "Muy bajo", "index": "NDVI", "min_value": null, "max_value": null }, "geometry": { "type": "Polygon", "coordinates": [ [ [ -89.013564566688771, 13.439366942566435 ], [ -89.000089899063909, 13.439366942566428 ], [ -89.000089899063909, 13.412417607316705 ], [ -89.013564566688771, 13.412417607316701 ], [ -89.013564566688771, 13.439366942566435 ] ] ] } },
{ "type": "Feature", "properties": { "class_id": 1, "area_m2": 2175690.2888214155, "class_name": "Muy bajo", "index": "NDVI", "min_value": null, "max_value": null }, "geometry": { "type": "Polygon", "coordinates": [ [ [ -88.959665896189307, 13.466316277816162 ], [ -88.973140563814169, 13.466316277816164 ], [ -88.973140563814169, 13.479790945441033 ], [ -88.959665896189307, 13.47979094544103 ], [ -88.959665896189307, 13.466316277816162 ] ] ] } },
{ "type": "Feature", "properties": { "class_id": 1, "area_m2": 2174037.6986465701, "class_name": "Muy bajo", "index": "NDVI", "min_value": null, "max_value": null }, "geometry": { "type": "Polygon", "coordinates": [ [ [ -88.191609841571989, 13.47979094544103 ], [ -88.205084509196851, 13.47979094544103 ], [ -88.205084509196851, 13.493265613065901 ], [ -88.191609841571989, 13.493265613065899 ], [ -88.191609841571989, 13.47979094544103 ] ] ] } },
{ "type": "Feature", "properties": { "class_id": 1, "area_m2": 2175471.2085278067, "class_name": "Muy bajo", "index": "NDVI", "min_value": null, "max_value": null }, "geometry": { "type": "Polygon", "coordinates": [ [ [ -88.932716560939582, 13.493265613065899 ], [ -88.91924189331472, 13.493265613065898 ], [ -88.91924189331472, 13.47979094544103 ], [ -88.932716560939582, 13.479790945441032 ], [ -88.932716560939582, 13.493265613065899 ] ] ] } },
{ "type": "Feature", "properties": { "class_id": 1, "area_m2": 8692992.2759468071, "class_name": "Muy bajo", "index": "NDVI", "min_value": null, "max_value": null }, "geometry": { "type": "Polygon", "coordinates": [ [ [ -88.137711171072525, 13.547164283565358 ], [ -88.151185838697387, 13.547164283565358 ], [ -88.151185838697387, 13.560638951190219 ], [ -88.164660506322264, 13.560638951190219 ], [ -88.164660506322264, 13.587588286439953 ], [ -88.151185838697387, 13.587588286439953 ], [ -88.151185838697387, 13.574113618815085 ], [ -88.137711171072525, 13.574113618815094 ], [ -88.137711171072525, 13.547164283565358 ] ] ] } },
{ "type": "Feature", "properties": { "class_id": 1, "area_m2": 6520436.9228228405, "class_name": "Muy bajo", "index": "NDVI", "min_value": null, "max_value": null }, "geometry": { "type": "Polygon", "coordinates": [ [ [ -88.48805252931902, 13.614537621689681 ], [ -88.461103194069295, 13.614537621689685 ], [ -88.461103194069295, 13.587588286439953 ], [ -88.474577861694158, 13.587588286439949 ], [ -88.474577861694158, 13.601062954064817 ], [ -88.48805252931902, 13.601062954064819 ], [ -88.48805252931902, 13.614537621689681 ] ] ] } },
{ "type": "Feature", "properties": { "class_id": 1, "area_m2": 2172694.5707557383, "class_name": "Muy bajo", "index": "NDVI", "min_value": null, "max_value": null }, "geometry": { "type": "Polygon", "coordinates": [ [ [ -88.17813517394714, 13.628012289314547 ], [ -88.191609841571989, 13.628012289314546 ], [ -88.191609841571989, 13.641486956939413 ], [ -88.17813517394714, 13.641486956939413 ], [ -88.17813517394714, 13.628012289314547 ] ] ] } },
{ "type": "Feature", "properties": { "class_id": 1, "area_m2": 4348084.8747825706, "class_name": "Muy bajo", "index": "NDVI", "min_value": null, "max_value": null }, "geometry": { "type": "Polygon", "coordinates": [ [ [ -89.000089899063909, 13.654961624564276 ], [ -89.013564566688771, 13.654961624564283 ], [ -89.013564566688771, 13.68191095981401 ], [ -89.000089899063909, 13.681910959814006 ], [ -89.000089899063909, 13.654961624564276 ] ] ] } },
{ "type": "Feature", "properties": { "class_id": 1, "area_m2": 2173558.5655513573, "class_name": "Muy bajo", "index": "NDVI", "min_value": null, "max_value": null }, "geometry": { "type": "Polygon", "coordinates": [ [ [ -88.838393887565516, 13.681910959814008 ], [ -88.824919219940654, 13.681910959814006 ], [ -88.824919219940654, 13.66843629218914 ], [ -88.838393887565516, 13.668436292189138 ], [ -88.838393887565516, 13.681910959814008 ] ] ] } },
{ "type": "Feature", "properties": { "class_id": 1, "area_m2": 10863527.955724377, "class_name": "Muy bajo", "index": "NDVI", "min_value": null, "max_value": null }, "geometry": { "type": "Polygon", "coordinates": [ [ [ -88.474577861694158, 13.681910959814005 ], [ -88.48805252931902, 13.681910959814006 ], [ -88.48805252931902, 13.66843629218914 ], [ -88.501527196943883, 13.66843629218914 ], [ -88.501527196943883, 13.708860295063737 ], [ -88.474577861694158, 13.708860295063738 ], [ -88.474577861694158, 13.681910959814005 ] ] ] } },
{ "type": "Feature", "properties": { "class_id": 1, "area_m2": 2171484.2801824799, "class_name": "Muy bajo", "index": "NDVI", "min_value": null, "max_value": null }, "geometry": { "type": "Polygon", "coordinates": [ [ [ -88.932716560939582, 13.924454977061579 ], [ -88.946191228564444, 13.924454977061584 ], [ -88.946191228564444, 13.93792964468645 ], [ -88.932716560939582, 13.937929644686452 ], [ -88.932716560939582, 13.924454977061579 ] ] ] } },
{ "type": "Feature", "properties": { "class_id": 1, "area_m2": 15200240.990703333, "class_name": "Muy bajo", "index": "NDVI", "min_value": null, "max_value": null }, "geometry": { "type": "Polygon", "coordinates": [ [ [ -88.973140563814169, 13.951404312311315 ], [ -88.946191228564444, 13.951404312311315 ], [ -88.946191228564444, 13.93792964468645 ], [ -88.973140563814169, 13.937929644686445 ], [ -88.973140563814169, 13.924454977061583 ], [ -89.000089899063909, 13.924454977061584 ], [ -89.000089899063909, 13.951404312311315 ], [ -88.986615231439046, 13.951404312311315 ], [ -88.986615231439046, 13.964878979936181 ], [ -88.973140563814169, 13.964878979936181 ], [ -88.973140563814169, 13.951404312311315 ] ] ] } },
{ "type": "Feature", "properties": { "class_id": 1, "area_m2": 6513742.9015133614, "class_name": "Muy bajo", "index": "NDVI", "min_value": null, "max_value": null }, "geometry": { "type": "Polygon", "coordinates": [ [ [ -88.905767225689843, 13.937929644686452 ], [ -88.932716560939582, 13.937929644686452 ], [ -88.932716560939582, 13.951404312311315 ], [ -88.91924189331472, 13.951404312311315 ], [ -88.91924189331472, 13.964878979936181 ], [ -88.905767225689843, 13.964878979936181 ], [ -88.905767225689843, 13.937929644686452 ] ] ] } },
{ "type": "Feature", "properties": { "class_id": 1, "area_m2": 2170981.636601822, "class_name": "Muy bajo", "index": "NDVI", "min_value": null, "max_value": null }, "geometry": { "type": "Polygon", "coordinates": [ [ [ -88.824919219940654, 13.951404312311309 ], [ -88.838393887565516, 13.951404312311309 ], [ -88.838393887565516, 13.964878979936181 ], [ -88.824919219940654, 13.964878979936181 ], [ -88.824919219940654, 13.951404312311309 ] ] ] } },
{ "type": "Feature", "properties": { "class_id": 1, "area_m2": 2171403.2601764891, "class_name": "Muy bajo", "index": "NDVI", "min_value": null, "max_value": null }, "geometry": { "type": "Polygon", "coordinates": [ [ [ -89.013564566688771, 13.964878979936181 ], [ -89.000089899063909, 13.964878979936181 ], [ -89.000089899063909, 13.951404312311315 ], [ -89.013564566688771, 13.951404312311309 ], [ -89.013564566688771, 13.964878979936181 ] ] ] } },
{ "type": "Feature", "properties": { "class_id": 1, "area_m2": 2170735.6823210958, "class_name": "Muy bajo", "index": "NDVI", "min_value": null, "max_value": null }, "geometry": { "type": "Polygon", "coordinates": [ [ [ -88.784495217066066, 13.97835364756104 ], [ -88.771020549441189, 13.97835364756105 ], [ -88.771020549441189, 13.964878979936181 ], [ -88.784495217066066, 13.964878979936181 ], [ -88.784495217066066, 13.97835364756104 ] ] ] } },
{ "type": "Feature", "properties": { "class_id": 1, "area_m2": 4341039.0597443534, "class_name": "Muy bajo", "index": "NDVI", "min_value": null, "max_value": null }, "geometry": { "type": "Polygon", "coordinates": [ [ [ -88.771020549441189, 14.005302982810772 ], [ -88.757545881816327, 14.005302982810777 ], [ -88.757545881816327, 13.978353647561047 ], [ -88.771020549441189, 13.97835364756105 ], [ -88.771020549441189, 14.005302982810772 ] ] ] } },
{ "type": "Feature", "properties": { "class_id": 1, "area_m2": 6512962.6140665766, "class_name": "Muy bajo", "index": "NDVI", "min_value": null, "max_value": null }, "geometry": { "type": "Polygon", "coordinates": [ [ [ -89.000089899063909, 14.005302982810777 ], [ -89.013564566688771, 14.005302982810774 ], [ -89.013564566688771, 13.991828315185908 ], [ -89.027039234313634, 13.991828315185913 ], [ -89.027039234313634, 14.018777650435643 ], [ -89.000089899063909, 14.018777650435641 ], [ -89.000089899063909, 14.005302982810777 ] ] ] } },
{ "type": "Feature", "properties": { "class_id": 1, "area_m2": 6511844.7483701101, "class_name": "Muy bajo", "index": "NDVI", "min_value": null, "max_value": null }, "geometry": { "type": "Polygon", "coordinates": [ [ [ -89.013564566688771, 14.045726985685366 ], [ -89.000089899063909, 14.045726985685366 ], [ -89.000089899063909, 14.032252318060511 ], [ -89.027039234313634, 14.032252318060504 ], [ -89.027039234313634, 14.05920165331024 ], [ -89.013564566688771, 14.059201653310234 ], [ -89.013564566688771, 14.045726985685366 ] ] ] } },
{ "type": "Feature", "properties": { "class_id": 1, "area_m2": 2176480.643483921, "class_name": "Muy bajo", "index": "NDVI", "min_value": null, "max_value": null }, "geometry": { "type": "Polygon", "coordinates": [ [ [ -87.90864182144982, 13.169873590069125 ], [ -87.895167153824957, 13.169873590069125 ], [ -87.895167153824957, 13.156398922444264 ], [ -87.90864182144982, 13.156398922444264 ], [ -87.90864182144982, 13.169873590069125 ] ] ] } },
{ "type": "Feature", "properties": { "class_id": 1, "area_m2": 4352338.2727905251, "class_name": "Muy bajo", "index": "NDVI", "min_value": null, "max_value": null }, "geometry": { "type": "Polygon", "coordinates": [ [ [ -87.922116489074682, 13.196822925318861 ], [ -87.949065824324421, 13.196822925318861 ], [ -87.949065824324421, 13.210297592943725 ], [ -87.922116489074682, 13.210297592943727 ], [ -87.922116489074682, 13.196822925318861 ] ] ] } },
{ "type": "Feature", "properties": { "class_id": 1, "area_m2": 28280804.46593681, "class_name": "Muy bajo", "index": "NDVI", "min_value": null, "max_value": null }, "geometry": { "type": "Polygon", "coordinates": [ [ [ -87.989489827199009, 13.318094933942644 ], [ -87.949065824324421, 13.318094933942644 ], [ -87.949065824324421, 13.304620266317784 ], [ -87.935591156699559, 13.304620266317785 ], [ -87.935591156699559, 13.291145598692919 ], [ -87.949065824324421, 13.291145598692918 ], [ -87.949065824324421, 13.277670931068055 ], [ -87.935591156699559, 13.277670931068055 ], [ -87.935591156699559, 13.264196263443184 ], [ -87.962540491949284, 13.264196263443187 ], [ -87.962540491949284, 13.277670931068046 ], [ -87.976015159574146, 13.277670931068052 ], [ -87.976015159574146, 13.264196263443193 ], [ -87.989489827199009, 13.264196263443186 ], [ -87.989489827199009, 13.318094933942644 ] ] ] } },
{ "type": "Feature", "properties": { "class_id": 1, "area_m2": 4350394.5997721897, "class_name": "Muy bajo", "index": "NDVI", "min_value": null, "max_value": null }, "geometry": { "type": "Polygon", "coordinates": [ [ [ -87.922116489074682, 13.318094933942648 ], [ -87.895167153824957, 13.318094933942644 ], [ -87.895167153824957, 13.304620266317778 ], [ -87.922116489074682, 13.304620266317784 ], [ -87.922116489074682, 13.318094933942648 ] ] ] } },
{ "type": "Feature", "properties": { "class_id": 1, "area_m2": 2175319.6830119258, "class_name": "Muy bajo", "index": "NDVI", "min_value": null, "max_value": null }, "geometry": { "type": "Polygon", "coordinates": [ [ [ -88.002964494823871, 13.304620266317785 ], [ -88.016439162448734, 13.304620266317784 ], [ -88.016439162448734, 13.318094933942646 ], [ -88.002964494823871, 13.318094933942648 ], [ -88.002964494823871, 13.304620266317785 ] ] ] } },
{ "type": "Feature", "properties": { "class_id": 1, "area_m2": 2175372.2727374956, "class_name": "Muy bajo", "index": "NDVI", "min_value": null, "max_value": null }, "geometry": { "type": "Polygon", "coordinates": [ [ [ -88.043388497698473, 13.304620266317784 ], [ -88.05686316532335, 13.304620266317787 ], [ -88.05686316532335, 13.318094933942644 ], [ -88.043388497698473, 13.318094933942648 ], [ -88.043388497698473, 13.304620266317784 ] ] ] } },
{ "type": "Feature", "properties": { "class_id": 1, "area_m2": 4350097.5080284327, "class_name": "Muy bajo", "index": "NDVI", "min_value": null, "max_value": null }, "geometry": { "type": "Polygon", "coordinates": [ [ [ -87.895167153824957, 13.331569601567509 ], [ -87.868217818575218, 13.331569601567516 ], [ -87.868217818575218, 13.318094933942648 ], [ -87.895167153824957, 13.318094933942644 ], [ -87.895167153824957, 13.331569601567509 ] ] ] } },
{ "type": "Feature", "properties": { "class_id": 1, "area_m2": 2174931.1299710139, "class_name": "Muy bajo", "index": "NDVI", "min_value": null, "max_value": null }, "geometry": { "type": "Polygon", "coordinates": [ [ [ -87.989489827199009, 13.358518936817243 ], [ -87.976015159574146, 13.358518936817243 ], [ -87.976015159574146, 13.345044269192373 ], [ -87.989489827199009, 13.345044269192377 ], [ -87.989489827199009, 13.358518936817243 ] ] ] } },
{ "type": "Feature", "properties": { "class_id": 1, "area_m2": 2174965.0252244244, "class_name": "Muy bajo", "index": "NDVI", "min_value": null, "max_value": null }, "geometry": { "type": "Polygon", "coordinates": [ [ [ -88.016439162448734, 13.358518936817246 ], [ -88.002964494823871, 13.358518936817244 ], [ -88.002964494823871, 13.345044269192378 ], [ -88.016439162448734, 13.34504426919238 ], [ -88.016439162448734, 13.358518936817246 ] ] ] } },
{ "type": "Feature", "properties": { "class_id": 1, "area_m2": 10873674.782327393, "class_name": "Muy bajo", "index": "NDVI", "min_value": null, "max_value": null }, "geometry": { "type": "Polygon", "coordinates": [ [ [ -87.922116489074682, 13.34504426919238 ], [ -87.935591156699559, 13.345044269192382 ], [ -87.935591156699559, 13.385468272066969 ], [ -87.922116489074682, 13.385468272066975 ], [ -87.922116489074682, 13.371993604442107 ], [ -87.895167153824957, 13.37199360444211 ], [ -87.895167153824957, 13.358518936817244 ], [ -87.922116489074682, 13.358518936817241 ], [ -87.922116489074682, 13.34504426919238 ] ] ] } },
{ "type": "Feature", "properties": { "class_id": 1, "area_m2": 2174469.2184286141, "class_name": "Muy bajo", "index": "NDVI", "min_value": null, "max_value": null }, "geometry": { "type": "Polygon", "coordinates": [ [ [ -87.773895145201166, 13.371993604442109 ], [ -87.787369812826029, 13.37199360444211 ], [ -87.787369812826029, 13.385468272066968 ], [ -87.773895145201166, 13.385468272066969 ], [ -87.773895145201166, 13.371993604442109 ] ] ] } },
{ "type": "Feature", "properties": { "class_id": 1, "area_m2": 4349236.2895476148, "class_name": "Muy bajo", "index": "NDVI", "min_value": null, "max_value": null }, "geometry": { "type": "Polygon", "coordinates": [ [ [ -87.976015159574146, 13.398942939691834 ], [ -87.962540491949284, 13.398942939691841 ], [ -87.962540491949284, 13.371993604442107 ], [ -87.976015159574146, 13.371993604442105 ], [ -87.976015159574146, 13.398942939691834 ] ] ] } },
{ "type": "Feature", "properties": { "class_id": 1, "area_m2": 36967829.452844493, "class_name": "Muy bajo", "index": "NDVI", "min_value": null, "max_value": null }, "geometry": { "type": "Polygon", "coordinates": [ [ [ -88.043388497698473, 13.398942939691835 ], [ -88.05686316532335, 13.398942939691837 ], [ -88.05686316532335, 13.385468272066971 ], [ -88.08381250057306, 13.385468272066969 ], [ -88.08381250057306, 13.398942939691837 ], [ -88.070337832948198, 13.398942939691841 ], [ -88.070337832948198, 13.4124176073167 ], [ -88.08381250057306, 13.412417607316701 ], [ -88.08381250057306, 13.439366942566432 ], [ -88.05686316532335, 13.439366942566435 ], [ -88.05686316532335, 13.425892274941567 ], [ -88.043388497698473, 13.425892274941569 ], [ -88.043388497698473, 13.412417607316709 ], [ -87.989489827199009, 13.412417607316705 ], [ -87.989489827199009, 13.398942939691835 ], [ -88.02991383007361, 13.398942939691841 ], [ -88.02991383007361, 13.385468272066973 ], [ -88.016439162448734, 13.385468272066973 ], [ -88.016439162448734, 13.358518936817246 ], [ -88.02991383007361, 13.358518936817244 ], [ -88.02991383007361, 13.37199360444211 ], [ -88.043388497698473, 13.371993604442109 ], [ -88.043388497698473, 13.398942939691835 ] ] ] } },
{ "type": "Feature", "properties": { "class_id": 1, "area_m2": 2174180.5626219539, "class_name": "Muy bajo", "index": "NDVI", "min_value": null, "max_value": null }, "geometry": { "type": "Polygon", "coordinates": [ [ [ -87.719996474701702, 13.398942939691837 ], [ -87.733471142326565, 13.398942939691839 ], [ -87.733471142326565, 13.412417607316703 ], [ -87.719996474701702, 13.412417607316705 ], [ -87.719996474701702, 13.398942939691837 ] ] ] } },
{ "type": "Feature", "properties": { "class_id": 1, "area_m2": 2173993.922984466, "class_name": "Muy bajo", "index": "NDVI", "min_value": null, "max_value": null }, "geometry": { "type": "Polygon", "coordinates": [ [ [ -87.787369812826029, 13.43936694256643 ], [ -87.773895145201166, 13.439366942566435 ], [ -87.773895145201166, 13.425892274941569 ], [ -87.787369812826029, 13.425892274941571 ], [ -87.787369812826029, 13.43936694256643 ] ] ] } },
{ "type": "Feature", "properties": { "class_id": 1, "area_m2": 6522153.6788858166, "class_name": "Muy bajo", "index": "NDVI", "min_value": null, "max_value": null }, "geometry": { "type": "Polygon", "coordinates": [ [ [ -88.08381250057306, 13.47979094544103 ], [ -88.070337832948198, 13.479790945441032 ], [ -88.070337832948198, 13.452841610191305 ], [ -88.097287168197937, 13.452841610191307 ], [ -88.097287168197937, 13.466316277816162 ], [ -88.08381250057306, 13.466316277816162 ], [ -88.08381250057306, 13.47979094544103 ] ] ] } },
{ "type": "Feature", "properties": { "class_id": 1, "area_m2": 6521904.130386102, "class_name": "Muy bajo", "index": "NDVI", "min_value": null, "max_value": null }, "geometry": { "type": "Polygon", "coordinates": [ [ [ -88.1107618358228, 13.479790945441035 ], [ -88.124236503447662, 13.47979094544103 ], [ -88.124236503447662, 13.493265613065899 ], [ -88.097287168197937, 13.493265613065899 ], [ -88.097287168197937, 13.466316277816162 ], [ -88.1107618358228, 13.466316277816169 ], [ -88.1107618358228, 13.479790945441035 ] ] ] } },
{ "type": "Feature", "properties": { "class_id": 1, "area_m2": 10866981.5419861, "class_name": "Muy bajo", "index": "NDVI", "min_value": null, "max_value": null }, "geometry": { "type": "Polygon", "coordinates": [ [ [ -87.787369812826029, 13.506740280690765 ], [ -87.773895145201166, 13.506740280690757 ], [ -87.773895145201166, 13.47979094544103 ], [ -87.787369812826029, 13.47979094544103 ], [ -87.787369812826029, 13.493265613065898 ], [ -87.800844480450891, 13.493265613065898 ], [ -87.800844480450891, 13.506740280690757 ], [ -87.814319148075768, 13.506740280690764 ], [ -87.814319148075768, 13.520214948315623 ], [ -87.787369812826029, 13.520214948315623 ], [ -87.787369812826029, 13.506740280690765 ] ] ] } },
{ "type": "Feature", "properties": { "class_id": 1, "area_m2": 308639060.31109744, "class_name": "Muy bajo", "index": "NDVI", "min_value": null, "max_value": null }, "geometry": { "type": "Polygon", "coordinates": [ [ [ -87.800844480450891, 13.560638951190223 ], [ -87.800844480450891, 13.547164283565353 ], [ -87.814319148075768, 13.547164283565358 ], [ -87.814319148075768, 13.520214948315623 ], [ -87.82779381570063, 13.52021494831563 ], [ -87.82779381570063, 13.506740280690758 ], [ -87.841268483325493, 13.50674028069076 ], [ -87.841268483325493, 13.493265613065901 ], [ -87.854743150950355, 13.493265613065899 ], [ -87.854743150950355, 13.506740280690758 ], [ -87.868217818575218, 13.50674028069076 ], [ -87.868217818575218, 13.479790945441035 ], [ -87.841268483325493, 13.479790945441033 ], [ -87.841268483325493, 13.452841610191301 ], [ -87.854743150950355, 13.452841610191305 ], [ -87.854743150950355, 13.439366942566426 ], [ -87.868217818575218, 13.439366942566432 ], [ -87.868217818575218, 13.425892274941569 ], [ -87.881692486200095, 13.425892274941571 ], [ -87.881692486200095, 13.412417607316705 ], [ -87.90864182144982, 13.412417607316701 ], [ -87.90864182144982, 13.439366942566428 ], [ -87.962540491949284, 13.439366942566433 ], [ -87.962540491949284, 13.452841610191301 ], [ -87.976015159574146, 13.452841610191305 ], [ -87.976015159574146, 13.466316277816167 ], [ -88.002964494823871, 13.466316277816162 ], [ -88.002964494823871, 13.4528416101913 ], [ -88.02991383007361, 13.452841610191301 ], [ -88.02991383007361, 13.466316277816169 ], [ -88.05686316532335, 13.466316277816169 ], [ -88.05686316532335, 13.493265613065898 ], [ -88.070337832948198, 13.493265613065898 ], [ -88.070337832948198, 13.506740280690757 ], [ -88.08381250057306, 13.506740280690758 ], [ -88.08381250057306, 13.520214948315623 ], [ -88.097287168197937, 13.520214948315628 ], [ -88.097287168197937, 13.533689615940492 ], [ -88.124236503447662, 13.533689615940492 ], [ -88.124236503447662, 13.560638951190219 ], [ -88.070337832948198, 13.560638951190219 ], [ -88.070337832948198, 13.574113618815089 ], [ -88.016439162448734, 13.574113618815087 ], [ -88.016439162448734, 13.533689615940496 ], [ -87.976015159574146, 13.533689615940492 ], [ -87.976015159574146, 13.520214948315623 ], [ -87.949065824324421, 13.520214948315621 ], [ -87.949065824324421, 13.547164283565353 ], [ -87.935591156699559, 13.547164283565358 ], [ -87.935591156699559, 13.520214948315626 ], [ -87.881692486200095, 13.520214948315628 ], [ -87.881692486200095, 13.533689615940492 ], [ -87.868217818575218, 13.533689615940492 ], [ -87.868217818575218, 13.547164283565355 ], [ -87.841268483325493, 13.547164283565353 ], [ -87.841268483325493, 13.574113618815087 ], [ -87.82779381570063, 13.574113618815085 ], [ -87.82779381570063, 13.601062954064814 ], [ -87.841268483325493, 13.601062954064817 ], [ -87.841268483325493, 13.61453762168968 ], [ -87.814319148075768, 13.614537621689678 ], [ -87.814319148075768, 13.601062954064815 ], [ -87.773895145201166, 13.601062954064815 ], [ -87.773895145201166, 13.574113618815087 ], [ -87.787369812826029, 13.574113618815087 ], [ -87.787369812826029, 13.560638951190221 ], [ -87.800844480450891, 13.560638951190223 ] ], [ [ -87.989489827199009, 13.520214948315626 ], [ -87.989489827199009, 13.506740280690758 ], [ -87.976015159574146, 13.506740280690757 ], [ -87.976015159574146, 13.520214948315623 ], [ -87.989489827199009, 13.520214948315626 ] ], [ [ -87.841268483325493, 13.533689615940492 ], [ -87.82779381570063, 13.533689615940492 ], [ -87.82779381570063, 13.547164283565353 ], [ -87.841268483325493, 13.547164283565353 ], [ -87.841268483325493, 13.533689615940492 ] ], [ [ -88.08381250057306, 13.547164283565353 ], [ -88.08381250057306, 13.533689615940489 ], [ -88.070337832948198, 13.533689615940489 ], [ -88.070337832948198, 13.54716428356536 ], [ -88.08381250057306, 13.547164283565353 ] ], [ [ -88.016439162448734, 13.520214948315626 ], [ -88.016439162448734, 13.50674028069076 ], [ -88.002964494823871, 13.506740280690758 ], [ -88.002964494823871, 13.520214948315628 ], [ -88.016439162448734, 13.520214948315626 ] ], [ [ -87.895167153824957, 13.506740280690757 ], [ -87.895167153824957, 13.493265613065898 ], [ -87.881692486200095, 13.493265613065899 ], [ -87.881692486200095, 13.506740280690762 ], [ -87.895167153824957, 13.506740280690757 ] ] ] } },
{ "type": "Feature", "properties": { "class_id": 1, "area_m2": 8692216.143664699, "class_name": "Muy bajo", "index": "NDVI", "min_value": null, "max_value": null }, "geometry": { "type": "Polygon", "coordinates": [ [ [ -87.935591156699559, 13.560638951190223 ], [ -87.881692486200095, 13.560638951190217 ], [ -87.881692486200095, 13.547164283565353 ], [ -87.935591156699559, 13.547164283565358 ], [ -87.935591156699559, 13.560638951190223 ] ] ] } },
{ "type": "Feature", "properties": { "class_id": 1, "area_m2": 2173038.5965144671, "class_name": "Muy bajo", "index": "NDVI", "min_value": null, "max_value": null }, "geometry": { "type": "Polygon", "coordinates": [ [ [ -87.989489827199009, 13.560638951190217 ], [ -88.002964494823871, 13.560638951190223 ], [ -88.002964494823871, 13.574113618815089 ], [ -87.989489827199009, 13.574113618815087 ], [ -87.989489827199009, 13.560638951190217 ] ] ] } },
{ "type": "Feature", "properties": { "class_id": 1, "area_m2": 2172423.0825141501, "class_name": "Muy bajo", "index": "NDVI", "min_value": null, "max_value": null }, "geometry": { "type": "Polygon", "coordinates": [ [ [ -87.760420477576304, 13.601062954064817 ], [ -87.773895145201166, 13.601062954064815 ], [ -87.773895145201166, 13.61453762168968 ], [ -87.760420477576304, 13.614537621689685 ], [ -87.760420477576304, 13.601062954064817 ] ] ] } },
{ "type": "Feature", "properties": { "class_id": 1, "area_m2": 15208675.144592121, "class_name": "Muy bajo", "index": "NDVI", "min_value": null, "max_value": null }, "geometry": { "type": "Polygon", "coordinates": [ [ [ -88.08381250057306, 13.601062954064819 ], [ -88.08381250057306, 13.654961624564283 ], [ -88.070337832948198, 13.654961624564278 ], [ -88.070337832948198, 13.628012289314542 ], [ -88.05686316532335, 13.628012289314546 ], [ -88.05686316532335, 13.587588286439951 ], [ -88.070337832948198, 13.587588286439949 ], [ -88.070337832948198, 13.601062954064817 ], [ -88.08381250057306, 13.601062954064819 ] ] ] } },
{ "type": "Feature", "properties": { "class_id": 1, "area_m2": 4344992.5975636411, "class_name": "Muy bajo", "index": "NDVI", "min_value": null, "max_value": null }, "geometry": { "type": "Polygon", "coordinates": [ [ [ -88.05686316532335, 13.628012289314546 ], [ -88.05686316532335, 13.641486956939412 ], [ -88.02991383007361, 13.641486956939412 ], [ -88.02991383007361, 13.628012289314549 ], [ -88.05686316532335, 13.628012289314546 ] ] ] } },
{ "type": "Feature", "properties": { "class_id": 1, "area_m2": 4344680.9022641517, "class_name": "Muy bajo", "index": "NDVI", "min_value": null, "max_value": null }, "geometry": { "type": "Polygon", "coordinates": [ [ [ -88.002964494823871, 13.65496162456428 ], [ -88.002964494823871, 13.641486956939413 ], [ -88.02991383007361, 13.641486956939412 ], [ -88.02991383007361, 13.65496162456428 ], [ -88.002964494823871, 13.65496162456428 ] ] ] } },
{ "type": "Feature", "properties": { "class_id": 1, "area_m2": 6516198.509832724, "class_name": "Muy bajo", "index": "NDVI", "min_value": null, "max_value": null }, "geometry": { "type": "Polygon", "coordinates": [ [ [ -87.90864182144982, 13.668436292189138 ], [ -87.868217818575218, 13.668436292189138 ], [ -87.868217818575218, 13.654961624564283 ], [ -87.90864182144982, 13.654961624564276 ], [ -87.90864182144982, 13.668436292189138 ] ] ] } },
{ "type": "Feature", "properties": { "class_id": 1, "area_m2": 4344551.033560683, "class_name": "Muy bajo", "index": "NDVI", "min_value": null, "max_value": null }, "geometry": { "type": "Polygon", "coordinates": [ [ [ -88.097287168197937, 13.654961624564276 ], [ -88.1107618358228, 13.654961624564276 ], [ -88.1107618358228, 13.681910959814006 ], [ -88.097287168197937, 13.68191095981401 ], [ -88.097287168197937, 13.654961624564276 ] ] ] } },
{ "type": "Feature", "properties": { "class_id": 1, "area_m2": 2172106.8252681368, "class_name": "Muy bajo", "index": "NDVI", "min_value": null, "max_value": null }, "geometry": { "type": "Polygon", "coordinates": [ [ [ -88.016439162448734, 13.66843629218914 ], [ -88.02991383007361, 13.66843629218914 ], [ -88.02991383007361, 13.681910959814013 ], [ -88.016439162448734, 13.68191095981401 ], [ -88.016439162448734, 13.66843629218914 ] ] ] } },
{ "type": "Feature", "properties": { "class_id": 2, "area_m2": 2177092.8370092525, "class_name": "Bajo", "index": "NDVI", "min_value": null, "max_value": null }, "geometry": { "type": "Polygon", "coordinates": [ [ [ -89.646873945057436, 13.533689615940494 ], [ -89.660348612682313, 13.533689615940492 ], [ -89.660348612682313, 13.547164283565353 ], [ -89.646873945057436, 13.547164283565358 ], [ -89.646873945057436, 13.533689615940494 ] ] ] } },
{ "type": "Feature", "properties": { "class_id": 2, "area_m2": 2176705.4463619068, "class_name": "Bajo", "index": "NDVI", "min_value": null, "max_value": null }, "geometry": { "type": "Polygon", "coordinates": [ [ [ -89.579500606933109, 13.560638951190215 ], [ -89.566025939308247, 13.560638951190217 ], [ -89.566025939308247, 13.547164283565357 ], [ -89.579500606933109, 13.54716428356536 ], [ -89.579500606933109, 13.560638951190215 ] ] ] } },
{ "type": "Feature", "properties": { "class_id": 2, "area_m2": 4354634.2230986208, "class_name": "Bajo", "index": "NDVI", "min_value": null, "max_value": null }, "geometry": { "type": "Polygon", "coordinates": [ [ [ -89.768145953681227, 13.560638951190219 ], [ -89.741196618431488, 13.560638951190223 ], [ -89.741196618431488, 13.547164283565351 ], [ -89.768145953681227, 13.547164283565358 ], [ -89.768145953681227, 13.560638951190219 ] ] ] } },
{ "type": "Feature", "properties": { "class_id": 2, "area_m2": 2176628.4832286616, "class_name": "Bajo", "index": "NDVI", "min_value": null, "max_value": null }, "geometry": { "type": "Polygon", "coordinates": [ [ [ -89.592975274557972, 13.574113618815089 ], [ -89.579500606933109, 13.57411361881509 ], [ -89.579500606933109, 13.560638951190215 ], [ -89.592975274557972, 13.560638951190217 ], [ -89.592975274557972, 13.574113618815089 ] ] ] } },
{ "type": "Feature", "properties": { "class_id": 2, "area_m2": 10882647.05968545, "class_name": "Bajo", "index": "NDVI", "min_value": null, "max_value": null }, "geometry": { "type": "Polygon", "coordinates": [ [ [ -89.741196618431488, 13.641486956939413 ], [ -89.727721950806625, 13.641486956939417 ], [ -89.727721950806625, 13.628012289314546 ], [ -89.714247283181763, 13.628012289314549 ], [ -89.714247283181763, 13.614537621689685 ], [ -89.768145953681227, 13.614537621689683 ], [ -89.768145953681227, 13.628012289314553 ], [ -89.741196618431488, 13.628012289314549 ], [ -89.741196618431488, 13.641486956939413 ] ] ] } },
{ "type": "Feature", "properties": { "class_id": 2, "area_m2": 65289133.774445809, "class_name": "Bajo", "index": "NDVI", "min_value": null, "max_value": null }, "geometry": { "type": "Polygon", "coordinates": [ [ [ -89.714247283181763, 13.65496162456428 ], [ -89.727721950806625, 13.654961624564283 ], [ -89.727721950806625, 13.68191095981401 ], [ -89.714247283181763, 13.68191095981401 ], [ -89.714247283181763, 13.695385627438874 ], [ -89.687297947932038, 13.695385627438876 ], [ -89.687297947932038, 13.654961624564283 ], [ -89.673823280307161, 13.65496162456428 ], [ -89.673823280307161, 13.641486956939413 ], [ -89.660348612682313, 13.641486956939413 ], [ -89.660348612682313, 13.654961624564278 ], [ -89.633399277432574, 13.654961624564283 ], [ -89.633399277432574, 13.61453762168968 ], [ -89.619924609807711, 13.61453762168968 ], [ -89.619924609807711, 13.601062954064817 ], [ -89.633399277432574, 13.601062954064822 ], [ -89.633399277432574, 13.587588286439953 ], [ -89.646873945057436, 13.587588286439953 ], [ -89.646873945057436, 13.574113618815089 ], [ -89.660348612682313, 13.574113618815085 ], [ -89.660348612682313, 13.601062954064815 ], [ -89.673823280307161, 13.601062954064819 ], [ -89.673823280307161, 13.61453762168968 ], [ -89.7007726155569, 13.614537621689683 ], [ -89.7007726155569, 13.628012289314547 ], [ -89.714247283181763, 13.628012289314549 ], [ -89.714247283181763, 13.65496162456428 ] ], [ [ -89.660348612682313, 13.628012289314549 ], [ -89.646873945057436, 13.628012289314546 ], [ -89.646873945057436, 13.641486956939415 ], [ -89.660348612682313, 13.641486956939413 ], [ -89.660348612682313, 13.628012289314549 ] ] ] } },
{ "type": "Feature", "properties": { "class_id": 2, "area_m2": 2176047.0371931633, "class_name": "Bajo", "index": "NDVI", "min_value": null, "max_value": null }, "geometry": { "type": "Polygon", "coordinates": [ [ [ -89.673823280307161, 13.65496162456428 ], [ -89.673823280307161, 13.668436292189142 ], [ -89.660348612682313, 13.66843629218914 ], [ -89.660348612682313, 13.654961624564278 ], [ -89.673823280307161, 13.65496162456428 ] ] ] } },
{ "type": "Feature", "properties": { "class_id": 2, "area_m2": 2176369.7763470323, "class_name": "Bajo", "index": "NDVI", "min_value": null, "max_value": null }, "geometry": { "type": "Polygon", "coordinates": [ [ [ -89.768145953681227, 13.66843629218914 ], [ -89.754671286056364, 13.668436292189146 ], [ -89.754671286056364, 13.654961624564278 ], [ -89.768145953681227, 13.65496162456428 ], [ -89.768145953681227, 13.66843629218914 ] ] ] } },
{ "type": "Feature", "properties": { "class_id": 2, "area_m2": 2176949.2924173716, "class_name": "Bajo", "index": "NDVI", "min_value": null, "max_value": null }, "geometry": { "type": "Polygon", "coordinates": [ [ [ -89.929841965179605, 13.66843629218914 ], [ -89.916367297554743, 13.668436292189146 ], [ -89.916367297554743, 13.654961624564276 ], [ -89.929841965179605, 13.65496162456428 ], [ -89.929841965179605, 13.66843629218914 ] ] ] } },
{ "type": "Feature", "properties": { "class_id": 2, "area_m2": 15236856.598298976, "class_name": "Bajo", "index": "NDVI", "min_value": null, "max_value": null }, "geometry": { "type": "Polygon", "coordinates": [ [ [ -89.889417962305018, 13.66843629218914 ], [ -89.916367297554743, 13.668436292189146 ], [ -89.916367297554743, 13.681910959814006 ], [ -89.902892629929894, 13.681910959814008 ], [ -89.902892629929894, 13.695385627438876 ], [ -89.875943294680141, 13.695385627438876 ], [ -89.875943294680141, 13.66843629218914 ], [ -89.862468627055279, 13.668436292189144 ], [ -89.862468627055279, 13.654961624564278 ], [ -89.889417962305018, 13.654961624564278 ], [ -89.889417962305018, 13.66843629218914 ] ] ] } },
{ "type": "Feature", "properties": { "class_id": 2, "area_m2": 2176459.8137390162, "class_name": "Bajo", "index": "NDVI", "min_value": null, "max_value": null }, "geometry": { "type": "Polygon", "coordinates": [ [ [ -89.862468627055279, 13.695385627438874 ], [ -89.848993959430416, 13.695385627438871 ], [ -89.848993959430416, 13.68191095981401 ], [ -89.862468627055279, 13.68191095981401 ], [ -89.862468627055279, 13.695385627438874 ] ] ] } },
{ "type": "Feature", "properties": { "class_id": 2, "area_m2": 6530170.2889755871, "class_name": "Bajo", "index": "NDVI", "min_value": null, "max_value": null }, "geometry": { "type": "Polygon", "coordinates": [ [ [ -89.929841965179605, 13.68191095981401 ], [ -89.95679130042933, 13.681910959814013 ], [ -89.95679130042933, 13.70886029506374 ], [ -89.943316632804468, 13.708860295063744 ], [ -89.943316632804468, 13.695385627438872 ], [ -89.929841965179605, 13.695385627438874 ], [ -89.929841965179605, 13.68191095981401 ] ] ] } },
{ "type": "Feature", "properties": { "class_id": 2, "area_m2": 2176386.2583109778, "class_name": "Bajo", "index": "NDVI", "min_value": null, "max_value": null }, "geometry": { "type": "Polygon", "coordinates": [ [ [ -89.875943294680141, 13.70886029506374 ], [ -89.862468627055279, 13.708860295063737 ], [ -89.862468627055279, 13.695385627438874 ], [ -89.875943294680141, 13.695385627438876 ], [ -89.875943294680141, 13.70886029506374 ] ] ] } },
{ "type": "Feature", "properties": { "class_id": 2, "area_m2": 2176533.4801030094, "class_name": "Bajo", "index": "NDVI", "min_value": null, "max_value": null }, "geometry": { "type": "Polygon", "coordinates": [ [ [ -89.916367297554743, 13.708860295063744 ], [ -89.902892629929894, 13.70886029506374 ], [ -89.902892629929894, 13.695385627438876 ], [ -89.916367297554743, 13.695385627438876 ], [ -89.916367297554743, 13.708860295063744 ] ] ] } },
{ "type": "Feature", "properties": { "class_id": 2, "area_m2": 6527745.0327891968, "class_name": "Bajo", "index": "NDVI", "min_value": null, "max_value": null }, "geometry": { "type": "Polygon", "coordinates": [ [ [ -89.754671286056364, 13.708860295063733 ], [ -89.768145953681227, 13.70886029506374 ], [ -89.768145953681227, 13.722334962688603 ], [ -89.741196618431488, 13.722334962688604 ], [ -89.741196618431488, 13.695385627438876 ], [ -89.754671286056364, 13.695385627438876 ], [ -89.754671286056364, 13.708860295063733 ] ] ] } },
{ "type": "Feature", "properties": { "class_id": 2, "area_m2": 2175695.8912641332, "class_name": "Bajo", "index": "NDVI", "min_value": null, "max_value": null }, "geometry": { "type": "Polygon", "coordinates": [ [ [ -89.714247283181763, 13.722334962688603 ], [ -89.7007726155569, 13.722334962688603 ], [ -89.7007726155569, 13.708860295063738 ], [ -89.714247283181763, 13.708860295063744 ], [ -89.714247283181763, 13.722334962688603 ] ] ] } },
{ "type": "Feature", "properties": { "class_id": 2, "area_m2": 4350815.6050113048, "class_name": "Bajo", "index": "NDVI", "min_value": null, "max_value": null }, "geometry": { "type": "Polygon", "coordinates": [ [ [ -89.646873945057436, 13.735809630313469 ], [ -89.633399277432574, 13.735809630313469 ], [ -89.633399277432574, 13.70886029506374 ], [ -89.646873945057436, 13.708860295063735 ], [ -89.646873945057436, 13.735809630313469 ] ] ] } },
{ "type": "Feature", "properties": { "class_id": 2, "area_m2": 4352601.2361762561, "class_name": "Bajo", "index": "NDVI", "min_value": null, "max_value": null }, "geometry": { "type": "Polygon", "coordinates": [ [ [ -89.902892629929894, 13.735809630313472 ], [ -89.889417962305018, 13.735809630313469 ], [ -89.889417962305018, 13.70886029506374 ], [ -89.902892629929894, 13.70886029506374 ], [ -89.902892629929894, 13.735809630313472 ] ] ] } },
{ "type": "Feature", "properties": { "class_id": 2, "area_m2": 8706298.5005321, "class_name": "Bajo", "index": "NDVI", "min_value": null, "max_value": null }, "geometry": { "type": "Polygon", "coordinates": [ [ [ -89.983740635679069, 13.735809630313467 ], [ -89.95679130042933, 13.735809630313467 ], [ -89.95679130042933, 13.70886029506374 ], [ -89.983740635679069, 13.70886029506374 ], [ -89.983740635679069, 13.735809630313467 ] ] ] } },
{ "type": "Feature", "properties": { "class_id": 2, "area_m2": 2176445.9363445784, "class_name": "Bajo", "index": "NDVI", "min_value": null, "max_value": null }, "geometry": { "type": "Polygon", "coordinates": [ [ [ -90.010689970928794, 13.762758965563201 ], [ -90.010689970928794, 13.749284297938338 ], [ -90.024164638553657, 13.749284297938337 ], [ -90.024164638553657, 13.762758965563194 ], [ -90.010689970928794, 13.762758965563201 ] ] ] } },
{ "type": "Feature", "properties": { "class_id": 2, "area_m2": 4352493.116085982, "class_name": "Bajo", "index": "NDVI", "min_value": null, "max_value": null }, "geometry": { "type": "Polygon", "coordinates": [ [ [ -90.010689970928794, 13.762758965563201 ], [ -90.010689970928794, 13.77623363318806 ], [ -89.983740635679069, 13.776233633188061 ], [ -89.983740635679069, 13.762758965563197 ], [ -90.010689970928794, 13.762758965563201 ] ] ] } },
{ "type": "Feature", "properties": { "class_id": 2, "area_m2": 4351843.9473869568, "class_name": "Bajo", "index": "NDVI", "min_value": null, "max_value": null }, "geometry": { "type": "Polygon", "coordinates": [ [ [ -89.95679130042933, 13.789708300812933 ], [ -89.929841965179605, 13.789708300812933 ], [ -89.929841965179605, 13.776233633188067 ], [ -89.95679130042933, 13.77623363318807 ], [ -89.95679130042933, 13.789708300812933 ] ] ] } },
{ "type": "Feature", "properties": { "class_id": 2, "area_m2": 2175576.4896497191, "class_name": "Bajo", "index": "NDVI", "min_value": null, "max_value": null }, "geometry": { "type": "Polygon", "coordinates": [ [ [ -89.889417962305018, 13.803182968437797 ], [ -89.875943294680141, 13.803182968437797 ], [ -89.875943294680141, 13.789708300812933 ], [ -89.889417962305018, 13.789708300812933 ], [ -89.889417962305018, 13.803182968437797 ] ] ] } },
{ "type": "Feature", "properties": { "class_id": 2, "area_m2": 2175975.049023367, "class_name": "Bajo", "index": "NDVI", "min_value": null, "max_value": null }, "geometry": { "type": "Polygon", "coordinates": [ [ [ -89.997215303303932, 13.803182968437797 ], [ -89.983740635679069, 13.803182968437797 ], [ -89.983740635679069, 13.789708300812933 ], [ -89.997215303303932, 13.789708300812929 ], [ -89.997215303303932, 13.803182968437797 ] ] ] } },
{ "type": "Feature", "properties": { "class_id": 2, "area_m2": 4351054.0139219267, "class_name": "Bajo", "index": "NDVI", "min_value": null, "max_value": null }, "geometry": { "type": "Polygon", "coordinates": [ [ [ -89.916367297554743, 13.816657636062663 ], [ -89.889417962305018, 13.816657636062658 ], [ -89.889417962305018, 13.803182968437797 ], [ -89.916367297554743, 13.803182968437797 ], [ -89.916367297554743, 13.816657636062663 ] ] ] } },
{ "type": "Feature", "properties": { "class_id": 2, "area_m2": 2175304.9465609626, "class_name": "Bajo", "index": "NDVI", "min_value": null, "max_value": null }, "geometry": { "type": "Polygon", "coordinates": [ [ [ -89.916367297554743, 13.843606971312392 ], [ -89.902892629929894, 13.843606971312388 ], [ -89.902892629929894, 13.83013230368752 ], [ -89.916367297554743, 13.830132303687526 ], [ -89.916367297554743, 13.843606971312392 ] ] ] } },
{ "type": "Feature", "properties": { "class_id": 2, "area_m2": 2175913.5156322187, "class_name": "Bajo", "index": "NDVI", "min_value": null, "max_value": null }, "geometry": { "type": "Polygon", "coordinates": [ [ [ -90.078063309053121, 13.84360697131239 ], [ -90.064588641428259, 13.84360697131239 ], [ -90.064588641428259, 13.83013230368752 ], [ -90.078063309053121, 13.830132303687524 ], [ -90.078063309053121, 13.84360697131239 ] ] ] } },
{ "type": "Feature", "properties": { "class_id": 2, "area_m2": 4348111.2081149388, "class_name": "Bajo", "index": "NDVI", "min_value": null, "max_value": null }, "geometry": { "type": "Polygon", "coordinates": [ [ [ -89.646873945057436, 13.884030974186983 ], [ -89.633399277432574, 13.884030974186988 ], [ -89.633399277432574, 13.857081638937256 ], [ -89.646873945057436, 13.857081638937258 ], [ -89.646873945057436, 13.884030974186983 ] ] ] } },
{ "type": "Feature", "properties": { "class_id": 2, "area_m2": 4349698.0314099053, "class_name": "Bajo", "index": "NDVI", "min_value": null, "max_value": null }, "geometry": { "type": "Polygon", "coordinates": [ [ [ -89.875943294680141, 13.884030974186983 ], [ -89.862468627055279, 13.884030974186986 ], [ -89.862468627055279, 13.857081638937261 ], [ -89.875943294680141, 13.857081638937258 ], [ -89.875943294680141, 13.884030974186983 ] ] ] } },
{ "type": "Feature", "properties": { "class_id": 2, "area_m2": 2174499.608484162, "class_name": "Bajo", "index": "NDVI", "min_value": null, "max_value": null }, "geometry": { "type": "Polygon", "coordinates": [ [ [ -89.795095288930952, 13.884030974186985 ], [ -89.781620621306104, 13.88403097418699 ], [ -89.781620621306104, 13.87055630656212 ], [ -89.795095288930952, 13.870556306562122 ], [ -89.795095288930952, 13.884030974186985 ] ] ] } },
{ "type": "Feature", "properties": { "class_id": 2, "area_m2": 2174005.3081080928, "class_name": "Bajo", "index": "NDVI", "min_value": null, "max_value": null }, "geometry": { "type": "Polygon", "coordinates": [ [ [ -89.687297947932038, 13.897505641811852 ], [ -89.673823280307161, 13.897505641811854 ], [ -89.673823280307161, 13.884030974186985 ], [ -89.687297947932038, 13.88403097418699 ], [ -89.687297947932038, 13.897505641811852 ] ] ] } },
{ "type": "Feature", "properties": { "class_id": 2, "area_m2": 2174614.8590573077, "class_name": "Bajo", "index": "NDVI", "min_value": null, "max_value": null }, "geometry": { "type": "Polygon", "coordinates": [ [ [ -89.848993959430416, 13.884030974186986 ], [ -89.862468627055279, 13.884030974186986 ], [ -89.862468627055279, 13.897505641811854 ], [ -89.848993959430416, 13.897505641811854 ], [ -89.848993959430416, 13.884030974186986 ] ] ] } },
{ "type": "Feature", "properties": { "class_id": 2, "area_m2": 2174064.8616702119, "class_name": "Bajo", "index": "NDVI", "min_value": null, "max_value": null }, "geometry": { "type": "Polygon", "coordinates": [ [ [ -89.727721950806625, 13.91098030943672 ], [ -89.727721950806625, 13.897505641811851 ], [ -89.741196618431488, 13.897505641811851 ], [ -89.741196618431488, 13.91098030943672 ], [ -89.727721950806625, 13.91098030943672 ] ] ] } },
{ "type": "Feature", "properties": { "class_id": 2, "area_m2": 2173894.6908349544, "class_name": "Bajo", "index": "NDVI", "min_value": null, "max_value": null }, "geometry": { "type": "Polygon", "coordinates": [ [ [ -89.727721950806625, 13.91098030943672 ], [ -89.727721950806625, 13.924454977061584 ], [ -89.714247283181763, 13.924454977061584 ], [ -89.714247283181763, 13.91098030943672 ], [ -89.727721950806625, 13.91098030943672 ] ] ] } },
{ "type": "Feature", "properties": { "class_id": 2, "area_m2": 2174687.1741723018, "class_name": "Bajo", "index": "NDVI", "min_value": null, "max_value": null }, "geometry": { "type": "Polygon", "coordinates": [ [ [ -89.983740635679069, 13.937929644686445 ], [ -89.970265968054207, 13.937929644686449 ], [ -89.970265968054207, 13.924454977061584 ], [ -89.983740635679069, 13.924454977061574 ], [ -89.983740635679069, 13.937929644686445 ] ] ] } },
{ "type": "Feature", "properties": { "class_id": 2, "area_m2": 2173241.1873496156, "class_name": "Bajo", "index": "NDVI", "min_value": null, "max_value": null }, "geometry": { "type": "Polygon", "coordinates": [ [ [ -89.606449942182834, 13.951404312311315 ], [ -89.592975274557972, 13.951404312311315 ], [ -89.592975274557972, 13.937929644686454 ], [ -89.606449942182834, 13.937929644686454 ], [ -89.606449942182834, 13.951404312311315 ] ] ] } },
{ "type": "Feature", "properties": { "class_id": 2, "area_m2": 2173600.4399452279, "class_name": "Bajo", "index": "NDVI", "min_value": null, "max_value": null }, "geometry": { "type": "Polygon", "coordinates": [ [ [ -89.714247283181763, 13.951404312311315 ], [ -89.7007726155569, 13.951404312311309 ], [ -89.7007726155569, 13.937929644686449 ], [ -89.714247283181763, 13.93792964468645 ], [ -89.714247283181763, 13.951404312311315 ] ] ] } },
{ "type": "Feature", "properties": { "class_id": 2, "area_m2": 15216104.271495547, "class_name": "Bajo", "index": "NDVI", "min_value": null, "max_value": null }, "geometry": { "type": "Polygon", "coordinates": [ [ [ -89.727721950806625, 13.924454977061584 ], [ -89.768145953681227, 13.924454977061584 ], [ -89.768145953681227, 13.951404312311311 ], [ -89.754671286056364, 13.951404312311309 ], [ -89.754671286056364, 13.964878979936181 ], [ -89.727721950806625, 13.964878979936181 ], [ -89.727721950806625, 13.951404312311311 ], [ -89.741196618431488, 13.951404312311311 ], [ -89.741196618431488, 13.93792964468645 ], [ -89.727721950806625, 13.93792964468645 ], [ -89.727721950806625, 13.924454977061584 ] ] ] } },
{ "type": "Feature", "properties": { "class_id": 2, "area_m2": 2173351.6707404759, "class_name": "Bajo", "index": "NDVI", "min_value": null, "max_value": null }, "geometry": { "type": "Polygon", "coordinates": [ [ [ -89.714247283181763, 13.978353647561047 ], [ -89.7007726155569, 13.978353647561047 ], [ -89.7007726155569, 13.964878979936181 ], [ -89.714247283181763, 13.964878979936181 ], [ -89.714247283181763, 13.978353647561047 ] ] ] } },
{ "type": "Feature", "properties": { "class_id": 2, "area_m2": 2173506.0319944648, "class_name": "Bajo", "index": "NDVI", "min_value": null, "max_value": null }, "geometry": { "type": "Polygon", "coordinates": [ [ [ -89.795095288930952, 13.991828315185913 ], [ -89.781620621306104, 13.991828315185908 ], [ -89.781620621306104, 13.978353647561045 ], [ -89.795095288930952, 13.978353647561043 ], [ -89.795095288930952, 13.991828315185913 ] ] ] } },
{ "type": "Feature", "properties": { "class_id": 2, "area_m2": 2172831.8040080462, "class_name": "Bajo", "index": "NDVI", "min_value": null, "max_value": null }, "geometry": { "type": "Polygon", "coordinates": [ [ [ -89.633399277432574, 14.005302982810774 ], [ -89.619924609807711, 14.005302982810772 ], [ -89.619924609807711, 13.991828315185909 ], [ -89.633399277432574, 13.991828315185913 ], [ -89.633399277432574, 14.005302982810774 ] ] ] } },
{ "type": "Feature", "properties": { "class_id": 2, "area_m2": 2172716.4191904799, "class_name": "Bajo", "index": "NDVI", "min_value": null, "max_value": null }, "geometry": { "type": "Polygon", "coordinates": [ [ [ -89.673823280307161, 14.032252318060511 ], [ -89.660348612682313, 14.032252318060502 ], [ -89.660348612682313, 14.018777650435641 ], [ -89.673823280307161, 14.018777650435641 ], [ -89.673823280307161, 14.032252318060511 ] ] ] } },
{ "type": "Feature", "properties": { "class_id": 2, "area_m2": 4345048.1989696408, "class_name": "Bajo", "index": "NDVI", "min_value": null, "max_value": null }, "geometry": { "type": "Polygon", "coordinates": [ [ [ -89.660348612682313, 14.045726985685366 ], [ -89.633399277432574, 14.045726985685368 ], [ -89.633399277432574, 14.032252318060507 ], [ -89.660348612682313, 14.032252318060502 ], [ -89.660348612682313, 14.045726985685366 ] ] ] } },
{ "type": "Feature", "properties": { "class_id": 2, "area_m2": 21723057.175685603, "class_name": "Bajo", "index": "NDVI", "min_value": null, "max_value": null }, "geometry": { "type": "Polygon", "coordinates": [ [ [ -89.566025939308247, 14.045726985685366 ], [ -89.579500606933109, 14.04572698568537 ], [ -89.579500606933109, 14.018777650435641 ], [ -89.606449942182834, 14.018777650435641 ], [ -89.606449942182834, 14.032252318060507 ], [ -89.619924609807711, 14.032252318060504 ], [ -89.619924609807711, 14.059201653310234 ], [ -89.606449942182834, 14.059201653310232 ], [ -89.606449942182834, 14.072676320935102 ], [ -89.592975274557972, 14.072676320935102 ], [ -89.592975274557972, 14.059201653310232 ], [ -89.566025939308247, 14.059201653310234 ], [ -89.566025939308247, 14.045726985685366 ] ] ] } },
{ "type": "Feature", "properties": { "class_id": 2, "area_m2": 4345079.7249443894, "class_name": "Bajo", "index": "NDVI", "min_value": null, "max_value": null }, "geometry": { "type": "Polygon", "coordinates": [ [ [ -89.714247283181763, 14.072676320935102 ], [ -89.7007726155569, 14.072676320935102 ], [ -89.7007726155569, 14.045726985685366 ], [ -89.714247283181763, 14.045726985685368 ], [ -89.714247283181763, 14.072676320935102 ] ] ] } },
{ "type": "Feature", "properties": { "class_id": 2, "area_m2": 2172260.8401092645, "class_name": "Bajo", "index": "NDVI", "min_value": null, "max_value": null }, "geometry": { "type": "Polygon", "coordinates": [ [ [ -89.687297947932038, 14.086150988559965 ], [ -89.673823280307161, 14.086150988559966 ], [ -89.673823280307161, 14.072676320935102 ], [ -89.687297947932038, 14.072676320935102 ], [ -89.687297947932038, 14.086150988559965 ] ] ] } },
{ "type": "Feature", "properties": { "class_id": 2, "area_m2": 45600527.604293644, "class_name": "Bajo", "index": "NDVI", "min_value": null, "max_value": null }, "geometry": { "type": "Polygon", "coordinates": [ [ [ -89.606449942182834, 14.153524326684291 ], [ -89.579500606933109, 14.153524326684295 ], [ -89.579500606933109, 14.180473661934025 ], [ -89.552551271683384, 14.180473661934025 ], [ -89.552551271683384, 14.166998994309155 ], [ -89.566025939308247, 14.166998994309157 ], [ -89.566025939308247, 14.126574991434566 ], [ -89.552551271683384, 14.126574991434561 ], [ -89.552551271683384, 14.113100323809693 ], [ -89.619924609807711, 14.1131003238097 ], [ -89.619924609807711, 14.099625656184839 ], [ -89.592975274557972, 14.099625656184834 ], [ -89.592975274557972, 14.086150988559968 ], [ -89.660348612682313, 14.086150988559968 ], [ -89.660348612682313, 14.099625656184834 ], [ -89.633399277432574, 14.099625656184836 ], [ -89.633399277432574, 14.126574991434564 ], [ -89.606449942182834, 14.12657499143457 ], [ -89.606449942182834, 14.153524326684291 ] ] ] } },
{ "type": "Feature", "properties": { "class_id": 2, "area_m2": 2171668.119671511, "class_name": "Bajo", "index": "NDVI", "min_value": null, "max_value": null }, "geometry": { "type": "Polygon", "coordinates": [ [ [ -89.660348612682313, 14.140049659059429 ], [ -89.646873945057436, 14.140049659059427 ], [ -89.646873945057436, 14.126574991434564 ], [ -89.660348612682313, 14.126574991434564 ], [ -89.660348612682313, 14.140049659059429 ] ] ] } },
{ "type": "Feature", "properties": { "class_id": 2, "area_m2": 2171677.5654125386, "class_name": "Bajo", "index": "NDVI", "min_value": null, "max_value": null }, "geometry": { "type": "Polygon", "coordinates": [ [ [ -89.7007726155569, 14.153524326684296 ], [ -89.687297947932038, 14.153524326684289 ], [ -89.687297947932038, 14.140049659059429 ], [ -89.7007726155569, 14.140049659059429 ], [ -89.7007726155569, 14.153524326684296 ] ] ] } },
{ "type": "Feature", "properties": { "class_id": 2, "area_m2": 2169374.900874475, "class_name": "Bajo", "index": "NDVI", "min_value": null, "max_value": null }, "geometry": { "type": "Polygon", "coordinates": [ [ [ -89.579500606933109, 14.355644341057268 ], [ -89.566025939308247, 14.355644341057275 ], [ -89.566025939308247, 14.342169673432409 ], [ -89.579500606933109, 14.34216967343241 ], [ -89.579500606933109, 14.355644341057268 ] ] ] } },
{ "type": "Feature", "properties": { "class_id": 2, "area_m2": 2176576.9491853928, "class_name": "Bajo", "index": "NDVI", "min_value": null, "max_value": null }, "geometry": { "type": "Polygon", "coordinates": [ [ [ -89.027039234313634, 13.385468272066975 ], [ -89.040513901938496, 13.385468272066969 ], [ -89.040513901938496, 13.398942939691832 ], [ -89.027039234313634, 13.398942939691839 ], [ -89.027039234313634, 13.385468272066975 ] ] ] } },
{ "type": "Feature", "properties": { "class_id": 2, "area_m2": 41347838.707859762, "class_name": "Bajo", "index": "NDVI", "min_value": null, "max_value": null }, "geometry": { "type": "Polygon", "coordinates": [ [ [ -88.959665896189307, 13.425892274941569 ], [ -88.959665896189307, 13.439366942566432 ], [ -88.973140563814169, 13.439366942566428 ], [ -88.973140563814169, 13.398942939691839 ], [ -89.000089899063909, 13.398942939691841 ], [ -89.000089899063909, 13.371993604442109 ], [ -89.027039234313634, 13.371993604442114 ], [ -89.027039234313634, 13.385468272066975 ], [ -89.013564566688771, 13.385468272066968 ], [ -89.013564566688771, 13.398942939691841 ], [ -89.027039234313634, 13.398942939691839 ], [ -89.027039234313634, 13.439366942566432 ], [ -89.013564566688771, 13.439366942566435 ], [ -89.013564566688771, 13.412417607316701 ], [ -89.000089899063909, 13.412417607316705 ], [ -89.000089899063909, 13.439366942566428 ], [ -88.986615231439046, 13.439366942566435 ], [ -88.986615231439046, 13.452841610191305 ], [ -88.973140563814169, 13.452841610191301 ], [ -88.973140563814169, 13.466316277816164 ], [ -88.959665896189307, 13.466316277816162 ], [ -88.959665896189307, 13.452841610191301 ], [ -88.932716560939582, 13.452841610191303 ], [ -88.932716560939582, 13.439366942566428 ], [ -88.946191228564444, 13.439366942566432 ], [ -88.946191228564444, 13.425892274941569 ], [ -88.959665896189307, 13.425892274941569 ] ] ] } },
{ "type": "Feature", "properties": { "class_id": 2, "area_m2": 19587218.07692476, "class_name": "Bajo", "index": "NDVI", "min_value": null, "max_value": null }, "geometry": { "type": "Polygon", "coordinates": [ [ [ -89.161785910562287, 13.439366942566433 ], [ -89.188735245812012, 13.439366942566433 ], [ -89.188735245812012, 13.452841610191301 ], [ -89.215684581061751, 13.452841610191301 ], [ -89.215684581061751, 13.466316277816166 ], [ -89.202209913436889, 13.466316277816166 ], [ -89.202209913436889, 13.479790945441033 ], [ -89.188735245812012, 13.47979094544103 ], [ -89.188735245812012, 13.466316277816164 ], [ -89.175260578187149, 13.466316277816162 ], [ -89.175260578187149, 13.479790945441032 ], [ -89.161785910562287, 13.479790945441032 ], [ -89.161785910562287, 13.466316277816166 ], [ -89.148311242937424, 13.466316277816164 ], [ -89.148311242937424, 13.452841610191303 ], [ -89.161785910562287, 13.452841610191301 ], [ -89.161785910562287, 13.439366942566433 ] ] ] } },
{ "type": "Feature", "properties": { "class_id": 2, "area_m2": 285034249.96880931, "class_name": "Bajo", "index": "NDVI", "min_value": null, "max_value": null }, "geometry": { "type": "Polygon", "coordinates": [ [ [ -89.013564566688771, 13.533689615940492 ], [ -89.013564566688771, 13.547164283565358 ], [ -88.986615231439046, 13.547164283565357 ], [ -88.986615231439046, 13.533689615940494 ], [ -89.000089899063909, 13.533689615940492 ], [ -89.000089899063909, 13.50674028069076 ], [ -88.986615231439046, 13.506740280690764 ], [ -88.986615231439046, 13.493265613065898 ], [ -88.973140563814169, 13.493265613065898 ], [ -88.973140563814169, 13.50674028069076 ], [ -88.959665896189307, 13.506740280690762 ], [ -88.959665896189307, 13.520214948315626 ], [ -88.946191228564444, 13.52021494831563 ], [ -88.946191228564444, 13.533689615940492 ], [ -88.932716560939582, 13.533689615940492 ], [ -88.932716560939582, 13.506740280690758 ], [ -88.91924189331472, 13.506740280690765 ], [ -88.91924189331472, 13.520214948315623 ], [ -88.905767225689843, 13.520214948315624 ], [ -88.905767225689843, 13.547164283565353 ], [ -88.89229255806498, 13.547164283565353 ], [ -88.89229255806498, 13.47979094544103 ], [ -88.878817890440118, 13.479790945441032 ], [ -88.878817890440118, 13.493265613065898 ], [ -88.838393887565516, 13.493265613065892 ], [ -88.838393887565516, 13.466316277816164 ], [ -88.865343222815255, 13.466316277816169 ], [ -88.865343222815255, 13.452841610191305 ], [ -88.878817890440118, 13.452841610191301 ], [ -88.878817890440118, 13.412417607316705 ], [ -88.905767225689843, 13.412417607316703 ], [ -88.905767225689843, 13.398942939691839 ], [ -88.91924189331472, 13.398942939691835 ], [ -88.91924189331472, 13.425892274941571 ], [ -88.89229255806498, 13.425892274941567 ], [ -88.89229255806498, 13.439366942566435 ], [ -88.91924189331472, 13.439366942566433 ], [ -88.91924189331472, 13.466316277816162 ], [ -88.959665896189307, 13.466316277816162 ], [ -88.959665896189307, 13.47979094544103 ], [ -88.973140563814169, 13.479790945441033 ], [ -88.973140563814169, 13.466316277816164 ], [ -88.986615231439046, 13.466316277816166 ], [ -88.986615231439046, 13.479790945441032 ], [ -89.000089899063909, 13.479790945441032 ], [ -89.000089899063909, 13.439366942566428 ], [ -89.013564566688771, 13.439366942566435 ], [ -89.013564566688771, 13.452841610191298 ], [ -89.040513901938496, 13.452841610191298 ], [ -89.040513901938496, 13.398942939691832 ], [ -89.053988569563359, 13.398942939691841 ], [ -89.053988569563359, 13.385468272066975 ], [ -89.040513901938496, 13.385468272066969 ], [ -89.040513901938496, 13.371993604442109 ], [ -89.067463237188235, 13.371993604442109 ], [ -89.067463237188235, 13.385468272066969 ], [ -89.09441257243796, 13.385468272066969 ], [ -89.09441257243796, 13.398942939691834 ], [ -89.107887240062837, 13.398942939691841 ], [ -89.107887240062837, 13.412417607316705 ], [ -89.148311242937424, 13.412417607316707 ], [ -89.148311242937424, 13.425892274941569 ], [ -89.161785910562287, 13.425892274941571 ], [ -89.161785910562287, 13.439366942566433 ], [ -89.134836575312562, 13.43936694256643 ], [ -89.134836575312562, 13.425892274941569 ], [ -89.121361907687685, 13.425892274941571 ], [ -89.121361907687685, 13.466316277816162 ], [ -89.148311242937424, 13.466316277816164 ], [ -89.148311242937424, 13.47979094544103 ], [ -89.134836575312562, 13.479790945441032 ], [ -89.134836575312562, 13.493265613065899 ], [ -89.148311242937424, 13.493265613065899 ], [ -89.148311242937424, 13.506740280690757 ], [ -89.121361907687685, 13.506740280690764 ], [ -89.121361907687685, 13.520214948315621 ], [ -89.107887240062837, 13.520214948315621 ], [ -89.107887240062837, 13.547164283565357 ], [ -89.121361907687685, 13.547164283565358 ], [ -89.121361907687685, 13.560638951190221 ], [ -89.080937904813098, 13.560638951190219 ], [ -89.080937904813098, 13.533689615940492 ], [ -89.067463237188235, 13.533689615940492 ], [ -89.067463237188235, 13.520214948315623 ], [ -89.080937904813098, 13.520214948315623 ], [ -89.080937904813098, 13.506740280690758 ], [ -89.053988569563359, 13.506740280690758 ], [ -89.053988569563359, 13.520214948315623 ], [ -89.040513901938496, 13.520214948315623 ], [ -89.040513901938496, 13.533689615940492 ], [ -89.013564566688771, 13.533689615940492 ] ], [ [ -89.027039234313634, 13.506740280690758 ], [ -89.027039234313634, 13.493265613065899 ], [ -89.000089899063909, 13.493265613065901 ], [ -89.000089899063909, 13.50674028069076 ], [ -89.027039234313634, 13.506740280690758 ] ], [ [ -88.878817890440118, 13.466316277816166 ], [ -88.89229255806498, 13.46631627781616 ], [ -88.89229255806498, 13.452841610191301 ], [ -88.878817890440118, 13.452841610191301 ], [ -88.878817890440118, 13.466316277816166 ] ], [ [ -89.121361907687685, 13.479790945441035 ], [ -89.107887240062837, 13.47979094544103 ], [ -89.107887240062837, 13.506740280690764 ], [ -89.121361907687685, 13.506740280690764 ], [ -89.121361907687685, 13.479790945441035 ] ], [ [ -89.053988569563359, 13.479790945441032 ], [ -89.040513901938496, 13.47979094544103 ], [ -89.040513901938496, 13.506740280690762 ], [ -89.053988569563359, 13.506740280690758 ], [ -89.053988569563359, 13.479790945441032 ] ], [ [ -88.932716560939582, 13.493265613065899 ], [ -88.932716560939582, 13.479790945441032 ], [ -88.91924189331472, 13.47979094544103 ], [ -88.91924189331472, 13.493265613065898 ], [ -88.932716560939582, 13.493265613065899 ] ], [ [ -89.107887240062837, 13.452841610191305 ], [ -89.107887240062837, 13.439366942566433 ], [ -89.09441257243796, 13.439366942566435 ], [ -89.09441257243796, 13.452841610191307 ], [ -89.107887240062837, 13.452841610191305 ] ], [ [ -89.067463237188235, 13.439366942566433 ], [ -89.067463237188235, 13.425892274941571 ], [ -89.053988569563359, 13.425892274941571 ], [ -89.053988569563359, 13.439366942566432 ], [ -89.067463237188235, 13.439366942566433 ] ] ] } },
{ "type": "Feature", "properties": { "class_id": 2, "area_m2": 4352772.1763692265, "class_name": "Bajo", "index": "NDVI", "min_value": null, "max_value": null }, "geometry": { "type": "Polygon", "coordinates": [ [ [ -89.242633916311476, 13.47979094544103 ], [ -89.215684581061751, 13.479790945441032 ], [ -89.215684581061751, 13.466316277816166 ], [ -89.242633916311476, 13.466316277816162 ], [ -89.242633916311476, 13.47979094544103 ] ] ] } },
{ "type": "Feature", "properties": { "class_id": 2, "area_m2": 2176134.8047459642, "class_name": "Bajo", "index": "NDVI", "min_value": null, "max_value": null }, "geometry": { "type": "Polygon", "coordinates": [ [ [ -89.188735245812012, 13.493265613065898 ], [ -89.175260578187149, 13.493265613065898 ], [ -89.175260578187149, 13.479790945441032 ], [ -89.188735245812012, 13.47979094544103 ], [ -89.188735245812012, 13.493265613065898 ] ] ] } },
{ "type": "Feature", "properties": { "class_id": 2, "area_m2": 2176209.485024129, "class_name": "Bajo", "index": "NDVI", "min_value": null, "max_value": null }, "geometry": { "type": "Polygon", "coordinates": [ [ [ -89.215684581061751, 13.493265613065898 ], [ -89.202209913436889, 13.493265613065899 ], [ -89.202209913436889, 13.479790945441033 ], [ -89.215684581061751, 13.479790945441032 ], [ -89.215684581061751, 13.493265613065898 ] ] ] } },
{ "type": "Feature", "properties": { "class_id": 2, "area_m2": 2176323.230641257, "class_name": "Bajo", "index": "NDVI", "min_value": null, "max_value": null }, "geometry": { "type": "Polygon", "coordinates": [ [ [ -89.256108583936339, 13.493265613065899 ], [ -89.242633916311476, 13.493265613065898 ], [ -89.242633916311476, 13.47979094544103 ], [ -89.256108583936339, 13.47979094544103 ], [ -89.256108583936339, 13.493265613065899 ] ] ] } },
{ "type": "Feature", "properties": { "class_id": 2, "area_m2": 2175977.784908033, "class_name": "Bajo", "index": "NDVI", "min_value": null, "max_value": null }, "geometry": { "type": "Polygon", "coordinates": [ [ [ -89.175260578187149, 13.506740280690758 ], [ -89.161785910562287, 13.50674028069076 ], [ -89.161785910562287, 13.493265613065899 ], [ -89.175260578187149, 13.493265613065898 ], [ -89.175260578187149, 13.506740280690758 ] ] ] } },
{ "type": "Feature", "properties": { "class_id": 2, "area_m2": 2176903.083177255, "class_name": "Bajo", "index": "NDVI", "min_value": null, "max_value": null }, "geometry": { "type": "Polygon", "coordinates": [ [ [ -89.566025939308247, 13.533689615940492 ], [ -89.552551271683384, 13.533689615940496 ], [ -89.552551271683384, 13.520214948315623 ], [ -89.566025939308247, 13.520214948315626 ], [ -89.566025939308247, 13.533689615940492 ] ] ] } },
{ "type": "Feature", "properties": { "class_id": 2, "area_m2": 2175174.1688857637, "class_name": "Bajo", "index": "NDVI", "min_value": null, "max_value": null }, "geometry": { "type": "Polygon", "coordinates": [ [ [ -89.053988569563359, 13.560638951190215 ], [ -89.040513901938496, 13.560638951190217 ], [ -89.040513901938496, 13.547164283565353 ], [ -89.053988569563359, 13.547164283565353 ], [ -89.053988569563359, 13.560638951190215 ] ] ] } },
{ "type": "Feature", "properties": { "class_id": 2, "area_m2": 4352353.2302054027, "class_name": "Bajo", "index": "NDVI", "min_value": null, "max_value": null }, "geometry": { "type": "Polygon", "coordinates": [ [ [ -89.417804595434731, 13.560638951190217 ], [ -89.390855260184992, 13.560638951190219 ], [ -89.390855260184992, 13.547164283565358 ], [ -89.417804595434731, 13.547164283565353 ], [ -89.417804595434731, 13.560638951190217 ] ] ] } },
{ "type": "Feature", "properties": { "class_id": 2, "area_m2": 2175002.9286626726, "class_name": "Bajo", "index": "NDVI", "min_value": null, "max_value": null }, "geometry": { "type": "Polygon", "coordinates": [ [ [ -89.067463237188235, 13.574113618815089 ], [ -89.080937904813098, 13.574113618815089 ], [ -89.080937904813098, 13.587588286439953 ], [ -89.067463237188235, 13.587588286439953 ], [ -89.067463237188235, 13.574113618815089 ] ] ] } },
{ "type": "Feature", "properties": { "class_id": 2, "area_m2": 4351546.8817712562, "class_name": "Bajo", "index": "NDVI", "min_value": null, "max_value": null }, "geometry": { "type": "Polygon", "coordinates": [ [ [ -89.363905924935267, 13.587588286439955 ], [ -89.336956589685542, 13.587588286439953 ], [ -89.336956589685542, 13.574113618815083 ], [ -89.363905924935267, 13.57411361881509 ], [ -89.363905924935267, 13.587588286439955 ] ] ] } },
{ "type": "Feature", "properties": { "class_id": 2, "area_m2": 2175430.2021066356, "class_name": "Bajo", "index": "NDVI", "min_value": null, "max_value": null }, "geometry": { "type": "Polygon", "coordinates": [ [ [ -89.363905924935267, 13.628012289314547 ], [ -89.350431257310419, 13.628012289314549 ], [ -89.350431257310419, 13.614537621689681 ], [ -89.363905924935267, 13.614537621689685 ], [ -89.363905924935267, 13.628012289314547 ] ] ] } },
{ "type": "Feature", "properties": { "class_id": 2, "area_m2": 2175551.3362948368, "class_name": "Bajo", "index": "NDVI", "min_value": null, "max_value": null }, "geometry": { "type": "Polygon", "coordinates": [ [ [ -89.404329927809869, 13.628012289314546 ], [ -89.390855260184992, 13.628012289314549 ], [ -89.390855260184992, 13.614537621689685 ], [ -89.404329927809869, 13.614537621689681 ], [ -89.404329927809869, 13.628012289314546 ] ] ] } },
{ "type": "Feature", "properties": { "class_id": 2, "area_m2": 2175633.2416594131, "class_name": "Bajo", "index": "NDVI", "min_value": null, "max_value": null }, "geometry": { "type": "Polygon", "coordinates": [ [ [ -89.431279263059594, 13.628012289314549 ], [ -89.417804595434731, 13.628012289314546 ], [ -89.417804595434731, 13.614537621689681 ], [ -89.431279263059594, 13.614537621689683 ], [ -89.431279263059594, 13.628012289314549 ] ] ] } },
{ "type": "Feature", "properties": { "class_id": 2, "area_m2": 2174518.9871581225, "class_name": "Bajo", "index": "NDVI", "min_value": null, "max_value": null }, "geometry": { "type": "Polygon", "coordinates": [ [ [ -89.080937904813098, 13.641486956939415 ], [ -89.067463237188235, 13.641486956939413 ], [ -89.067463237188235, 13.628012289314549 ], [ -89.080937904813098, 13.628012289314547 ], [ -89.080937904813098, 13.641486956939415 ] ] ] } },
{ "type": "Feature", "properties": { "class_id": 2, "area_m2": 10871758.244914161, "class_name": "Bajo", "index": "NDVI", "min_value": null, "max_value": null }, "geometry": { "type": "Polygon", "coordinates": [ [ [ -89.040513901938496, 13.65496162456428 ], [ -89.000089899063909, 13.654961624564276 ], [ -89.000089899063909, 13.641486956939415 ], [ -89.027039234313634, 13.641486956939413 ], [ -89.027039234313634, 13.628012289314549 ], [ -89.053988569563359, 13.628012289314546 ], [ -89.053988569563359, 13.641486956939415 ], [ -89.040513901938496, 13.641486956939415 ], [ -89.040513901938496, 13.65496162456428 ] ] ] } },
{ "type": "Feature", "properties": { "class_id": 2, "area_m2": 2174362.6225704304, "class_name": "Bajo", "index": "NDVI", "min_value": null, "max_value": null }, "geometry": { "type": "Polygon", "coordinates": [ [ [ -89.067463237188235, 13.654961624564276 ], [ -89.053988569563359, 13.654961624564278 ], [ -89.053988569563359, 13.641486956939415 ], [ -89.067463237188235, 13.641486956939413 ], [ -89.067463237188235, 13.654961624564276 ] ] ] } },
{ "type": "Feature", "properties": { "class_id": 2, "area_m2": 2174433.0203428287, "class_name": "Bajo", "index": "NDVI", "min_value": null, "max_value": null }, "geometry": { "type": "Polygon", "coordinates": [ [ [ -89.09441257243796, 13.654961624564276 ], [ -89.080937904813098, 13.654961624564276 ], [ -89.080937904813098, 13.641486956939415 ], [ -89.09441257243796, 13.641486956939415 ], [ -89.09441257243796, 13.654961624564276 ] ] ] } },
{ "type": "Feature", "properties": { "class_id": 2, "area_m2": 2174528.2786487057, "class_name": "Bajo", "index": "NDVI", "min_value": null, "max_value": null }, "geometry": { "type": "Polygon", "coordinates": [ [ [ -89.175260578187149, 13.668436292189146 ], [ -89.161785910562287, 13.668436292189142 ], [ -89.161785910562287, 13.654961624564283 ], [ -89.175260578187149, 13.65496162456428 ], [ -89.175260578187149, 13.668436292189146 ] ] ] } },
{ "type": "Feature", "properties": { "class_id": 2, "area_m2": 4348431.0403429279, "class_name": "Bajo", "index": "NDVI", "min_value": null, "max_value": null }, "geometry": { "type": "Polygon", "coordinates": [ [ [ -89.080937904813098, 13.681910959814005 ], [ -89.067463237188235, 13.681910959814015 ], [ -89.067463237188235, 13.654961624564276 ], [ -89.080937904813098, 13.654961624564276 ], [ -89.080937904813098, 13.681910959814005 ] ] ] } },
{ "type": "Feature", "properties": { "class_id": 2, "area_m2": 4348765.5087582823, "class_name": "Bajo", "index": "NDVI", "min_value": null, "max_value": null }, "geometry": { "type": "Polygon", "coordinates": [ [ [ -89.188735245812012, 13.695385627438874 ], [ -89.175260578187149, 13.695385627438874 ], [ -89.175260578187149, 13.668436292189146 ], [ -89.188735245812012, 13.668436292189137 ], [ -89.188735245812012, 13.695385627438874 ] ] ] } },
{ "type": "Feature", "properties": { "class_id": 2, "area_m2": 21741867.743114732, "class_name": "Bajo", "index": "NDVI", "min_value": null, "max_value": null }, "geometry": { "type": "Polygon", "coordinates": [ [ [ -89.134836575312562, 13.722334962688603 ], [ -89.121361907687685, 13.722334962688606 ], [ -89.121361907687685, 13.708860295063742 ], [ -89.134836575312562, 13.708860295063744 ], [ -89.134836575312562, 13.641486956939417 ], [ -89.148311242937424, 13.641486956939412 ], [ -89.148311242937424, 13.668436292189142 ], [ -89.161785910562287, 13.668436292189142 ], [ -89.161785910562287, 13.681910959814013 ], [ -89.148311242937424, 13.681910959814006 ], [ -89.148311242937424, 13.722334962688601 ], [ -89.161785910562287, 13.722334962688606 ], [ -89.161785910562287, 13.735809630313467 ], [ -89.134836575312562, 13.735809630313467 ], [ -89.134836575312562, 13.722334962688603 ] ] ] } },
{ "type": "Feature", "properties": { "class_id": 2, "area_m2": 2173738.3965313197, "class_name": "Bajo", "index": "NDVI", "min_value": null, "max_value": null }, "geometry": { "type": "Polygon", "coordinates": [ [ [ -89.013564566688771, 13.708860295063744 ], [ -89.000089899063909, 13.708860295063744 ], [ -89.000089899063909, 13.695385627438876 ], [ -89.013564566688771, 13.695385627438874 ], [ -89.013564566688771, 13.708860295063744 ] ] ] } },
{ "type": "Feature", "properties": { "class_id": 2, "area_m2": 2173911.4051925628, "class_name": "Bajo", "index": "NDVI", "min_value": null, "max_value": null }, "geometry": { "type": "Polygon", "coordinates": [ [ [ -89.080937904813098, 13.708860295063744 ], [ -89.067463237188235, 13.70886029506374 ], [ -89.067463237188235, 13.695385627438874 ], [ -89.080937904813098, 13.695385627438874 ], [ -89.080937904813098, 13.708860295063744 ] ] ] } },
{ "type": "Feature", "properties": { "class_id": 2, "area_m2": 6520816.1489813346, "class_name": "Bajo", "index": "NDVI", "min_value": null, "max_value": null }, "geometry": { "type": "Polygon", "coordinates": [ [ [ -89.121361907687685, 13.749284297938337 ], [ -89.134836575312562, 13.749284297938333 ], [ -89.134836575312562, 13.762758965563199 ], [ -89.107887240062837, 13.762758965563192 ], [ -89.107887240062837, 13.735809630313467 ], [ -89.121361907687685, 13.735809630313472 ], [ -89.121361907687685, 13.749284297938337 ] ] ] } },
{ "type": "Feature", "properties": { "class_id": 2, "area_m2": 2174455.833491547, "class_name": "Bajo", "index": "NDVI", "min_value": null, "max_value": null }, "geometry": { "type": "Polygon", "coordinates": [ [ [ -89.444753930684456, 13.762758965563199 ], [ -89.431279263059594, 13.762758965563203 ], [ -89.431279263059594, 13.749284297938337 ], [ -89.444753930684456, 13.749284297938337 ], [ -89.444753930684456, 13.762758965563199 ] ] ] } },
{ "type": "Feature", "properties": { "class_id": 2, "area_m2": 2174374.7623357023, "class_name": "Bajo", "index": "NDVI", "min_value": null, "max_value": null }, "geometry": { "type": "Polygon", "coordinates": [ [ [ -89.458228598309319, 13.776233633188069 ], [ -89.444753930684456, 13.776233633188061 ], [ -89.444753930684456, 13.762758965563199 ], [ -89.458228598309319, 13.762758965563203 ], [ -89.458228598309319, 13.776233633188069 ] ] ] } },
{ "type": "Feature", "properties": { "class_id": 2, "area_m2": 2174671.3325753468, "class_name": "Bajo", "index": "NDVI", "min_value": null, "max_value": null }, "geometry": { "type": "Polygon", "coordinates": [ [ [ -89.552551271683384, 13.776233633188067 ], [ -89.539076604058522, 13.776233633188065 ], [ -89.539076604058522, 13.762758965563201 ], [ -89.552551271683384, 13.762758965563197 ], [ -89.552551271683384, 13.776233633188067 ] ] ] } },
{ "type": "Feature", "properties": { "class_id": 2, "area_m2": 2173809.9746797024, "class_name": "Bajo", "index": "NDVI", "min_value": null, "max_value": null }, "geometry": { "type": "Polygon", "coordinates": [ [ [ -89.552551271683384, 13.870556306562124 ], [ -89.539076604058522, 13.870556306562122 ], [ -89.539076604058522, 13.857081638937267 ], [ -89.552551271683384, 13.85708163893726 ], [ -89.552551271683384, 13.870556306562124 ] ] ] } },
{ "type": "Feature", "properties": { "class_id": 2, "area_m2": 2171527.2230715435, "class_name": "Bajo", "index": "NDVI", "min_value": null, "max_value": null }, "geometry": { "type": "Polygon", "coordinates": [ [ [ -89.013564566688771, 13.951404312311309 ], [ -89.000089899063909, 13.951404312311315 ], [ -89.000089899063909, 13.937929644686452 ], [ -89.013564566688771, 13.93792964468645 ], [ -89.013564566688771, 13.951404312311309 ] ] ] } },
{ "type": "Feature", "properties": { "class_id": 2, "area_m2": 2171369.4574624645, "class_name": "Bajo", "index": "NDVI", "min_value": null, "max_value": null }, "geometry": { "type": "Polygon", "coordinates": [ [ [ -89.000089899063909, 13.964878979936181 ], [ -88.986615231439046, 13.964878979936181 ], [ -88.986615231439046, 13.951404312311315 ], [ -89.000089899063909, 13.951404312311315 ], [ -89.000089899063909, 13.964878979936181 ] ] ] } },
{ "type": "Feature", "properties": { "class_id": 2, "area_m2": 6514080.9929680694, "class_name": "Bajo", "index": "NDVI", "min_value": null, "max_value": null }, "geometry": { "type": "Polygon", "coordinates": [ [ [ -89.027039234313634, 13.978353647561041 ], [ -89.000089899063909, 13.978353647561045 ], [ -89.000089899063909, 13.964878979936181 ], [ -89.013564566688771, 13.964878979936181 ], [ -89.013564566688771, 13.951404312311309 ], [ -89.027039234313634, 13.951404312311315 ], [ -89.027039234313634, 13.978353647561041 ] ] ] } },
{ "type": "Feature", "properties": { "class_id": 2, "area_m2": 2171098.9192217393, "class_name": "Bajo", "index": "NDVI", "min_value": null, "max_value": null }, "geometry": { "type": "Polygon", "coordinates": [ [ [ -89.040513901938496, 14.005302982810772 ], [ -89.027039234313634, 14.005302982810774 ], [ -89.027039234313634, 13.991828315185913 ], [ -89.040513901938496, 13.991828315185908 ], [ -89.040513901938496, 14.005302982810772 ] ] ] } },
{ "type": "Feature", "properties": { "class_id": 2, "area_m2": 4341597.4072453277, "class_name": "Bajo", "index": "NDVI", "min_value": null, "max_value": null }, "geometry": { "type": "Polygon", "coordinates": [ [ [ -89.027039234313634, 14.032252318060504 ], [ -89.000089899063909, 14.032252318060511 ], [ -89.000089899063909, 14.018777650435641 ], [ -89.027039234313634, 14.018777650435643 ], [ -89.027039234313634, 14.032252318060504 ] ] ] } },
{ "type": "Feature", "properties": { "class_id": 2, "area_m2": 2170441.2981921732, "class_name": "Bajo", "index": "NDVI", "min_value": null, "max_value": null }, "geometry": { "type": "Polygon", "coordinates": [ [ [ -89.027039234313634, 14.072676320935102 ], [ -89.013564566688771, 14.072676320935104 ], [ -89.013564566688771, 14.059201653310234 ], [ -89.027039234313634, 14.05920165331024 ], [ -89.027039234313634, 14.072676320935102 ] ] ] } },
{ "type": "Feature", "properties": { "class_id": 2, "area_m2": 28232984.474435285, "class_name": "Bajo", "index": "NDVI", "min_value": null, "max_value": null }, "geometry": { "type": "Polygon", "coordinates": [ [ [ -89.512127268808783, 14.072676320935102 ], [ -89.525601936433645, 14.072676320935102 ], [ -89.525601936433645, 14.059201653310238 ], [ -89.552551271683384, 14.059201653310234 ], [ -89.552551271683384, 14.072676320935102 ], [ -89.579500606933109, 14.072676320935102 ], [ -89.579500606933109, 14.099625656184831 ], [ -89.552551271683384, 14.099625656184836 ], [ -89.552551271683384, 14.113100323809693 ], [ -89.539076604058522, 14.113100323809697 ], [ -89.539076604058522, 14.099625656184836 ], [ -89.512127268808783, 14.099625656184834 ], [ -89.512127268808783, 14.072676320935102 ] ] ] } },
{ "type": "Feature", "properties": { "class_id": 2, "area_m2": 2170065.8567272089, "class_name": "Bajo", "index": "NDVI", "min_value": null, "max_value": null }, "geometry": { "type": "Polygon", "coordinates": [ [ [ -89.027039234313634, 14.113100323809698 ], [ -89.013564566688771, 14.113100323809698 ], [ -89.013564566688771, 14.099625656184829 ], [ -89.027039234313634, 14.099625656184834 ], [ -89.027039234313634, 14.113100323809698 ] ] ] } },
{ "type": "Feature", "properties": { "class_id": 2, "area_m2": 4339641.4373732209, "class_name": "Bajo", "index": "NDVI", "min_value": null, "max_value": null }, "geometry": { "type": "Polygon", "coordinates": [ [ [ -89.053988569563359, 14.153524326684289 ], [ -89.040513901938496, 14.153524326684288 ], [ -89.040513901938496, 14.126574991434564 ], [ -89.053988569563359, 14.126574991434564 ], [ -89.053988569563359, 14.153524326684289 ] ] ] } },
{ "type": "Feature", "properties": { "class_id": 2, "area_m2": 4341668.6650977302, "class_name": "Bajo", "index": "NDVI", "min_value": null, "max_value": null }, "geometry": { "type": "Polygon", "coordinates": [ [ [ -89.444753930684456, 14.153524326684289 ], [ -89.417804595434731, 14.153524326684293 ], [ -89.417804595434731, 14.140049659059422 ], [ -89.444753930684456, 14.140049659059425 ], [ -89.444753930684456, 14.153524326684289 ] ] ] } },
{ "type": "Feature", "properties": { "class_id": 2, "area_m2": 2170107.8256852315, "class_name": "Bajo", "index": "NDVI", "min_value": null, "max_value": null }, "geometry": { "type": "Polygon", "coordinates": [ [ [ -89.363905924935267, 14.207422997183748 ], [ -89.350431257310419, 14.207422997183748 ], [ -89.350431257310419, 14.193948329558884 ], [ -89.363905924935267, 14.193948329558882 ], [ -89.363905924935267, 14.207422997183748 ] ] ] } },
{ "type": "Feature", "properties": { "class_id": 2, "area_m2": 2170432.9996329821, "class_name": "Bajo", "index": "NDVI", "min_value": null, "max_value": null }, "geometry": { "type": "Polygon", "coordinates": [ [ [ -89.471703265934181, 14.20742299718375 ], [ -89.458228598309319, 14.207422997183754 ], [ -89.458228598309319, 14.193948329558889 ], [ -89.471703265934181, 14.193948329558882 ], [ -89.471703265934181, 14.20742299718375 ] ] ] } },
{ "type": "Feature", "properties": { "class_id": 2, "area_m2": 2170056.4155402863, "class_name": "Bajo", "index": "NDVI", "min_value": null, "max_value": null }, "geometry": { "type": "Polygon", "coordinates": [ [ [ -89.431279263059594, 14.234372332433487 ], [ -89.417804595434731, 14.234372332433482 ], [ -89.417804595434731, 14.22089766480862 ], [ -89.431279263059594, 14.220897664808621 ], [ -89.431279263059594, 14.234372332433487 ] ] ] } },
{ "type": "Feature", "properties": { "class_id": 2, "area_m2": 6510148.9279620163, "class_name": "Bajo", "index": "NDVI", "min_value": null, "max_value": null }, "geometry": { "type": "Polygon", "coordinates": [ [ [ -89.512127268808783, 14.247847000058352 ], [ -89.539076604058522, 14.24784700005835 ], [ -89.539076604058522, 14.261321667683216 ], [ -89.525601936433645, 14.261321667683216 ], [ -89.525601936433645, 14.274796335308082 ], [ -89.512127268808783, 14.274796335308078 ], [ -89.512127268808783, 14.247847000058352 ] ] ] } },
{ "type": "Feature", "properties": { "class_id": 2, "area_m2": 2170052.9117340036, "class_name": "Bajo", "index": "NDVI", "min_value": null, "max_value": null }, "geometry": { "type": "Polygon", "coordinates": [ [ [ -89.539076604058522, 14.261321667683216 ], [ -89.552551271683384, 14.261321667683214 ], [ -89.552551271683384, 14.274796335308078 ], [ -89.539076604058522, 14.274796335308084 ], [ -89.539076604058522, 14.261321667683216 ] ] ] } },
{ "type": "Feature", "properties": { "class_id": 2, "area_m2": 2169883.078367414, "class_name": "Bajo", "index": "NDVI", "min_value": null, "max_value": null }, "geometry": { "type": "Polygon", "coordinates": [ [ [ -89.539076604058522, 14.288271002932948 ], [ -89.525601936433645, 14.28827100293295 ], [ -89.525601936433645, 14.274796335308082 ], [ -89.539076604058522, 14.274796335308084 ], [ -89.539076604058522, 14.288271002932948 ] ] ] } },
{ "type": "Feature", "properties": { "class_id": 2, "area_m2": 2169077.3818693524, "class_name": "Bajo", "index": "NDVI", "min_value": null, "max_value": null }, "geometry": { "type": "Polygon", "coordinates": [ [ [ -89.485177933559058, 14.355644341057275 ], [ -89.471703265934181, 14.355644341057275 ], [ -89.471703265934181, 14.342169673432409 ], [ -89.485177933559058, 14.342169673432409 ], [ -89.485177933559058, 14.355644341057275 ] ] ] } },
{ "type": "Feature", "properties": { "class_id": 2, "area_m2": 6503443.9272660427, "class_name": "Bajo", "index": "NDVI", "min_value": null, "max_value": null }, "geometry": { "type": "Polygon", "coordinates": [ [ [ -89.134836575312562, 14.396068343931868 ], [ -89.121361907687685, 14.396068343931869 ], [ -89.121361907687685, 14.355644341057275 ], [ -89.134836575312562, 14.355644341057275 ], [ -89.134836575312562, 14.396068343931868 ] ] ] } },
{ "type": "Feature", "properties": { "class_id": 2, "area_m2": 2177171.5179623822, "class_name": "Bajo", "index": "NDVI", "min_value": null, "max_value": null }, "geometry": { "type": "Polygon", "coordinates": [ [ [ -88.51500186456876, 13.196822925318861 ], [ -88.501527196943883, 13.196822925318855 ], [ -88.501527196943883, 13.183348257693996 ], [ -88.51500186456876, 13.183348257693993 ], [ -88.51500186456876, 13.196822925318861 ] ] ] } },
{ "type": "Feature", "properties": { "class_id": 2, "area_m2": 4353875.4477839563, "class_name": "Bajo", "index": "NDVI", "min_value": null, "max_value": null }, "geometry": { "type": "Polygon", "coordinates": [ [ [ -88.582375202693086, 13.223772260568591 ], [ -88.582375202693086, 13.237246928193453 ], [ -88.555425867443347, 13.237246928193457 ], [ -88.555425867443347, 13.223772260568587 ], [ -88.582375202693086, 13.223772260568591 ] ] ] } },
{ "type": "Feature", "properties": { "class_id": 2, "area_m2": 34831953.653585747, "class_name": "Bajo", "index": "NDVI", "min_value": null, "max_value": null }, "geometry": { "type": "Polygon", "coordinates": [ [ [ -88.528476532193622, 13.210297592943723 ], [ -88.528476532193622, 13.196822925318859 ], [ -88.609324537942811, 13.196822925318857 ], [ -88.609324537942811, 13.210297592943727 ], [ -88.649748540817413, 13.21029759294373 ], [ -88.649748540817413, 13.223772260568589 ], [ -88.636273873192536, 13.223772260568587 ], [ -88.636273873192536, 13.250721595818318 ], [ -88.622799205567674, 13.250721595818321 ], [ -88.622799205567674, 13.264196263443191 ], [ -88.609324537942811, 13.264196263443187 ], [ -88.609324537942811, 13.223772260568587 ], [ -88.582375202693086, 13.223772260568591 ], [ -88.582375202693086, 13.210297592943725 ], [ -88.528476532193622, 13.210297592943723 ] ] ] } },
{ "type": "Feature", "properties": { "class_id": 2, "area_m2": 50074284.170208648, "class_name": "Bajo", "index": "NDVI", "min_value": null, "max_value": null }, "geometry": { "type": "Polygon", "coordinates": [ [ [ -88.703647211316863, 13.237246928193455 ], [ -88.744071214191464, 13.237246928193452 ], [ -88.744071214191464, 13.223772260568591 ], [ -88.757545881816327, 13.223772260568591 ], [ -88.757545881816327, 13.237246928193453 ], [ -88.771020549441189, 13.237246928193457 ], [ -88.771020549441189, 13.250721595818318 ], [ -88.811444552315791, 13.25072159581832 ], [ -88.811444552315791, 13.264196263443186 ], [ -88.797969884690929, 13.264196263443187 ], [ -88.797969884690929, 13.277670931068055 ], [ -88.757545881816327, 13.277670931068055 ], [ -88.757545881816327, 13.264196263443186 ], [ -88.744071214191464, 13.264196263443187 ], [ -88.744071214191464, 13.250721595818323 ], [ -88.71712187894174, 13.250721595818328 ], [ -88.71712187894174, 13.264196263443186 ], [ -88.703647211316863, 13.264196263443186 ], [ -88.703647211316863, 13.25072159581832 ], [ -88.649748540817413, 13.250721595818318 ], [ -88.649748540817413, 13.237246928193453 ], [ -88.663223208442275, 13.237246928193453 ], [ -88.663223208442275, 13.210297592943725 ], [ -88.676697876067138, 13.210297592943727 ], [ -88.676697876067138, 13.223772260568591 ], [ -88.703647211316863, 13.223772260568589 ], [ -88.703647211316863, 13.237246928193455 ] ] ] } },
{ "type": "Feature", "properties": { "class_id": 2, "area_m2": 8706471.189468598, "class_name": "Bajo", "index": "NDVI", "min_value": null, "max_value": null }, "geometry": { "type": "Polygon", "coordinates": [ [ [ -88.501527196943883, 13.264196263443184 ], [ -88.474577861694158, 13.264196263443186 ], [ -88.474577861694158, 13.25072159581832 ], [ -88.48805252931902, 13.250721595818323 ], [ -88.48805252931902, 13.237246928193452 ], [ -88.51500186456876, 13.237246928193452 ], [ -88.51500186456876, 13.25072159581832 ], [ -88.501527196943883, 13.250721595818323 ], [ -88.501527196943883, 13.264196263443184 ] ] ] } },
{ "type": "Feature", "properties": { "class_id": 2, "area_m2": 2176610.2951286947, "class_name": "Bajo", "index": "NDVI", "min_value": null, "max_value": null }, "geometry": { "type": "Polygon", "coordinates": [ [ [ -88.528476532193622, 13.264196263443187 ], [ -88.51500186456876, 13.264196263443184 ], [ -88.51500186456876, 13.25072159581832 ], [ -88.528476532193622, 13.250721595818323 ], [ -88.528476532193622, 13.264196263443187 ] ] ] } },
{ "type": "Feature", "properties": { "class_id": 2, "area_m2": 2176849.0081726671, "class_name": "Bajo", "index": "NDVI", "min_value": null, "max_value": null }, "geometry": { "type": "Polygon", "coordinates": [ [ [ -88.703647211316863, 13.277670931068055 ], [ -88.690172543692, 13.277670931068053 ], [ -88.690172543692, 13.264196263443187 ], [ -88.703647211316863, 13.264196263443186 ], [ -88.703647211316863, 13.277670931068055 ] ] ] } },
{ "type": "Feature", "properties": { "class_id": 2, "area_m2": 2176348.8383517652, "class_name": "Bajo", "index": "NDVI", "min_value": null, "max_value": null }, "geometry": { "type": "Polygon", "coordinates": [ [ [ -88.51500186456876, 13.291145598692919 ], [ -88.501527196943883, 13.291145598692914 ], [ -88.501527196943883, 13.27767093106805 ], [ -88.51500186456876, 13.277670931068053 ], [ -88.51500186456876, 13.291145598692919 ] ] ] } },
{ "type": "Feature", "properties": { "class_id": 2, "area_m2": 2176400.682391481, "class_name": "Bajo", "index": "NDVI", "min_value": null, "max_value": null }, "geometry": { "type": "Polygon", "coordinates": [ [ [ -88.541951199818484, 13.291145598692912 ], [ -88.528476532193622, 13.291145598692919 ], [ -88.528476532193622, 13.27767093106805 ], [ -88.541951199818484, 13.277670931068055 ], [ -88.541951199818484, 13.291145598692912 ] ] ] } },
{ "type": "Feature", "properties": { "class_id": 2, "area_m2": 2176789.3495706604, "class_name": "Bajo", "index": "NDVI", "min_value": null, "max_value": null }, "geometry": { "type": "Polygon", "coordinates": [ [ [ -88.730596546566602, 13.291145598692918 ], [ -88.71712187894174, 13.291145598692919 ], [ -88.71712187894174, 13.277670931068053 ], [ -88.730596546566602, 13.27767093106805 ], [ -88.730596546566602, 13.291145598692918 ] ] ] } },
{ "type": "Feature", "properties": { "class_id": 2, "area_m2": 10883540.14587892, "class_name": "Bajo", "index": "NDVI", "min_value": null, "max_value": null }, "geometry": { "type": "Polygon", "coordinates": [ [ [ -88.811444552315791, 13.304620266317784 ], [ -88.784495217066066, 13.304620266317784 ], [ -88.784495217066066, 13.331569601567514 ], [ -88.771020549441189, 13.33156960156751 ], [ -88.771020549441189, 13.291145598692916 ], [ -88.811444552315791, 13.291145598692914 ], [ -88.811444552315791, 13.304620266317784 ] ] ] } },
{ "type": "Feature", "properties": { "class_id": 2, "area_m2": 2175825.2501476649, "class_name": "Bajo", "index": "NDVI", "min_value": null, "max_value": null }, "geometry": { "type": "Polygon", "coordinates": [ [ [ -88.48805252931902, 13.345044269192377 ], [ -88.474577861694158, 13.345044269192375 ], [ -88.474577861694158, 13.33156960156751 ], [ -88.48805252931902, 13.331569601567509 ], [ -88.48805252931902, 13.345044269192377 ] ] ] } },
{ "type": "Feature", "properties": { "class_id": 2, "area_m2": 10883557.497728825, "class_name": "Bajo", "index": "NDVI", "min_value": null, "max_value": null }, "geometry": { "type": "Polygon", "coordinates": [ [ [ -88.878817890440118, 13.318094933942648 ], [ -88.905767225689843, 13.318094933942648 ], [ -88.905767225689843, 13.358518936817243 ], [ -88.89229255806498, 13.358518936817243 ], [ -88.89229255806498, 13.345044269192373 ], [ -88.878817890440118, 13.345044269192382 ], [ -88.878817890440118, 13.318094933942648 ] ] ] } },
{ "type": "Feature", "properties": { "class_id": 2, "area_m2": 6529413.4211413627, "class_name": "Bajo", "index": "NDVI", "min_value": null, "max_value": null }, "geometry": { "type": "Polygon", "coordinates": [ [ [ -88.851868555190393, 13.371993604442114 ], [ -88.838393887565516, 13.371993604442109 ], [ -88.838393887565516, 13.33156960156751 ], [ -88.851868555190393, 13.331569601567509 ], [ -88.851868555190393, 13.371993604442114 ] ] ] } },
{ "type": "Feature", "properties": { "class_id": 2, "area_m2": 2176696.8191128308, "class_name": "Bajo", "index": "NDVI", "min_value": null, "max_value": null }, "geometry": { "type": "Polygon", "coordinates": [ [ [ -88.946191228564444, 13.358518936817244 ], [ -88.932716560939582, 13.358518936817243 ], [ -88.932716560939582, 13.34504426919238 ], [ -88.946191228564444, 13.34504426919238 ], [ -88.946191228564444, 13.358518936817244 ] ] ] } },
{ "type": "Feature", "properties": { "class_id": 2, "area_m2": 30472261.428765003, "class_name": "Bajo", "index": "NDVI", "min_value": null, "max_value": null }, "geometry": { "type": "Polygon", "coordinates": [ [ [ -88.932716560939582, 13.385468272066971 ], [ -88.946191228564444, 13.385468272066975 ], [ -88.946191228564444, 13.358518936817244 ], [ -88.959665896189307, 13.358518936817239 ], [ -88.959665896189307, 13.345044269192378 ], [ -89.013564566688771, 13.345044269192375 ], [ -89.013564566688771, 13.358518936817248 ], [ -89.000089899063909, 13.358518936817246 ], [ -89.000089899063909, 13.371993604442109 ], [ -88.986615231439046, 13.37199360444211 ], [ -88.986615231439046, 13.385468272066969 ], [ -88.973140563814169, 13.385468272066969 ], [ -88.973140563814169, 13.398942939691839 ], [ -88.932716560939582, 13.398942939691835 ], [ -88.932716560939582, 13.385468272066971 ] ] ] } },
{ "type": "Feature", "properties": { "class_id": 2, "area_m2": 2175754.514562692, "class_name": "Bajo", "index": "NDVI", "min_value": null, "max_value": null }, "geometry": { "type": "Polygon", "coordinates": [ [ [ -88.690172543692, 13.398942939691841 ], [ -88.676697876067138, 13.398942939691837 ], [ -88.676697876067138, 13.385468272066975 ], [ -88.690172543692, 13.385468272066971 ], [ -88.690172543692, 13.398942939691841 ] ] ] } },
{ "type": "Feature", "properties": { "class_id": 2, "area_m2": 2175231.7670296603, "class_name": "Bajo", "index": "NDVI", "min_value": null, "max_value": null }, "geometry": { "type": "Polygon", "coordinates": [ [ [ -88.48805252931902, 13.4124176073167 ], [ -88.474577861694158, 13.412417607316701 ], [ -88.474577861694158, 13.398942939691832 ], [ -88.48805252931902, 13.398942939691841 ], [ -88.48805252931902, 13.4124176073167 ] ] ] } },
{ "type": "Feature", "properties": { "class_id": 2, "area_m2": 2175138.0216352628, "class_name": "Bajo", "index": "NDVI", "min_value": null, "max_value": null }, "geometry": { "type": "Polygon", "coordinates": [ [ [ -88.48805252931902, 13.4124176073167 ], [ -88.501527196943883, 13.412417607316701 ], [ -88.501527196943883, 13.425892274941569 ], [ -88.48805252931902, 13.425892274941567 ], [ -88.48805252931902, 13.4124176073167 ] ] ] } },
{ "type": "Feature", "properties": { "class_id": 2, "area_m2": 2175783.407873306, "class_name": "Bajo", "index": "NDVI", "min_value": null, "max_value": null }, "geometry": { "type": "Polygon", "coordinates": [ [ [ -88.811444552315791, 13.425892274941571 ], [ -88.797969884690929, 13.425892274941573 ], [ -88.797969884690929, 13.412417607316703 ], [ -88.811444552315791, 13.412417607316707 ], [ -88.811444552315791, 13.425892274941571 ] ] ] } },
{ "type": "Feature", "properties": { "class_id": 2, "area_m2": 2175575.5346160219, "class_name": "Bajo", "index": "NDVI", "min_value": null, "max_value": null }, "geometry": { "type": "Polygon", "coordinates": [ [ [ -88.824919219940654, 13.452841610191307 ], [ -88.811444552315791, 13.452841610191298 ], [ -88.811444552315791, 13.439366942566433 ], [ -88.824919219940654, 13.439366942566432 ], [ -88.824919219940654, 13.452841610191307 ] ] ] } },
{ "type": "Feature", "properties": { "class_id": 2, "area_m2": 4349629.0607429352, "class_name": "Bajo", "index": "NDVI", "min_value": null, "max_value": null }, "geometry": { "type": "Polygon", "coordinates": [ [ [ -88.48805252931902, 13.466316277816162 ], [ -88.474577861694158, 13.466316277816166 ], [ -88.474577861694158, 13.439366942566432 ], [ -88.48805252931902, 13.439366942566432 ], [ -88.48805252931902, 13.466316277816162 ] ] ] } },
{ "type": "Feature", "properties": { "class_id": 2, "area_m2": 19574116.51166435, "class_name": "Bajo", "index": "NDVI", "min_value": null, "max_value": null }, "geometry": { "type": "Polygon", "coordinates": [ [ [ -88.555425867443347, 13.412417607316705 ], [ -88.568900535068209, 13.412417607316705 ], [ -88.568900535068209, 13.47979094544103 ], [ -88.582375202693086, 13.479790945441032 ], [ -88.582375202693086, 13.493265613065899 ], [ -88.555425867443347, 13.493265613065899 ], [ -88.555425867443347, 13.47979094544103 ], [ -88.541951199818484, 13.47979094544103 ], [ -88.541951199818484, 13.452841610191301 ], [ -88.555425867443347, 13.452841610191305 ], [ -88.555425867443347, 13.412417607316705 ] ] ] } },
{ "type": "Feature", "properties": { "class_id": 2, "area_m2": 97880249.502531052, "class_name": "Bajo", "index": "NDVI", "min_value": null, "max_value": null }, "geometry": { "type": "Polygon", "coordinates": [ [ [ -88.663223208442275, 13.479790945441032 ], [ -88.649748540817413, 13.479790945441032 ], [ -88.649748540817413, 13.452841610191301 ], [ -88.663223208442275, 13.452841610191301 ], [ -88.663223208442275, 13.439366942566433 ], [ -88.703647211316863, 13.439366942566432 ], [ -88.703647211316863, 13.466316277816162 ], [ -88.730596546566602, 13.466316277816162 ], [ -88.730596546566602, 13.506740280690753 ], [ -88.744071214191464, 13.506740280690757 ], [ -88.744071214191464, 13.452841610191303 ], [ -88.71712187894174, 13.452841610191301 ], [ -88.71712187894174, 13.439366942566435 ], [ -88.771020549441189, 13.439366942566432 ], [ -88.771020549441189, 13.425892274941569 ], [ -88.784495217066066, 13.425892274941566 ], [ -88.784495217066066, 13.439366942566432 ], [ -88.797969884690929, 13.439366942566437 ], [ -88.797969884690929, 13.452841610191303 ], [ -88.811444552315791, 13.452841610191298 ], [ -88.811444552315791, 13.466316277816162 ], [ -88.824919219940654, 13.466316277816166 ], [ -88.824919219940654, 13.479790945441032 ], [ -88.797969884690929, 13.479790945441035 ], [ -88.797969884690929, 13.493265613065899 ], [ -88.757545881816327, 13.493265613065898 ], [ -88.757545881816327, 13.520214948315628 ], [ -88.797969884690929, 13.520214948315628 ], [ -88.797969884690929, 13.547164283565358 ], [ -88.784495217066066, 13.54716428356536 ], [ -88.784495217066066, 13.533689615940492 ], [ -88.744071214191464, 13.533689615940492 ], [ -88.744071214191464, 13.52021494831563 ], [ -88.730596546566602, 13.520214948315628 ], [ -88.730596546566602, 13.533689615940492 ], [ -88.71712187894174, 13.533689615940492 ], [ -88.71712187894174, 13.479790945441035 ], [ -88.703647211316863, 13.47979094544103 ], [ -88.703647211316863, 13.493265613065898 ], [ -88.690172543692, 13.493265613065901 ], [ -88.690172543692, 13.479790945441032 ], [ -88.676697876067138, 13.47979094544103 ], [ -88.676697876067138, 13.466316277816162 ], [ -88.663223208442275, 13.466316277816164 ], [ -88.663223208442275, 13.479790945441032 ] ], [ [ -88.784495217066066, 13.47979094544103 ], [ -88.784495217066066, 13.452841610191301 ], [ -88.771020549441189, 13.452841610191305 ], [ -88.771020549441189, 13.479790945441033 ], [ -88.784495217066066, 13.47979094544103 ] ] ] } },
{ "type": "Feature", "properties": { "class_id": 2, "area_m2": 2175243.8402467631, "class_name": "Bajo", "index": "NDVI", "min_value": null, "max_value": null }, "geometry": { "type": "Polygon", "coordinates": [ [ [ -88.986615231439046, 13.533689615940494 ], [ -88.973140563814169, 13.533689615940496 ], [ -88.973140563814169, 13.520214948315623 ], [ -88.986615231439046, 13.520214948315626 ], [ -88.986615231439046, 13.533689615940494 ] ] ] } },
{ "type": "Feature", "properties": { "class_id": 2, "area_m2": 2173268.2773481226, "class_name": "Bajo", "index": "NDVI", "min_value": null, "max_value": null }, "geometry": { "type": "Polygon", "coordinates": [ [ [ -88.51500186456876, 13.628012289314544 ], [ -88.528476532193622, 13.628012289314544 ], [ -88.528476532193622, 13.641486956939421 ], [ -88.51500186456876, 13.641486956939417 ], [ -88.51500186456876, 13.628012289314544 ] ] ] } },
{ "type": "Feature", "properties": { "class_id": 2, "area_m2": 2173320.3528983966, "class_name": "Bajo", "index": "NDVI", "min_value": null, "max_value": null }, "geometry": { "type": "Polygon", "coordinates": [ [ [ -88.541951199818484, 13.641486956939415 ], [ -88.541951199818484, 13.628012289314546 ], [ -88.555425867443347, 13.628012289314546 ], [ -88.555425867443347, 13.641486956939412 ], [ -88.541951199818484, 13.641486956939415 ] ] ] } },
{ "type": "Feature", "properties": { "class_id": 2, "area_m2": 2173173.129336989, "class_name": "Bajo", "index": "NDVI", "min_value": null, "max_value": null }, "geometry": { "type": "Polygon", "coordinates": [ [ [ -88.541951199818484, 13.641486956939415 ], [ -88.541951199818484, 13.654961624564285 ], [ -88.528476532193622, 13.654961624564278 ], [ -88.528476532193622, 13.641486956939421 ], [ -88.541951199818484, 13.641486956939415 ] ] ] } },
{ "type": "Feature", "properties": { "class_id": 2, "area_m2": 2173026.0257479674, "class_name": "Bajo", "index": "NDVI", "min_value": null, "max_value": null }, "geometry": { "type": "Polygon", "coordinates": [ [ [ -88.528476532193622, 13.668436292189138 ], [ -88.51500186456876, 13.668436292189146 ], [ -88.51500186456876, 13.654961624564278 ], [ -88.528476532193622, 13.654961624564278 ], [ -88.528476532193622, 13.668436292189138 ] ] ] } },
{ "type": "Feature", "properties": { "class_id": 2, "area_m2": 2172828.3659894266, "class_name": "Bajo", "index": "NDVI", "min_value": null, "max_value": null }, "geometry": { "type": "Polygon", "coordinates": [ [ [ -88.48805252931902, 13.681910959814006 ], [ -88.474577861694158, 13.681910959814005 ], [ -88.474577861694158, 13.66843629218914 ], [ -88.48805252931902, 13.66843629218914 ], [ -88.48805252931902, 13.681910959814006 ] ] ] } },
{ "type": "Feature", "properties": { "class_id": 2, "area_m2": 23908397.179980963, "class_name": "Bajo", "index": "NDVI", "min_value": null, "max_value": null }, "geometry": { "type": "Polygon", "coordinates": [ [ [ -88.824919219940654, 13.70886029506374 ], [ -88.811444552315791, 13.70886029506374 ], [ -88.811444552315791, 13.695385627438876 ], [ -88.784495217066066, 13.695385627438876 ], [ -88.784495217066066, 13.65496162456428 ], [ -88.811444552315791, 13.654961624564283 ], [ -88.811444552315791, 13.641486956939413 ], [ -88.824919219940654, 13.641486956939419 ], [ -88.824919219940654, 13.70886029506374 ] ] ] } },
{ "type": "Feature", "properties": { "class_id": 2, "area_m2": 2172636.0923579358, "class_name": "Bajo", "index": "NDVI", "min_value": null, "max_value": null }, "geometry": { "type": "Polygon", "coordinates": [ [ [ -88.51500186456876, 13.70886029506374 ], [ -88.501527196943883, 13.708860295063737 ], [ -88.501527196943883, 13.695385627438874 ], [ -88.51500186456876, 13.695385627438879 ], [ -88.51500186456876, 13.70886029506374 ] ] ] } },
{ "type": "Feature", "properties": { "class_id": 2, "area_m2": 2172252.7701767944, "class_name": "Bajo", "index": "NDVI", "min_value": null, "max_value": null }, "geometry": { "type": "Polygon", "coordinates": [ [ [ -88.568900535068209, 13.762758965563199 ], [ -88.555425867443347, 13.762758965563199 ], [ -88.555425867443347, 13.749284297938337 ], [ -88.568900535068209, 13.749284297938337 ], [ -88.568900535068209, 13.762758965563199 ] ] ] } },
{ "type": "Feature", "properties": { "class_id": 2, "area_m2": 2172052.3072839696, "class_name": "Bajo", "index": "NDVI", "min_value": null, "max_value": null }, "geometry": { "type": "Polygon", "coordinates": [ [ [ -88.528476532193622, 13.776233633188063 ], [ -88.51500186456876, 13.776233633188065 ], [ -88.51500186456876, 13.762758965563203 ], [ -88.528476532193622, 13.762758965563203 ], [ -88.528476532193622, 13.776233633188063 ] ] ] } },
{ "type": "Feature", "properties": { "class_id": 2, "area_m2": 4344655.3301923433, "class_name": "Bajo", "index": "NDVI", "min_value": null, "max_value": null }, "geometry": { "type": "Polygon", "coordinates": [ [ [ -88.703647211316863, 13.776233633188065 ], [ -88.730596546566602, 13.776233633188065 ], [ -88.730596546566602, 13.789708300812931 ], [ -88.703647211316863, 13.789708300812929 ], [ -88.703647211316863, 13.776233633188065 ] ] ] } },
{ "type": "Feature", "properties": { "class_id": 2, "area_m2": 26065470.857657168, "class_name": "Bajo", "index": "NDVI", "min_value": null, "max_value": null }, "geometry": { "type": "Polygon", "coordinates": [ [ [ -88.676697876067138, 13.762758965563203 ], [ -88.703647211316863, 13.762758965563204 ], [ -88.703647211316863, 13.776233633188065 ], [ -88.690172543692, 13.776233633188069 ], [ -88.690172543692, 13.789708300812929 ], [ -88.663223208442275, 13.789708300812929 ], [ -88.663223208442275, 13.803182968437797 ], [ -88.649748540817413, 13.803182968437802 ], [ -88.649748540817413, 13.816657636062667 ], [ -88.636273873192536, 13.816657636062661 ], [ -88.636273873192536, 13.803182968437797 ], [ -88.595849870317949, 13.803182968437797 ], [ -88.595849870317949, 13.789708300812929 ], [ -88.649748540817413, 13.789708300812929 ], [ -88.649748540817413, 13.762758965563203 ], [ -88.663223208442275, 13.762758965563199 ], [ -88.663223208442275, 13.776233633188067 ], [ -88.676697876067138, 13.776233633188067 ], [ -88.676697876067138, 13.762758965563203 ] ] ] } },
{ "type": "Feature", "properties": { "class_id": 2, "area_m2": 2172249.0416798489, "class_name": "Bajo", "index": "NDVI", "min_value": null, "max_value": null }, "geometry": { "type": "Polygon", "coordinates": [ [ [ -88.744071214191464, 13.803182968437797 ], [ -88.730596546566602, 13.803182968437797 ], [ -88.730596546566602, 13.789708300812931 ], [ -88.744071214191464, 13.789708300812933 ], [ -88.744071214191464, 13.803182968437797 ] ] ] } },
{ "type": "Feature", "properties": { "class_id": 2, "area_m2": 2171659.5824295329, "class_name": "Bajo", "index": "NDVI", "min_value": null, "max_value": null }, "geometry": { "type": "Polygon", "coordinates": [ [ [ -88.51500186456876, 13.816657636062667 ], [ -88.501527196943883, 13.816657636062663 ], [ -88.501527196943883, 13.803182968437797 ], [ -88.51500186456876, 13.803182968437797 ], [ -88.51500186456876, 13.816657636062667 ] ] ] } },
{ "type": "Feature", "properties": { "class_id": 2, "area_m2": 8686693.8068854976, "class_name": "Bajo", "index": "NDVI", "min_value": null, "max_value": null }, "geometry": { "type": "Polygon", "coordinates": [ [ [ -88.622799205567674, 13.843606971312393 ], [ -88.595849870317949, 13.843606971312393 ], [ -88.595849870317949, 13.816657636062663 ], [ -88.622799205567674, 13.816657636062667 ], [ -88.622799205567674, 13.843606971312393 ] ] ] } },
{ "type": "Feature", "properties": { "class_id": 2, "area_m2": 4343580.5061334353, "class_name": "Bajo", "index": "NDVI", "min_value": null, "max_value": null }, "geometry": { "type": "Polygon", "coordinates": [ [ [ -88.730596546566602, 13.857081638937258 ], [ -88.71712187894174, 13.85708163893726 ], [ -88.71712187894174, 13.83013230368752 ], [ -88.730596546566602, 13.830132303687522 ], [ -88.730596546566602, 13.857081638937258 ] ] ] } },
{ "type": "Feature", "properties": { "class_id": 2, "area_m2": 2171576.7633639332, "class_name": "Bajo", "index": "NDVI", "min_value": null, "max_value": null }, "geometry": { "type": "Polygon", "coordinates": [ [ [ -88.71712187894174, 13.870556306562118 ], [ -88.703647211316863, 13.870556306562124 ], [ -88.703647211316863, 13.857081638937261 ], [ -88.71712187894174, 13.85708163893726 ], [ -88.71712187894174, 13.870556306562118 ] ] ] } },
{ "type": "Feature", "properties": { "class_id": 2, "area_m2": 2171419.1641208539, "class_name": "Bajo", "index": "NDVI", "min_value": null, "max_value": null }, "geometry": { "type": "Polygon", "coordinates": [ [ [ -88.91924189331472, 13.937929644686445 ], [ -88.905767225689843, 13.937929644686452 ], [ -88.905767225689843, 13.924454977061581 ], [ -88.91924189331472, 13.924454977061588 ], [ -88.91924189331472, 13.937929644686445 ] ] ] } },
{ "type": "Feature", "properties": { "class_id": 2, "area_m2": 4342304.5343855666, "class_name": "Bajo", "index": "NDVI", "min_value": null, "max_value": null }, "geometry": { "type": "Polygon", "coordinates": [ [ [ -88.865343222815255, 13.951404312311315 ], [ -88.838393887565516, 13.951404312311309 ], [ -88.838393887565516, 13.937929644686449 ], [ -88.865343222815255, 13.937929644686447 ], [ -88.865343222815255, 13.951404312311315 ] ] ] } },
{ "type": "Feature", "properties": { "class_id": 2, "area_m2": 2171360.4642647449, "class_name": "Bajo", "index": "NDVI", "min_value": null, "max_value": null }, "geometry": { "type": "Polygon", "coordinates": [ [ [ -88.946191228564444, 13.951404312311315 ], [ -88.932716560939582, 13.951404312311315 ], [ -88.932716560939582, 13.937929644686452 ], [ -88.946191228564444, 13.93792964468645 ], [ -88.946191228564444, 13.951404312311315 ] ] ] } },
{ "type": "Feature", "properties": { "class_id": 2, "area_m2": 4342402.3229626371, "class_name": "Bajo", "index": "NDVI", "min_value": null, "max_value": null }, "geometry": { "type": "Polygon", "coordinates": [ [ [ -88.905767225689843, 13.964878979936181 ], [ -88.89229255806498, 13.964878979936181 ], [ -88.89229255806498, 13.937929644686452 ], [ -88.905767225689843, 13.937929644686452 ], [ -88.905767225689843, 13.964878979936181 ] ] ] } },
{ "type": "Feature", "properties": { "class_id": 2, "area_m2": 2170408.2973122112, "class_name": "Bajo", "index": "NDVI", "min_value": null, "max_value": null }, "geometry": { "type": "Polygon", "coordinates": [ [ [ -88.568900535068209, 13.964878979936183 ], [ -88.555425867443347, 13.964878979936183 ], [ -88.555425867443347, 13.951404312311318 ], [ -88.568900535068209, 13.951404312311315 ], [ -88.568900535068209, 13.964878979936183 ] ] ] } },
{ "type": "Feature", "properties": { "class_id": 2, "area_m2": 2171203.8696891763, "class_name": "Bajo", "index": "NDVI", "min_value": null, "max_value": null }, "geometry": { "type": "Polygon", "coordinates": [ [ [ -88.932716560939582, 13.964878979936181 ], [ -88.91924189331472, 13.964878979936181 ], [ -88.91924189331472, 13.951404312311315 ], [ -88.932716560939582, 13.951404312311315 ], [ -88.932716560939582, 13.964878979936181 ] ] ] } },
{ "type": "Feature", "properties": { "class_id": 2, "area_m2": 2170180.6883636946, "class_name": "Bajo", "index": "NDVI", "min_value": null, "max_value": null }, "geometry": { "type": "Polygon", "coordinates": [ [ [ -88.51500186456876, 13.978353647561047 ], [ -88.501527196943883, 13.978353647561045 ], [ -88.501527196943883, 13.964878979936181 ], [ -88.51500186456876, 13.964878979936181 ], [ -88.51500186456876, 13.978353647561047 ] ] ] } },
{ "type": "Feature", "properties": { "class_id": 2, "area_m2": 2170765.826879899, "class_name": "Bajo", "index": "NDVI", "min_value": null, "max_value": null }, "geometry": { "type": "Polygon", "coordinates": [ [ [ -88.784495217066066, 13.97835364756104 ], [ -88.784495217066066, 13.964878979936181 ], [ -88.797969884690929, 13.964878979936181 ], [ -88.797969884690929, 13.97835364756105 ], [ -88.784495217066066, 13.97835364756104 ] ] ] } },
{ "type": "Feature", "properties": { "class_id": 2, "area_m2": 4341098.8768312251, "class_name": "Bajo", "index": "NDVI", "min_value": null, "max_value": null }, "geometry": { "type": "Polygon", "coordinates": [ [ [ -88.784495217066066, 13.97835364756104 ], [ -88.784495217066066, 14.005302982810772 ], [ -88.771020549441189, 14.005302982810772 ], [ -88.771020549441189, 13.97835364756105 ], [ -88.784495217066066, 13.97835364756104 ] ] ] } },
{ "type": "Feature", "properties": { "class_id": 2, "area_m2": 4353811.1271781251, "class_name": "Bajo", "index": "NDVI", "min_value": null, "max_value": null }, "geometry": { "type": "Polygon", "coordinates": [ [ [ -88.23203384444659, 13.169873590069129 ], [ -88.205084509196851, 13.169873590069129 ], [ -88.205084509196851, 13.15639892244427 ], [ -88.23203384444659, 13.156398922444264 ], [ -88.23203384444659, 13.169873590069129 ] ] ] } },
{ "type": "Feature", "properties": { "class_id": 2, "area_m2": 2176950.9641738185, "class_name": "Bajo", "index": "NDVI", "min_value": null, "max_value": null }, "geometry": { "type": "Polygon", "coordinates": [ [ [ -88.326356517820642, 13.183348257693993 ], [ -88.31288185019578, 13.183348257693993 ], [ -88.31288185019578, 13.169873590069127 ], [ -88.326356517820642, 13.169873590069129 ], [ -88.326356517820642, 13.183348257693993 ] ] ] } },
{ "type": "Feature", "properties": { "class_id": 2, "area_m2": 2177114.1290740329, "class_name": "Bajo", "index": "NDVI", "min_value": null, "max_value": null }, "geometry": { "type": "Polygon", "coordinates": [ [ [ -88.420679191194694, 13.183348257693991 ], [ -88.407204523569831, 13.183348257693996 ], [ -88.407204523569831, 13.169873590069127 ], [ -88.420679191194694, 13.169873590069123 ], [ -88.420679191194694, 13.183348257693991 ] ] ] } },
{ "type": "Feature", "properties": { "class_id": 2, "area_m2": 4353789.3008073634, "class_name": "Bajo", "index": "NDVI", "min_value": null, "max_value": null }, "geometry": { "type": "Polygon", "coordinates": [ [ [ -88.461103194069295, 13.223772260568586 ], [ -88.447628526444433, 13.223772260568586 ], [ -88.447628526444433, 13.196822925318859 ], [ -88.461103194069295, 13.196822925318854 ], [ -88.461103194069295, 13.223772260568586 ] ] ] } },
{ "type": "Feature", "properties": { "class_id": 2, "area_m2": 41355056.039893121, "class_name": "Bajo", "index": "NDVI", "min_value": null, "max_value": null }, "geometry": { "type": "Polygon", "coordinates": [ [ [ -88.299407182570931, 13.196822925318859 ], [ -88.31288185019578, 13.196822925318857 ], [ -88.31288185019578, 13.210297592943727 ], [ -88.339831185445505, 13.210297592943725 ], [ -88.339831185445505, 13.223772260568586 ], [ -88.326356517820642, 13.223772260568589 ], [ -88.326356517820642, 13.264196263443187 ], [ -88.31288185019578, 13.264196263443186 ], [ -88.31288185019578, 13.250721595818318 ], [ -88.299407182570931, 13.25072159581832 ], [ -88.299407182570931, 13.237246928193453 ], [ -88.28593251494604, 13.237246928193455 ], [ -88.28593251494604, 13.223772260568587 ], [ -88.272457847321178, 13.223772260568589 ], [ -88.272457847321178, 13.196822925318862 ], [ -88.258983179696315, 13.196822925318857 ], [ -88.258983179696315, 13.183348257693996 ], [ -88.245508512071453, 13.183348257693996 ], [ -88.245508512071453, 13.169873590069127 ], [ -88.272457847321178, 13.16987359006913 ], [ -88.272457847321178, 13.183348257693996 ], [ -88.299407182570931, 13.183348257693998 ], [ -88.299407182570931, 13.196822925318859 ] ] ] } },
{ "type": "Feature", "properties": { "class_id": 2, "area_m2": 13056923.673543423, "class_name": "Bajo", "index": "NDVI", "min_value": null, "max_value": null }, "geometry": { "type": "Polygon", "coordinates": [ [ [ -88.205084509196851, 13.264196263443186 ], [ -88.191609841571989, 13.264196263443187 ], [ -88.191609841571989, 13.23724692819345 ], [ -88.17813517394714, 13.237246928193453 ], [ -88.17813517394714, 13.250721595818318 ], [ -88.164660506322264, 13.250721595818321 ], [ -88.164660506322264, 13.223772260568595 ], [ -88.205084509196851, 13.223772260568595 ], [ -88.205084509196851, 13.264196263443186 ] ] ] } },
{ "type": "Feature", "properties": { "class_id": 2, "area_m2": 2176503.8445593375, "class_name": "Bajo", "index": "NDVI", "min_value": null, "max_value": null }, "geometry": { "type": "Polygon", "coordinates": [ [ [ -88.393729855944969, 13.237246928193452 ], [ -88.407204523569831, 13.237246928193448 ], [ -88.407204523569831, 13.250721595818321 ], [ -88.393729855944969, 13.250721595818323 ], [ -88.393729855944969, 13.237246928193452 ] ] ] } },
{ "type": "Feature", "properties": { "class_id": 2, "area_m2": 2175879.7666619672, "class_name": "Bajo", "index": "NDVI", "min_value": null, "max_value": null }, "geometry": { "type": "Polygon", "coordinates": [ [ [ -88.08381250057306, 13.264196263443184 ], [ -88.070337832948198, 13.264196263443184 ], [ -88.070337832948198, 13.250721595818318 ], [ -88.08381250057306, 13.250721595818318 ], [ -88.08381250057306, 13.264196263443184 ] ] ] } },
{ "type": "Feature", "properties": { "class_id": 2, "area_m2": 2175700.8054696638, "class_name": "Bajo", "index": "NDVI", "min_value": null, "max_value": null }, "geometry": { "type": "Polygon", "coordinates": [ [ [ -88.205084509196851, 13.304620266317784 ], [ -88.191609841571989, 13.304620266317784 ], [ -88.191609841571989, 13.291145598692918 ], [ -88.205084509196851, 13.291145598692919 ], [ -88.205084509196851, 13.304620266317784 ] ] ] } },
{ "type": "Feature", "properties": { "class_id": 2, "area_m2": 2175742.070909204, "class_name": "Bajo", "index": "NDVI", "min_value": null, "max_value": null }, "geometry": { "type": "Polygon", "coordinates": [ [ [ -88.23203384444659, 13.304620266317784 ], [ -88.218559176821714, 13.304620266317785 ], [ -88.218559176821714, 13.291145598692914 ], [ -88.23203384444659, 13.291145598692921 ], [ -88.23203384444659, 13.304620266317784 ] ] ] } },
{ "type": "Feature", "properties": { "class_id": 2, "area_m2": 80511705.536792278, "class_name": "Bajo", "index": "NDVI", "min_value": null, "max_value": null }, "geometry": { "type": "Polygon", "coordinates": [ [ [ -88.353305853070367, 13.264196263443187 ], [ -88.366780520695244, 13.264196263443189 ], [ -88.366780520695244, 13.291145598692918 ], [ -88.420679191194694, 13.291145598692918 ], [ -88.420679191194694, 13.277670931068048 ], [ -88.447628526444433, 13.27767093106805 ], [ -88.447628526444433, 13.264196263443184 ], [ -88.461103194069295, 13.264196263443187 ], [ -88.461103194069295, 13.291145598692918 ], [ -88.474577861694158, 13.291145598692918 ], [ -88.474577861694158, 13.304620266317782 ], [ -88.528476532193622, 13.304620266317778 ], [ -88.528476532193622, 13.318094933942648 ], [ -88.501527196943883, 13.318094933942643 ], [ -88.501527196943883, 13.331569601567514 ], [ -88.48805252931902, 13.331569601567509 ], [ -88.48805252931902, 13.318094933942644 ], [ -88.474577861694158, 13.318094933942643 ], [ -88.474577861694158, 13.33156960156751 ], [ -88.461103194069295, 13.331569601567509 ], [ -88.461103194069295, 13.345044269192378 ], [ -88.447628526444433, 13.345044269192378 ], [ -88.447628526444433, 13.331569601567509 ], [ -88.43415385881957, 13.33156960156751 ], [ -88.43415385881957, 13.345044269192382 ], [ -88.407204523569831, 13.345044269192378 ], [ -88.407204523569831, 13.331569601567512 ], [ -88.393729855944969, 13.331569601567514 ], [ -88.393729855944969, 13.318094933942641 ], [ -88.380255188320106, 13.318094933942648 ], [ -88.380255188320106, 13.304620266317784 ], [ -88.353305853070367, 13.304620266317782 ], [ -88.353305853070367, 13.277670931068053 ], [ -88.339831185445505, 13.277670931068053 ], [ -88.339831185445505, 13.250721595818321 ], [ -88.353305853070367, 13.25072159581832 ], [ -88.353305853070367, 13.264196263443187 ] ], [ [ -88.461103194069295, 13.318094933942648 ], [ -88.461103194069295, 13.304620266317782 ], [ -88.447628526444433, 13.304620266317784 ], [ -88.447628526444433, 13.318094933942644 ], [ -88.461103194069295, 13.318094933942648 ] ] ] } },
{ "type": "Feature", "properties": { "class_id": 2, "area_m2": 8703024.286681952, "class_name": "Bajo", "index": "NDVI", "min_value": null, "max_value": null }, "geometry": { "type": "Polygon", "coordinates": [ [ [ -88.31288185019578, 13.304620266317784 ], [ -88.299407182570931, 13.30462026631778 ], [ -88.299407182570931, 13.331569601567512 ], [ -88.28593251494604, 13.331569601567512 ], [ -88.28593251494604, 13.291145598692918 ], [ -88.31288185019578, 13.291145598692919 ], [ -88.31288185019578, 13.304620266317784 ] ] ] } },
{ "type": "Feature", "properties": { "class_id": 2, "area_m2": 2175172.1299879625, "class_name": "Bajo", "index": "NDVI", "min_value": null, "max_value": null }, "geometry": { "type": "Polygon", "coordinates": [ [ [ -88.08381250057306, 13.345044269192375 ], [ -88.070337832948198, 13.34504426919238 ], [ -88.070337832948198, 13.331569601567509 ], [ -88.08381250057306, 13.331569601567509 ], [ -88.08381250057306, 13.345044269192375 ] ] ] } },
{ "type": "Feature", "properties": { "class_id": 2, "area_m2": 2175472.8592685517, "class_name": "Bajo", "index": "NDVI", "min_value": null, "max_value": null }, "geometry": { "type": "Polygon", "coordinates": [ [ [ -88.28593251494604, 13.345044269192377 ], [ -88.272457847321178, 13.345044269192378 ], [ -88.272457847321178, 13.33156960156751 ], [ -88.28593251494604, 13.331569601567512 ], [ -88.28593251494604, 13.345044269192377 ] ] ] } },
{ "type": "Feature", "properties": { "class_id": 2, "area_m2": 19580296.064109962, "class_name": "Bajo", "index": "NDVI", "min_value": null, "max_value": null }, "geometry": { "type": "Polygon", "coordinates": [ [ [ -88.353305853070367, 13.318094933942641 ], [ -88.366780520695244, 13.318094933942643 ], [ -88.366780520695244, 13.345044269192375 ], [ -88.339831185445505, 13.345044269192382 ], [ -88.339831185445505, 13.358518936817241 ], [ -88.31288185019578, 13.358518936817248 ], [ -88.31288185019578, 13.318094933942648 ], [ -88.339831185445505, 13.318094933942646 ], [ -88.339831185445505, 13.331569601567514 ], [ -88.353305853070367, 13.331569601567514 ], [ -88.353305853070367, 13.318094933942641 ] ] ] } },
{ "type": "Feature", "properties": { "class_id": 2, "area_m2": 2175109.7831024197, "class_name": "Bajo", "index": "NDVI", "min_value": null, "max_value": null }, "geometry": { "type": "Polygon", "coordinates": [ [ [ -88.124236503447662, 13.358518936817248 ], [ -88.1107618358228, 13.358518936817241 ], [ -88.1107618358228, 13.345044269192373 ], [ -88.124236503447662, 13.345044269192378 ], [ -88.124236503447662, 13.358518936817248 ] ] ] } },
{ "type": "Feature", "properties": { "class_id": 2, "area_m2": 2175290.1901404909, "class_name": "Bajo", "index": "NDVI", "min_value": null, "max_value": null }, "geometry": { "type": "Polygon", "coordinates": [ [ [ -88.245508512071453, 13.358518936817243 ], [ -88.23203384444659, 13.358518936817244 ], [ -88.23203384444659, 13.345044269192375 ], [ -88.245508512071453, 13.345044269192373 ], [ -88.245508512071453, 13.358518936817243 ] ] ] } },
{ "type": "Feature", "properties": { "class_id": 2, "area_m2": 2175559.6561770192, "class_name": "Bajo", "index": "NDVI", "min_value": null, "max_value": null }, "geometry": { "type": "Polygon", "coordinates": [ [ [ -88.407204523569831, 13.358518936817248 ], [ -88.393729855944969, 13.358518936817244 ], [ -88.393729855944969, 13.345044269192377 ], [ -88.407204523569831, 13.345044269192378 ], [ -88.407204523569831, 13.358518936817248 ] ] ] } },
{ "type": "Feature", "properties": { "class_id": 2, "area_m2": 13048892.467415972, "class_name": "Bajo", "index": "NDVI", "min_value": null, "max_value": null }, "geometry": { "type": "Polygon", "coordinates": [ [ [ -88.05686316532335, 13.398942939691837 ], [ -88.043388497698473, 13.398942939691835 ], [ -88.043388497698473, 13.358518936817244 ], [ -88.070337832948198, 13.358518936817248 ], [ -88.070337832948198, 13.371993604442107 ], [ -88.08381250057306, 13.371993604442109 ], [ -88.08381250057306, 13.385468272066969 ], [ -88.05686316532335, 13.385468272066971 ], [ -88.05686316532335, 13.398942939691837 ] ] ] } },
{ "type": "Feature", "properties": { "class_id": 2, "area_m2": 8701119.9118709508, "class_name": "Bajo", "index": "NDVI", "min_value": null, "max_value": null }, "geometry": { "type": "Polygon", "coordinates": [ [ [ -88.353305853070367, 13.358518936817239 ], [ -88.380255188320106, 13.358518936817244 ], [ -88.380255188320106, 13.398942939691837 ], [ -88.366780520695244, 13.398942939691837 ], [ -88.366780520695244, 13.371993604442107 ], [ -88.353305853070367, 13.37199360444211 ], [ -88.353305853070367, 13.358518936817239 ] ] ] } },
{ "type": "Feature", "properties": { "class_id": 2, "area_m2": 4350072.4979639249, "class_name": "Bajo", "index": "NDVI", "min_value": null, "max_value": null }, "geometry": { "type": "Polygon", "coordinates": [ [ [ -88.272457847321178, 13.398942939691839 ], [ -88.258983179696315, 13.398942939691839 ], [ -88.258983179696315, 13.371993604442109 ], [ -88.272457847321178, 13.37199360444211 ], [ -88.272457847321178, 13.398942939691839 ] ] ] } },
{ "type": "Feature", "properties": { "class_id": 2, "area_m2": 4349451.6001584083, "class_name": "Bajo", "index": "NDVI", "min_value": null, "max_value": null }, "geometry": { "type": "Polygon", "coordinates": [ [ [ -88.08381250057306, 13.398942939691837 ], [ -88.08381250057306, 13.385468272066969 ], [ -88.1107618358228, 13.385468272066975 ], [ -88.1107618358228, 13.398942939691835 ], [ -88.08381250057306, 13.398942939691837 ] ] ] } },
{ "type": "Feature", "properties": { "class_id": 2, "area_m2": 2174579.1923860637, "class_name": "Bajo", "index": "NDVI", "min_value": null, "max_value": null }, "geometry": { "type": "Polygon", "coordinates": [ [ [ -88.08381250057306, 13.398942939691837 ], [ -88.08381250057306, 13.412417607316701 ], [ -88.070337832948198, 13.4124176073167 ], [ -88.070337832948198, 13.398942939691841 ], [ -88.08381250057306, 13.398942939691837 ] ] ] } },
{ "type": "Feature", "properties": { "class_id": 2, "area_m2": 276165188.16536897, "class_name": "Bajo", "index": "NDVI", "min_value": null, "max_value": null }, "geometry": { "type": "Polygon", "coordinates": [ [ [ -88.08381250057306, 13.520214948315623 ], [ -88.08381250057306, 13.506740280690758 ], [ -88.070337832948198, 13.506740280690757 ], [ -88.070337832948198, 13.493265613065898 ], [ -88.05686316532335, 13.493265613065898 ], [ -88.05686316532335, 13.452841610191301 ], [ -88.043388497698473, 13.452841610191301 ], [ -88.043388497698473, 13.466316277816162 ], [ -88.02991383007361, 13.466316277816169 ], [ -88.02991383007361, 13.452841610191301 ], [ -88.002964494823871, 13.4528416101913 ], [ -88.002964494823871, 13.439366942566433 ], [ -88.043388497698473, 13.439366942566435 ], [ -88.043388497698473, 13.425892274941569 ], [ -88.05686316532335, 13.425892274941567 ], [ -88.05686316532335, 13.439366942566435 ], [ -88.08381250057306, 13.439366942566432 ], [ -88.08381250057306, 13.425892274941571 ], [ -88.097287168197937, 13.425892274941569 ], [ -88.097287168197937, 13.412417607316705 ], [ -88.1107618358228, 13.412417607316705 ], [ -88.1107618358228, 13.398942939691835 ], [ -88.124236503447662, 13.398942939691841 ], [ -88.124236503447662, 13.4124176073167 ], [ -88.137711171072525, 13.412417607316709 ], [ -88.137711171072525, 13.385468272066975 ], [ -88.151185838697387, 13.385468272066975 ], [ -88.151185838697387, 13.398942939691841 ], [ -88.164660506322264, 13.398942939691837 ], [ -88.164660506322264, 13.412417607316705 ], [ -88.17813517394714, 13.4124176073167 ], [ -88.17813517394714, 13.385468272066973 ], [ -88.191609841571989, 13.385468272066975 ], [ -88.191609841571989, 13.371993604442109 ], [ -88.17813517394714, 13.371993604442107 ], [ -88.17813517394714, 13.358518936817244 ], [ -88.151185838697387, 13.358518936817243 ], [ -88.151185838697387, 13.34504426919238 ], [ -88.137711171072525, 13.345044269192378 ], [ -88.137711171072525, 13.33156960156751 ], [ -88.124236503447662, 13.331569601567509 ], [ -88.124236503447662, 13.304620266317784 ], [ -88.137711171072525, 13.304620266317785 ], [ -88.137711171072525, 13.27767093106805 ], [ -88.17813517394714, 13.277670931068053 ], [ -88.17813517394714, 13.318094933942648 ], [ -88.164660506322264, 13.318094933942648 ], [ -88.164660506322264, 13.331569601567516 ], [ -88.17813517394714, 13.33156960156751 ], [ -88.17813517394714, 13.345044269192377 ], [ -88.191609841571989, 13.345044269192382 ], [ -88.191609841571989, 13.331569601567509 ], [ -88.218559176821714, 13.331569601567509 ], [ -88.218559176821714, 13.358518936817246 ], [ -88.23203384444659, 13.358518936817244 ], [ -88.23203384444659, 13.385468272066971 ], [ -88.245508512071453, 13.385468272066973 ], [ -88.245508512071453, 13.398942939691839 ], [ -88.258983179696315, 13.398942939691839 ], [ -88.258983179696315, 13.412417607316709 ], [ -88.272457847321178, 13.412417607316709 ], [ -88.272457847321178, 13.425892274941569 ], [ -88.258983179696315, 13.425892274941569 ], [ -88.258983179696315, 13.452841610191305 ], [ -88.23203384444659, 13.452841610191298 ], [ -88.23203384444659, 13.466316277816164 ], [ -88.258983179696315, 13.466316277816166 ], [ -88.258983179696315, 13.493265613065901 ], [ -88.245508512071453, 13.493265613065899 ], [ -88.245508512071453, 13.506740280690762 ], [ -88.23203384444659, 13.506740280690757 ], [ -88.23203384444659, 13.520214948315623 ], [ -88.205084509196851, 13.520214948315623 ], [ -88.205084509196851, 13.547164283565353 ], [ -88.191609841571989, 13.547164283565351 ], [ -88.191609841571989, 13.520214948315628 ], [ -88.17813517394714, 13.520214948315623 ], [ -88.17813517394714, 13.439366942566432 ], [ -88.151185838697387, 13.43936694256643 ], [ -88.151185838697387, 13.493265613065901 ], [ -88.124236503447662, 13.493265613065899 ], [ -88.124236503447662, 13.506740280690762 ], [ -88.1107618358228, 13.506740280690765 ], [ -88.1107618358228, 13.533689615940492 ], [ -88.097287168197937, 13.533689615940492 ], [ -88.097287168197937, 13.520214948315628 ], [ -88.08381250057306, 13.520214948315623 ] ], [ [ -88.191609841571989, 13.398942939691834 ], [ -88.205084509196851, 13.398942939691842 ], [ -88.205084509196851, 13.385468272066975 ], [ -88.191609841571989, 13.385468272066975 ], [ -88.191609841571989, 13.398942939691834 ] ], [ [ -88.23203384444659, 13.425892274941569 ], [ -88.218559176821714, 13.425892274941569 ], [ -88.218559176821714, 13.412417607316705 ], [ -88.191609841571989, 13.412417607316705 ], [ -88.191609841571989, 13.425892274941571 ], [ -88.205084509196851, 13.425892274941571 ], [ -88.205084509196851, 13.439366942566433 ], [ -88.218559176821714, 13.439366942566432 ], [ -88.218559176821714, 13.452841610191298 ], [ -88.23203384444659, 13.452841610191298 ], [ -88.23203384444659, 13.425892274941569 ] ], [ [ -88.23203384444659, 13.479790945441033 ], [ -88.191609841571989, 13.47979094544103 ], [ -88.191609841571989, 13.506740280690758 ], [ -88.205084509196851, 13.506740280690764 ], [ -88.205084509196851, 13.493265613065901 ], [ -88.218559176821714, 13.493265613065899 ], [ -88.218559176821714, 13.506740280690758 ], [ -88.23203384444659, 13.506740280690757 ], [ -88.23203384444659, 13.479790945441033 ] ], [ [ -88.151185838697387, 13.425892274941571 ], [ -88.137711171072525, 13.425892274941569 ], [ -88.137711171072525, 13.43936694256643 ], [ -88.151185838697387, 13.43936694256643 ], [ -88.151185838697387, 13.425892274941571 ] ], [ [ -88.124236503447662, 13.47979094544103 ], [ -88.1107618358228, 13.479790945441035 ], [ -88.1107618358228, 13.466316277816169 ], [ -88.097287168197937, 13.466316277816162 ], [ -88.097287168197937, 13.493265613065899 ], [ -88.124236503447662, 13.493265613065899 ], [ -88.124236503447662, 13.47979094544103 ] ], [ [ -88.097287168197937, 13.452841610191307 ], [ -88.070337832948198, 13.452841610191305 ], [ -88.070337832948198, 13.479790945441032 ], [ -88.08381250057306, 13.47979094544103 ], [ -88.08381250057306, 13.466316277816162 ], [ -88.097287168197937, 13.466316277816162 ], [ -88.097287168197937, 13.452841610191307 ] ] ] } },
{ "type": "Feature", "properties": { "class_id": 2, "area_m2": 36972088.650740542, "class_name": "Bajo", "index": "NDVI", "min_value": null, "max_value": null }, "geometry": { "type": "Polygon", "coordinates": [ [ [ -88.31288185019578, 13.425892274941571 ], [ -88.31288185019578, 13.412417607316705 ], [ -88.272457847321178, 13.412417607316709 ], [ -88.272457847321178, 13.398942939691839 ], [ -88.326356517820642, 13.398942939691841 ], [ -88.326356517820642, 13.412417607316705 ], [ -88.339831185445505, 13.412417607316703 ], [ -88.339831185445505, 13.398942939691834 ], [ -88.353305853070367, 13.398942939691839 ], [ -88.353305853070367, 13.412417607316701 ], [ -88.380255188320106, 13.412417607316705 ], [ -88.380255188320106, 13.425892274941569 ], [ -88.407204523569831, 13.425892274941569 ], [ -88.407204523569831, 13.439366942566435 ], [ -88.380255188320106, 13.43936694256643 ], [ -88.380255188320106, 13.4528416101913 ], [ -88.339831185445505, 13.452841610191301 ], [ -88.339831185445505, 13.425892274941569 ], [ -88.31288185019578, 13.425892274941571 ] ], [ [ -88.366780520695244, 13.439366942566428 ], [ -88.366780520695244, 13.425892274941567 ], [ -88.353305853070367, 13.425892274941569 ], [ -88.353305853070367, 13.439366942566428 ], [ -88.366780520695244, 13.439366942566428 ] ] ] } },
{ "type": "Feature", "properties": { "class_id": 2, "area_m2": 8695257.8210145682, "class_name": "Bajo", "index": "NDVI", "min_value": null, "max_value": null }, "geometry": { "type": "Polygon", "coordinates": [ [ [ -88.272457847321178, 13.533689615940496 ], [ -88.258983179696315, 13.533689615940492 ], [ -88.258983179696315, 13.520214948315626 ], [ -88.245508512071453, 13.520214948315628 ], [ -88.245508512071453, 13.506740280690762 ], [ -88.28593251494604, 13.50674028069076 ], [ -88.28593251494604, 13.520214948315623 ], [ -88.272457847321178, 13.52021494831563 ], [ -88.272457847321178, 13.533689615940496 ] ] ] } },
{ "type": "Feature", "properties": { "class_id": 2, "area_m2": 2173384.4824892627, "class_name": "Bajo", "index": "NDVI", "min_value": null, "max_value": null }, "geometry": { "type": "Polygon", "coordinates": [ [ [ -88.08381250057306, 13.547164283565353 ], [ -88.070337832948198, 13.54716428356536 ], [ -88.070337832948198, 13.533689615940489 ], [ -88.08381250057306, 13.533689615940489 ], [ -88.08381250057306, 13.547164283565353 ] ] ] } },
{ "type": "Feature", "properties": { "class_id": 2, "area_m2": 2173773.149497862, "class_name": "Bajo", "index": "NDVI", "min_value": null, "max_value": null }, "geometry": { "type": "Polygon", "coordinates": [ [ [ -88.339831185445505, 13.547164283565353 ], [ -88.326356517820642, 13.547164283565358 ], [ -88.326356517820642, 13.533689615940492 ], [ -88.339831185445505, 13.533689615940492 ], [ -88.339831185445505, 13.547164283565353 ] ] ] } },
{ "type": "Feature", "properties": { "class_id": 2, "area_m2": 13040775.294613298, "class_name": "Bajo", "index": "NDVI", "min_value": null, "max_value": null }, "geometry": { "type": "Polygon", "coordinates": [ [ [ -88.245508512071453, 13.574113618815087 ], [ -88.218559176821714, 13.574113618815087 ], [ -88.218559176821714, 13.560638951190223 ], [ -88.205084509196851, 13.560638951190215 ], [ -88.205084509196851, 13.547164283565353 ], [ -88.23203384444659, 13.547164283565355 ], [ -88.23203384444659, 13.533689615940494 ], [ -88.245508512071453, 13.533689615940494 ], [ -88.245508512071453, 13.574113618815087 ] ] ] } },
{ "type": "Feature", "properties": { "class_id": 2, "area_m2": 4347238.669361339, "class_name": "Bajo", "index": "NDVI", "min_value": null, "max_value": null }, "geometry": { "type": "Polygon", "coordinates": [ [ [ -88.326356517820642, 13.560638951190219 ], [ -88.299407182570931, 13.560638951190217 ], [ -88.299407182570931, 13.54716428356536 ], [ -88.326356517820642, 13.547164283565358 ], [ -88.326356517820642, 13.560638951190219 ] ] ] } },
{ "type": "Feature", "properties": { "class_id": 2, "area_m2": 4346558.3045852929, "class_name": "Bajo", "index": "NDVI", "min_value": null, "max_value": null }, "geometry": { "type": "Polygon", "coordinates": [ [ [ -88.137711171072525, 13.574113618815094 ], [ -88.124236503447662, 13.574113618815089 ], [ -88.124236503447662, 13.54716428356536 ], [ -88.137711171072525, 13.547164283565358 ], [ -88.137711171072525, 13.574113618815094 ] ] ] } },
{ "type": "Feature", "properties": { "class_id": 2, "area_m2": 6519676.1192726055, "class_name": "Bajo", "index": "NDVI", "min_value": null, "max_value": null }, "geometry": { "type": "Polygon", "coordinates": [ [ [ -88.17813517394714, 13.574113618815087 ], [ -88.191609841571989, 13.574113618815085 ], [ -88.191609841571989, 13.587588286439949 ], [ -88.164660506322264, 13.587588286439953 ], [ -88.164660506322264, 13.560638951190219 ], [ -88.17813517394714, 13.560638951190215 ], [ -88.17813517394714, 13.574113618815087 ] ] ] } },
{ "type": "Feature", "properties": { "class_id": 2, "area_m2": 13038239.79612164, "class_name": "Bajo", "index": "NDVI", "min_value": null, "max_value": null }, "geometry": { "type": "Polygon", "coordinates": [ [ [ -88.070337832948198, 13.560638951190219 ], [ -88.1107618358228, 13.560638951190223 ], [ -88.1107618358228, 13.574113618815089 ], [ -88.08381250057306, 13.57411361881509 ], [ -88.08381250057306, 13.601062954064819 ], [ -88.070337832948198, 13.601062954064817 ], [ -88.070337832948198, 13.587588286439949 ], [ -88.05686316532335, 13.587588286439951 ], [ -88.05686316532335, 13.574113618815085 ], [ -88.070337832948198, 13.574113618815089 ], [ -88.070337832948198, 13.560638951190219 ] ] ] } },
{ "type": "Feature", "properties": { "class_id": 2, "area_m2": 2173302.0030201757, "class_name": "Bajo", "index": "NDVI", "min_value": null, "max_value": null }, "geometry": { "type": "Polygon", "coordinates": [ [ [ -88.272457847321178, 13.587588286439955 ], [ -88.258983179696315, 13.587588286439953 ], [ -88.258983179696315, 13.574113618815089 ], [ -88.272457847321178, 13.574113618815092 ], [ -88.272457847321178, 13.587588286439955 ] ] ] } },
{ "type": "Feature", "properties": { "class_id": 2, "area_m2": 2173345.4120369018, "class_name": "Bajo", "index": "NDVI", "min_value": null, "max_value": null }, "geometry": { "type": "Polygon", "coordinates": [ [ [ -88.299407182570931, 13.587588286439955 ], [ -88.28593251494604, 13.587588286439953 ], [ -88.28593251494604, 13.57411361881509 ], [ -88.299407182570931, 13.574113618815085 ], [ -88.299407182570931, 13.587588286439955 ] ] ] } },
{ "type": "Feature", "properties": { "class_id": 2, "area_m2": 36950868.985146783, "class_name": "Bajo", "index": "NDVI", "min_value": null, "max_value": null }, "geometry": { "type": "Polygon", "coordinates": [ [ [ -88.51500186456876, 13.628012289314544 ], [ -88.48805252931902, 13.628012289314549 ], [ -88.48805252931902, 13.601062954064819 ], [ -88.474577861694158, 13.601062954064817 ], [ -88.474577861694158, 13.587588286439949 ], [ -88.461103194069295, 13.587588286439953 ], [ -88.461103194069295, 13.614537621689685 ], [ -88.447628526444433, 13.614537621689683 ], [ -88.447628526444433, 13.587588286439953 ], [ -88.43415385881957, 13.587588286439953 ], [ -88.43415385881957, 13.547164283565358 ], [ -88.461103194069295, 13.547164283565358 ], [ -88.461103194069295, 13.574113618815087 ], [ -88.501527196943883, 13.574113618815087 ], [ -88.501527196943883, 13.601062954064819 ], [ -88.51500186456876, 13.601062954064819 ], [ -88.51500186456876, 13.628012289314544 ] ] ] } },
{ "type": "Feature", "properties": { "class_id": 2, "area_m2": 10864979.701987704, "class_name": "Bajo", "index": "NDVI", "min_value": null, "max_value": null }, "geometry": { "type": "Polygon", "coordinates": [ [ [ -88.151185838697387, 13.587588286439953 ], [ -88.164660506322264, 13.587588286439953 ], [ -88.164660506322264, 13.614537621689685 ], [ -88.137711171072525, 13.614537621689685 ], [ -88.137711171072525, 13.574113618815094 ], [ -88.151185838697387, 13.574113618815085 ], [ -88.151185838697387, 13.587588286439953 ] ] ] } },
{ "type": "Feature", "properties": { "class_id": 2, "area_m2": 2173384.0013714358, "class_name": "Bajo", "index": "NDVI", "min_value": null, "max_value": null }, "geometry": { "type": "Polygon", "coordinates": [ [ [ -88.393729855944969, 13.587588286439955 ], [ -88.393729855944969, 13.601062954064822 ], [ -88.380255188320106, 13.601062954064819 ], [ -88.380255188320106, 13.587588286439953 ], [ -88.393729855944969, 13.587588286439955 ] ] ] } },
{ "type": "Feature", "properties": { "class_id": 2, "area_m2": 60847055.007318184, "class_name": "Bajo", "index": "NDVI", "min_value": null, "max_value": null }, "geometry": { "type": "Polygon", "coordinates": [ [ [ -88.393729855944969, 13.614537621689681 ], [ -88.393729855944969, 13.641486956939412 ], [ -88.380255188320106, 13.641486956939419 ], [ -88.380255188320106, 13.65496162456428 ], [ -88.339831185445505, 13.654961624564285 ], [ -88.339831185445505, 13.641486956939412 ], [ -88.353305853070367, 13.641486956939413 ], [ -88.353305853070367, 13.628012289314546 ], [ -88.299407182570931, 13.628012289314546 ], [ -88.299407182570931, 13.61453762168968 ], [ -88.245508512071453, 13.614537621689683 ], [ -88.245508512071453, 13.628012289314549 ], [ -88.23203384444659, 13.628012289314549 ], [ -88.23203384444659, 13.601062954064814 ], [ -88.272457847321178, 13.601062954064817 ], [ -88.272457847321178, 13.587588286439955 ], [ -88.28593251494604, 13.587588286439953 ], [ -88.28593251494604, 13.601062954064815 ], [ -88.299407182570931, 13.601062954064819 ], [ -88.299407182570931, 13.587588286439955 ], [ -88.31288185019578, 13.587588286439956 ], [ -88.31288185019578, 13.601062954064815 ], [ -88.326356517820642, 13.601062954064819 ], [ -88.326356517820642, 13.587588286439953 ], [ -88.339831185445505, 13.587588286439953 ], [ -88.339831185445505, 13.601062954064814 ], [ -88.380255188320106, 13.601062954064819 ], [ -88.380255188320106, 13.614537621689685 ], [ -88.393729855944969, 13.614537621689681 ] ] ] } },
{ "type": "Feature", "properties": { "class_id": 2, "area_m2": 47799546.869901448, "class_name": "Bajo", "index": "NDVI", "min_value": null, "max_value": null }, "geometry": { "type": "Polygon", "coordinates": [ [ [ -88.151185838697387, 13.641486956939413 ], [ -88.151185838697387, 13.628012289314549 ], [ -88.164660506322264, 13.628012289314549 ], [ -88.164660506322264, 13.614537621689685 ], [ -88.17813517394714, 13.614537621689685 ], [ -88.17813517394714, 13.601062954064822 ], [ -88.191609841571989, 13.601062954064815 ], [ -88.191609841571989, 13.587588286439949 ], [ -88.205084509196851, 13.587588286439956 ], [ -88.205084509196851, 13.614537621689681 ], [ -88.218559176821714, 13.614537621689685 ], [ -88.218559176821714, 13.628012289314547 ], [ -88.23203384444659, 13.628012289314549 ], [ -88.23203384444659, 13.641486956939415 ], [ -88.245508512071453, 13.641486956939412 ], [ -88.245508512071453, 13.65496162456428 ], [ -88.258983179696315, 13.654961624564276 ], [ -88.258983179696315, 13.668436292189142 ], [ -88.23203384444659, 13.66843629218914 ], [ -88.23203384444659, 13.65496162456428 ], [ -88.205084509196851, 13.65496162456428 ], [ -88.205084509196851, 13.66843629218914 ], [ -88.191609841571989, 13.668436292189142 ], [ -88.191609841571989, 13.654961624564278 ], [ -88.17813517394714, 13.65496162456428 ], [ -88.17813517394714, 13.66843629218914 ], [ -88.164660506322264, 13.668436292189146 ], [ -88.164660506322264, 13.641486956939415 ], [ -88.151185838697387, 13.641486956939413 ] ], [ [ -88.191609841571989, 13.641486956939413 ], [ -88.191609841571989, 13.628012289314546 ], [ -88.17813517394714, 13.628012289314547 ], [ -88.17813517394714, 13.641486956939413 ], [ -88.191609841571989, 13.641486956939413 ] ] ] } },
{ "type": "Feature", "properties": { "class_id": 2, "area_m2": 30414492.565727796, "class_name": "Bajo", "index": "NDVI", "min_value": null, "max_value": null }, "geometry": { "type": "Polygon", "coordinates": [ [ [ -88.124236503447662, 13.695385627438876 ], [ -88.097287168197937, 13.695385627438876 ], [ -88.097287168197937, 13.68191095981401 ], [ -88.1107618358228, 13.681910959814006 ], [ -88.1107618358228, 13.654961624564276 ], [ -88.097287168197937, 13.654961624564276 ], [ -88.097287168197937, 13.641486956939412 ], [ -88.08381250057306, 13.641486956939413 ], [ -88.08381250057306, 13.601062954064819 ], [ -88.1107618358228, 13.601062954064822 ], [ -88.1107618358228, 13.641486956939415 ], [ -88.124236503447662, 13.641486956939412 ], [ -88.124236503447662, 13.654961624564278 ], [ -88.137711171072525, 13.65496162456428 ], [ -88.137711171072525, 13.681910959814003 ], [ -88.124236503447662, 13.681910959814005 ], [ -88.124236503447662, 13.695385627438876 ] ] ] } },
{ "type": "Feature", "properties": { "class_id": 2, "area_m2": 2172463.7908498021, "class_name": "Bajo", "index": "NDVI", "min_value": null, "max_value": null }, "geometry": { "type": "Polygon", "coordinates": [ [ [ -88.48805252931902, 13.722334962688603 ], [ -88.474577861694158, 13.722334962688603 ], [ -88.474577861694158, 13.708860295063738 ], [ -88.48805252931902, 13.70886029506374 ], [ -88.48805252931902, 13.722334962688603 ] ] ] } },
{ "type": "Feature", "properties": { "class_id": 2, "area_m2": 30405318.388065048, "class_name": "Bajo", "index": "NDVI", "min_value": null, "max_value": null }, "geometry": { "type": "Polygon", "coordinates": [ [ [ -88.151185838697387, 13.708860295063737 ], [ -88.164660506322264, 13.708860295063744 ], [ -88.164660506322264, 13.722334962688604 ], [ -88.17813517394714, 13.722334962688601 ], [ -88.17813517394714, 13.749284297938337 ], [ -88.151185838697387, 13.749284297938337 ], [ -88.151185838697387, 13.735809630313472 ], [ -88.1107618358228, 13.735809630313469 ], [ -88.1107618358228, 13.749284297938337 ], [ -88.097287168197937, 13.749284297938337 ], [ -88.097287168197937, 13.735809630313465 ], [ -88.08381250057306, 13.735809630313467 ], [ -88.08381250057306, 13.722334962688601 ], [ -88.097287168197937, 13.722334962688606 ], [ -88.097287168197937, 13.708860295063744 ], [ -88.1107618358228, 13.708860295063737 ], [ -88.1107618358228, 13.722334962688606 ], [ -88.137711171072525, 13.722334962688606 ], [ -88.137711171072525, 13.695385627438876 ], [ -88.151185838697387, 13.695385627438876 ], [ -88.151185838697387, 13.708860295063737 ] ] ] } },
{ "type": "Feature", "properties": { "class_id": 2, "area_m2": 2172317.0525330789, "class_name": "Bajo", "index": "NDVI", "min_value": null, "max_value": null }, "geometry": { "type": "Polygon", "coordinates": [ [ [ -88.474577861694158, 13.735809630313467 ], [ -88.461103194069295, 13.735809630313469 ], [ -88.461103194069295, 13.722334962688603 ], [ -88.474577861694158, 13.722334962688603 ], [ -88.474577861694158, 13.735809630313467 ] ] ] } },
{ "type": "Feature", "properties": { "class_id": 2, "area_m2": 2171420.4478165503, "class_name": "Bajo", "index": "NDVI", "min_value": null, "max_value": null }, "geometry": { "type": "Polygon", "coordinates": [ [ [ -88.151185838697387, 13.776233633188065 ], [ -88.137711171072525, 13.776233633188067 ], [ -88.137711171072525, 13.762758965563197 ], [ -88.151185838697387, 13.762758965563197 ], [ -88.151185838697387, 13.776233633188065 ] ] ] } },
{ "type": "Feature", "properties": { "class_id": 2, "area_m2": 236700176.6351051, "class_name": "Bajo", "index": "NDVI", "min_value": null, "max_value": null }, "geometry": { "type": "Polygon", "coordinates": [ [ [ -88.461103194069295, 13.789708300812928 ], [ -88.43415385881957, 13.789708300812933 ], [ -88.43415385881957, 13.776233633188069 ], [ -88.420679191194694, 13.776233633188067 ], [ -88.420679191194694, 13.789708300812933 ], [ -88.393729855944969, 13.789708300812933 ], [ -88.393729855944969, 13.803182968437801 ], [ -88.353305853070367, 13.803182968437794 ], [ -88.353305853070367, 13.81665763606266 ], [ -88.326356517820642, 13.816657636062669 ], [ -88.326356517820642, 13.803182968437797 ], [ -88.339831185445505, 13.803182968437797 ], [ -88.339831185445505, 13.789708300812928 ], [ -88.326356517820642, 13.789708300812935 ], [ -88.326356517820642, 13.776233633188063 ], [ -88.31288185019578, 13.776233633188063 ], [ -88.31288185019578, 13.749284297938333 ], [ -88.299407182570931, 13.749284297938337 ], [ -88.299407182570931, 13.73580963031347 ], [ -88.31288185019578, 13.735809630313467 ], [ -88.31288185019578, 13.695385627438874 ], [ -88.299407182570931, 13.695385627438876 ], [ -88.299407182570931, 13.65496162456428 ], [ -88.339831185445505, 13.654961624564285 ], [ -88.339831185445505, 13.668436292189142 ], [ -88.353305853070367, 13.668436292189142 ], [ -88.353305853070367, 13.681910959814006 ], [ -88.366780520695244, 13.681910959814008 ], [ -88.366780520695244, 13.749284297938337 ], [ -88.43415385881957, 13.74928429793834 ], [ -88.43415385881957, 13.762758965563199 ], [ -88.461103194069295, 13.762758965563199 ], [ -88.461103194069295, 13.776233633188067 ], [ -88.474577861694158, 13.776233633188063 ], [ -88.474577861694158, 13.789708300812928 ], [ -88.48805252931902, 13.789708300812929 ], [ -88.48805252931902, 13.81665763606266 ], [ -88.501527196943883, 13.816657636062663 ], [ -88.501527196943883, 13.85708163893726 ], [ -88.528476532193622, 13.85708163893726 ], [ -88.528476532193622, 13.87055630656212 ], [ -88.541951199818484, 13.870556306562124 ], [ -88.541951199818484, 13.88403097418699 ], [ -88.582375202693086, 13.88403097418699 ], [ -88.582375202693086, 13.91098030943672 ], [ -88.595849870317949, 13.91098030943672 ], [ -88.595849870317949, 13.924454977061584 ], [ -88.582375202693086, 13.924454977061577 ], [ -88.582375202693086, 13.951404312311309 ], [ -88.568900535068209, 13.951404312311315 ], [ -88.568900535068209, 13.937929644686447 ], [ -88.555425867443347, 13.93792964468645 ], [ -88.555425867443347, 13.951404312311318 ], [ -88.501527196943883, 13.951404312311309 ], [ -88.501527196943883, 13.924454977061583 ], [ -88.51500186456876, 13.924454977061584 ], [ -88.51500186456876, 13.910980309436722 ], [ -88.501527196943883, 13.910980309436722 ], [ -88.501527196943883, 13.87055630656212 ], [ -88.48805252931902, 13.870556306562117 ], [ -88.48805252931902, 13.843606971312393 ], [ -88.474577861694158, 13.84360697131239 ], [ -88.474577861694158, 13.830132303687522 ], [ -88.461103194069295, 13.830132303687522 ], [ -88.461103194069295, 13.789708300812928 ] ], [ [ -88.353305853070367, 13.70886029506374 ], [ -88.353305853070367, 13.695385627438874 ], [ -88.339831185445505, 13.695385627438874 ], [ -88.339831185445505, 13.708860295063744 ], [ -88.353305853070367, 13.70886029506374 ] ] ] } },
{ "type": "Feature", "properties": { "class_id": 2, "area_m2": 4341615.5624452662, "class_name": "Bajo", "index": "NDVI", "min_value": null, "max_value": null }, "geometry": { "type": "Polygon", "coordinates": [ [ [ -88.272457847321178, 13.870556306562124 ], [ -88.258983179696315, 13.870556306562124 ], [ -88.258983179696315, 13.84360697131239 ], [ -88.272457847321178, 13.843606971312392 ], [ -88.272457847321178, 13.870556306562124 ] ] ] } },
{ "type": "Feature", "properties": { "class_id": 2, "area_m2": 13025699.765577897, "class_name": "Bajo", "index": "NDVI", "min_value": null, "max_value": null }, "geometry": { "type": "Polygon", "coordinates": [ [ [ -88.31288185019578, 13.84360697131239 ], [ -88.339831185445505, 13.84360697131239 ], [ -88.339831185445505, 13.870556306562122 ], [ -88.28593251494604, 13.870556306562127 ], [ -88.28593251494604, 13.857081638937261 ], [ -88.31288185019578, 13.857081638937263 ], [ -88.31288185019578, 13.84360697131239 ] ] ] } },
{ "type": "Feature", "properties": { "class_id": 2, "area_m2": 4340094.3148238612, "class_name": "Bajo", "index": "NDVI", "min_value": null, "max_value": null }, "geometry": { "type": "Polygon", "coordinates": [ [ [ -88.258983179696315, 13.951404312311311 ], [ -88.245508512071453, 13.951404312311309 ], [ -88.245508512071453, 13.924454977061584 ], [ -88.258983179696315, 13.924454977061584 ], [ -88.258983179696315, 13.951404312311311 ] ] ] } },
{ "type": "Feature", "properties": { "class_id": 2, "area_m2": 4338989.7444995092, "class_name": "Bajo", "index": "NDVI", "min_value": null, "max_value": null }, "geometry": { "type": "Polygon", "coordinates": [ [ [ -88.137711171072525, 13.991828315185906 ], [ -88.124236503447662, 13.991828315185911 ], [ -88.124236503447662, 13.964878979936181 ], [ -88.137711171072525, 13.964878979936181 ], [ -88.137711171072525, 13.991828315185906 ] ] ] } },
{ "type": "Feature", "properties": { "class_id": 2, "area_m2": 6528324.1445049997, "class_name": "Bajo", "index": "NDVI", "min_value": null, "max_value": null }, "geometry": { "type": "Polygon", "coordinates": [ [ [ -87.693047139451977, 13.169873590069125 ], [ -87.719996474701702, 13.169873590069129 ], [ -87.719996474701702, 13.196822925318859 ], [ -87.70652180707684, 13.196822925318855 ], [ -87.70652180707684, 13.183348257693991 ], [ -87.693047139451977, 13.183348257694 ], [ -87.693047139451977, 13.169873590069125 ] ] ] } },
{ "type": "Feature", "properties": { "class_id": 2, "area_m2": 2176145.4239274571, "class_name": "Bajo", "index": "NDVI", "min_value": null, "max_value": null }, "geometry": { "type": "Polygon", "coordinates": [ [ [ -87.922116489074682, 13.210297592943727 ], [ -87.90864182144982, 13.210297592943723 ], [ -87.90864182144982, 13.196822925318861 ], [ -87.922116489074682, 13.196822925318861 ], [ -87.922116489074682, 13.210297592943727 ] ] ] } },
{ "type": "Feature", "properties": { "class_id": 2, "area_m2": 2175870.6128831008, "class_name": "Bajo", "index": "NDVI", "min_value": null, "max_value": null }, "geometry": { "type": "Polygon", "coordinates": [ [ [ -87.773895145201166, 13.223772260568587 ], [ -87.760420477576304, 13.223772260568586 ], [ -87.760420477576304, 13.210297592943723 ], [ -87.773895145201166, 13.210297592943725 ], [ -87.773895145201166, 13.223772260568587 ] ] ] } },
{ "type": "Feature", "properties": { "class_id": 2, "area_m2": 2175895.5468195803, "class_name": "Bajo", "index": "NDVI", "min_value": null, "max_value": null }, "geometry": { "type": "Polygon", "coordinates": [ [ [ -87.90864182144982, 13.237246928193452 ], [ -87.895167153824957, 13.237246928193455 ], [ -87.895167153824957, 13.223772260568586 ], [ -87.90864182144982, 13.223772260568584 ], [ -87.90864182144982, 13.237246928193452 ] ] ] } },
{ "type": "Feature", "properties": { "class_id": 2, "area_m2": 2175636.0319630071, "class_name": "Bajo", "index": "NDVI", "min_value": null, "max_value": null }, "geometry": { "type": "Polygon", "coordinates": [ [ [ -87.773895145201166, 13.250721595818318 ], [ -87.760420477576304, 13.25072159581832 ], [ -87.760420477576304, 13.237246928193452 ], [ -87.773895145201166, 13.237246928193452 ], [ -87.773895145201166, 13.250721595818318 ] ] ] } },
{ "type": "Feature", "properties": { "class_id": 2, "area_m2": 2175762.9263887196, "class_name": "Bajo", "index": "NDVI", "min_value": null, "max_value": null }, "geometry": { "type": "Polygon", "coordinates": [ [ [ -87.895167153824957, 13.25072159581832 ], [ -87.881692486200095, 13.250721595818323 ], [ -87.881692486200095, 13.237246928193457 ], [ -87.895167153824957, 13.237246928193455 ], [ -87.895167153824957, 13.25072159581832 ] ] ] } },
{ "type": "Feature", "properties": { "class_id": 2, "area_m2": 2175660.683249705, "class_name": "Bajo", "index": "NDVI", "min_value": null, "max_value": null }, "geometry": { "type": "Polygon", "coordinates": [ [ [ -87.90864182144982, 13.264196263443187 ], [ -87.895167153824957, 13.26419626344318 ], [ -87.895167153824957, 13.25072159581832 ], [ -87.90864182144982, 13.250721595818318 ], [ -87.90864182144982, 13.264196263443187 ] ] ] } },
{ "type": "Feature", "properties": { "class_id": 2, "area_m2": 2175574.2485073614, "class_name": "Bajo", "index": "NDVI", "min_value": null, "max_value": null }, "geometry": { "type": "Polygon", "coordinates": [ [ [ -87.935591156699559, 13.277670931068055 ], [ -87.922116489074682, 13.277670931068053 ], [ -87.922116489074682, 13.264196263443186 ], [ -87.935591156699559, 13.264196263443184 ], [ -87.935591156699559, 13.277670931068055 ] ] ] } },
{ "type": "Feature", "properties": { "class_id": 2, "area_m2": 2175257.6167478915, "class_name": "Bajo", "index": "NDVI", "min_value": null, "max_value": null }, "geometry": { "type": "Polygon", "coordinates": [ [ [ -87.746945809951455, 13.291145598692918 ], [ -87.733471142326565, 13.291145598692918 ], [ -87.733471142326565, 13.27767093106805 ], [ -87.746945809951455, 13.27767093106805 ], [ -87.746945809951455, 13.291145598692918 ] ] ] } },
{ "type": "Feature", "properties": { "class_id": 2, "area_m2": 2175309.8552049226, "class_name": "Bajo", "index": "NDVI", "min_value": null, "max_value": null }, "geometry": { "type": "Polygon", "coordinates": [ [ [ -87.800844480450891, 13.291145598692918 ], [ -87.787369812826029, 13.291145598692918 ], [ -87.787369812826029, 13.277670931068053 ], [ -87.800844480450891, 13.277670931068055 ], [ -87.800844480450891, 13.291145598692918 ] ] ] } },
{ "type": "Feature", "properties": { "class_id": 2, "area_m2": 2175472.4456191845, "class_name": "Bajo", "index": "NDVI", "min_value": null, "max_value": null }, "geometry": { "type": "Polygon", "coordinates": [ [ [ -87.949065824324421, 13.291145598692918 ], [ -87.935591156699559, 13.291145598692919 ], [ -87.935591156699559, 13.277670931068055 ], [ -87.949065824324421, 13.277670931068055 ], [ -87.949065824324421, 13.291145598692918 ] ] ] } },
{ "type": "Feature", "properties": { "class_id": 2, "area_m2": 6526471.2288132198, "class_name": "Bajo", "index": "NDVI", "min_value": null, "max_value": null }, "geometry": { "type": "Polygon", "coordinates": [ [ [ -88.070337832948198, 13.304620266317787 ], [ -88.02991383007361, 13.304620266317785 ], [ -88.02991383007361, 13.291145598692918 ], [ -88.070337832948198, 13.291145598692918 ], [ -88.070337832948198, 13.304620266317787 ] ] ] } },
{ "type": "Feature", "properties": { "class_id": 2, "area_m2": 8700400.0479216613, "class_name": "Bajo", "index": "NDVI", "min_value": null, "max_value": null }, "geometry": { "type": "Polygon", "coordinates": [ [ [ -87.773895145201166, 13.318094933942648 ], [ -87.746945809951455, 13.318094933942646 ], [ -87.746945809951455, 13.291145598692918 ], [ -87.773895145201166, 13.291145598692923 ], [ -87.773895145201166, 13.318094933942648 ] ] ] } },
{ "type": "Feature", "properties": { "class_id": 2, "area_m2": 369834214.44343752, "class_name": "Bajo", "index": "NDVI", "min_value": null, "max_value": null }, "geometry": { "type": "Polygon", "coordinates": [ [ [ -88.016439162448734, 13.385468272066973 ], [ -88.02991383007361, 13.385468272066973 ], [ -88.02991383007361, 13.398942939691841 ], [ -87.989489827199009, 13.398942939691835 ], [ -87.989489827199009, 13.412417607316705 ], [ -87.976015159574146, 13.412417607316701 ], [ -87.976015159574146, 13.452841610191305 ], [ -87.962540491949284, 13.452841610191301 ], [ -87.962540491949284, 13.439366942566433 ], [ -87.90864182144982, 13.439366942566428 ], [ -87.90864182144982, 13.398942939691837 ], [ -87.895167153824957, 13.398942939691842 ], [ -87.895167153824957, 13.37199360444211 ], [ -87.922116489074682, 13.371993604442107 ], [ -87.922116489074682, 13.385468272066975 ], [ -87.935591156699559, 13.385468272066969 ], [ -87.935591156699559, 13.345044269192382 ], [ -87.922116489074682, 13.34504426919238 ], [ -87.922116489074682, 13.358518936817241 ], [ -87.854743150950355, 13.358518936817244 ], [ -87.854743150950355, 13.345044269192377 ], [ -87.841268483325493, 13.345044269192377 ], [ -87.841268483325493, 13.331569601567512 ], [ -87.82779381570063, 13.331569601567509 ], [ -87.82779381570063, 13.30462026631778 ], [ -87.854743150950355, 13.304620266317778 ], [ -87.854743150950355, 13.291145598692914 ], [ -87.868217818575218, 13.291145598692921 ], [ -87.868217818575218, 13.304620266317784 ], [ -87.881692486200095, 13.304620266317784 ], [ -87.881692486200095, 13.27767093106805 ], [ -87.895167153824957, 13.277670931068053 ], [ -87.895167153824957, 13.291145598692921 ], [ -87.90864182144982, 13.291145598692919 ], [ -87.90864182144982, 13.27767093106805 ], [ -87.922116489074682, 13.277670931068053 ], [ -87.922116489074682, 13.291145598692918 ], [ -87.935591156699559, 13.291145598692919 ], [ -87.935591156699559, 13.304620266317785 ], [ -87.949065824324421, 13.304620266317784 ], [ -87.949065824324421, 13.318094933942644 ], [ -87.989489827199009, 13.318094933942644 ], [ -87.989489827199009, 13.264196263443186 ], [ -87.976015159574146, 13.264196263443193 ], [ -87.976015159574146, 13.277670931068052 ], [ -87.962540491949284, 13.277670931068046 ], [ -87.962540491949284, 13.264196263443187 ], [ -87.935591156699559, 13.264196263443184 ], [ -87.935591156699559, 13.237246928193453 ], [ -87.949065824324421, 13.237246928193457 ], [ -87.949065824324421, 13.223772260568586 ], [ -87.922116489074682, 13.223772260568587 ], [ -87.922116489074682, 13.210297592943727 ], [ -87.949065824324421, 13.210297592943725 ], [ -87.949065824324421, 13.183348257693991 ], [ -87.935591156699559, 13.183348257693993 ], [ -87.935591156699559, 13.16987359006913 ], [ -87.922116489074682, 13.169873590069129 ], [ -87.922116489074682, 13.156398922444264 ], [ -87.962540491949284, 13.156398922444264 ], [ -87.962540491949284, 13.169873590069123 ], [ -87.976015159574146, 13.169873590069129 ], [ -87.976015159574146, 13.183348257693991 ], [ -88.002964494823871, 13.183348257693995 ], [ -88.002964494823871, 13.169873590069129 ], [ -88.016439162448734, 13.169873590069127 ], [ -88.016439162448734, 13.183348257693993 ], [ -88.043388497698473, 13.183348257693991 ], [ -88.043388497698473, 13.16987359006913 ], [ -88.097287168197937, 13.169873590069129 ], [ -88.097287168197937, 13.183348257693991 ], [ -88.1107618358228, 13.183348257693995 ], [ -88.1107618358228, 13.169873590069125 ], [ -88.205084509196851, 13.169873590069129 ], [ -88.205084509196851, 13.183348257693991 ], [ -88.17813517394714, 13.183348257693993 ], [ -88.17813517394714, 13.196822925318861 ], [ -88.205084509196851, 13.196822925318857 ], [ -88.205084509196851, 13.210297592943725 ], [ -88.164660506322264, 13.210297592943723 ], [ -88.164660506322264, 13.196822925318861 ], [ -88.151185838697387, 13.196822925318861 ], [ -88.151185838697387, 13.210297592943725 ], [ -88.137711171072525, 13.210297592943727 ], [ -88.137711171072525, 13.237246928193455 ], [ -88.124236503447662, 13.237246928193452 ], [ -88.124236503447662, 13.223772260568584 ], [ -88.08381250057306, 13.223772260568589 ], [ -88.08381250057306, 13.237246928193452 ], [ -88.05686316532335, 13.237246928193448 ], [ -88.05686316532335, 13.223772260568591 ], [ -88.043388497698473, 13.223772260568591 ], [ -88.043388497698473, 13.196822925318861 ], [ -88.02991383007361, 13.196822925318866 ], [ -88.02991383007361, 13.210297592943727 ], [ -88.002964494823871, 13.210297592943727 ], [ -88.002964494823871, 13.196822925318864 ], [ -87.989489827199009, 13.196822925318857 ], [ -87.989489827199009, 13.223772260568587 ], [ -88.016439162448734, 13.223772260568591 ], [ -88.016439162448734, 13.250721595818323 ], [ -88.002964494823871, 13.250721595818323 ], [ -88.002964494823871, 13.291145598692918 ], [ -88.016439162448734, 13.291145598692918 ], [ -88.016439162448734, 13.304620266317784 ], [ -88.002964494823871, 13.304620266317785 ], [ -88.002964494823871, 13.318094933942648 ], [ -88.02991383007361, 13.318094933942646 ], [ -88.02991383007361, 13.331569601567512 ], [ -88.016439162448734, 13.331569601567514 ], [ -88.016439162448734, 13.34504426919238 ], [ -88.002964494823871, 13.345044269192378 ], [ -88.002964494823871, 13.358518936817244 ], [ -88.016439162448734, 13.358518936817246 ], [ -88.016439162448734, 13.385468272066973 ] ], [ [ -87.962540491949284, 13.223772260568586 ], [ -87.962540491949284, 13.237246928193448 ], [ -87.976015159574146, 13.237246928193452 ], [ -87.976015159574146, 13.25072159581832 ], [ -87.989489827199009, 13.250721595818323 ], [ -87.989489827199009, 13.223772260568587 ], [ -87.962540491949284, 13.223772260568586 ] ], [ [ -87.976015159574146, 13.398942939691834 ], [ -87.976015159574146, 13.371993604442105 ], [ -87.962540491949284, 13.371993604442107 ], [ -87.962540491949284, 13.398942939691841 ], [ -87.976015159574146, 13.398942939691834 ] ], [ [ -87.989489827199009, 13.358518936817243 ], [ -87.989489827199009, 13.345044269192377 ], [ -87.976015159574146, 13.345044269192373 ], [ -87.976015159574146, 13.358518936817243 ], [ -87.989489827199009, 13.358518936817243 ] ], [ [ -87.895167153824957, 13.318094933942644 ], [ -87.868217818575218, 13.318094933942648 ], [ -87.868217818575218, 13.331569601567516 ], [ -87.895167153824957, 13.331569601567509 ], [ -87.895167153824957, 13.318094933942644 ] ], [ [ -87.922116489074682, 13.318094933942648 ], [ -87.922116489074682, 13.304620266317784 ], [ -87.895167153824957, 13.304620266317778 ], [ -87.895167153824957, 13.318094933942644 ], [ -87.922116489074682, 13.318094933942648 ] ], [ [ -88.124236503447662, 13.210297592943723 ], [ -88.124236503447662, 13.196822925318862 ], [ -88.097287168197937, 13.196822925318861 ], [ -88.097287168197937, 13.210297592943725 ], [ -88.124236503447662, 13.210297592943723 ] ], [ [ -88.08381250057306, 13.196822925318861 ], [ -88.08381250057306, 13.183348257693998 ], [ -88.070337832948198, 13.183348257693989 ], [ -88.070337832948198, 13.196822925318857 ], [ -88.08381250057306, 13.196822925318861 ] ] ] } },
{ "type": "Feature", "properties": { "class_id": 2, "area_m2": 2174561.6547351209, "class_name": "Bajo", "index": "NDVI", "min_value": null, "max_value": null }, "geometry": { "type": "Polygon", "coordinates": [ [ [ -87.760420477576304, 13.371993604442109 ], [ -87.746945809951455, 13.371993604442107 ], [ -87.746945809951455, 13.358518936817244 ], [ -87.760420477576304, 13.358518936817243 ], [ -87.760420477576304, 13.371993604442109 ] ] ] } },
{ "type": "Feature", "properties": { "class_id": 2, "area_m2": 2174456.0594204129, "class_name": "Bajo", "index": "NDVI", "min_value": null, "max_value": null }, "geometry": { "type": "Polygon", "coordinates": [ [ [ -87.760420477576304, 13.371993604442109 ], [ -87.773895145201166, 13.371993604442109 ], [ -87.773895145201166, 13.385468272066969 ], [ -87.760420477576304, 13.385468272066971 ], [ -87.760420477576304, 13.371993604442109 ] ] ] } },
{ "type": "Feature", "properties": { "class_id": 2, "area_m2": 2174345.2928390917, "class_name": "Bajo", "index": "NDVI", "min_value": null, "max_value": null }, "geometry": { "type": "Polygon", "coordinates": [ [ [ -87.895167153824957, 13.412417607316705 ], [ -87.881692486200095, 13.412417607316705 ], [ -87.881692486200095, 13.398942939691844 ], [ -87.895167153824957, 13.398942939691842 ], [ -87.895167153824957, 13.412417607316705 ] ] ] } },
{ "type": "Feature", "properties": { "class_id": 2, "area_m2": 2174167.8242257065, "class_name": "Bajo", "index": "NDVI", "min_value": null, "max_value": null }, "geometry": { "type": "Polygon", "coordinates": [ [ [ -87.841268483325493, 13.425892274941567 ], [ -87.82779381570063, 13.425892274941571 ], [ -87.82779381570063, 13.412417607316703 ], [ -87.841268483325493, 13.412417607316705 ], [ -87.841268483325493, 13.425892274941567 ] ] ] } },
{ "type": "Feature", "properties": { "class_id": 2, "area_m2": 2174211.4056548011, "class_name": "Bajo", "index": "NDVI", "min_value": null, "max_value": null }, "geometry": { "type": "Polygon", "coordinates": [ [ [ -87.881692486200095, 13.425892274941571 ], [ -87.868217818575218, 13.425892274941569 ], [ -87.868217818575218, 13.412417607316703 ], [ -87.881692486200095, 13.412417607316705 ], [ -87.881692486200095, 13.425892274941571 ] ] ] } },
{ "type": "Feature", "properties": { "class_id": 2, "area_m2": 2174406.3565206081, "class_name": "Bajo", "index": "NDVI", "min_value": null, "max_value": null }, "geometry": { "type": "Polygon", "coordinates": [ [ [ -88.043388497698473, 13.425892274941569 ], [ -88.02991383007361, 13.425892274941569 ], [ -88.02991383007361, 13.41241760731671 ], [ -88.043388497698473, 13.412417607316709 ], [ -88.043388497698473, 13.425892274941569 ] ] ] } },
{ "type": "Feature", "properties": { "class_id": 2, "area_m2": 2174077.6348341671, "class_name": "Bajo", "index": "NDVI", "min_value": null, "max_value": null }, "geometry": { "type": "Polygon", "coordinates": [ [ [ -87.868217818575218, 13.439366942566432 ], [ -87.854743150950355, 13.439366942566426 ], [ -87.854743150950355, 13.425892274941567 ], [ -87.868217818575218, 13.425892274941569 ], [ -87.868217818575218, 13.439366942566432 ] ] ] } },
{ "type": "Feature", "properties": { "class_id": 2, "area_m2": 2173915.6229305691, "class_name": "Bajo", "index": "NDVI", "min_value": null, "max_value": null }, "geometry": { "type": "Polygon", "coordinates": [ [ [ -87.82779381570063, 13.452841610191303 ], [ -87.814319148075768, 13.4528416101913 ], [ -87.814319148075768, 13.439366942566435 ], [ -87.82779381570063, 13.439366942566433 ], [ -87.82779381570063, 13.452841610191303 ] ] ] } },
{ "type": "Feature", "properties": { "class_id": 2, "area_m2": 2173943.9802838033, "class_name": "Bajo", "index": "NDVI", "min_value": null, "max_value": null }, "geometry": { "type": "Polygon", "coordinates": [ [ [ -87.841268483325493, 13.452841610191301 ], [ -87.841268483325493, 13.439366942566435 ], [ -87.854743150950355, 13.439366942566426 ], [ -87.854743150950355, 13.452841610191305 ], [ -87.841268483325493, 13.452841610191301 ] ] ] } },
{ "type": "Feature", "properties": { "class_id": 2, "area_m2": 78252812.460772842, "class_name": "Bajo", "index": "NDVI", "min_value": null, "max_value": null }, "geometry": { "type": "Polygon", "coordinates": [ [ [ -87.773895145201166, 13.47979094544103 ], [ -87.773895145201166, 13.506740280690757 ], [ -87.760420477576304, 13.506740280690757 ], [ -87.760420477576304, 13.47979094544103 ], [ -87.719996474701702, 13.47979094544103 ], [ -87.719996474701702, 13.439366942566433 ], [ -87.733471142326565, 13.439366942566437 ], [ -87.733471142326565, 13.425892274941571 ], [ -87.719996474701702, 13.425892274941573 ], [ -87.719996474701702, 13.412417607316705 ], [ -87.733471142326565, 13.412417607316703 ], [ -87.733471142326565, 13.398942939691839 ], [ -87.746945809951455, 13.398942939691839 ], [ -87.746945809951455, 13.425892274941571 ], [ -87.773895145201166, 13.425892274941569 ], [ -87.773895145201166, 13.466316277816166 ], [ -87.800844480450891, 13.466316277816167 ], [ -87.800844480450891, 13.47979094544103 ], [ -87.814319148075768, 13.479790945441028 ], [ -87.814319148075768, 13.466316277816167 ], [ -87.82779381570063, 13.466316277816162 ], [ -87.82779381570063, 13.452841610191303 ], [ -87.841268483325493, 13.452841610191301 ], [ -87.841268483325493, 13.479790945441033 ], [ -87.868217818575218, 13.479790945441035 ], [ -87.868217818575218, 13.50674028069076 ], [ -87.854743150950355, 13.506740280690758 ], [ -87.854743150950355, 13.493265613065899 ], [ -87.841268483325493, 13.493265613065901 ], [ -87.841268483325493, 13.50674028069076 ], [ -87.82779381570063, 13.506740280690758 ], [ -87.82779381570063, 13.52021494831563 ], [ -87.814319148075768, 13.520214948315623 ], [ -87.814319148075768, 13.506740280690764 ], [ -87.800844480450891, 13.506740280690757 ], [ -87.800844480450891, 13.493265613065898 ], [ -87.787369812826029, 13.493265613065898 ], [ -87.787369812826029, 13.47979094544103 ], [ -87.773895145201166, 13.47979094544103 ] ] ] } },
{ "type": "Feature", "properties": { "class_id": 2, "area_m2": 4347977.3369282, "class_name": "Bajo", "index": "NDVI", "min_value": null, "max_value": null }, "geometry": { "type": "Polygon", "coordinates": [ [ [ -88.002964494823871, 13.466316277816162 ], [ -87.976015159574146, 13.466316277816167 ], [ -87.976015159574146, 13.452841610191305 ], [ -88.002964494823871, 13.4528416101913 ], [ -88.002964494823871, 13.466316277816162 ] ] ] } },
{ "type": "Feature", "properties": { "class_id": 2, "area_m2": 2173345.9711612165, "class_name": "Bajo", "index": "NDVI", "min_value": null, "max_value": null }, "geometry": { "type": "Polygon", "coordinates": [ [ [ -87.733471142326565, 13.506740280690762 ], [ -87.719996474701702, 13.506740280690762 ], [ -87.719996474701702, 13.493265613065898 ], [ -87.733471142326565, 13.493265613065898 ], [ -87.733471142326565, 13.506740280690762 ] ] ] } },
{ "type": "Feature", "properties": { "class_id": 2, "area_m2": 2173510.5076543186, "class_name": "Bajo", "index": "NDVI", "min_value": null, "max_value": null }, "geometry": { "type": "Polygon", "coordinates": [ [ [ -87.895167153824957, 13.506740280690757 ], [ -87.881692486200095, 13.506740280690762 ], [ -87.881692486200095, 13.493265613065899 ], [ -87.895167153824957, 13.493265613065898 ], [ -87.895167153824957, 13.506740280690757 ] ] ] } },
{ "type": "Feature", "properties": { "class_id": 2, "area_m2": 2173501.9653323987, "class_name": "Bajo", "index": "NDVI", "min_value": null, "max_value": null }, "geometry": { "type": "Polygon", "coordinates": [ [ [ -87.989489827199009, 13.520214948315626 ], [ -87.976015159574146, 13.520214948315623 ], [ -87.976015159574146, 13.506740280690757 ], [ -87.989489827199009, 13.506740280690758 ], [ -87.989489827199009, 13.520214948315626 ] ] ] } },
{ "type": "Feature", "properties": { "class_id": 2, "area_m2": 2173535.792379031, "class_name": "Bajo", "index": "NDVI", "min_value": null, "max_value": null }, "geometry": { "type": "Polygon", "coordinates": [ [ [ -88.016439162448734, 13.520214948315626 ], [ -88.002964494823871, 13.520214948315628 ], [ -88.002964494823871, 13.506740280690758 ], [ -88.016439162448734, 13.50674028069076 ], [ -88.016439162448734, 13.520214948315626 ] ] ] } },
{ "type": "Feature", "properties": { "class_id": 2, "area_m2": 10865354.098197918, "class_name": "Bajo", "index": "NDVI", "min_value": null, "max_value": null }, "geometry": { "type": "Polygon", "coordinates": [ [ [ -87.814319148075768, 13.547164283565358 ], [ -87.800844480450891, 13.547164283565353 ], [ -87.800844480450891, 13.560638951190223 ], [ -87.787369812826029, 13.560638951190221 ], [ -87.787369812826029, 13.520214948315623 ], [ -87.814319148075768, 13.520214948315623 ], [ -87.814319148075768, 13.547164283565358 ] ] ] } },
{ "type": "Feature", "properties": { "class_id": 2, "area_m2": 2173092.4983275034, "class_name": "Bajo", "index": "NDVI", "min_value": null, "max_value": null }, "geometry": { "type": "Polygon", "coordinates": [ [ [ -87.841268483325493, 13.547164283565353 ], [ -87.82779381570063, 13.547164283565353 ], [ -87.82779381570063, 13.533689615940492 ], [ -87.841268483325493, 13.533689615940492 ], [ -87.841268483325493, 13.547164283565353 ] ] ] } },
{ "type": "Feature", "properties": { "class_id": 2, "area_m2": 36941794.535121247, "class_name": "Bajo", "index": "NDVI", "min_value": null, "max_value": null }, "geometry": { "type": "Polygon", "coordinates": [ [ [ -87.82779381570063, 13.574113618815085 ], [ -87.841268483325493, 13.574113618815087 ], [ -87.841268483325493, 13.547164283565353 ], [ -87.868217818575218, 13.547164283565355 ], [ -87.868217818575218, 13.533689615940492 ], [ -87.881692486200095, 13.533689615940492 ], [ -87.881692486200095, 13.520214948315628 ], [ -87.935591156699559, 13.520214948315626 ], [ -87.935591156699559, 13.547164283565358 ], [ -87.881692486200095, 13.547164283565353 ], [ -87.881692486200095, 13.560638951190217 ], [ -87.868217818575218, 13.560638951190217 ], [ -87.868217818575218, 13.57411361881509 ], [ -87.854743150950355, 13.574113618815085 ], [ -87.854743150950355, 13.587588286439953 ], [ -87.841268483325493, 13.587588286439955 ], [ -87.841268483325493, 13.601062954064817 ], [ -87.82779381570063, 13.601062954064814 ], [ -87.82779381570063, 13.574113618815085 ] ] ] } },
{ "type": "Feature", "properties": { "class_id": 2, "area_m2": 2172797.4430604069, "class_name": "Bajo", "index": "NDVI", "min_value": null, "max_value": null }, "geometry": { "type": "Polygon", "coordinates": [ [ [ -87.787369812826029, 13.574113618815087 ], [ -87.773895145201166, 13.574113618815087 ], [ -87.773895145201166, 13.560638951190219 ], [ -87.787369812826029, 13.560638951190221 ], [ -87.787369812826029, 13.574113618815087 ] ] ] } },
{ "type": "Feature", "properties": { "class_id": 2, "area_m2": 26067427.948435597, "class_name": "Bajo", "index": "NDVI", "min_value": null, "max_value": null }, "geometry": { "type": "Polygon", "coordinates": [ [ [ -87.773895145201166, 13.65496162456428 ], [ -87.746945809951455, 13.654961624564283 ], [ -87.746945809951455, 13.641486956939412 ], [ -87.760420477576304, 13.641486956939413 ], [ -87.760420477576304, 13.614537621689685 ], [ -87.773895145201166, 13.61453762168968 ], [ -87.773895145201166, 13.601062954064815 ], [ -87.800844480450891, 13.601062954064817 ], [ -87.800844480450891, 13.614537621689681 ], [ -87.841268483325493, 13.61453762168968 ], [ -87.841268483325493, 13.628012289314549 ], [ -87.82779381570063, 13.628012289314546 ], [ -87.82779381570063, 13.641486956939413 ], [ -87.814319148075768, 13.641486956939413 ], [ -87.814319148075768, 13.628012289314549 ], [ -87.773895145201166, 13.628012289314549 ], [ -87.773895145201166, 13.65496162456428 ] ] ] } },
{ "type": "Feature", "properties": { "class_id": 2, "area_m2": 171637381.79532781, "class_name": "Bajo", "index": "NDVI", "min_value": null, "max_value": null }, "geometry": { "type": "Polygon", "coordinates": [ [ [ -88.016439162448734, 13.68191095981401 ], [ -88.02991383007361, 13.681910959814013 ], [ -88.02991383007361, 13.66843629218914 ], [ -87.976015159574146, 13.66843629218914 ], [ -87.976015159574146, 13.641486956939413 ], [ -87.949065824324421, 13.641486956939412 ], [ -87.949065824324421, 13.628012289314546 ], [ -87.935591156699559, 13.628012289314551 ], [ -87.935591156699559, 13.614537621689687 ], [ -87.962540491949284, 13.614537621689683 ], [ -87.962540491949284, 13.601062954064819 ], [ -87.976015159574146, 13.601062954064817 ], [ -87.976015159574146, 13.574113618815083 ], [ -87.895167153824957, 13.574113618815085 ], [ -87.895167153824957, 13.560638951190223 ], [ -87.935591156699559, 13.560638951190223 ], [ -87.935591156699559, 13.547164283565358 ], [ -87.949065824324421, 13.547164283565353 ], [ -87.949065824324421, 13.520214948315621 ], [ -87.976015159574146, 13.520214948315623 ], [ -87.976015159574146, 13.547164283565353 ], [ -87.989489827199009, 13.547164283565358 ], [ -87.989489827199009, 13.533689615940494 ], [ -88.016439162448734, 13.533689615940496 ], [ -88.016439162448734, 13.574113618815087 ], [ -88.043388497698473, 13.574113618815085 ], [ -88.043388497698473, 13.587588286439953 ], [ -88.05686316532335, 13.587588286439951 ], [ -88.05686316532335, 13.628012289314546 ], [ -88.070337832948198, 13.628012289314542 ], [ -88.070337832948198, 13.654961624564278 ], [ -88.097287168197937, 13.654961624564276 ], [ -88.097287168197937, 13.68191095981401 ], [ -88.043388497698473, 13.681910959814006 ], [ -88.043388497698473, 13.695385627438876 ], [ -88.02991383007361, 13.695385627438874 ], [ -88.02991383007361, 13.708860295063744 ], [ -88.043388497698473, 13.70886029506374 ], [ -88.043388497698473, 13.722334962688608 ], [ -88.02991383007361, 13.722334962688604 ], [ -88.02991383007361, 13.73580963031347 ], [ -88.002964494823871, 13.735809630313472 ], [ -88.002964494823871, 13.708860295063738 ], [ -88.016439162448734, 13.708860295063745 ], [ -88.016439162448734, 13.68191095981401 ] ], [ [ -88.02991383007361, 13.587588286439953 ], [ -88.02991383007361, 13.601062954064817 ], [ -88.043388497698473, 13.601062954064822 ], [ -88.043388497698473, 13.587588286439953 ], [ -88.02991383007361, 13.587588286439953 ] ], [ [ -88.02991383007361, 13.628012289314549 ], [ -88.02991383007361, 13.641486956939412 ], [ -88.05686316532335, 13.641486956939412 ], [ -88.05686316532335, 13.628012289314546 ], [ -88.02991383007361, 13.628012289314549 ] ], [ [ -88.002964494823871, 13.641486956939413 ], [ -88.002964494823871, 13.65496162456428 ], [ -88.02991383007361, 13.65496162456428 ], [ -88.02991383007361, 13.641486956939412 ], [ -88.002964494823871, 13.641486956939413 ] ], [ [ -88.002964494823871, 13.614537621689683 ], [ -88.002964494823871, 13.601062954064815 ], [ -87.989489827199009, 13.601062954064819 ], [ -87.989489827199009, 13.61453762168968 ], [ -88.002964494823871, 13.614537621689683 ] ], [ [ -88.002964494823871, 13.574113618815089 ], [ -88.002964494823871, 13.560638951190223 ], [ -87.989489827199009, 13.560638951190217 ], [ -87.989489827199009, 13.574113618815087 ], [ -88.002964494823871, 13.574113618815089 ] ] ] } },
{ "type": "Feature", "properties": { "class_id": 2, "area_m2": 2172307.9504176052, "class_name": "Bajo", "index": "NDVI", "min_value": null, "max_value": null }, "geometry": { "type": "Polygon", "coordinates": [ [ [ -87.895167153824957, 13.641486956939415 ], [ -87.881692486200095, 13.641486956939412 ], [ -87.881692486200095, 13.628012289314549 ], [ -87.895167153824957, 13.628012289314542 ], [ -87.895167153824957, 13.641486956939415 ] ] ] } },
{ "type": "Feature", "properties": { "class_id": 2, "area_m2": 2172144.1528578727, "class_name": "Bajo", "index": "NDVI", "min_value": null, "max_value": null }, "geometry": { "type": "Polygon", "coordinates": [ [ [ -87.962540491949284, 13.66843629218914 ], [ -87.949065824324421, 13.66843629218914 ], [ -87.949065824324421, 13.654961624564276 ], [ -87.962540491949284, 13.65496162456428 ], [ -87.962540491949284, 13.66843629218914 ] ] ] } },
{ "type": "Feature", "properties": { "class_id": 2, "area_m2": 4343784.6294782925, "class_name": "Bajo", "index": "NDVI", "min_value": null, "max_value": null }, "geometry": { "type": "Polygon", "coordinates": [ [ [ -87.787369812826029, 13.681910959814006 ], [ -87.773895145201166, 13.681910959814006 ], [ -87.773895145201166, 13.65496162456428 ], [ -87.787369812826029, 13.65496162456428 ], [ -87.787369812826029, 13.681910959814006 ] ] ] } },
{ "type": "Feature", "properties": { "class_id": 2, "area_m2": 2171918.0367665435, "class_name": "Bajo", "index": "NDVI", "min_value": null, "max_value": null }, "geometry": { "type": "Polygon", "coordinates": [ [ [ -87.976015159574146, 13.695385627438879 ], [ -87.962540491949284, 13.695385627438876 ], [ -87.962540491949284, 13.68191095981401 ], [ -87.976015159574146, 13.681910959814008 ], [ -87.976015159574146, 13.695385627438879 ] ] ] } },
{ "type": "Feature", "properties": { "class_id": 2, "area_m2": 82526313.200746968, "class_name": "Bajo", "index": "NDVI", "min_value": null, "max_value": null }, "geometry": { "type": "Polygon", "coordinates": [ [ [ -87.90864182144982, 13.654961624564276 ], [ -87.895167153824957, 13.65496162456428 ], [ -87.895167153824957, 13.641486956939415 ], [ -87.922116489074682, 13.641486956939413 ], [ -87.922116489074682, 13.654961624564283 ], [ -87.935591156699559, 13.654961624564283 ], [ -87.935591156699559, 13.681910959814006 ], [ -87.895167153824957, 13.681910959814006 ], [ -87.895167153824957, 13.695385627438876 ], [ -87.881692486200095, 13.695385627438872 ], [ -87.881692486200095, 13.735809630313472 ], [ -87.895167153824957, 13.735809630313467 ], [ -87.895167153824957, 13.762758965563201 ], [ -87.868217818575218, 13.762758965563201 ], [ -87.868217818575218, 13.722334962688606 ], [ -87.841268483325493, 13.722334962688603 ], [ -87.841268483325493, 13.735809630313467 ], [ -87.800844480450891, 13.735809630313472 ], [ -87.800844480450891, 13.722334962688603 ], [ -87.82779381570063, 13.722334962688599 ], [ -87.82779381570063, 13.695385627438874 ], [ -87.814319148075768, 13.695385627438874 ], [ -87.814319148075768, 13.668436292189138 ], [ -87.82779381570063, 13.66843629218914 ], [ -87.82779381570063, 13.654961624564274 ], [ -87.868217818575218, 13.654961624564283 ], [ -87.868217818575218, 13.668436292189138 ], [ -87.90864182144982, 13.668436292189138 ], [ -87.90864182144982, 13.654961624564276 ] ] ] } },
{ "type": "Feature", "properties": { "class_id": 2, "area_m2": 2171237.7520954353, "class_name": "Bajo", "index": "NDVI", "min_value": null, "max_value": null }, "geometry": { "type": "Polygon", "coordinates": [ [ [ -87.800844480450891, 13.749284297938337 ], [ -87.787369812826029, 13.749284297938337 ], [ -87.787369812826029, 13.735809630313467 ], [ -87.800844480450891, 13.735809630313472 ], [ -87.800844480450891, 13.749284297938337 ] ] ] } },
{ "type": "Feature", "properties": { "class_id": 2, "area_m2": 2171367.964907751, "class_name": "Bajo", "index": "NDVI", "min_value": null, "max_value": null }, "geometry": { "type": "Polygon", "coordinates": [ [ [ -87.922116489074682, 13.749284297938337 ], [ -87.90864182144982, 13.749284297938337 ], [ -87.90864182144982, 13.73580963031347 ], [ -87.922116489074682, 13.735809630313467 ], [ -87.922116489074682, 13.749284297938337 ] ] ] } },
{ "type": "Feature", "properties": { "class_id": 2, "area_m2": 15199329.387794314, "class_name": "Bajo", "index": "NDVI", "min_value": null, "max_value": null }, "geometry": { "type": "Polygon", "coordinates": [ [ [ -87.949065824324421, 13.722334962688606 ], [ -87.962540491949284, 13.722334962688603 ], [ -87.962540491949284, 13.762758965563195 ], [ -87.976015159574146, 13.762758965563197 ], [ -87.976015159574146, 13.776233633188061 ], [ -87.949065824324421, 13.776233633188061 ], [ -87.949065824324421, 13.762758965563203 ], [ -87.935591156699559, 13.762758965563201 ], [ -87.935591156699559, 13.735809630313474 ], [ -87.949065824324421, 13.735809630313467 ], [ -87.949065824324421, 13.722334962688606 ] ] ] } },
{ "type": "Feature", "properties": { "class_id": 2, "area_m2": 4342005.9933642037, "class_name": "Bajo", "index": "NDVI", "min_value": null, "max_value": null }, "geometry": { "type": "Polygon", "coordinates": [ [ [ -87.746945809951455, 13.776233633188067 ], [ -87.733471142326565, 13.776233633188065 ], [ -87.733471142326565, 13.749284297938338 ], [ -87.746945809951455, 13.749284297938331 ], [ -87.746945809951455, 13.776233633188067 ] ] ] } },
{ "type": "Feature", "properties": { "class_id": 2, "area_m2": 2170795.4170917561, "class_name": "Bajo", "index": "NDVI", "min_value": null, "max_value": null }, "geometry": { "type": "Polygon", "coordinates": [ [ [ -87.719996474701702, 13.789708300812929 ], [ -87.70652180707684, 13.789708300812933 ], [ -87.70652180707684, 13.776233633188069 ], [ -87.719996474701702, 13.776233633188067 ], [ -87.719996474701702, 13.789708300812929 ] ] ] } },
{ "type": "Feature", "properties": { "class_id": 2, "area_m2": 2170710.4678760348, "class_name": "Bajo", "index": "NDVI", "min_value": null, "max_value": null }, "geometry": { "type": "Polygon", "coordinates": [ [ [ -87.760420477576304, 13.803182968437797 ], [ -87.746945809951455, 13.803182968437797 ], [ -87.746945809951455, 13.789708300812933 ], [ -87.760420477576304, 13.789708300812933 ], [ -87.760420477576304, 13.803182968437797 ] ] ] } },
{ "type": "Feature", "properties": { "class_id": 2, "area_m2": 13024492.17552012, "class_name": "Bajo", "index": "NDVI", "min_value": null, "max_value": null }, "geometry": { "type": "Polygon", "coordinates": [ [ [ -87.82779381570063, 13.830132303687522 ], [ -87.814319148075768, 13.830132303687522 ], [ -87.814319148075768, 13.776233633188067 ], [ -87.82779381570063, 13.776233633188061 ], [ -87.82779381570063, 13.789708300812928 ], [ -87.854743150950355, 13.789708300812933 ], [ -87.854743150950355, 13.803182968437795 ], [ -87.82779381570063, 13.803182968437797 ], [ -87.82779381570063, 13.830132303687522 ] ] ] } },
{ "type": "Feature", "properties": { "class_id": 2, "area_m2": 32560837.142476302, "class_name": "Bajo", "index": "NDVI", "min_value": null, "max_value": null }, "geometry": { "type": "Polygon", "coordinates": [ [ [ -87.935591156699559, 13.857081638937258 ], [ -87.922116489074682, 13.85708163893726 ], [ -87.922116489074682, 13.843606971312392 ], [ -87.90864182144982, 13.84360697131239 ], [ -87.90864182144982, 13.830132303687527 ], [ -87.922116489074682, 13.830132303687524 ], [ -87.922116489074682, 13.803182968437797 ], [ -87.90864182144982, 13.803182968437795 ], [ -87.90864182144982, 13.77623363318807 ], [ -87.922116489074682, 13.776233633188067 ], [ -87.922116489074682, 13.789708300812933 ], [ -87.976015159574146, 13.789708300812933 ], [ -87.976015159574146, 13.803182968437797 ], [ -87.962540491949284, 13.803182968437795 ], [ -87.962540491949284, 13.83013230368752 ], [ -87.935591156699559, 13.830132303687526 ], [ -87.935591156699559, 13.857081638937258 ] ] ] } },
{ "type": "Feature", "properties": { "class_id": 2, "area_m2": 2170619.7378431861, "class_name": "Bajo", "index": "NDVI", "min_value": null, "max_value": null }, "geometry": { "type": "Polygon", "coordinates": [ [ [ -87.90864182144982, 13.830132303687527 ], [ -87.895167153824957, 13.830132303687524 ], [ -87.895167153824957, 13.816657636062663 ], [ -87.90864182144982, 13.816657636062665 ], [ -87.90864182144982, 13.830132303687527 ] ] ] } },
{ "type": "Feature", "properties": { "class_id": 2, "area_m2": 6509349.2468950814, "class_name": "Bajo", "index": "NDVI", "min_value": null, "max_value": null }, "geometry": { "type": "Polygon", "coordinates": [ [ [ -87.881692486200095, 13.91098030943672 ], [ -87.868217818575218, 13.910980309436724 ], [ -87.868217818575218, 13.924454977061584 ], [ -87.854743150950355, 13.924454977061579 ], [ -87.854743150950355, 13.897505641811851 ], [ -87.881692486200095, 13.897505641811851 ], [ -87.881692486200095, 13.91098030943672 ] ] ] } },
{ "type": "Feature", "properties": { "class_id": 3, "area_m2": 6533049.6869554278, "class_name": "Normal", "index": "NDVI", "min_value": null, "max_value": null }, "geometry": { "type": "Polygon", "coordinates": [ [ [ -89.808569956555814, 13.533689615940492 ], [ -89.822044624180691, 13.533689615940496 ], [ -89.822044624180691, 13.547164283565353 ], [ -89.795095288930952, 13.547164283565353 ], [ -89.795095288930952, 13.520214948315628 ], [ -89.808569956555814, 13.520214948315628 ], [ -89.808569956555814, 13.533689615940492 ] ] ] } },
{ "type": "Feature", "properties": { "class_id": 3, "area_m2": 19595762.164232153, "class_name": "Normal", "index": "NDVI", "min_value": null, "max_value": null }, "geometry": { "type": "Polygon", "coordinates": [ [ [ -89.741196618431488, 13.560638951190223 ], [ -89.673823280307161, 13.560638951190221 ], [ -89.673823280307161, 13.547164283565353 ], [ -89.727721950806625, 13.547164283565355 ], [ -89.727721950806625, 13.533689615940492 ], [ -89.781620621306104, 13.533689615940492 ], [ -89.781620621306104, 13.54716428356536 ], [ -89.741196618431488, 13.547164283565351 ], [ -89.741196618431488, 13.560638951190223 ] ] ] } },
{ "type": "Feature", "properties": { "class_id": 3, "area_m2": 10884559.842717856, "class_name": "Normal", "index": "NDVI", "min_value": null, "max_value": null }, "geometry": { "type": "Polygon", "coordinates": [ [ [ -89.768145953681227, 13.614537621689683 ], [ -89.714247283181763, 13.614537621689685 ], [ -89.714247283181763, 13.601062954064817 ], [ -89.727721950806625, 13.601062954064817 ], [ -89.727721950806625, 13.587588286439949 ], [ -89.741196618431488, 13.587588286439956 ], [ -89.741196618431488, 13.601062954064815 ], [ -89.768145953681227, 13.601062954064822 ], [ -89.768145953681227, 13.614537621689683 ] ] ] } },
{ "type": "Feature", "properties": { "class_id": 3, "area_m2": 2176997.9595300076, "class_name": "Normal", "index": "NDVI", "min_value": null, "max_value": null }, "geometry": { "type": "Polygon", "coordinates": [ [ [ -89.808569956555814, 13.614537621689685 ], [ -89.795095288930952, 13.614537621689676 ], [ -89.795095288930952, 13.601062954064817 ], [ -89.808569956555814, 13.601062954064819 ], [ -89.808569956555814, 13.614537621689685 ] ] ] } },
{ "type": "Feature", "properties": { "class_id": 3, "area_m2": 2176829.0224669245, "class_name": "Normal", "index": "NDVI", "min_value": null, "max_value": null }, "geometry": { "type": "Polygon", "coordinates": [ [ [ -89.795095288930952, 13.628012289314546 ], [ -89.781620621306104, 13.628012289314553 ], [ -89.781620621306104, 13.61453762168968 ], [ -89.795095288930952, 13.614537621689676 ], [ -89.795095288930952, 13.628012289314546 ] ] ] } },
{ "type": "Feature", "properties": { "class_id": 3, "area_m2": 2176924.2752608764, "class_name": "Normal", "index": "NDVI", "min_value": null, "max_value": null }, "geometry": { "type": "Polygon", "coordinates": [ [ [ -89.822044624180691, 13.628012289314549 ], [ -89.808569956555814, 13.628012289314542 ], [ -89.808569956555814, 13.614537621689685 ], [ -89.822044624180691, 13.61453762168968 ], [ -89.822044624180691, 13.628012289314549 ] ] ] } },
{ "type": "Feature", "properties": { "class_id": 3, "area_m2": 6530020.8941783998, "class_name": "Normal", "index": "NDVI", "min_value": null, "max_value": null }, "geometry": { "type": "Polygon", "coordinates": [ [ [ -89.795095288930952, 13.628012289314546 ], [ -89.808569956555814, 13.628012289314542 ], [ -89.808569956555814, 13.654961624564276 ], [ -89.781620621306104, 13.654961624564278 ], [ -89.781620621306104, 13.641486956939413 ], [ -89.795095288930952, 13.641486956939415 ], [ -89.795095288930952, 13.628012289314546 ] ] ] } },
{ "type": "Feature", "properties": { "class_id": 3, "area_m2": 52243092.116098061, "class_name": "Normal", "index": "NDVI", "min_value": null, "max_value": null }, "geometry": { "type": "Polygon", "coordinates": [ [ [ -89.862468627055279, 13.628012289314549 ], [ -89.902892629929894, 13.628012289314549 ], [ -89.902892629929894, 13.641486956939413 ], [ -89.929841965179605, 13.641486956939415 ], [ -89.929841965179605, 13.65496162456428 ], [ -89.902892629929894, 13.654961624564283 ], [ -89.902892629929894, 13.66843629218914 ], [ -89.889417962305018, 13.66843629218914 ], [ -89.889417962305018, 13.654961624564278 ], [ -89.862468627055279, 13.654961624564278 ], [ -89.862468627055279, 13.668436292189144 ], [ -89.875943294680141, 13.66843629218914 ], [ -89.875943294680141, 13.695385627438876 ], [ -89.862468627055279, 13.695385627438874 ], [ -89.862468627055279, 13.68191095981401 ], [ -89.848993959430416, 13.68191095981401 ], [ -89.848993959430416, 13.695385627438871 ], [ -89.822044624180691, 13.695385627438876 ], [ -89.822044624180691, 13.66843629218914 ], [ -89.835519291805554, 13.66843629218914 ], [ -89.835519291805554, 13.641486956939413 ], [ -89.822044624180691, 13.641486956939415 ], [ -89.822044624180691, 13.628012289314549 ], [ -89.835519291805554, 13.628012289314546 ], [ -89.835519291805554, 13.601062954064819 ], [ -89.848993959430416, 13.601062954064815 ], [ -89.848993959430416, 13.641486956939415 ], [ -89.862468627055279, 13.641486956939415 ], [ -89.862468627055279, 13.628012289314549 ] ] ] } },
{ "type": "Feature", "properties": { "class_id": 3, "area_m2": 26116545.301698014, "class_name": "Normal", "index": "NDVI", "min_value": null, "max_value": null }, "geometry": { "type": "Polygon", "coordinates": [ [ [ -89.741196618431488, 13.66843629218914 ], [ -89.754671286056364, 13.668436292189146 ], [ -89.754671286056364, 13.695385627438876 ], [ -89.741196618431488, 13.695385627438876 ], [ -89.741196618431488, 13.681910959814006 ], [ -89.727721950806625, 13.68191095981401 ], [ -89.727721950806625, 13.654961624564283 ], [ -89.714247283181763, 13.65496162456428 ], [ -89.714247283181763, 13.628012289314549 ], [ -89.727721950806625, 13.628012289314546 ], [ -89.727721950806625, 13.641486956939417 ], [ -89.741196618431488, 13.641486956939413 ], [ -89.741196618431488, 13.628012289314549 ], [ -89.781620621306104, 13.628012289314553 ], [ -89.781620621306104, 13.641486956939413 ], [ -89.768145953681227, 13.641486956939413 ], [ -89.768145953681227, 13.65496162456428 ], [ -89.741196618431488, 13.65496162456428 ], [ -89.741196618431488, 13.66843629218914 ] ] ] } },
{ "type": "Feature", "properties": { "class_id": 3, "area_m2": 2176999.0829264326, "class_name": "Normal", "index": "NDVI", "min_value": null, "max_value": null }, "geometry": { "type": "Polygon", "coordinates": [ [ [ -89.943316632804468, 13.668436292189146 ], [ -89.929841965179605, 13.66843629218914 ], [ -89.929841965179605, 13.65496162456428 ], [ -89.943316632804468, 13.65496162456428 ], [ -89.943316632804468, 13.668436292189146 ] ] ] } },
{ "type": "Feature", "properties": { "class_id": 3, "area_m2": 2176003.7967946851, "class_name": "Normal", "index": "NDVI", "min_value": null, "max_value": null }, "geometry": { "type": "Polygon", "coordinates": [ [ [ -89.768145953681227, 13.70886029506374 ], [ -89.754671286056364, 13.708860295063733 ], [ -89.754671286056364, 13.695385627438876 ], [ -89.768145953681227, 13.695385627438874 ], [ -89.768145953681227, 13.70886029506374 ] ] ] } },
{ "type": "Feature", "properties": { "class_id": 3, "area_m2": 4352552.9424888995, "class_name": "Normal", "index": "NDVI", "min_value": null, "max_value": null }, "geometry": { "type": "Polygon", "coordinates": [ [ [ -89.862468627055279, 13.722334962688604 ], [ -89.848993959430416, 13.722334962688606 ], [ -89.848993959430416, 13.695385627438871 ], [ -89.862468627055279, 13.695385627438874 ], [ -89.862468627055279, 13.722334962688604 ] ] ] } },
{ "type": "Feature", "properties": { "class_id": 3, "area_m2": 6529630.033588782, "class_name": "Normal", "index": "NDVI", "min_value": null, "max_value": null }, "geometry": { "type": "Polygon", "coordinates": [ [ [ -89.916367297554743, 13.695385627438876 ], [ -89.943316632804468, 13.695385627438872 ], [ -89.943316632804468, 13.708860295063744 ], [ -89.929841965179605, 13.708860295063738 ], [ -89.929841965179605, 13.722334962688604 ], [ -89.916367297554743, 13.72233496268861 ], [ -89.916367297554743, 13.695385627438876 ] ] ] } },
{ "type": "Feature", "properties": { "class_id": 3, "area_m2": 2176560.4282818651, "class_name": "Normal", "index": "NDVI", "min_value": null, "max_value": null }, "geometry": { "type": "Polygon", "coordinates": [ [ [ -89.943316632804468, 13.708860295063744 ], [ -89.95679130042933, 13.70886029506374 ], [ -89.95679130042933, 13.722334962688604 ], [ -89.943316632804468, 13.722334962688603 ], [ -89.943316632804468, 13.708860295063744 ] ] ] } },
{ "type": "Feature", "properties": { "class_id": 3, "area_m2": 2176190.3758093147, "class_name": "Normal", "index": "NDVI", "min_value": null, "max_value": null }, "geometry": { "type": "Polygon", "coordinates": [ [ [ -89.889417962305018, 13.735809630313469 ], [ -89.875943294680141, 13.735809630313467 ], [ -89.875943294680141, 13.722334962688603 ], [ -89.889417962305018, 13.722334962688606 ], [ -89.889417962305018, 13.735809630313469 ] ] ] } },
{ "type": "Feature", "properties": { "class_id": 3, "area_m2": 2176166.1625855812, "class_name": "Normal", "index": "NDVI", "min_value": null, "max_value": null }, "geometry": { "type": "Polygon", "coordinates": [ [ [ -89.902892629929894, 13.735809630313472 ], [ -89.916367297554743, 13.73580963031347 ], [ -89.916367297554743, 13.749284297938337 ], [ -89.902892629929894, 13.749284297938337 ], [ -89.902892629929894, 13.735809630313472 ] ] ] } },
{ "type": "Feature", "properties": { "class_id": 3, "area_m2": 2176416.0098371152, "class_name": "Normal", "index": "NDVI", "min_value": null, "max_value": null }, "geometry": { "type": "Polygon", "coordinates": [ [ [ -89.970265968054207, 13.735809630313472 ], [ -89.983740635679069, 13.735809630313467 ], [ -89.983740635679069, 13.749284297938335 ], [ -89.970265968054207, 13.749284297938337 ], [ -89.970265968054207, 13.735809630313472 ] ] ] } },
{ "type": "Feature", "properties": { "class_id": 3, "area_m2": 2175847.7863860363, "class_name": "Normal", "index": "NDVI", "min_value": null, "max_value": null }, "geometry": { "type": "Polygon", "coordinates": [ [ [ -89.862468627055279, 13.762758965563199 ], [ -89.848993959430416, 13.762758965563197 ], [ -89.848993959430416, 13.749284297938337 ], [ -89.862468627055279, 13.749284297938337 ], [ -89.862468627055279, 13.762758965563199 ] ] ] } },
{ "type": "Feature", "properties": { "class_id": 3, "area_m2": 4352738.8170662355, "class_name": "Normal", "index": "NDVI", "min_value": null, "max_value": null }, "geometry": { "type": "Polygon", "coordinates": [ [ [ -90.010689970928794, 13.762758965563201 ], [ -89.983740635679069, 13.762758965563197 ], [ -89.983740635679069, 13.749284297938335 ], [ -90.010689970928794, 13.749284297938338 ], [ -90.010689970928794, 13.762758965563201 ] ] ] } },
{ "type": "Feature", "properties": { "class_id": 3, "area_m2": 184980840.33360967, "class_name": "Normal", "index": "NDVI", "min_value": null, "max_value": null }, "geometry": { "type": "Polygon", "coordinates": [ [ [ -90.051113973803396, 13.735809630313467 ], [ -90.064588641428259, 13.735809630313469 ], [ -90.064588641428259, 13.722334962688606 ], [ -90.091537976677984, 13.722334962688606 ], [ -90.091537976677984, 13.735809630313469 ], [ -90.10501264430286, 13.735809630313472 ], [ -90.10501264430286, 13.749284297938337 ], [ -90.064588641428259, 13.74928429793834 ], [ -90.064588641428259, 13.776233633188069 ], [ -90.051113973803396, 13.776233633188061 ], [ -90.051113973803396, 13.789708300812926 ], [ -90.064588641428259, 13.789708300812928 ], [ -90.064588641428259, 13.803182968437797 ], [ -90.078063309053121, 13.803182968437799 ], [ -90.078063309053121, 13.816657636062661 ], [ -90.091537976677984, 13.816657636062663 ], [ -90.091537976677984, 13.830132303687524 ], [ -90.064588641428259, 13.83013230368752 ], [ -90.064588641428259, 13.84360697131239 ], [ -90.091537976677984, 13.84360697131239 ], [ -90.091537976677984, 13.870556306562127 ], [ -90.064588641428259, 13.870556306562124 ], [ -90.064588641428259, 13.88403097418699 ], [ -90.051113973803396, 13.884030974186985 ], [ -90.051113973803396, 13.857081638937263 ], [ -90.024164638553657, 13.857081638937258 ], [ -90.024164638553657, 13.84360697131239 ], [ -90.010689970928794, 13.84360697131239 ], [ -90.010689970928794, 13.830132303687524 ], [ -89.970265968054207, 13.830132303687527 ], [ -89.970265968054207, 13.816657636062667 ], [ -89.95679130042933, 13.816657636062672 ], [ -89.95679130042933, 13.830132303687527 ], [ -89.943316632804468, 13.830132303687522 ], [ -89.943316632804468, 13.816657636062667 ], [ -89.929841965179605, 13.816657636062663 ], [ -89.929841965179605, 13.803182968437797 ], [ -89.916367297554743, 13.803182968437797 ], [ -89.916367297554743, 13.789708300812935 ], [ -89.95679130042933, 13.789708300812933 ], [ -89.95679130042933, 13.762758965563199 ], [ -89.943316632804468, 13.762758965563203 ], [ -89.943316632804468, 13.749284297938337 ], [ -89.970265968054207, 13.749284297938337 ], [ -89.970265968054207, 13.776233633188063 ], [ -89.983740635679069, 13.776233633188061 ], [ -89.983740635679069, 13.803182968437797 ], [ -89.997215303303932, 13.803182968437797 ], [ -89.997215303303932, 13.789708300812929 ], [ -90.010689970928794, 13.789708300812931 ], [ -90.010689970928794, 13.762758965563201 ], [ -90.037639306178534, 13.762758965563203 ], [ -90.037639306178534, 13.749284297938337 ], [ -90.010689970928794, 13.749284297938338 ], [ -90.010689970928794, 13.735809630313476 ], [ -89.997215303303932, 13.735809630313467 ], [ -89.997215303303932, 13.722334962688604 ], [ -89.983740635679069, 13.722334962688603 ], [ -89.983740635679069, 13.70886029506374 ], [ -89.95679130042933, 13.70886029506374 ], [ -89.95679130042933, 13.681910959814013 ], [ -89.943316632804468, 13.681910959814008 ], [ -89.943316632804468, 13.668436292189146 ], [ -89.970265968054207, 13.668436292189142 ], [ -89.970265968054207, 13.681910959814006 ], [ -90.010689970928794, 13.68191095981401 ], [ -90.010689970928794, 13.695385627438876 ], [ -90.037639306178534, 13.695385627438876 ], [ -90.037639306178534, 13.708860295063737 ], [ -90.051113973803396, 13.70886029506374 ], [ -90.051113973803396, 13.735809630313467 ] ], [ [ -89.95679130042933, 13.803182968437799 ], [ -89.970265968054207, 13.803182968437797 ], [ -89.970265968054207, 13.789708300812936 ], [ -89.95679130042933, 13.789708300812933 ], [ -89.95679130042933, 13.803182968437799 ] ], [ [ -90.024164638553657, 13.73580963031347 ], [ -90.024164638553657, 13.70886029506374 ], [ -90.010689970928794, 13.70886029506374 ], [ -90.010689970928794, 13.735809630313476 ], [ -90.024164638553657, 13.73580963031347 ] ] ] } },
{ "type": "Feature", "properties": { "class_id": 3, "area_m2": 6526107.9923694069, "class_name": "Normal", "index": "NDVI", "min_value": null, "max_value": null }, "geometry": { "type": "Polygon", "coordinates": [ [ [ -89.822044624180691, 13.789708300812928 ], [ -89.808569956555814, 13.789708300812929 ], [ -89.808569956555814, 13.803182968437797 ], [ -89.795095288930952, 13.803182968437797 ], [ -89.795095288930952, 13.776233633188065 ], [ -89.822044624180691, 13.776233633188061 ], [ -89.822044624180691, 13.789708300812928 ] ] ] } },
{ "type": "Feature", "properties": { "class_id": 3, "area_m2": 2175527.704933709, "class_name": "Normal", "index": "NDVI", "min_value": null, "max_value": null }, "geometry": { "type": "Polygon", "coordinates": [ [ [ -89.875943294680141, 13.803182968437797 ], [ -89.862468627055279, 13.803182968437797 ], [ -89.862468627055279, 13.789708300812928 ], [ -89.875943294680141, 13.789708300812933 ], [ -89.875943294680141, 13.803182968437797 ] ] ] } },
{ "type": "Feature", "properties": { "class_id": 3, "area_m2": 4352829.4255216029, "class_name": "Normal", "index": "NDVI", "min_value": null, "max_value": null }, "geometry": { "type": "Polygon", "coordinates": [ [ [ -90.118487311927723, 13.803182968437797 ], [ -90.091537976677984, 13.803182968437797 ], [ -90.091537976677984, 13.789708300812928 ], [ -90.118487311927723, 13.789708300812936 ], [ -90.118487311927723, 13.803182968437797 ] ] ] } },
{ "type": "Feature", "properties": { "class_id": 3, "area_m2": 2175116.7516275393, "class_name": "Normal", "index": "NDVI", "min_value": null, "max_value": null }, "geometry": { "type": "Polygon", "coordinates": [ [ [ -89.795095288930952, 13.816657636062658 ], [ -89.781620621306104, 13.816657636062658 ], [ -89.781620621306104, 13.803182968437795 ], [ -89.795095288930952, 13.803182968437797 ], [ -89.795095288930952, 13.816657636062658 ] ] ] } },
{ "type": "Feature", "properties": { "class_id": 3, "area_m2": 6525922.796401062, "class_name": "Normal", "index": "NDVI", "min_value": null, "max_value": null }, "geometry": { "type": "Polygon", "coordinates": [ [ [ -89.848993959430416, 13.830132303687522 ], [ -89.835519291805554, 13.830132303687524 ], [ -89.835519291805554, 13.789708300812933 ], [ -89.848993959430416, 13.789708300812928 ], [ -89.848993959430416, 13.830132303687522 ] ] ] } },
{ "type": "Feature", "properties": { "class_id": 3, "area_m2": 4350807.4874100843, "class_name": "Normal", "index": "NDVI", "min_value": null, "max_value": null }, "geometry": { "type": "Polygon", "coordinates": [ [ [ -89.916367297554743, 13.830132303687526 ], [ -89.889417962305018, 13.830132303687524 ], [ -89.889417962305018, 13.816657636062658 ], [ -89.916367297554743, 13.816657636062663 ], [ -89.916367297554743, 13.830132303687526 ] ] ] } },
{ "type": "Feature", "properties": { "class_id": 3, "area_m2": 2174636.7923583547, "class_name": "Normal", "index": "NDVI", "min_value": null, "max_value": null }, "geometry": { "type": "Polygon", "coordinates": [ [ [ -89.727721950806625, 13.843606971312393 ], [ -89.714247283181763, 13.843606971312393 ], [ -89.714247283181763, 13.830132303687526 ], [ -89.727721950806625, 13.830132303687522 ], [ -89.727721950806625, 13.843606971312393 ] ] ] } },
{ "type": "Feature", "properties": { "class_id": 3, "area_m2": 2174937.6879270263, "class_name": "Normal", "index": "NDVI", "min_value": null, "max_value": null }, "geometry": { "type": "Polygon", "coordinates": [ [ [ -89.848993959430416, 13.857081638937258 ], [ -89.835519291805554, 13.85708163893726 ], [ -89.835519291805554, 13.843606971312392 ], [ -89.848993959430416, 13.843606971312392 ], [ -89.848993959430416, 13.857081638937258 ] ] ] } },
{ "type": "Feature", "properties": { "class_id": 3, "area_m2": 2175034.5002531144, "class_name": "Normal", "index": "NDVI", "min_value": null, "max_value": null }, "geometry": { "type": "Polygon", "coordinates": [ [ [ -89.875943294680141, 13.857081638937258 ], [ -89.862468627055279, 13.857081638937261 ], [ -89.862468627055279, 13.84360697131239 ], [ -89.875943294680141, 13.84360697131239 ], [ -89.875943294680141, 13.857081638937258 ] ] ] } },
{ "type": "Feature", "properties": { "class_id": 3, "area_m2": 2175307.2780992514, "class_name": "Normal", "index": "NDVI", "min_value": null, "max_value": null }, "geometry": { "type": "Polygon", "coordinates": [ [ [ -89.983740635679069, 13.87055630656212 ], [ -89.970265968054207, 13.87055630656212 ], [ -89.970265968054207, 13.85708163893726 ], [ -89.983740635679069, 13.857081638937263 ], [ -89.983740635679069, 13.87055630656212 ] ] ] } },
{ "type": "Feature", "properties": { "class_id": 3, "area_m2": 8698530.3630596474, "class_name": "Normal", "index": "NDVI", "min_value": null, "max_value": null }, "geometry": { "type": "Polygon", "coordinates": [ [ [ -89.822044624180691, 13.884030974186983 ], [ -89.795095288930952, 13.884030974186985 ], [ -89.795095288930952, 13.857081638937258 ], [ -89.822044624180691, 13.85708163893726 ], [ -89.822044624180691, 13.884030974186983 ] ] ] } },
{ "type": "Feature", "properties": { "class_id": 3, "area_m2": 2174738.6840301952, "class_name": "Normal", "index": "NDVI", "min_value": null, "max_value": null }, "geometry": { "type": "Polygon", "coordinates": [ [ [ -89.862468627055279, 13.884030974186986 ], [ -89.848993959430416, 13.884030974186986 ], [ -89.848993959430416, 13.870556306562122 ], [ -89.862468627055279, 13.870556306562118 ], [ -89.862468627055279, 13.884030974186986 ] ] ] } },
{ "type": "Feature", "properties": { "class_id": 3, "area_m2": 23916168.105655242, "class_name": "Normal", "index": "NDVI", "min_value": null, "max_value": null }, "geometry": { "type": "Polygon", "coordinates": [ [ [ -89.687297947932038, 13.870556306562117 ], [ -89.714247283181763, 13.870556306562127 ], [ -89.714247283181763, 13.85708163893726 ], [ -89.727721950806625, 13.857081638937261 ], [ -89.727721950806625, 13.870556306562124 ], [ -89.741196618431488, 13.870556306562122 ], [ -89.741196618431488, 13.88403097418699 ], [ -89.754671286056364, 13.884030974186988 ], [ -89.754671286056364, 13.897505641811854 ], [ -89.727721950806625, 13.897505641811851 ], [ -89.727721950806625, 13.91098030943672 ], [ -89.714247283181763, 13.91098030943672 ], [ -89.714247283181763, 13.897505641811854 ], [ -89.687297947932038, 13.897505641811852 ], [ -89.687297947932038, 13.870556306562117 ] ] ] } },
{ "type": "Feature", "properties": { "class_id": 3, "area_m2": 2174375.8251548894, "class_name": "Normal", "index": "NDVI", "min_value": null, "max_value": null }, "geometry": { "type": "Polygon", "coordinates": [ [ [ -89.781620621306104, 13.88403097418699 ], [ -89.795095288930952, 13.884030974186985 ], [ -89.795095288930952, 13.897505641811852 ], [ -89.781620621306104, 13.897505641811851 ], [ -89.781620621306104, 13.88403097418699 ] ] ] } },
{ "type": "Feature", "properties": { "class_id": 3, "area_m2": 2174518.5566003965, "class_name": "Normal", "index": "NDVI", "min_value": null, "max_value": null }, "geometry": { "type": "Polygon", "coordinates": [ [ [ -89.835519291805554, 13.897505641811851 ], [ -89.822044624180691, 13.897505641811851 ], [ -89.822044624180691, 13.884030974186983 ], [ -89.835519291805554, 13.884030974186985 ], [ -89.835519291805554, 13.897505641811851 ] ] ] } },
{ "type": "Feature", "properties": { "class_id": 3, "area_m2": 4349375.4852084443, "class_name": "Normal", "index": "NDVI", "min_value": null, "max_value": null }, "geometry": { "type": "Polygon", "coordinates": [ [ [ -89.889417962305018, 13.897505641811852 ], [ -89.862468627055279, 13.897505641811854 ], [ -89.862468627055279, 13.884030974186986 ], [ -89.889417962305018, 13.884030974186985 ], [ -89.889417962305018, 13.897505641811852 ] ] ] } },
{ "type": "Feature", "properties": { "class_id": 3, "area_m2": 4349968.4613661887, "class_name": "Normal", "index": "NDVI", "min_value": null, "max_value": null }, "geometry": { "type": "Polygon", "coordinates": [ [ [ -89.970265968054207, 13.897505641811856 ], [ -89.943316632804468, 13.897505641811854 ], [ -89.943316632804468, 13.884030974186986 ], [ -89.970265968054207, 13.884030974186986 ], [ -89.970265968054207, 13.897505641811856 ] ] ] } },
{ "type": "Feature", "properties": { "class_id": 3, "area_m2": 4348933.624179909, "class_name": "Normal", "index": "NDVI", "min_value": null, "max_value": null }, "geometry": { "type": "Polygon", "coordinates": [ [ [ -89.862468627055279, 13.910980309436724 ], [ -89.835519291805554, 13.91098030943672 ], [ -89.835519291805554, 13.897505641811851 ], [ -89.862468627055279, 13.897505641811854 ], [ -89.862468627055279, 13.910980309436724 ] ] ] } },
{ "type": "Feature", "properties": { "class_id": 3, "area_m2": 30450966.298844736, "class_name": "Normal", "index": "NDVI", "min_value": null, "max_value": null }, "geometry": { "type": "Polygon", "coordinates": [ [ [ -90.010689970928794, 13.951404312311311 ], [ -89.997215303303932, 13.951404312311311 ], [ -89.997215303303932, 13.937929644686449 ], [ -89.983740635679069, 13.937929644686445 ], [ -89.983740635679069, 13.897505641811859 ], [ -89.997215303303932, 13.897505641811854 ], [ -89.997215303303932, 13.92445497706159 ], [ -90.010689970928794, 13.924454977061584 ], [ -90.010689970928794, 13.857081638937265 ], [ -90.024164638553657, 13.857081638937258 ], [ -90.024164638553657, 13.87055630656212 ], [ -90.037639306178534, 13.870556306562124 ], [ -90.037639306178534, 13.91098030943672 ], [ -90.024164638553657, 13.91098030943672 ], [ -90.024164638553657, 13.937929644686447 ], [ -90.010689970928794, 13.937929644686449 ], [ -90.010689970928794, 13.951404312311311 ] ] ] } },
{ "type": "Feature", "properties": { "class_id": 3, "area_m2": 2173940.8745506802, "class_name": "Normal", "index": "NDVI", "min_value": null, "max_value": null }, "geometry": { "type": "Polygon", "coordinates": [ [ [ -89.741196618431488, 13.924454977061584 ], [ -89.727721950806625, 13.924454977061584 ], [ -89.727721950806625, 13.91098030943672 ], [ -89.741196618431488, 13.91098030943672 ], [ -89.741196618431488, 13.924454977061584 ] ] ] } },
{ "type": "Feature", "properties": { "class_id": 3, "area_m2": 2174033.9302736423, "class_name": "Normal", "index": "NDVI", "min_value": null, "max_value": null }, "geometry": { "type": "Polygon", "coordinates": [ [ [ -89.768145953681227, 13.924454977061584 ], [ -89.754671286056364, 13.924454977061583 ], [ -89.754671286056364, 13.91098030943672 ], [ -89.768145953681227, 13.91098030943672 ], [ -89.768145953681227, 13.924454977061584 ] ] ] } },
{ "type": "Feature", "properties": { "class_id": 3, "area_m2": 2174242.6746276943, "class_name": "Normal", "index": "NDVI", "min_value": null, "max_value": null }, "geometry": { "type": "Polygon", "coordinates": [ [ [ -89.862468627055279, 13.93792964468645 ], [ -89.848993959430416, 13.93792964468645 ], [ -89.848993959430416, 13.924454977061583 ], [ -89.862468627055279, 13.924454977061584 ], [ -89.862468627055279, 13.93792964468645 ] ] ] } },
{ "type": "Feature", "properties": { "class_id": 3, "area_m2": 2174636.866654797, "class_name": "Normal", "index": "NDVI", "min_value": null, "max_value": null }, "geometry": { "type": "Polygon", "coordinates": [ [ [ -89.970265968054207, 13.937929644686449 ], [ -89.95679130042933, 13.937929644686449 ], [ -89.95679130042933, 13.924454977061584 ], [ -89.970265968054207, 13.924454977061584 ], [ -89.970265968054207, 13.937929644686449 ] ] ] } },
{ "type": "Feature", "properties": { "class_id": 3, "area_m2": 4347789.0370926466, "class_name": "Normal", "index": "NDVI", "min_value": null, "max_value": null }, "geometry": { "type": "Polygon", "coordinates": [ [ [ -89.781620621306104, 13.951404312311311 ], [ -89.768145953681227, 13.951404312311311 ], [ -89.768145953681227, 13.924454977061584 ], [ -89.781620621306104, 13.924454977061588 ], [ -89.781620621306104, 13.951404312311311 ] ] ] } },
{ "type": "Feature", "properties": { "class_id": 3, "area_m2": 2173849.9771113805, "class_name": "Normal", "index": "NDVI", "min_value": null, "max_value": null }, "geometry": { "type": "Polygon", "coordinates": [ [ [ -89.822044624180691, 13.964878979936181 ], [ -89.808569956555814, 13.964878979936183 ], [ -89.808569956555814, 13.951404312311311 ], [ -89.822044624180691, 13.951404312311315 ], [ -89.822044624180691, 13.964878979936181 ] ] ] } },
{ "type": "Feature", "properties": { "class_id": 3, "area_m2": 39126420.87716309, "class_name": "Normal", "index": "NDVI", "min_value": null, "max_value": null }, "geometry": { "type": "Polygon", "coordinates": [ [ [ -89.916367297554743, 14.005302982810774 ], [ -89.902892629929894, 14.005302982810772 ], [ -89.902892629929894, 14.04572698568537 ], [ -89.889417962305018, 14.045726985685366 ], [ -89.889417962305018, 14.032252318060506 ], [ -89.875943294680141, 14.032252318060504 ], [ -89.875943294680141, 14.018777650435641 ], [ -89.848993959430416, 14.018777650435641 ], [ -89.848993959430416, 14.00530298281077 ], [ -89.875943294680141, 14.00530298281077 ], [ -89.875943294680141, 13.991828315185906 ], [ -89.835519291805554, 13.991828315185904 ], [ -89.835519291805554, 13.964878979936181 ], [ -89.875943294680141, 13.964878979936181 ], [ -89.875943294680141, 13.978353647561041 ], [ -89.902892629929894, 13.978353647561038 ], [ -89.902892629929894, 13.991828315185911 ], [ -89.916367297554743, 13.991828315185908 ], [ -89.916367297554743, 14.005302982810774 ] ] ] } },
{ "type": "Feature", "properties": { "class_id": 3, "area_m2": 2173023.6370570543, "class_name": "Normal", "index": "NDVI", "min_value": null, "max_value": null }, "geometry": { "type": "Polygon", "coordinates": [ [ [ -89.835519291805554, 14.059201653310234 ], [ -89.822044624180691, 14.059201653310234 ], [ -89.822044624180691, 14.045726985685365 ], [ -89.835519291805554, 14.045726985685366 ], [ -89.835519291805554, 14.059201653310234 ] ] ] } },
{ "type": "Feature", "properties": { "class_id": 3, "area_m2": 2176636.6764489557, "class_name": "Normal", "index": "NDVI", "min_value": null, "max_value": null }, "geometry": { "type": "Polygon", "coordinates": [ [ [ -89.363905924935267, 13.493265613065901 ], [ -89.350431257310419, 13.493265613065899 ], [ -89.350431257310419, 13.479790945441032 ], [ -89.363905924935267, 13.479790945441032 ], [ -89.363905924935267, 13.493265613065901 ] ] ] } },
{ "type": "Feature", "properties": { "class_id": 3, "area_m2": 10882461.442321667, "class_name": "Normal", "index": "NDVI", "min_value": null, "max_value": null }, "geometry": { "type": "Polygon", "coordinates": [ [ [ -89.404329927809869, 13.520214948315628 ], [ -89.390855260184992, 13.520214948315623 ], [ -89.390855260184992, 13.506740280690758 ], [ -89.363905924935267, 13.506740280690753 ], [ -89.363905924935267, 13.493265613065901 ], [ -89.417804595434731, 13.493265613065899 ], [ -89.417804595434731, 13.50674028069076 ], [ -89.404329927809869, 13.50674028069076 ], [ -89.404329927809869, 13.520214948315628 ] ] ] } },
{ "type": "Feature", "properties": { "class_id": 3, "area_m2": 6530531.5243146531, "class_name": "Normal", "index": "NDVI", "min_value": null, "max_value": null }, "geometry": { "type": "Polygon", "coordinates": [ [ [ -89.49865260118392, 13.520214948315623 ], [ -89.471703265934181, 13.520214948315623 ], [ -89.471703265934181, 13.493265613065898 ], [ -89.485177933559058, 13.493265613065899 ], [ -89.485177933559058, 13.506740280690755 ], [ -89.49865260118392, 13.506740280690762 ], [ -89.49865260118392, 13.520214948315623 ] ] ] } },
{ "type": "Feature", "properties": { "class_id": 3, "area_m2": 2176730.7892982927, "class_name": "Normal", "index": "NDVI", "min_value": null, "max_value": null }, "geometry": { "type": "Polygon", "coordinates": [ [ [ -89.512127268808783, 13.533689615940496 ], [ -89.49865260118392, 13.533689615940492 ], [ -89.49865260118392, 13.520214948315623 ], [ -89.512127268808783, 13.520214948315628 ], [ -89.512127268808783, 13.533689615940496 ] ] ] } },
{ "type": "Feature", "properties": { "class_id": 3, "area_m2": 2177168.434472383, "class_name": "Normal", "index": "NDVI", "min_value": null, "max_value": null }, "geometry": { "type": "Polygon", "coordinates": [ [ [ -89.646873945057436, 13.533689615940494 ], [ -89.633399277432574, 13.533689615940492 ], [ -89.633399277432574, 13.520214948315623 ], [ -89.646873945057436, 13.520214948315626 ], [ -89.646873945057436, 13.533689615940494 ] ] ] } },
{ "type": "Feature", "properties": { "class_id": 3, "area_m2": 119712947.97571932, "class_name": "Normal", "index": "NDVI", "min_value": null, "max_value": null }, "geometry": { "type": "Polygon", "coordinates": [ [ [ -89.525601936433645, 13.547164283565349 ], [ -89.525601936433645, 13.53368961594049 ], [ -89.539076604058522, 13.533689615940492 ], [ -89.539076604058522, 13.506740280690762 ], [ -89.579500606933109, 13.506740280690762 ], [ -89.579500606933109, 13.520214948315623 ], [ -89.619924609807711, 13.520214948315623 ], [ -89.619924609807711, 13.533689615940492 ], [ -89.606449942182834, 13.533689615940492 ], [ -89.606449942182834, 13.547164283565355 ], [ -89.646873945057436, 13.547164283565358 ], [ -89.646873945057436, 13.560638951190217 ], [ -89.660348612682313, 13.560638951190219 ], [ -89.660348612682313, 13.574113618815085 ], [ -89.646873945057436, 13.574113618815089 ], [ -89.646873945057436, 13.587588286439953 ], [ -89.633399277432574, 13.587588286439953 ], [ -89.633399277432574, 13.601062954064822 ], [ -89.619924609807711, 13.601062954064817 ], [ -89.619924609807711, 13.61453762168968 ], [ -89.606449942182834, 13.614537621689685 ], [ -89.606449942182834, 13.587588286439953 ], [ -89.592975274557972, 13.587588286439955 ], [ -89.592975274557972, 13.560638951190217 ], [ -89.579500606933109, 13.560638951190215 ], [ -89.579500606933109, 13.57411361881509 ], [ -89.566025939308247, 13.574113618815085 ], [ -89.566025939308247, 13.601062954064819 ], [ -89.552551271683384, 13.601062954064822 ], [ -89.552551271683384, 13.587588286439953 ], [ -89.539076604058522, 13.587588286439953 ], [ -89.539076604058522, 13.614537621689683 ], [ -89.512127268808783, 13.61453762168968 ], [ -89.512127268808783, 13.57411361881509 ], [ -89.49865260118392, 13.574113618815083 ], [ -89.49865260118392, 13.587588286439949 ], [ -89.471703265934181, 13.587588286439949 ], [ -89.471703265934181, 13.560638951190215 ], [ -89.49865260118392, 13.560638951190223 ], [ -89.49865260118392, 13.547164283565358 ], [ -89.525601936433645, 13.547164283565349 ] ], [ [ -89.579500606933109, 13.54716428356536 ], [ -89.566025939308247, 13.547164283565357 ], [ -89.566025939308247, 13.560638951190217 ], [ -89.579500606933109, 13.560638951190215 ], [ -89.579500606933109, 13.54716428356536 ] ], [ [ -89.566025939308247, 13.533689615940492 ], [ -89.566025939308247, 13.520214948315626 ], [ -89.552551271683384, 13.520214948315623 ], [ -89.552551271683384, 13.533689615940496 ], [ -89.566025939308247, 13.533689615940492 ] ] ] } },
{ "type": "Feature", "properties": { "class_id": 3, "area_m2": 110968127.81527907, "class_name": "Normal", "index": "NDVI", "min_value": null, "max_value": null }, "geometry": { "type": "Polygon", "coordinates": [ [ [ -89.458228598309319, 13.65496162456428 ], [ -89.458228598309319, 13.641486956939412 ], [ -89.377380592560129, 13.641486956939412 ], [ -89.377380592560129, 13.628012289314546 ], [ -89.363905924935267, 13.628012289314547 ], [ -89.363905924935267, 13.614537621689685 ], [ -89.323481922060665, 13.614537621689685 ], [ -89.323481922060665, 13.587588286439953 ], [ -89.310007254435803, 13.587588286439958 ], [ -89.310007254435803, 13.560638951190219 ], [ -89.323481922060665, 13.560638951190217 ], [ -89.323481922060665, 13.574113618815089 ], [ -89.336956589685542, 13.574113618815083 ], [ -89.336956589685542, 13.587588286439953 ], [ -89.363905924935267, 13.587588286439955 ], [ -89.363905924935267, 13.601062954064819 ], [ -89.390855260184992, 13.601062954064819 ], [ -89.390855260184992, 13.587588286439953 ], [ -89.377380592560129, 13.587588286439953 ], [ -89.377380592560129, 13.54716428356536 ], [ -89.390855260184992, 13.547164283565358 ], [ -89.390855260184992, 13.533689615940492 ], [ -89.444753930684456, 13.533689615940492 ], [ -89.444753930684456, 13.547164283565353 ], [ -89.458228598309319, 13.547164283565358 ], [ -89.458228598309319, 13.560638951190219 ], [ -89.431279263059594, 13.560638951190219 ], [ -89.431279263059594, 13.574113618815083 ], [ -89.458228598309319, 13.574113618815089 ], [ -89.458228598309319, 13.587588286439956 ], [ -89.444753930684456, 13.587588286439953 ], [ -89.444753930684456, 13.601062954064822 ], [ -89.458228598309319, 13.601062954064819 ], [ -89.458228598309319, 13.628012289314549 ], [ -89.471703265934181, 13.628012289314549 ], [ -89.471703265934181, 13.654961624564274 ], [ -89.458228598309319, 13.65496162456428 ] ], [ [ -89.390855260184992, 13.560638951190219 ], [ -89.417804595434731, 13.560638951190217 ], [ -89.417804595434731, 13.547164283565353 ], [ -89.390855260184992, 13.547164283565358 ], [ -89.390855260184992, 13.560638951190219 ] ], [ [ -89.431279263059594, 13.628012289314549 ], [ -89.431279263059594, 13.614537621689683 ], [ -89.417804595434731, 13.614537621689681 ], [ -89.417804595434731, 13.628012289314546 ], [ -89.431279263059594, 13.628012289314549 ] ], [ [ -89.404329927809869, 13.628012289314546 ], [ -89.404329927809869, 13.614537621689681 ], [ -89.390855260184992, 13.614537621689685 ], [ -89.390855260184992, 13.628012289314549 ], [ -89.404329927809869, 13.628012289314546 ] ] ] } },
{ "type": "Feature", "properties": { "class_id": 3, "area_m2": 13060077.903576363, "class_name": "Normal", "index": "NDVI", "min_value": null, "max_value": null }, "geometry": { "type": "Polygon", "coordinates": [ [ [ -89.7007726155569, 13.614537621689683 ], [ -89.673823280307161, 13.61453762168968 ], [ -89.673823280307161, 13.601062954064819 ], [ -89.660348612682313, 13.601062954064815 ], [ -89.660348612682313, 13.574113618815085 ], [ -89.673823280307161, 13.574113618815092 ], [ -89.673823280307161, 13.587588286439956 ], [ -89.7007726155569, 13.587588286439953 ], [ -89.7007726155569, 13.614537621689683 ] ] ] } },
{ "type": "Feature", "properties": { "class_id": 3, "area_m2": 2176548.792566068, "class_name": "Normal", "index": "NDVI", "min_value": null, "max_value": null }, "geometry": { "type": "Polygon", "coordinates": [ [ [ -89.714247283181763, 13.628012289314549 ], [ -89.7007726155569, 13.628012289314547 ], [ -89.7007726155569, 13.614537621689683 ], [ -89.714247283181763, 13.614537621689685 ], [ -89.714247283181763, 13.628012289314549 ] ] ] } },
{ "type": "Feature", "properties": { "class_id": 3, "area_m2": 4352089.2409359626, "class_name": "Normal", "index": "NDVI", "min_value": null, "max_value": null }, "geometry": { "type": "Polygon", "coordinates": [ [ [ -89.606449942182834, 13.641486956939413 ], [ -89.579500606933109, 13.641486956939413 ], [ -89.579500606933109, 13.628012289314549 ], [ -89.606449942182834, 13.628012289314546 ], [ -89.606449942182834, 13.641486956939413 ] ] ] } },
{ "type": "Feature", "properties": { "class_id": 3, "area_m2": 2176168.7385334186, "class_name": "Normal", "index": "NDVI", "min_value": null, "max_value": null }, "geometry": { "type": "Polygon", "coordinates": [ [ [ -89.673823280307161, 13.65496162456428 ], [ -89.660348612682313, 13.654961624564278 ], [ -89.660348612682313, 13.641486956939413 ], [ -89.673823280307161, 13.641486956939413 ], [ -89.673823280307161, 13.65496162456428 ] ] ] } },
{ "type": "Feature", "properties": { "class_id": 3, "area_m2": 4350278.8406444844, "class_name": "Normal", "index": "NDVI", "min_value": null, "max_value": null }, "geometry": { "type": "Polygon", "coordinates": [ [ [ -89.525601936433645, 13.708860295063738 ], [ -89.552551271683384, 13.708860295063744 ], [ -89.552551271683384, 13.722334962688604 ], [ -89.525601936433645, 13.722334962688603 ], [ -89.525601936433645, 13.708860295063738 ] ] ] } },
{ "type": "Feature", "properties": { "class_id": 3, "area_m2": 2174497.2897362877, "class_name": "Normal", "index": "NDVI", "min_value": null, "max_value": null }, "geometry": { "type": "Polygon", "coordinates": [ [ [ -89.444753930684456, 13.749284297938337 ], [ -89.458228598309319, 13.749284297938337 ], [ -89.458228598309319, 13.762758965563203 ], [ -89.444753930684456, 13.762758965563199 ], [ -89.444753930684456, 13.749284297938337 ] ] ] } },
{ "type": "Feature", "properties": { "class_id": 3, "area_m2": 2174623.0356944334, "class_name": "Normal", "index": "NDVI", "min_value": null, "max_value": null }, "geometry": { "type": "Polygon", "coordinates": [ [ [ -89.49865260118392, 13.74928429793834 ], [ -89.49865260118392, 13.762758965563195 ], [ -89.485177933559058, 13.762758965563203 ], [ -89.485177933559058, 13.749284297938337 ], [ -89.49865260118392, 13.74928429793834 ] ] ] } },
{ "type": "Feature", "properties": { "class_id": 3, "area_m2": 8698818.6181653216, "class_name": "Normal", "index": "NDVI", "min_value": null, "max_value": null }, "geometry": { "type": "Polygon", "coordinates": [ [ [ -89.512127268808783, 13.776233633188063 ], [ -89.512127268808783, 13.749284297938333 ], [ -89.49865260118392, 13.74928429793834 ], [ -89.49865260118392, 13.735809630313472 ], [ -89.525601936433645, 13.735809630313469 ], [ -89.525601936433645, 13.776233633188063 ], [ -89.512127268808783, 13.776233633188063 ] ] ] } },
{ "type": "Feature", "properties": { "class_id": 3, "area_m2": 626226708.61305225, "class_name": "Normal", "index": "NDVI", "min_value": null, "max_value": null }, "geometry": { "type": "Polygon", "coordinates": [ [ [ -89.741196618431488, 13.816657636062663 ], [ -89.687297947932038, 13.816657636062665 ], [ -89.687297947932038, 13.803182968437797 ], [ -89.673823280307161, 13.803182968437797 ], [ -89.673823280307161, 13.789708300812933 ], [ -89.660348612682313, 13.789708300812931 ], [ -89.660348612682313, 13.803182968437797 ], [ -89.592975274557972, 13.803182968437797 ], [ -89.592975274557972, 13.81665763606266 ], [ -89.579500606933109, 13.816657636062665 ], [ -89.579500606933109, 13.803182968437797 ], [ -89.49865260118392, 13.803182968437797 ], [ -89.49865260118392, 13.816657636062663 ], [ -89.485177933559058, 13.816657636062658 ], [ -89.485177933559058, 13.830132303687526 ], [ -89.458228598309319, 13.830132303687524 ], [ -89.458228598309319, 13.816657636062661 ], [ -89.431279263059594, 13.816657636062661 ], [ -89.431279263059594, 13.830132303687527 ], [ -89.404329927809869, 13.830132303687524 ], [ -89.404329927809869, 13.85708163893726 ], [ -89.390855260184992, 13.857081638937258 ], [ -89.390855260184992, 13.897505641811854 ], [ -89.363905924935267, 13.897505641811854 ], [ -89.363905924935267, 13.910980309436717 ], [ -89.377380592560129, 13.91098030943672 ], [ -89.377380592560129, 13.924454977061588 ], [ -89.404329927809869, 13.924454977061584 ], [ -89.404329927809869, 13.937929644686449 ], [ -89.377380592560129, 13.937929644686447 ], [ -89.377380592560129, 13.951404312311311 ], [ -89.363905924935267, 13.951404312311311 ], [ -89.363905924935267, 13.964878979936181 ], [ -89.350431257310419, 13.964878979936179 ], [ -89.350431257310419, 13.951404312311309 ], [ -89.310007254435803, 13.951404312311315 ], [ -89.310007254435803, 13.93792964468645 ], [ -89.29653258681094, 13.937929644686445 ], [ -89.29653258681094, 13.91098030943672 ], [ -89.283057919186078, 13.91098030943672 ], [ -89.283057919186078, 13.884030974186985 ], [ -89.256108583936339, 13.88403097418699 ], [ -89.256108583936339, 13.870556306562122 ], [ -89.242633916311476, 13.870556306562124 ], [ -89.242633916311476, 13.857081638937258 ], [ -89.229159248686628, 13.857081638937261 ], [ -89.229159248686628, 13.84360697131239 ], [ -89.188735245812012, 13.843606971312393 ], [ -89.188735245812012, 13.830132303687522 ], [ -89.229159248686628, 13.830132303687524 ], [ -89.229159248686628, 13.803182968437797 ], [ -89.242633916311476, 13.803182968437795 ], [ -89.242633916311476, 13.81665763606266 ], [ -89.269583251561215, 13.816657636062661 ], [ -89.269583251561215, 13.83013230368752 ], [ -89.283057919186078, 13.830132303687522 ], [ -89.283057919186078, 13.843606971312386 ], [ -89.269583251561215, 13.843606971312386 ], [ -89.269583251561215, 13.857081638937258 ], [ -89.29653258681094, 13.85708163893726 ], [ -89.29653258681094, 13.870556306562124 ], [ -89.323481922060665, 13.870556306562124 ], [ -89.323481922060665, 13.88403097418699 ], [ -89.350431257310419, 13.884030974186988 ], [ -89.350431257310419, 13.870556306562117 ], [ -89.336956589685542, 13.870556306562127 ], [ -89.336956589685542, 13.857081638937265 ], [ -89.363905924935267, 13.85708163893726 ], [ -89.363905924935267, 13.843606971312393 ], [ -89.336956589685542, 13.84360697131239 ], [ -89.336956589685542, 13.776233633188067 ], [ -89.323481922060665, 13.776233633188063 ], [ -89.323481922060665, 13.762758965563201 ], [ -89.350431257310419, 13.762758965563199 ], [ -89.350431257310419, 13.776233633188067 ], [ -89.363905924935267, 13.776233633188061 ], [ -89.363905924935267, 13.749284297938335 ], [ -89.336956589685542, 13.749284297938337 ], [ -89.336956589685542, 13.70886029506374 ], [ -89.363905924935267, 13.708860295063744 ], [ -89.363905924935267, 13.681910959814013 ], [ -89.377380592560129, 13.681910959814008 ], [ -89.377380592560129, 13.708860295063744 ], [ -89.390855260184992, 13.70886029506374 ], [ -89.390855260184992, 13.722334962688606 ], [ -89.431279263059594, 13.722334962688603 ], [ -89.431279263059594, 13.708860295063744 ], [ -89.458228598309319, 13.70886029506374 ], [ -89.458228598309319, 13.722334962688603 ], [ -89.444753930684456, 13.722334962688606 ], [ -89.444753930684456, 13.735809630313469 ], [ -89.431279263059594, 13.735809630313469 ], [ -89.431279263059594, 13.762758965563203 ], [ -89.444753930684456, 13.762758965563199 ], [ -89.444753930684456, 13.776233633188061 ], [ -89.471703265934181, 13.776233633188065 ], [ -89.471703265934181, 13.803182968437794 ], [ -89.485177933559058, 13.803182968437797 ], [ -89.485177933559058, 13.789708300812928 ], [ -89.552551271683384, 13.789708300812933 ], [ -89.552551271683384, 13.762758965563197 ], [ -89.539076604058522, 13.762758965563201 ], [ -89.539076604058522, 13.749284297938338 ], [ -89.579500606933109, 13.74928429793834 ], [ -89.579500606933109, 13.722334962688606 ], [ -89.606449942182834, 13.722334962688606 ], [ -89.606449942182834, 13.708860295063738 ], [ -89.579500606933109, 13.70886029506374 ], [ -89.579500606933109, 13.695385627438876 ], [ -89.592975274557972, 13.695385627438876 ], [ -89.592975274557972, 13.681910959814013 ], [ -89.606449942182834, 13.681910959814008 ], [ -89.606449942182834, 13.65496162456428 ], [ -89.619924609807711, 13.654961624564283 ], [ -89.619924609807711, 13.61453762168968 ], [ -89.633399277432574, 13.61453762168968 ], [ -89.633399277432574, 13.654961624564283 ], [ -89.660348612682313, 13.654961624564278 ], [ -89.660348612682313, 13.66843629218914 ], [ -89.687297947932038, 13.668436292189144 ], [ -89.687297947932038, 13.695385627438876 ], [ -89.714247283181763, 13.695385627438874 ], [ -89.714247283181763, 13.68191095981401 ], [ -89.727721950806625, 13.68191095981401 ], [ -89.727721950806625, 13.695385627438874 ], [ -89.741196618431488, 13.695385627438876 ], [ -89.741196618431488, 13.722334962688604 ], [ -89.768145953681227, 13.722334962688603 ], [ -89.768145953681227, 13.70886029506374 ], [ -89.795095288930952, 13.70886029506374 ], [ -89.795095288930952, 13.735809630313467 ], [ -89.781620621306104, 13.735809630313469 ], [ -89.781620621306104, 13.749284297938337 ], [ -89.822044624180691, 13.74928429793834 ], [ -89.822044624180691, 13.762758965563203 ], [ -89.795095288930952, 13.762758965563199 ], [ -89.795095288930952, 13.776233633188065 ], [ -89.768145953681227, 13.77623363318807 ], [ -89.768145953681227, 13.789708300812929 ], [ -89.754671286056364, 13.789708300812933 ], [ -89.754671286056364, 13.830132303687527 ], [ -89.741196618431488, 13.830132303687522 ], [ -89.741196618431488, 13.816657636062663 ] ], [ [ -89.714247283181763, 13.722334962688603 ], [ -89.714247283181763, 13.73580963031347 ], [ -89.687297947932038, 13.735809630313469 ], [ -89.687297947932038, 13.749284297938337 ], [ -89.673823280307161, 13.749284297938337 ], [ -89.673823280307161, 13.762758965563197 ], [ -89.7007726155569, 13.762758965563203 ], [ -89.7007726155569, 13.749284297938337 ], [ -89.727721950806625, 13.749284297938335 ], [ -89.727721950806625, 13.762758965563203 ], [ -89.768145953681227, 13.762758965563204 ], [ -89.768145953681227, 13.749284297938337 ], [ -89.754671286056364, 13.749284297938329 ], [ -89.754671286056364, 13.735809630313472 ], [ -89.741196618431488, 13.735809630313469 ], [ -89.741196618431488, 13.722334962688604 ], [ -89.714247283181763, 13.722334962688603 ] ], [ [ -89.714247283181763, 13.708860295063744 ], [ -89.7007726155569, 13.708860295063738 ], [ -89.7007726155569, 13.722334962688603 ], [ -89.714247283181763, 13.722334962688603 ], [ -89.714247283181763, 13.708860295063744 ] ], [ [ -89.646873945057436, 13.735809630313469 ], [ -89.646873945057436, 13.708860295063735 ], [ -89.633399277432574, 13.70886029506374 ], [ -89.633399277432574, 13.735809630313469 ], [ -89.646873945057436, 13.735809630313469 ] ], [ [ -89.619924609807711, 13.68191095981401 ], [ -89.619924609807711, 13.695385627438876 ], [ -89.646873945057436, 13.695385627438876 ], [ -89.646873945057436, 13.66843629218914 ], [ -89.633399277432574, 13.668436292189146 ], [ -89.633399277432574, 13.681910959814006 ], [ -89.619924609807711, 13.68191095981401 ] ] ] } },
{ "type": "Feature", "properties": { "class_id": 3, "area_m2": 2174179.8368528243, "class_name": "Normal", "index": "NDVI", "min_value": null, "max_value": null }, "geometry": { "type": "Polygon", "coordinates": [ [ [ -89.552551271683384, 13.830132303687524 ], [ -89.539076604058522, 13.830132303687524 ], [ -89.539076604058522, 13.816657636062661 ], [ -89.552551271683384, 13.81665763606266 ], [ -89.552551271683384, 13.830132303687524 ] ] ] } },
{ "type": "Feature", "properties": { "class_id": 3, "area_m2": 2173595.7117800503, "class_name": "Normal", "index": "NDVI", "min_value": null, "max_value": null }, "geometry": { "type": "Polygon", "coordinates": [ [ [ -89.444753930684456, 13.85708163893726 ], [ -89.431279263059594, 13.857081638937258 ], [ -89.431279263059594, 13.84360697131239 ], [ -89.444753930684456, 13.843606971312388 ], [ -89.444753930684456, 13.85708163893726 ] ] ] } },
{ "type": "Feature", "properties": { "class_id": 3, "area_m2": 2173720.6177437557, "class_name": "Normal", "index": "NDVI", "min_value": null, "max_value": null }, "geometry": { "type": "Polygon", "coordinates": [ [ [ -89.485177933559058, 13.857081638937258 ], [ -89.471703265934181, 13.857081638937258 ], [ -89.471703265934181, 13.843606971312388 ], [ -89.485177933559058, 13.84360697131239 ], [ -89.485177933559058, 13.857081638937258 ] ] ] } },
{ "type": "Feature", "properties": { "class_id": 3, "area_m2": 2173933.3801929667, "class_name": "Normal", "index": "NDVI", "min_value": null, "max_value": null }, "geometry": { "type": "Polygon", "coordinates": [ [ [ -89.552551271683384, 13.85708163893726 ], [ -89.539076604058522, 13.857081638937267 ], [ -89.539076604058522, 13.84360697131239 ], [ -89.552551271683384, 13.84360697131239 ], [ -89.552551271683384, 13.85708163893726 ] ] ] } },
{ "type": "Feature", "properties": { "class_id": 3, "area_m2": 2173724.1966223586, "class_name": "Normal", "index": "NDVI", "min_value": null, "max_value": null }, "geometry": { "type": "Polygon", "coordinates": [ [ [ -89.512127268808783, 13.857081638937261 ], [ -89.525601936433645, 13.857081638937258 ], [ -89.525601936433645, 13.87055630656212 ], [ -89.512127268808783, 13.870556306562124 ], [ -89.512127268808783, 13.857081638937261 ] ] ] } },
{ "type": "Feature", "properties": { "class_id": 3, "area_m2": 2174072.813296956, "class_name": "Normal", "index": "NDVI", "min_value": null, "max_value": null }, "geometry": { "type": "Polygon", "coordinates": [ [ [ -89.619924609807711, 13.857081638937258 ], [ -89.633399277432574, 13.857081638937256 ], [ -89.633399277432574, 13.870556306562124 ], [ -89.619924609807711, 13.870556306562122 ], [ -89.619924609807711, 13.857081638937258 ] ] ] } },
{ "type": "Feature", "properties": { "class_id": 3, "area_m2": 6521317.9860681836, "class_name": "Normal", "index": "NDVI", "min_value": null, "max_value": null }, "geometry": { "type": "Polygon", "coordinates": [ [ [ -89.552551271683384, 13.85708163893726 ], [ -89.566025939308247, 13.857081638937261 ], [ -89.566025939308247, 13.88403097418699 ], [ -89.539076604058522, 13.884030974186985 ], [ -89.539076604058522, 13.870556306562122 ], [ -89.552551271683384, 13.870556306562124 ], [ -89.552551271683384, 13.85708163893726 ] ] ] } },
{ "type": "Feature", "properties": { "class_id": 3, "area_m2": 2173960.0260989182, "class_name": "Normal", "index": "NDVI", "min_value": null, "max_value": null }, "geometry": { "type": "Polygon", "coordinates": [ [ [ -89.673823280307161, 13.897505641811854 ], [ -89.660348612682313, 13.897505641811851 ], [ -89.660348612682313, 13.88403097418699 ], [ -89.673823280307161, 13.884030974186985 ], [ -89.673823280307161, 13.897505641811854 ] ] ] } },
{ "type": "Feature", "properties": { "class_id": 3, "area_m2": 4347350.2634572713, "class_name": "Normal", "index": "NDVI", "min_value": null, "max_value": null }, "geometry": { "type": "Polygon", "coordinates": [ [ [ -89.606449942182834, 13.91098030943672 ], [ -89.592975274557972, 13.91098030943672 ], [ -89.592975274557972, 13.88403097418699 ], [ -89.606449942182834, 13.884030974186985 ], [ -89.606449942182834, 13.91098030943672 ] ] ] } },
{ "type": "Feature", "properties": { "class_id": 3, "area_m2": 2173268.4996445691, "class_name": "Normal", "index": "NDVI", "min_value": null, "max_value": null }, "geometry": { "type": "Polygon", "coordinates": [ [ [ -89.49865260118392, 13.910980309436722 ], [ -89.485177933559058, 13.91098030943672 ], [ -89.485177933559058, 13.897505641811851 ], [ -89.49865260118392, 13.897505641811854 ], [ -89.49865260118392, 13.910980309436722 ] ] ] } },
{ "type": "Feature", "properties": { "class_id": 3, "area_m2": 19562112.430102117, "class_name": "Normal", "index": "NDVI", "min_value": null, "max_value": null }, "geometry": { "type": "Polygon", "coordinates": [ [ [ -89.619924609807711, 13.910980309436722 ], [ -89.633399277432574, 13.91098030943672 ], [ -89.633399277432574, 13.897505641811854 ], [ -89.646873945057436, 13.897505641811851 ], [ -89.646873945057436, 13.910980309436724 ], [ -89.660348612682313, 13.910980309436722 ], [ -89.660348612682313, 13.937929644686449 ], [ -89.673823280307161, 13.937929644686447 ], [ -89.673823280307161, 13.951404312311315 ], [ -89.646873945057436, 13.951404312311308 ], [ -89.646873945057436, 13.93792964468645 ], [ -89.619924609807711, 13.937929644686452 ], [ -89.619924609807711, 13.910980309436722 ] ] ] } },
{ "type": "Feature", "properties": { "class_id": 3, "area_m2": 6521416.220750872, "class_name": "Normal", "index": "NDVI", "min_value": null, "max_value": null }, "geometry": { "type": "Polygon", "coordinates": [ [ [ -89.714247283181763, 13.924454977061584 ], [ -89.727721950806625, 13.924454977061584 ], [ -89.727721950806625, 13.93792964468645 ], [ -89.7007726155569, 13.937929644686449 ], [ -89.7007726155569, 13.91098030943672 ], [ -89.714247283181763, 13.91098030943672 ], [ -89.714247283181763, 13.924454977061584 ] ] ] } },
{ "type": "Feature", "properties": { "class_id": 3, "area_m2": 2172896.600905282, "class_name": "Normal", "index": "NDVI", "min_value": null, "max_value": null }, "geometry": { "type": "Polygon", "coordinates": [ [ [ -89.49865260118392, 13.951404312311315 ], [ -89.485177933559058, 13.951404312311313 ], [ -89.485177933559058, 13.937929644686447 ], [ -89.49865260118392, 13.937929644686449 ], [ -89.49865260118392, 13.951404312311315 ] ] ] } },
{ "type": "Feature", "properties": { "class_id": 3, "area_m2": 2173029.4188041743, "class_name": "Normal", "index": "NDVI", "min_value": null, "max_value": null }, "geometry": { "type": "Polygon", "coordinates": [ [ [ -89.579500606933109, 13.964878979936183 ], [ -89.566025939308247, 13.964878979936181 ], [ -89.566025939308247, 13.951404312311315 ], [ -89.579500606933109, 13.951404312311313 ], [ -89.579500606933109, 13.964878979936183 ] ] ] } },
{ "type": "Feature", "properties": { "class_id": 3, "area_m2": 2173205.3470549379, "class_name": "Normal", "index": "NDVI", "min_value": null, "max_value": null }, "geometry": { "type": "Polygon", "coordinates": [ [ [ -89.633399277432574, 13.964878979936181 ], [ -89.619924609807711, 13.964878979936181 ], [ -89.619924609807711, 13.951404312311315 ], [ -89.633399277432574, 13.951404312311309 ], [ -89.633399277432574, 13.964878979936181 ] ] ] } },
{ "type": "Feature", "properties": { "class_id": 3, "area_m2": 2172648.0781281362, "class_name": "Normal", "index": "NDVI", "min_value": null, "max_value": null }, "geometry": { "type": "Polygon", "coordinates": [ [ [ -89.49865260118392, 13.978353647561047 ], [ -89.485177933559058, 13.978353647561045 ], [ -89.485177933559058, 13.964878979936174 ], [ -89.49865260118392, 13.964878979936181 ], [ -89.49865260118392, 13.978353647561047 ] ] ] } },
{ "type": "Feature", "properties": { "class_id": 3, "area_m2": 28243737.939162895, "class_name": "Normal", "index": "NDVI", "min_value": null, "max_value": null }, "geometry": { "type": "Polygon", "coordinates": [ [ [ -89.566025939308247, 14.018777650435641 ], [ -89.525601936433645, 14.018777650435641 ], [ -89.525601936433645, 14.005302982810772 ], [ -89.49865260118392, 14.005302982810774 ], [ -89.49865260118392, 13.991828315185909 ], [ -89.512127268808783, 13.991828315185911 ], [ -89.512127268808783, 13.978353647561047 ], [ -89.525601936433645, 13.978353647561041 ], [ -89.525601936433645, 13.964878979936181 ], [ -89.539076604058522, 13.964878979936181 ], [ -89.539076604058522, 13.97835364756104 ], [ -89.579500606933109, 13.978353647561045 ], [ -89.579500606933109, 13.991828315185908 ], [ -89.566025939308247, 13.991828315185908 ], [ -89.566025939308247, 14.018777650435641 ] ], [ [ -89.539076604058522, 14.005302982810775 ], [ -89.539076604058522, 13.991828315185909 ], [ -89.525601936433645, 13.991828315185908 ], [ -89.525601936433645, 14.005302982810772 ], [ -89.539076604058522, 14.005302982810775 ] ] ] } },
{ "type": "Feature", "properties": { "class_id": 3, "area_m2": 126038948.34610237, "class_name": "Normal", "index": "NDVI", "min_value": null, "max_value": null }, "geometry": { "type": "Polygon", "coordinates": [ [ [ -89.754671286056364, 13.951404312311309 ], [ -89.768145953681227, 13.951404312311311 ], [ -89.768145953681227, 13.978353647561043 ], [ -89.781620621306104, 13.978353647561045 ], [ -89.781620621306104, 13.991828315185908 ], [ -89.768145953681227, 13.991828315185911 ], [ -89.768145953681227, 14.005302982810777 ], [ -89.795095288930952, 14.00530298281077 ], [ -89.795095288930952, 14.018777650435643 ], [ -89.822044624180691, 14.018777650435641 ], [ -89.822044624180691, 14.032252318060509 ], [ -89.808569956555814, 14.032252318060506 ], [ -89.808569956555814, 14.045726985685372 ], [ -89.781620621306104, 14.04572698568537 ], [ -89.781620621306104, 14.018777650435643 ], [ -89.768145953681227, 14.018777650435641 ], [ -89.768145953681227, 14.032252318060504 ], [ -89.754671286056364, 14.032252318060504 ], [ -89.754671286056364, 14.005302982810772 ], [ -89.714247283181763, 14.005302982810774 ], [ -89.714247283181763, 14.018777650435643 ], [ -89.741196618431488, 14.018777650435641 ], [ -89.741196618431488, 14.045726985685366 ], [ -89.727721950806625, 14.045726985685366 ], [ -89.727721950806625, 14.032252318060502 ], [ -89.714247283181763, 14.032252318060511 ], [ -89.714247283181763, 14.045726985685368 ], [ -89.7007726155569, 14.045726985685366 ], [ -89.7007726155569, 14.032252318060507 ], [ -89.687297947932038, 14.032252318060506 ], [ -89.687297947932038, 14.018777650435641 ], [ -89.660348612682313, 14.018777650435641 ], [ -89.660348612682313, 14.032252318060502 ], [ -89.646873945057436, 14.032252318060504 ], [ -89.646873945057436, 14.018777650435641 ], [ -89.633399277432574, 14.018777650435643 ], [ -89.633399277432574, 14.032252318060507 ], [ -89.619924609807711, 14.032252318060504 ], [ -89.619924609807711, 14.018777650435641 ], [ -89.579500606933109, 14.018777650435641 ], [ -89.579500606933109, 13.991828315185908 ], [ -89.619924609807711, 13.991828315185909 ], [ -89.619924609807711, 14.005302982810772 ], [ -89.646873945057436, 14.005302982810772 ], [ -89.646873945057436, 13.978353647561047 ], [ -89.660348612682313, 13.978353647561041 ], [ -89.660348612682313, 13.964878979936181 ], [ -89.673823280307161, 13.964878979936181 ], [ -89.673823280307161, 13.951404312311315 ], [ -89.687297947932038, 13.951404312311309 ], [ -89.687297947932038, 13.937929644686447 ], [ -89.7007726155569, 13.937929644686449 ], [ -89.7007726155569, 13.951404312311309 ], [ -89.727721950806625, 13.951404312311311 ], [ -89.727721950806625, 13.964878979936181 ], [ -89.754671286056364, 13.964878979936181 ], [ -89.754671286056364, 13.951404312311309 ] ], [ [ -89.673823280307161, 14.005302982810775 ], [ -89.673823280307161, 13.991828315185911 ], [ -89.660348612682313, 13.991828315185911 ], [ -89.660348612682313, 14.005302982810772 ], [ -89.673823280307161, 14.005302982810775 ] ], [ [ -89.714247283181763, 13.978353647561047 ], [ -89.714247283181763, 13.991828315185913 ], [ -89.741196618431488, 13.991828315185913 ], [ -89.741196618431488, 13.978353647561043 ], [ -89.714247283181763, 13.978353647561047 ] ], [ [ -89.714247283181763, 13.964878979936181 ], [ -89.7007726155569, 13.964878979936181 ], [ -89.7007726155569, 13.978353647561047 ], [ -89.714247283181763, 13.978353647561047 ], [ -89.714247283181763, 13.964878979936181 ] ], [ [ -89.687297947932038, 13.978353647561045 ], [ -89.687297947932038, 13.991828315185911 ], [ -89.7007726155569, 13.991828315185906 ], [ -89.7007726155569, 13.978353647561047 ], [ -89.687297947932038, 13.978353647561045 ] ] ] } },
{ "type": "Feature", "properties": { "class_id": 3, "area_m2": 4344687.8060115678, "class_name": "Normal", "index": "NDVI", "min_value": null, "max_value": null }, "geometry": { "type": "Polygon", "coordinates": [ [ [ -89.579500606933109, 14.04572698568537 ], [ -89.566025939308247, 14.045726985685366 ], [ -89.566025939308247, 14.018777650435641 ], [ -89.579500606933109, 14.018777650435641 ], [ -89.579500606933109, 14.04572698568537 ] ] ] } },
{ "type": "Feature", "properties": { "class_id": 3, "area_m2": 2171530.0560916658, "class_name": "Normal", "index": "NDVI", "min_value": null, "max_value": null }, "geometry": { "type": "Polygon", "coordinates": [ [ [ -89.377380592560129, 14.059201653310234 ], [ -89.363905924935267, 14.059201653310234 ], [ -89.363905924935267, 14.045726985685372 ], [ -89.377380592560129, 14.045726985685365 ], [ -89.377380592560129, 14.059201653310234 ] ] ] } },
{ "type": "Feature", "properties": { "class_id": 3, "area_m2": 32584589.445862632, "class_name": "Normal", "index": "NDVI", "min_value": null, "max_value": null }, "geometry": { "type": "Polygon", "coordinates": [ [ [ -89.727721950806625, 14.099625656184834 ], [ -89.714247283181763, 14.099625656184829 ], [ -89.714247283181763, 14.113100323809698 ], [ -89.687297947932038, 14.1131003238097 ], [ -89.687297947932038, 14.099625656184829 ], [ -89.660348612682313, 14.099625656184834 ], [ -89.660348612682313, 14.072676320935106 ], [ -89.673823280307161, 14.072676320935102 ], [ -89.673823280307161, 14.086150988559966 ], [ -89.687297947932038, 14.086150988559965 ], [ -89.687297947932038, 14.072676320935102 ], [ -89.714247283181763, 14.072676320935102 ], [ -89.714247283181763, 14.045726985685368 ], [ -89.727721950806625, 14.045726985685366 ], [ -89.727721950806625, 14.059201653310234 ], [ -89.741196618431488, 14.059201653310234 ], [ -89.741196618431488, 14.086150988559965 ], [ -89.727721950806625, 14.086150988559965 ], [ -89.727721950806625, 14.099625656184834 ] ] ] } },
{ "type": "Feature", "properties": { "class_id": 3, "area_m2": 34745204.585641704, "class_name": "Normal", "index": "NDVI", "min_value": null, "max_value": null }, "geometry": { "type": "Polygon", "coordinates": [ [ [ -89.633399277432574, 14.099625656184836 ], [ -89.646873945057436, 14.099625656184831 ], [ -89.646873945057436, 14.113100323809698 ], [ -89.660348612682313, 14.113100323809695 ], [ -89.660348612682313, 14.126574991434564 ], [ -89.673823280307161, 14.126574991434564 ], [ -89.673823280307161, 14.140049659059429 ], [ -89.687297947932038, 14.140049659059429 ], [ -89.687297947932038, 14.166998994309159 ], [ -89.673823280307161, 14.166998994309155 ], [ -89.673823280307161, 14.180473661934023 ], [ -89.660348612682313, 14.180473661934025 ], [ -89.660348612682313, 14.166998994309157 ], [ -89.646873945057436, 14.166998994309159 ], [ -89.646873945057436, 14.153524326684288 ], [ -89.633399277432574, 14.153524326684295 ], [ -89.633399277432574, 14.140049659059423 ], [ -89.619924609807711, 14.140049659059429 ], [ -89.619924609807711, 14.153524326684289 ], [ -89.606449942182834, 14.153524326684291 ], [ -89.606449942182834, 14.12657499143457 ], [ -89.633399277432574, 14.126574991434564 ], [ -89.633399277432574, 14.099625656184836 ] ], [ [ -89.646873945057436, 14.126574991434564 ], [ -89.646873945057436, 14.140049659059427 ], [ -89.660348612682313, 14.140049659059429 ], [ -89.660348612682313, 14.126574991434564 ], [ -89.646873945057436, 14.126574991434564 ] ] ] } },
{ "type": "Feature", "properties": { "class_id": 3, "area_m2": 2171327.0047262739, "class_name": "Normal", "index": "NDVI", "min_value": null, "max_value": null }, "geometry": { "type": "Polygon", "coordinates": [ [ [ -89.619924609807711, 14.166998994309155 ], [ -89.619924609807711, 14.153524326684289 ], [ -89.633399277432574, 14.153524326684295 ], [ -89.633399277432574, 14.166998994309159 ], [ -89.619924609807711, 14.166998994309155 ] ] ] } },
{ "type": "Feature", "properties": { "class_id": 3, "area_m2": 47762547.175693363, "class_name": "Normal", "index": "NDVI", "min_value": null, "max_value": null }, "geometry": { "type": "Polygon", "coordinates": [ [ [ -89.606449942182834, 14.166998994309157 ], [ -89.592975274557972, 14.166998994309155 ], [ -89.592975274557972, 14.193948329558886 ], [ -89.606449942182834, 14.193948329558889 ], [ -89.606449942182834, 14.20742299718375 ], [ -89.552551271683384, 14.207422997183754 ], [ -89.552551271683384, 14.220897664808616 ], [ -89.539076604058522, 14.220897664808625 ], [ -89.539076604058522, 14.193948329558888 ], [ -89.525601936433645, 14.193948329558889 ], [ -89.525601936433645, 14.180473661934029 ], [ -89.539076604058522, 14.180473661934025 ], [ -89.539076604058522, 14.113100323809697 ], [ -89.552551271683384, 14.113100323809693 ], [ -89.552551271683384, 14.126574991434561 ], [ -89.566025939308247, 14.126574991434566 ], [ -89.566025939308247, 14.166998994309157 ], [ -89.552551271683384, 14.166998994309155 ], [ -89.552551271683384, 14.180473661934025 ], [ -89.579500606933109, 14.180473661934025 ], [ -89.579500606933109, 14.153524326684295 ], [ -89.606449942182834, 14.153524326684291 ], [ -89.606449942182834, 14.166998994309157 ] ] ] } },
{ "type": "Feature", "properties": { "class_id": 3, "area_m2": 6513600.7284659492, "class_name": "Normal", "index": "NDVI", "min_value": null, "max_value": null }, "geometry": { "type": "Polygon", "coordinates": [ [ [ -89.646873945057436, 14.180473661934025 ], [ -89.660348612682313, 14.180473661934025 ], [ -89.660348612682313, 14.193948329558886 ], [ -89.633399277432574, 14.193948329558889 ], [ -89.633399277432574, 14.166998994309159 ], [ -89.646873945057436, 14.166998994309159 ], [ -89.646873945057436, 14.180473661934025 ] ] ] } },
{ "type": "Feature", "properties": { "class_id": 3, "area_m2": 2169925.847309852, "class_name": "Normal", "index": "NDVI", "min_value": null, "max_value": null }, "geometry": { "type": "Polygon", "coordinates": [ [ [ -89.552551271683384, 14.288271002932946 ], [ -89.539076604058522, 14.288271002932948 ], [ -89.539076604058522, 14.274796335308084 ], [ -89.552551271683384, 14.274796335308078 ], [ -89.552551271683384, 14.288271002932946 ] ] ] } },
{ "type": "Feature", "properties": { "class_id": 3, "area_m2": 6508141.1420449652, "class_name": "Normal", "index": "NDVI", "min_value": null, "max_value": null }, "geometry": { "type": "Polygon", "coordinates": [ [ [ -89.390855260184992, 14.288271002932944 ], [ -89.404329927809869, 14.288271002932946 ], [ -89.404329927809869, 14.301745670557807 ], [ -89.377380592560129, 14.301745670557812 ], [ -89.377380592560129, 14.274796335308082 ], [ -89.390855260184992, 14.274796335308084 ], [ -89.390855260184992, 14.288271002932944 ] ] ] } },
{ "type": "Feature", "properties": { "class_id": 3, "area_m2": 4337797.2215430802, "class_name": "Normal", "index": "NDVI", "min_value": null, "max_value": null }, "geometry": { "type": "Polygon", "coordinates": [ [ [ -89.390855260184992, 14.342169673432409 ], [ -89.363905924935267, 14.342169673432409 ], [ -89.363905924935267, 14.328695005807536 ], [ -89.390855260184992, 14.328695005807536 ], [ -89.390855260184992, 14.342169673432409 ] ] ] } },
{ "type": "Feature", "properties": { "class_id": 3, "area_m2": 2168575.7522724033, "class_name": "Normal", "index": "NDVI", "min_value": null, "max_value": null }, "geometry": { "type": "Polygon", "coordinates": [ [ [ -89.404329927809869, 14.382593676307 ], [ -89.390855260184992, 14.382593676306998 ], [ -89.390855260184992, 14.369119008682144 ], [ -89.404329927809869, 14.369119008682141 ], [ -89.404329927809869, 14.382593676307 ] ] ] } },
{ "type": "Feature", "properties": { "class_id": 3, "area_m2": 2168407.6236926741, "class_name": "Normal", "index": "NDVI", "min_value": null, "max_value": null }, "geometry": { "type": "Polygon", "coordinates": [ [ [ -89.390855260184992, 14.396068343931857 ], [ -89.377380592560129, 14.396068343931869 ], [ -89.377380592560129, 14.382593676307 ], [ -89.390855260184992, 14.382593676306998 ], [ -89.390855260184992, 14.396068343931857 ] ] ] } },
{ "type": "Feature", "properties": { "class_id": 3, "area_m2": 2168151.4343669591, "class_name": "Normal", "index": "NDVI", "min_value": null, "max_value": null }, "geometry": { "type": "Polygon", "coordinates": [ [ [ -89.377380592560129, 14.409543011556739 ], [ -89.390855260184992, 14.409543011556739 ], [ -89.390855260184992, 14.4230176791816 ], [ -89.377380592560129, 14.423017679181607 ], [ -89.377380592560129, 14.409543011556739 ] ] ] } },
{ "type": "Feature", "properties": { "class_id": 3, "area_m2": 2176669.649311617, "class_name": "Normal", "index": "NDVI", "min_value": null, "max_value": null }, "geometry": { "type": "Polygon", "coordinates": [ [ [ -89.107887240062837, 13.398942939691841 ], [ -89.121361907687685, 13.398942939691834 ], [ -89.121361907687685, 13.412417607316703 ], [ -89.107887240062837, 13.412417607316705 ], [ -89.107887240062837, 13.398942939691841 ] ] ] } },
{ "type": "Feature", "properties": { "class_id": 3, "area_m2": 2176288.8501111618, "class_name": "Normal", "index": "NDVI", "min_value": null, "max_value": null }, "geometry": { "type": "Polygon", "coordinates": [ [ [ -89.067463237188235, 13.439366942566433 ], [ -89.053988569563359, 13.439366942566432 ], [ -89.053988569563359, 13.425892274941571 ], [ -89.067463237188235, 13.425892274941571 ], [ -89.067463237188235, 13.439366942566433 ] ] ] } },
{ "type": "Feature", "properties": { "class_id": 3, "area_m2": 2176576.7273105499, "class_name": "Normal", "index": "NDVI", "min_value": null, "max_value": null }, "geometry": { "type": "Polygon", "coordinates": [ [ [ -89.175260578187149, 13.439366942566432 ], [ -89.161785910562287, 13.439366942566433 ], [ -89.161785910562287, 13.425892274941571 ], [ -89.175260578187149, 13.425892274941569 ], [ -89.175260578187149, 13.439366942566432 ] ] ] } },
{ "type": "Feature", "properties": { "class_id": 3, "area_m2": 2176275.5568571533, "class_name": "Normal", "index": "NDVI", "min_value": null, "max_value": null }, "geometry": { "type": "Polygon", "coordinates": [ [ [ -89.107887240062837, 13.452841610191305 ], [ -89.09441257243796, 13.452841610191307 ], [ -89.09441257243796, 13.439366942566435 ], [ -89.107887240062837, 13.439366942566433 ], [ -89.107887240062837, 13.452841610191305 ] ] ] } },
{ "type": "Feature", "properties": { "class_id": 3, "area_m2": 13058148.606815664, "class_name": "Normal", "index": "NDVI", "min_value": null, "max_value": null }, "geometry": { "type": "Polygon", "coordinates": [ [ [ -89.148311242937424, 13.466316277816164 ], [ -89.121361907687685, 13.466316277816162 ], [ -89.121361907687685, 13.425892274941571 ], [ -89.134836575312562, 13.425892274941569 ], [ -89.134836575312562, 13.43936694256643 ], [ -89.161785910562287, 13.439366942566433 ], [ -89.161785910562287, 13.452841610191301 ], [ -89.148311242937424, 13.452841610191303 ], [ -89.148311242937424, 13.466316277816164 ] ] ] } },
{ "type": "Feature", "properties": { "class_id": 3, "area_m2": 2176531.4328748365, "class_name": "Normal", "index": "NDVI", "min_value": null, "max_value": null }, "geometry": { "type": "Polygon", "coordinates": [ [ [ -89.202209913436889, 13.452841610191301 ], [ -89.188735245812012, 13.452841610191301 ], [ -89.188735245812012, 13.439366942566433 ], [ -89.202209913436889, 13.439366942566432 ], [ -89.202209913436889, 13.452841610191301 ] ] ] } },
{ "type": "Feature", "properties": { "class_id": 3, "area_m2": 2176486.9156538062, "class_name": "Normal", "index": "NDVI", "min_value": null, "max_value": null }, "geometry": { "type": "Polygon", "coordinates": [ [ [ -89.229159248686628, 13.466316277816167 ], [ -89.215684581061751, 13.466316277816166 ], [ -89.215684581061751, 13.452841610191301 ], [ -89.229159248686628, 13.452841610191307 ], [ -89.229159248686628, 13.466316277816167 ] ] ] } },
{ "type": "Feature", "properties": { "class_id": 3, "area_m2": 2176254.7175800768, "class_name": "Normal", "index": "NDVI", "min_value": null, "max_value": null }, "geometry": { "type": "Polygon", "coordinates": [ [ [ -89.188735245812012, 13.47979094544103 ], [ -89.175260578187149, 13.479790945441032 ], [ -89.175260578187149, 13.466316277816162 ], [ -89.188735245812012, 13.466316277816164 ], [ -89.188735245812012, 13.47979094544103 ] ] ] } },
{ "type": "Feature", "properties": { "class_id": 3, "area_m2": 2176329.4104603408, "class_name": "Normal", "index": "NDVI", "min_value": null, "max_value": null }, "geometry": { "type": "Polygon", "coordinates": [ [ [ -89.202209913436889, 13.466316277816166 ], [ -89.215684581061751, 13.466316277816166 ], [ -89.215684581061751, 13.479790945441032 ], [ -89.202209913436889, 13.479790945441033 ], [ -89.202209913436889, 13.466316277816166 ] ] ] } },
{ "type": "Feature", "properties": { "class_id": 3, "area_m2": 2176476.5812519831, "class_name": "Normal", "index": "NDVI", "min_value": null, "max_value": null }, "geometry": { "type": "Polygon", "coordinates": [ [ [ -89.336956589685542, 13.493265613065901 ], [ -89.350431257310419, 13.493265613065899 ], [ -89.350431257310419, 13.506740280690762 ], [ -89.336956589685542, 13.506740280690758 ], [ -89.336956589685542, 13.493265613065901 ] ] ] } },
{ "type": "Feature", "properties": { "class_id": 3, "area_m2": 54404771.407615058, "class_name": "Normal", "index": "NDVI", "min_value": null, "max_value": null }, "geometry": { "type": "Polygon", "coordinates": [ [ [ -89.310007254435803, 13.547164283565358 ], [ -89.29653258681094, 13.547164283565358 ], [ -89.29653258681094, 13.560638951190221 ], [ -89.283057919186078, 13.560638951190219 ], [ -89.283057919186078, 13.547164283565355 ], [ -89.269583251561215, 13.547164283565355 ], [ -89.269583251561215, 13.533689615940492 ], [ -89.256108583936339, 13.533689615940496 ], [ -89.256108583936339, 13.47979094544103 ], [ -89.242633916311476, 13.47979094544103 ], [ -89.242633916311476, 13.466316277816162 ], [ -89.269583251561215, 13.466316277816162 ], [ -89.269583251561215, 13.479790945441032 ], [ -89.336956589685542, 13.479790945441032 ], [ -89.336956589685542, 13.493265613065901 ], [ -89.323481922060665, 13.493265613065898 ], [ -89.323481922060665, 13.506740280690762 ], [ -89.310007254435803, 13.506740280690762 ], [ -89.310007254435803, 13.547164283565358 ] ] ] } },
{ "type": "Feature", "properties": { "class_id": 3, "area_m2": 8703818.3348889817, "class_name": "Normal", "index": "NDVI", "min_value": null, "max_value": null }, "geometry": { "type": "Polygon", "coordinates": [ [ [ -89.363905924935267, 13.57411361881509 ], [ -89.336956589685542, 13.574113618815083 ], [ -89.336956589685542, 13.547164283565358 ], [ -89.363905924935267, 13.547164283565349 ], [ -89.363905924935267, 13.57411361881509 ] ] ] } },
{ "type": "Feature", "properties": { "class_id": 3, "area_m2": 4350911.4286848251, "class_name": "Normal", "index": "NDVI", "min_value": null, "max_value": null }, "geometry": { "type": "Polygon", "coordinates": [ [ [ -89.269583251561215, 13.601062954064812 ], [ -89.269583251561215, 13.587588286439953 ], [ -89.29653258681094, 13.587588286439951 ], [ -89.29653258681094, 13.601062954064819 ], [ -89.269583251561215, 13.601062954064812 ] ] ] } },
{ "type": "Feature", "properties": { "class_id": 3, "area_m2": 2175276.7303542127, "class_name": "Normal", "index": "NDVI", "min_value": null, "max_value": null }, "geometry": { "type": "Polygon", "coordinates": [ [ [ -89.269583251561215, 13.601062954064812 ], [ -89.269583251561215, 13.614537621689678 ], [ -89.256108583936339, 13.614537621689683 ], [ -89.256108583936339, 13.601062954064822 ], [ -89.269583251561215, 13.601062954064812 ] ] ] } },
{ "type": "Feature", "properties": { "class_id": 3, "area_m2": 2175079.2072631675, "class_name": "Normal", "index": "NDVI", "min_value": null, "max_value": null }, "geometry": { "type": "Polygon", "coordinates": [ [ [ -89.242633916311476, 13.628012289314546 ], [ -89.229159248686628, 13.628012289314546 ], [ -89.229159248686628, 13.61453762168968 ], [ -89.242633916311476, 13.61453762168968 ], [ -89.242633916311476, 13.628012289314546 ] ] ] } },
{ "type": "Feature", "properties": { "class_id": 3, "area_m2": 10876146.753701948, "class_name": "Normal", "index": "NDVI", "min_value": null, "max_value": null }, "geometry": { "type": "Polygon", "coordinates": [ [ [ -89.350431257310419, 13.654961624564278 ], [ -89.336956589685542, 13.654961624564276 ], [ -89.336956589685542, 13.641486956939412 ], [ -89.310007254435803, 13.641486956939412 ], [ -89.310007254435803, 13.614537621689681 ], [ -89.323481922060665, 13.614537621689685 ], [ -89.323481922060665, 13.628012289314549 ], [ -89.350431257310419, 13.628012289314549 ], [ -89.350431257310419, 13.654961624564278 ] ] ] } },
{ "type": "Feature", "properties": { "class_id": 3, "area_m2": 2174311.6159026343, "class_name": "Normal", "index": "NDVI", "min_value": null, "max_value": null }, "geometry": { "type": "Polygon", "coordinates": [ [ [ -89.09441257243796, 13.66843629218914 ], [ -89.080937904813098, 13.668436292189142 ], [ -89.080937904813098, 13.654961624564276 ], [ -89.09441257243796, 13.654961624564276 ], [ -89.09441257243796, 13.66843629218914 ] ] ] } },
{ "type": "Feature", "properties": { "class_id": 3, "area_m2": 2174406.719127866, "class_name": "Normal", "index": "NDVI", "min_value": null, "max_value": null }, "geometry": { "type": "Polygon", "coordinates": [ [ [ -89.175260578187149, 13.681910959814006 ], [ -89.161785910562287, 13.681910959814013 ], [ -89.161785910562287, 13.668436292189142 ], [ -89.175260578187149, 13.668436292189146 ], [ -89.175260578187149, 13.681910959814006 ] ] ] } },
{ "type": "Feature", "properties": { "class_id": 3, "area_m2": 2174175.7152621993, "class_name": "Normal", "index": "NDVI", "min_value": null, "max_value": null }, "geometry": { "type": "Polygon", "coordinates": [ [ [ -89.134836575312562, 13.695385627438874 ], [ -89.121361907687685, 13.695385627438874 ], [ -89.121361907687685, 13.68191095981401 ], [ -89.134836575312562, 13.681910959814013 ], [ -89.134836575312562, 13.695385627438874 ] ] ] } },
{ "type": "Feature", "properties": { "class_id": 3, "area_m2": 2174342.8599096462, "class_name": "Normal", "index": "NDVI", "min_value": null, "max_value": null }, "geometry": { "type": "Polygon", "coordinates": [ [ [ -89.283057919186078, 13.722334962688603 ], [ -89.269583251561215, 13.722334962688604 ], [ -89.269583251561215, 13.708860295063737 ], [ -89.283057919186078, 13.70886029506374 ], [ -89.283057919186078, 13.722334962688603 ] ] ] } },
{ "type": "Feature", "properties": { "class_id": 3, "area_m2": 2174298.4390126681, "class_name": "Normal", "index": "NDVI", "min_value": null, "max_value": null }, "geometry": { "type": "Polygon", "coordinates": [ [ [ -89.310007254435803, 13.735809630313467 ], [ -89.29653258681094, 13.735809630313467 ], [ -89.29653258681094, 13.722334962688608 ], [ -89.310007254435803, 13.722334962688606 ], [ -89.310007254435803, 13.735809630313467 ] ] ] } },
{ "type": "Feature", "properties": { "class_id": 3, "area_m2": 2173861.5216343189, "class_name": "Normal", "index": "NDVI", "min_value": null, "max_value": null }, "geometry": { "type": "Polygon", "coordinates": [ [ [ -89.242633916311476, 13.762758965563203 ], [ -89.229159248686628, 13.762758965563195 ], [ -89.229159248686628, 13.749284297938338 ], [ -89.242633916311476, 13.749284297938337 ], [ -89.242633916311476, 13.762758965563203 ] ] ] } },
{ "type": "Feature", "properties": { "class_id": 3, "area_m2": 2173701.3243159223, "class_name": "Normal", "index": "NDVI", "min_value": null, "max_value": null }, "geometry": { "type": "Polygon", "coordinates": [ [ [ -89.229159248686628, 13.776233633188061 ], [ -89.215684581061751, 13.776233633188067 ], [ -89.215684581061751, 13.762758965563197 ], [ -89.229159248686628, 13.762758965563195 ], [ -89.229159248686628, 13.776233633188061 ] ] ] } },
{ "type": "Feature", "properties": { "class_id": 3, "area_m2": 2173654.5703080688, "class_name": "Normal", "index": "NDVI", "min_value": null, "max_value": null }, "geometry": { "type": "Polygon", "coordinates": [ [ [ -89.256108583936339, 13.789708300812931 ], [ -89.242633916311476, 13.789708300812933 ], [ -89.242633916311476, 13.776233633188067 ], [ -89.256108583936339, 13.776233633188063 ], [ -89.256108583936339, 13.789708300812931 ] ] ] } },
{ "type": "Feature", "properties": { "class_id": 3, "area_m2": 2173456.1477820934, "class_name": "Normal", "index": "NDVI", "min_value": null, "max_value": null }, "geometry": { "type": "Polygon", "coordinates": [ [ [ -89.229159248686628, 13.803182968437797 ], [ -89.215684581061751, 13.803182968437797 ], [ -89.215684581061751, 13.789708300812929 ], [ -89.229159248686628, 13.789708300812933 ], [ -89.229159248686628, 13.803182968437797 ] ] ] } },
{ "type": "Feature", "properties": { "class_id": 3, "area_m2": 2173725.3259861679, "class_name": "Normal", "index": "NDVI", "min_value": null, "max_value": null }, "geometry": { "type": "Polygon", "coordinates": [ [ [ -89.310007254435803, 13.789708300812931 ], [ -89.323481922060665, 13.789708300812933 ], [ -89.323481922060665, 13.803182968437797 ], [ -89.310007254435803, 13.803182968437797 ], [ -89.310007254435803, 13.789708300812931 ] ] ] } },
{ "type": "Feature", "properties": { "class_id": 3, "area_m2": 2173272.7141227778, "class_name": "Normal", "index": "NDVI", "min_value": null, "max_value": null }, "geometry": { "type": "Polygon", "coordinates": [ [ [ -89.323481922060665, 13.843606971312392 ], [ -89.336956589685542, 13.84360697131239 ], [ -89.336956589685542, 13.857081638937265 ], [ -89.323481922060665, 13.857081638937263 ], [ -89.323481922060665, 13.843606971312392 ] ] ] } },
{ "type": "Feature", "properties": { "class_id": 3, "area_m2": 2172569.1661628392, "class_name": "Normal", "index": "NDVI", "min_value": null, "max_value": null }, "geometry": { "type": "Polygon", "coordinates": [ [ [ -89.175260578187149, 13.884030974186983 ], [ -89.161785910562287, 13.88403097418699 ], [ -89.161785910562287, 13.870556306562122 ], [ -89.175260578187149, 13.870556306562124 ], [ -89.175260578187149, 13.884030974186983 ] ] ] } },
{ "type": "Feature", "properties": { "class_id": 3, "area_m2": 4344406.6535674594, "class_name": "Normal", "index": "NDVI", "min_value": null, "max_value": null }, "geometry": { "type": "Polygon", "coordinates": [ [ [ -89.107887240062837, 13.91098030943672 ], [ -89.09441257243796, 13.91098030943672 ], [ -89.09441257243796, 13.884030974186986 ], [ -89.107887240062837, 13.884030974186986 ], [ -89.107887240062837, 13.91098030943672 ] ] ] } },
{ "type": "Feature", "properties": { "class_id": 3, "area_m2": 4344143.102382116, "class_name": "Normal", "index": "NDVI", "min_value": null, "max_value": null }, "geometry": { "type": "Polygon", "coordinates": [ [ [ -89.134836575312562, 13.924454977061584 ], [ -89.107887240062837, 13.924454977061581 ], [ -89.107887240062837, 13.91098030943672 ], [ -89.134836575312562, 13.91098030943672 ], [ -89.134836575312562, 13.924454977061584 ] ] ] } },
{ "type": "Feature", "properties": { "class_id": 3, "area_m2": 36920895.636035733, "class_name": "Normal", "index": "NDVI", "min_value": null, "max_value": null }, "geometry": { "type": "Polygon", "coordinates": [ [ [ -89.188735245812012, 14.018777650435641 ], [ -89.161785910562287, 14.018777650435641 ], [ -89.161785910562287, 14.005302982810777 ], [ -89.175260578187149, 14.005302982810772 ], [ -89.175260578187149, 13.924454977061581 ], [ -89.161785910562287, 13.924454977061581 ], [ -89.161785910562287, 13.91098030943672 ], [ -89.188735245812012, 13.910980309436718 ], [ -89.188735245812012, 13.924454977061581 ], [ -89.202209913436889, 13.924454977061581 ], [ -89.202209913436889, 13.978353647561047 ], [ -89.215684581061751, 13.978353647561043 ], [ -89.215684581061751, 13.991828315185904 ], [ -89.202209913436889, 13.991828315185909 ], [ -89.202209913436889, 14.005302982810777 ], [ -89.188735245812012, 14.005302982810772 ], [ -89.188735245812012, 14.018777650435641 ] ] ] } },
{ "type": "Feature", "properties": { "class_id": 3, "area_m2": 45597243.187328033, "class_name": "Normal", "index": "NDVI", "min_value": null, "max_value": null }, "geometry": { "type": "Polygon", "coordinates": [ [ [ -89.080937904813098, 13.964878979936181 ], [ -89.107887240062837, 13.964878979936179 ], [ -89.107887240062837, 13.978353647561043 ], [ -89.121361907687685, 13.978353647561049 ], [ -89.121361907687685, 13.991828315185908 ], [ -89.107887240062837, 13.991828315185906 ], [ -89.107887240062837, 14.005302982810772 ], [ -89.09441257243796, 14.005302982810772 ], [ -89.09441257243796, 14.018777650435641 ], [ -89.107887240062837, 14.018777650435638 ], [ -89.107887240062837, 14.032252318060509 ], [ -89.080937904813098, 14.032252318060504 ], [ -89.080937904813098, 14.005302982810775 ], [ -89.067463237188235, 14.005302982810774 ], [ -89.067463237188235, 13.991828315185909 ], [ -89.053988569563359, 13.991828315185911 ], [ -89.053988569563359, 14.005302982810772 ], [ -89.040513901938496, 14.005302982810772 ], [ -89.040513901938496, 13.991828315185908 ], [ -89.013564566688771, 13.991828315185908 ], [ -89.013564566688771, 13.978353647561041 ], [ -89.040513901938496, 13.97835364756105 ], [ -89.040513901938496, 13.964878979936181 ], [ -89.067463237188235, 13.964878979936181 ], [ -89.067463237188235, 13.951404312311311 ], [ -89.080937904813098, 13.951404312311311 ], [ -89.080937904813098, 13.964878979936181 ] ] ] } },
{ "type": "Feature", "properties": { "class_id": 3, "area_m2": 2171417.3696758174, "class_name": "Normal", "index": "NDVI", "min_value": null, "max_value": null }, "geometry": { "type": "Polygon", "coordinates": [ [ [ -89.161785910562287, 14.005302982810777 ], [ -89.148311242937424, 14.005302982810774 ], [ -89.148311242937424, 13.991828315185911 ], [ -89.161785910562287, 13.991828315185911 ], [ -89.161785910562287, 14.005302982810777 ] ] ] } },
{ "type": "Feature", "properties": { "class_id": 3, "area_m2": 2171184.6808007155, "class_name": "Normal", "index": "NDVI", "min_value": null, "max_value": null }, "geometry": { "type": "Polygon", "coordinates": [ [ [ -89.121361907687685, 14.018777650435647 ], [ -89.107887240062837, 14.018777650435638 ], [ -89.107887240062837, 14.005302982810772 ], [ -89.121361907687685, 14.005302982810774 ], [ -89.121361907687685, 14.018777650435647 ] ] ] } },
{ "type": "Feature", "properties": { "class_id": 3, "area_m2": 2171168.2475058306, "class_name": "Normal", "index": "NDVI", "min_value": null, "max_value": null }, "geometry": { "type": "Polygon", "coordinates": [ [ [ -89.148311242937424, 14.018777650435643 ], [ -89.161785910562287, 14.018777650435641 ], [ -89.161785910562287, 14.032252318060507 ], [ -89.148311242937424, 14.0322523180605 ], [ -89.148311242937424, 14.018777650435643 ] ] ] } },
{ "type": "Feature", "properties": { "class_id": 3, "area_m2": 2170793.6801703088, "class_name": "Normal", "index": "NDVI", "min_value": null, "max_value": null }, "geometry": { "type": "Polygon", "coordinates": [ [ [ -89.148311242937424, 14.059201653310234 ], [ -89.161785910562287, 14.059201653310234 ], [ -89.161785910562287, 14.072676320935102 ], [ -89.148311242937424, 14.072676320935102 ], [ -89.148311242937424, 14.059201653310234 ] ] ] } },
{ "type": "Feature", "properties": { "class_id": 3, "area_m2": 1089565702.4287472, "class_name": "Normal", "index": "NDVI", "min_value": null, "max_value": null }, "geometry": { "type": "Polygon", "coordinates": [ [ [ -89.512127268808783, 14.38259367630701 ], [ -89.49865260118392, 14.382593676306998 ], [ -89.49865260118392, 14.369119008682141 ], [ -89.458228598309319, 14.369119008682144 ], [ -89.458228598309319, 14.382593676306991 ], [ -89.431279263059594, 14.382593676307003 ], [ -89.431279263059594, 14.396068343931876 ], [ -89.417804595434731, 14.396068343931869 ], [ -89.417804595434731, 14.355644341057268 ], [ -89.431279263059594, 14.355644341057275 ], [ -89.431279263059594, 14.342169673432409 ], [ -89.404329927809869, 14.342169673432409 ], [ -89.404329927809869, 14.328695005807541 ], [ -89.417804595434731, 14.328695005807541 ], [ -89.417804595434731, 14.301745670557812 ], [ -89.444753930684456, 14.301745670557809 ], [ -89.444753930684456, 14.288271002932943 ], [ -89.431279263059594, 14.288271002932944 ], [ -89.431279263059594, 14.274796335308086 ], [ -89.458228598309319, 14.274796335308082 ], [ -89.458228598309319, 14.247847000058348 ], [ -89.444753930684456, 14.247847000058355 ], [ -89.444753930684456, 14.261321667683214 ], [ -89.417804595434731, 14.261321667683216 ], [ -89.417804595434731, 14.234372332433482 ], [ -89.390855260184992, 14.234372332433486 ], [ -89.390855260184992, 14.22089766480862 ], [ -89.377380592560129, 14.220897664808625 ], [ -89.377380592560129, 14.234372332433486 ], [ -89.336956589685542, 14.234372332433486 ], [ -89.336956589685542, 14.247847000058348 ], [ -89.310007254435803, 14.247847000058352 ], [ -89.310007254435803, 14.261321667683211 ], [ -89.323481922060665, 14.261321667683216 ], [ -89.323481922060665, 14.274796335308082 ], [ -89.310007254435803, 14.274796335308082 ], [ -89.310007254435803, 14.288271002932946 ], [ -89.323481922060665, 14.288271002932946 ], [ -89.323481922060665, 14.315220338182671 ], [ -89.310007254435803, 14.315220338182677 ], [ -89.310007254435803, 14.301745670557809 ], [ -89.29653258681094, 14.301745670557812 ], [ -89.29653258681094, 14.288271002932943 ], [ -89.283057919186078, 14.288271002932946 ], [ -89.283057919186078, 14.274796335308078 ], [ -89.242633916311476, 14.274796335308078 ], [ -89.242633916311476, 14.301745670557812 ], [ -89.229159248686628, 14.301745670557816 ], [ -89.229159248686628, 14.288271002932943 ], [ -89.215684581061751, 14.288271002932944 ], [ -89.215684581061751, 14.301745670557809 ], [ -89.202209913436889, 14.301745670557809 ], [ -89.202209913436889, 14.288271002932946 ], [ -89.188735245812012, 14.288271002932943 ], [ -89.188735245812012, 14.261321667683216 ], [ -89.202209913436889, 14.261321667683216 ], [ -89.202209913436889, 14.247847000058352 ], [ -89.229159248686628, 14.24784700005835 ], [ -89.229159248686628, 14.220897664808621 ], [ -89.242633916311476, 14.220897664808618 ], [ -89.242633916311476, 14.234372332433486 ], [ -89.256108583936339, 14.234372332433486 ], [ -89.256108583936339, 14.247847000058352 ], [ -89.269583251561215, 14.247847000058346 ], [ -89.269583251561215, 14.234372332433486 ], [ -89.283057919186078, 14.234372332433486 ], [ -89.283057919186078, 14.247847000058348 ], [ -89.29653258681094, 14.247847000058352 ], [ -89.29653258681094, 14.220897664808616 ], [ -89.269583251561215, 14.220897664808616 ], [ -89.269583251561215, 14.193948329558882 ], [ -89.29653258681094, 14.193948329558882 ], [ -89.29653258681094, 14.180473661934025 ], [ -89.256108583936339, 14.180473661934025 ], [ -89.256108583936339, 14.20742299718375 ], [ -89.215684581061751, 14.207422997183748 ], [ -89.215684581061751, 14.180473661934027 ], [ -89.161785910562287, 14.180473661934029 ], [ -89.161785910562287, 14.193948329558886 ], [ -89.148311242937424, 14.193948329558888 ], [ -89.148311242937424, 14.207422997183752 ], [ -89.134836575312562, 14.207422997183752 ], [ -89.134836575312562, 14.193948329558889 ], [ -89.107887240062837, 14.193948329558886 ], [ -89.107887240062837, 14.18047366193403 ], [ -89.067463237188235, 14.180473661934032 ], [ -89.067463237188235, 14.166998994309155 ], [ -89.040513901938496, 14.166998994309155 ], [ -89.040513901938496, 14.153524326684288 ], [ -89.027039234313634, 14.153524326684291 ], [ -89.027039234313634, 14.126574991434564 ], [ -89.013564566688771, 14.126574991434561 ], [ -89.013564566688771, 14.113100323809698 ], [ -89.027039234313634, 14.113100323809698 ], [ -89.027039234313634, 14.099625656184834 ], [ -89.040513901938496, 14.099625656184825 ], [ -89.040513901938496, 14.113100323809698 ], [ -89.053988569563359, 14.1131003238097 ], [ -89.053988569563359, 14.099625656184832 ], [ -89.080937904813098, 14.099625656184829 ], [ -89.080937904813098, 14.086150988559965 ], [ -89.09441257243796, 14.086150988559965 ], [ -89.09441257243796, 14.140049659059425 ], [ -89.148311242937424, 14.140049659059423 ], [ -89.148311242937424, 14.153524326684295 ], [ -89.175260578187149, 14.153524326684291 ], [ -89.175260578187149, 14.140049659059422 ], [ -89.188735245812012, 14.140049659059423 ], [ -89.188735245812012, 14.153524326684291 ], [ -89.215684581061751, 14.153524326684289 ], [ -89.215684581061751, 14.113100323809702 ], [ -89.229159248686628, 14.113100323809695 ], [ -89.229159248686628, 14.099625656184831 ], [ -89.215684581061751, 14.099625656184836 ], [ -89.215684581061751, 14.086150988559965 ], [ -89.202209913436889, 14.086150988559965 ], [ -89.202209913436889, 14.059201653310234 ], [ -89.215684581061751, 14.059201653310234 ], [ -89.215684581061751, 14.032252318060502 ], [ -89.229159248686628, 14.032252318060507 ], [ -89.229159248686628, 14.005302982810774 ], [ -89.242633916311476, 14.00530298281077 ], [ -89.242633916311476, 13.978353647561041 ], [ -89.215684581061751, 13.978353647561043 ], [ -89.215684581061751, 13.964878979936181 ], [ -89.229159248686628, 13.964878979936177 ], [ -89.229159248686628, 13.951404312311315 ], [ -89.215684581061751, 13.951404312311313 ], [ -89.215684581061751, 13.910980309436722 ], [ -89.229159248686628, 13.91098030943672 ], [ -89.229159248686628, 13.937929644686449 ], [ -89.256108583936339, 13.93792964468645 ], [ -89.256108583936339, 13.951404312311317 ], [ -89.283057919186078, 13.951404312311309 ], [ -89.283057919186078, 13.964878979936181 ], [ -89.310007254435803, 13.964878979936181 ], [ -89.310007254435803, 13.978353647561045 ], [ -89.336956589685542, 13.978353647561043 ], [ -89.336956589685542, 13.991828315185908 ], [ -89.323481922060665, 13.991828315185906 ], [ -89.323481922060665, 14.005302982810774 ], [ -89.336956589685542, 14.005302982810775 ], [ -89.336956589685542, 14.032252318060502 ], [ -89.350431257310419, 14.032252318060504 ], [ -89.350431257310419, 14.059201653310234 ], [ -89.363905924935267, 14.059201653310234 ], [ -89.363905924935267, 14.072676320935102 ], [ -89.390855260184992, 14.072676320935102 ], [ -89.390855260184992, 14.059201653310234 ], [ -89.431279263059594, 14.059201653310234 ], [ -89.431279263059594, 14.04572698568537 ], [ -89.444753930684456, 14.045726985685368 ], [ -89.444753930684456, 14.032252318060502 ], [ -89.471703265934181, 14.032252318060504 ], [ -89.471703265934181, 14.045726985685366 ], [ -89.485177933559058, 14.045726985685366 ], [ -89.485177933559058, 14.032252318060507 ], [ -89.49865260118392, 14.032252318060507 ], [ -89.49865260118392, 14.045726985685372 ], [ -89.512127268808783, 14.045726985685372 ], [ -89.512127268808783, 14.018777650435645 ], [ -89.525601936433645, 14.018777650435641 ], [ -89.525601936433645, 14.045726985685366 ], [ -89.566025939308247, 14.045726985685366 ], [ -89.566025939308247, 14.059201653310234 ], [ -89.592975274557972, 14.059201653310232 ], [ -89.592975274557972, 14.072676320935102 ], [ -89.633399277432574, 14.072676320935102 ], [ -89.633399277432574, 14.086150988559966 ], [ -89.592975274557972, 14.086150988559968 ], [ -89.592975274557972, 14.113100323809695 ], [ -89.552551271683384, 14.113100323809693 ], [ -89.552551271683384, 14.099625656184836 ], [ -89.579500606933109, 14.099625656184831 ], [ -89.579500606933109, 14.072676320935102 ], [ -89.552551271683384, 14.072676320935102 ], [ -89.552551271683384, 14.059201653310234 ], [ -89.525601936433645, 14.059201653310238 ], [ -89.525601936433645, 14.072676320935102 ], [ -89.512127268808783, 14.072676320935102 ], [ -89.512127268808783, 14.099625656184834 ], [ -89.539076604058522, 14.099625656184836 ], [ -89.539076604058522, 14.113100323809697 ], [ -89.525601936433645, 14.113100323809698 ], [ -89.525601936433645, 14.126574991434564 ], [ -89.512127268808783, 14.126574991434566 ], [ -89.512127268808783, 14.140049659059425 ], [ -89.485177933559058, 14.140049659059423 ], [ -89.485177933559058, 14.166998994309155 ], [ -89.458228598309319, 14.166998994309157 ], [ -89.458228598309319, 14.180473661934025 ], [ -89.471703265934181, 14.180473661934025 ], [ -89.471703265934181, 14.193948329558882 ], [ -89.458228598309319, 14.193948329558889 ], [ -89.458228598309319, 14.207422997183754 ], [ -89.471703265934181, 14.20742299718375 ], [ -89.471703265934181, 14.220897664808621 ], [ -89.485177933559058, 14.220897664808621 ], [ -89.485177933559058, 14.207422997183748 ], [ -89.49865260118392, 14.207422997183748 ], [ -89.49865260118392, 14.22089766480862 ], [ -89.512127268808783, 14.220897664808623 ], [ -89.512127268808783, 14.234372332433486 ], [ -89.525601936433645, 14.234372332433486 ], [ -89.525601936433645, 14.247847000058346 ], [ -89.512127268808783, 14.247847000058352 ], [ -89.512127268808783, 14.301745670557811 ], [ -89.552551271683384, 14.301745670557816 ], [ -89.552551271683384, 14.315220338182669 ], [ -89.592975274557972, 14.315220338182677 ], [ -89.592975274557972, 14.342169673432402 ], [ -89.566025939308247, 14.342169673432409 ], [ -89.566025939308247, 14.369119008682137 ], [ -89.579500606933109, 14.369119008682137 ], [ -89.579500606933109, 14.409543011556734 ], [ -89.539076604058522, 14.409543011556739 ], [ -89.539076604058522, 14.396068343931873 ], [ -89.552551271683384, 14.396068343931869 ], [ -89.552551271683384, 14.382593676307 ], [ -89.525601936433645, 14.382593676306998 ], [ -89.525601936433645, 14.396068343931864 ], [ -89.512127268808783, 14.396068343931869 ], [ -89.512127268808783, 14.38259367630701 ] ], [ [ -89.444753930684456, 14.315220338182669 ], [ -89.458228598309319, 14.315220338182675 ], [ -89.458228598309319, 14.328695005807539 ], [ -89.485177933559058, 14.328695005807541 ], [ -89.485177933559058, 14.315220338182675 ], [ -89.471703265934181, 14.315220338182669 ], [ -89.471703265934181, 14.301745670557812 ], [ -89.444753930684456, 14.301745670557809 ], [ -89.444753930684456, 14.315220338182669 ] ], [ [ -89.471703265934181, 14.247847000058346 ], [ -89.471703265934181, 14.261321667683218 ], [ -89.485177933559058, 14.261321667683216 ], [ -89.485177933559058, 14.234372332433486 ], [ -89.458228598309319, 14.234372332433487 ], [ -89.458228598309319, 14.247847000058348 ], [ -89.471703265934181, 14.247847000058346 ] ], [ [ -89.431279263059594, 14.234372332433487 ], [ -89.431279263059594, 14.220897664808621 ], [ -89.417804595434731, 14.22089766480862 ], [ -89.417804595434731, 14.234372332433482 ], [ -89.431279263059594, 14.234372332433487 ] ], [ [ -89.053988569563359, 14.153524326684289 ], [ -89.053988569563359, 14.126574991434564 ], [ -89.040513901938496, 14.126574991434564 ], [ -89.040513901938496, 14.153524326684288 ], [ -89.053988569563359, 14.153524326684289 ] ], [ [ -89.080937904813098, 14.140049659059432 ], [ -89.080937904813098, 14.166998994309155 ], [ -89.09441257243796, 14.166998994309155 ], [ -89.09441257243796, 14.140049659059425 ], [ -89.080937904813098, 14.140049659059432 ] ], [ [ -89.310007254435803, 14.005302982810774 ], [ -89.310007254435803, 14.018777650435645 ], [ -89.323481922060665, 14.018777650435645 ], [ -89.323481922060665, 14.005302982810774 ], [ -89.310007254435803, 14.005302982810774 ] ], [ [ -89.49865260118392, 14.301745670557809 ], [ -89.49865260118392, 14.315220338182671 ], [ -89.512127268808783, 14.315220338182673 ], [ -89.512127268808783, 14.301745670557811 ], [ -89.49865260118392, 14.301745670557809 ] ], [ [ -89.485177933559058, 14.355644341057275 ], [ -89.485177933559058, 14.342169673432409 ], [ -89.471703265934181, 14.342169673432409 ], [ -89.471703265934181, 14.355644341057275 ], [ -89.485177933559058, 14.355644341057275 ] ], [ [ -89.363905924935267, 14.207422997183748 ], [ -89.363905924935267, 14.193948329558882 ], [ -89.350431257310419, 14.193948329558884 ], [ -89.350431257310419, 14.207422997183748 ], [ -89.363905924935267, 14.207422997183748 ] ], [ [ -89.323481922060665, 14.18047366193403 ], [ -89.323481922060665, 14.166998994309159 ], [ -89.363905924935267, 14.166998994309159 ], [ -89.363905924935267, 14.140049659059427 ], [ -89.377380592560129, 14.140049659059427 ], [ -89.377380592560129, 14.1131003238097 ], [ -89.363905924935267, 14.113100323809695 ], [ -89.363905924935267, 14.126574991434564 ], [ -89.350431257310419, 14.126574991434559 ], [ -89.350431257310419, 14.140049659059423 ], [ -89.323481922060665, 14.140049659059429 ], [ -89.323481922060665, 14.126574991434561 ], [ -89.336956589685542, 14.126574991434561 ], [ -89.336956589685542, 14.113100323809698 ], [ -89.310007254435803, 14.113100323809698 ], [ -89.310007254435803, 14.180473661934025 ], [ -89.323481922060665, 14.18047366193403 ] ], [ [ -89.444753930684456, 14.153524326684289 ], [ -89.444753930684456, 14.140049659059425 ], [ -89.417804595434731, 14.140049659059422 ], [ -89.417804595434731, 14.153524326684293 ], [ -89.444753930684456, 14.153524326684289 ] ], [ [ -89.242633916311476, 14.153524326684295 ], [ -89.242633916311476, 14.140049659059427 ], [ -89.229159248686628, 14.140049659059429 ], [ -89.229159248686628, 14.153524326684289 ], [ -89.242633916311476, 14.153524326684295 ] ], [ [ -89.269583251561215, 14.140049659059423 ], [ -89.269583251561215, 14.113100323809695 ], [ -89.256108583936339, 14.113100323809695 ], [ -89.256108583936339, 14.140049659059429 ], [ -89.269583251561215, 14.140049659059423 ] ], [ [ -89.485177933559058, 14.126574991434564 ], [ -89.485177933559058, 14.113100323809695 ], [ -89.471703265934181, 14.113100323809697 ], [ -89.471703265934181, 14.126574991434564 ], [ -89.485177933559058, 14.126574991434564 ] ], [ [ -89.336956589685542, 14.099625656184834 ], [ -89.336956589685542, 14.086150988559965 ], [ -89.323481922060665, 14.086150988559972 ], [ -89.323481922060665, 14.099625656184831 ], [ -89.336956589685542, 14.099625656184834 ] ], [ [ -89.256108583936339, 14.072676320935102 ], [ -89.256108583936339, 14.059201653310234 ], [ -89.229159248686628, 14.059201653310236 ], [ -89.229159248686628, 14.072676320935102 ], [ -89.256108583936339, 14.072676320935102 ] ] ] } },
{ "type": "Feature", "properties": { "class_id": 3, "area_m2": 2168814.4659150955, "class_name": "Normal", "index": "NDVI", "min_value": null, "max_value": null }, "geometry": { "type": "Polygon", "coordinates": [ [ [ -89.175260578187149, 14.288271002932946 ], [ -89.161785910562287, 14.288271002932948 ], [ -89.161785910562287, 14.274796335308086 ], [ -89.175260578187149, 14.274796335308082 ], [ -89.175260578187149, 14.288271002932946 ] ] ] } },
{ "type": "Feature", "properties": { "class_id": 3, "area_m2": 2168651.0996438721, "class_name": "Normal", "index": "NDVI", "min_value": null, "max_value": null }, "geometry": { "type": "Polygon", "coordinates": [ [ [ -89.161785910562287, 14.301745670557816 ], [ -89.148311242937424, 14.301745670557821 ], [ -89.148311242937424, 14.288271002932943 ], [ -89.161785910562287, 14.288271002932948 ], [ -89.161785910562287, 14.301745670557816 ] ] ] } },
{ "type": "Feature", "properties": { "class_id": 3, "area_m2": 2168724.0935910405, "class_name": "Normal", "index": "NDVI", "min_value": null, "max_value": null }, "geometry": { "type": "Polygon", "coordinates": [ [ [ -89.188735245812012, 14.301745670557809 ], [ -89.175260578187149, 14.301745670557811 ], [ -89.175260578187149, 14.288271002932946 ], [ -89.188735245812012, 14.288271002932943 ], [ -89.188735245812012, 14.301745670557809 ] ] ] } },
{ "type": "Feature", "properties": { "class_id": 3, "area_m2": 2168560.3819711697, "class_name": "Normal", "index": "NDVI", "min_value": null, "max_value": null }, "geometry": { "type": "Polygon", "coordinates": [ [ [ -89.175260578187149, 14.315220338182671 ], [ -89.161785910562287, 14.315220338182677 ], [ -89.161785910562287, 14.301745670557816 ], [ -89.175260578187149, 14.301745670557811 ], [ -89.175260578187149, 14.315220338182671 ] ] ] } },
{ "type": "Feature", "properties": { "class_id": 3, "area_m2": 2168633.8179112342, "class_name": "Normal", "index": "NDVI", "min_value": null, "max_value": null }, "geometry": { "type": "Polygon", "coordinates": [ [ [ -89.202209913436889, 14.315220338182678 ], [ -89.188735245812012, 14.315220338182669 ], [ -89.188735245812012, 14.301745670557809 ], [ -89.202209913436889, 14.301745670557809 ], [ -89.202209913436889, 14.315220338182678 ] ] ] } },
{ "type": "Feature", "properties": { "class_id": 3, "area_m2": 2168305.8269578307, "class_name": "Normal", "index": "NDVI", "min_value": null, "max_value": null }, "geometry": { "type": "Polygon", "coordinates": [ [ [ -89.161785910562287, 14.328695005807536 ], [ -89.175260578187149, 14.328695005807541 ], [ -89.175260578187149, 14.342169673432402 ], [ -89.161785910562287, 14.342169673432409 ], [ -89.161785910562287, 14.328695005807536 ] ] ] } },
{ "type": "Feature", "properties": { "class_id": 3, "area_m2": 15177159.556750521, "class_name": "Normal", "index": "NDVI", "min_value": null, "max_value": null }, "geometry": { "type": "Polygon", "coordinates": [ [ [ -89.134836575312562, 14.315220338182677 ], [ -89.161785910562287, 14.315220338182677 ], [ -89.161785910562287, 14.328695005807536 ], [ -89.148311242937424, 14.328695005807536 ], [ -89.148311242937424, 14.355644341057268 ], [ -89.161785910562287, 14.355644341057275 ], [ -89.161785910562287, 14.369119008682141 ], [ -89.134836575312562, 14.369119008682137 ], [ -89.134836575312562, 14.355644341057275 ], [ -89.121361907687685, 14.355644341057275 ], [ -89.121361907687685, 14.342169673432402 ], [ -89.134836575312562, 14.342169673432405 ], [ -89.134836575312562, 14.315220338182677 ] ] ] } },
{ "type": "Feature", "properties": { "class_id": 3, "area_m2": 2168711.2566722021, "class_name": "Normal", "index": "NDVI", "min_value": null, "max_value": null }, "geometry": { "type": "Polygon", "coordinates": [ [ [ -89.350431257310419, 14.342169673432405 ], [ -89.363905924935267, 14.342169673432409 ], [ -89.363905924935267, 14.355644341057275 ], [ -89.350431257310419, 14.355644341057275 ], [ -89.350431257310419, 14.342169673432405 ] ] ] } },
{ "type": "Feature", "properties": { "class_id": 3, "area_m2": 2168416.2751032482, "class_name": "Normal", "index": "NDVI", "min_value": null, "max_value": null }, "geometry": { "type": "Polygon", "coordinates": [ [ [ -89.350431257310419, 14.382593676307003 ], [ -89.336956589685542, 14.382593676307007 ], [ -89.336956589685542, 14.369119008682134 ], [ -89.350431257310419, 14.369119008682141 ], [ -89.350431257310419, 14.382593676307003 ] ] ] } },
{ "type": "Feature", "properties": { "class_id": 3, "area_m2": 17341517.863558248, "class_name": "Normal", "index": "NDVI", "min_value": null, "max_value": null }, "geometry": { "type": "Polygon", "coordinates": [ [ [ -89.121361907687685, 14.369119008682141 ], [ -89.107887240062837, 14.369119008682141 ], [ -89.107887240062837, 14.396068343931869 ], [ -89.121361907687685, 14.396068343931869 ], [ -89.121361907687685, 14.409543011556734 ], [ -89.09441257243796, 14.40954301155673 ], [ -89.09441257243796, 14.382593676307003 ], [ -89.080937904813098, 14.382593676307003 ], [ -89.080937904813098, 14.355644341057275 ], [ -89.121361907687685, 14.355644341057275 ], [ -89.121361907687685, 14.369119008682141 ] ] ] } },
{ "type": "Feature", "properties": { "class_id": 3, "area_m2": 6531781.7911581714, "class_name": "Normal", "index": "NDVI", "min_value": null, "max_value": null }, "geometry": { "type": "Polygon", "coordinates": [ [ [ -88.744071214191464, 13.237246928193452 ], [ -88.703647211316863, 13.237246928193455 ], [ -88.703647211316863, 13.223772260568589 ], [ -88.744071214191464, 13.223772260568591 ], [ -88.744071214191464, 13.237246928193452 ] ] ] } },
{ "type": "Feature", "properties": { "class_id": 3, "area_m2": 2177262.2430528128, "class_name": "Normal", "index": "NDVI", "min_value": null, "max_value": null }, "geometry": { "type": "Polygon", "coordinates": [ [ [ -88.784495217066066, 13.25072159581832 ], [ -88.771020549441189, 13.250721595818318 ], [ -88.771020549441189, 13.237246928193457 ], [ -88.784495217066066, 13.237246928193452 ], [ -88.784495217066066, 13.25072159581832 ] ] ] } },
{ "type": "Feature", "properties": { "class_id": 3, "area_m2": 2177323.3193854992, "class_name": "Normal", "index": "NDVI", "min_value": null, "max_value": null }, "geometry": { "type": "Polygon", "coordinates": [ [ [ -88.811444552315791, 13.25072159581832 ], [ -88.797969884690929, 13.25072159581832 ], [ -88.797969884690929, 13.237246928193453 ], [ -88.811444552315791, 13.237246928193453 ], [ -88.811444552315791, 13.25072159581832 ] ] ] } },
{ "type": "Feature", "properties": { "class_id": 3, "area_m2": 2176375.524157627, "class_name": "Normal", "index": "NDVI", "min_value": null, "max_value": null }, "geometry": { "type": "Polygon", "coordinates": [ [ [ -88.757545881816327, 13.345044269192375 ], [ -88.744071214191464, 13.345044269192378 ], [ -88.744071214191464, 13.331569601567516 ], [ -88.757545881816327, 13.331569601567514 ], [ -88.757545881816327, 13.345044269192375 ] ] ] } },
{ "type": "Feature", "properties": { "class_id": 3, "area_m2": 2176949.420889576, "class_name": "Normal", "index": "NDVI", "min_value": null, "max_value": null }, "geometry": { "type": "Polygon", "coordinates": [ [ [ -89.000089899063909, 13.345044269192377 ], [ -88.986615231439046, 13.345044269192378 ], [ -88.986615231439046, 13.331569601567516 ], [ -89.000089899063909, 13.331569601567509 ], [ -89.000089899063909, 13.345044269192377 ] ] ] } },
{ "type": "Feature", "properties": { "class_id": 3, "area_m2": 4352752.5963983545, "class_name": "Normal", "index": "NDVI", "min_value": null, "max_value": null }, "geometry": { "type": "Polygon", "coordinates": [ [ [ -88.784495217066066, 13.358518936817244 ], [ -88.771020549441189, 13.358518936817244 ], [ -88.771020549441189, 13.33156960156751 ], [ -88.784495217066066, 13.331569601567514 ], [ -88.784495217066066, 13.358518936817244 ] ] ] } },
{ "type": "Feature", "properties": { "class_id": 3, "area_m2": 2176566.5475977664, "class_name": "Normal", "index": "NDVI", "min_value": null, "max_value": null }, "geometry": { "type": "Polygon", "coordinates": [ [ [ -88.89229255806498, 13.358518936817243 ], [ -88.878817890440118, 13.358518936817244 ], [ -88.878817890440118, 13.345044269192382 ], [ -88.89229255806498, 13.345044269192373 ], [ -88.89229255806498, 13.358518936817243 ] ] ] } },
{ "type": "Feature", "properties": { "class_id": 3, "area_m2": 2176168.218657935, "class_name": "Normal", "index": "NDVI", "min_value": null, "max_value": null }, "geometry": { "type": "Polygon", "coordinates": [ [ [ -88.771020549441189, 13.371993604442112 ], [ -88.757545881816327, 13.371993604442107 ], [ -88.757545881816327, 13.358518936817244 ], [ -88.771020549441189, 13.358518936817244 ], [ -88.771020549441189, 13.371993604442112 ] ] ] } },
{ "type": "Feature", "properties": { "class_id": 3, "area_m2": 8706908.8956756257, "class_name": "Normal", "index": "NDVI", "min_value": null, "max_value": null }, "geometry": { "type": "Polygon", "coordinates": [ [ [ -89.040513901938496, 13.385468272066969 ], [ -89.027039234313634, 13.385468272066975 ], [ -89.027039234313634, 13.371993604442114 ], [ -89.013564566688771, 13.371993604442109 ], [ -89.013564566688771, 13.358518936817248 ], [ -89.053988569563359, 13.358518936817246 ], [ -89.053988569563359, 13.37199360444211 ], [ -89.040513901938496, 13.371993604442109 ], [ -89.040513901938496, 13.385468272066969 ] ] ] } },
{ "type": "Feature", "properties": { "class_id": 3, "area_m2": 2176109.9400544092, "class_name": "Normal", "index": "NDVI", "min_value": null, "max_value": null }, "geometry": { "type": "Polygon", "coordinates": [ [ [ -88.797969884690929, 13.385468272066975 ], [ -88.784495217066066, 13.385468272066968 ], [ -88.784495217066066, 13.371993604442109 ], [ -88.797969884690929, 13.371993604442109 ], [ -88.797969884690929, 13.385468272066975 ] ] ] } },
{ "type": "Feature", "properties": { "class_id": 3, "area_m2": 89231362.30301252, "class_name": "Normal", "index": "NDVI", "min_value": null, "max_value": null }, "geometry": { "type": "Polygon", "coordinates": [ [ [ -88.89229255806498, 13.439366942566435 ], [ -88.89229255806498, 13.425892274941567 ], [ -88.91924189331472, 13.425892274941571 ], [ -88.91924189331472, 13.398942939691835 ], [ -88.905767225689843, 13.398942939691839 ], [ -88.905767225689843, 13.412417607316703 ], [ -88.89229255806498, 13.412417607316703 ], [ -88.89229255806498, 13.358518936817243 ], [ -88.905767225689843, 13.358518936817243 ], [ -88.905767225689843, 13.304620266317778 ], [ -88.932716560939582, 13.304620266317784 ], [ -88.932716560939582, 13.318094933942646 ], [ -88.959665896189307, 13.318094933942643 ], [ -88.959665896189307, 13.331569601567509 ], [ -88.973140563814169, 13.331569601567509 ], [ -88.973140563814169, 13.345044269192378 ], [ -88.959665896189307, 13.345044269192378 ], [ -88.959665896189307, 13.358518936817239 ], [ -88.946191228564444, 13.358518936817244 ], [ -88.946191228564444, 13.37199360444211 ], [ -88.932716560939582, 13.37199360444211 ], [ -88.932716560939582, 13.398942939691835 ], [ -88.973140563814169, 13.398942939691839 ], [ -88.973140563814169, 13.439366942566428 ], [ -88.959665896189307, 13.439366942566432 ], [ -88.959665896189307, 13.425892274941569 ], [ -88.946191228564444, 13.425892274941569 ], [ -88.946191228564444, 13.439366942566432 ], [ -88.932716560939582, 13.439366942566428 ], [ -88.932716560939582, 13.452841610191303 ], [ -88.959665896189307, 13.452841610191301 ], [ -88.959665896189307, 13.466316277816162 ], [ -88.91924189331472, 13.466316277816162 ], [ -88.91924189331472, 13.439366942566433 ], [ -88.89229255806498, 13.439366942566435 ] ], [ [ -88.91924189331472, 13.318094933942643 ], [ -88.91924189331472, 13.331569601567514 ], [ -88.932716560939582, 13.33156960156751 ], [ -88.932716560939582, 13.318094933942646 ], [ -88.91924189331472, 13.318094933942643 ] ], [ [ -88.946191228564444, 13.34504426919238 ], [ -88.932716560939582, 13.34504426919238 ], [ -88.932716560939582, 13.358518936817243 ], [ -88.946191228564444, 13.358518936817244 ], [ -88.946191228564444, 13.34504426919238 ] ] ] } },
{ "type": "Feature", "properties": { "class_id": 3, "area_m2": 2176542.442362838, "class_name": "Normal", "index": "NDVI", "min_value": null, "max_value": null }, "geometry": { "type": "Polygon", "coordinates": [ [ [ -89.027039234313634, 13.398942939691839 ], [ -89.013564566688771, 13.398942939691841 ], [ -89.013564566688771, 13.385468272066968 ], [ -89.027039234313634, 13.385468272066975 ], [ -89.027039234313634, 13.398942939691839 ] ] ] } },
{ "type": "Feature", "properties": { "class_id": 3, "area_m2": 2175995.7260160395, "class_name": "Normal", "index": "NDVI", "min_value": null, "max_value": null }, "geometry": { "type": "Polygon", "coordinates": [ [ [ -88.851868555190393, 13.412417607316705 ], [ -88.838393887565516, 13.4124176073167 ], [ -88.838393887565516, 13.398942939691841 ], [ -88.851868555190393, 13.398942939691837 ], [ -88.851868555190393, 13.412417607316705 ] ] ] } },
{ "type": "Feature", "properties": { "class_id": 3, "area_m2": 6526629.9675475834, "class_name": "Normal", "index": "NDVI", "min_value": null, "max_value": null }, "geometry": { "type": "Polygon", "coordinates": [ [ [ -88.730596546566602, 13.425892274941569 ], [ -88.771020549441189, 13.425892274941569 ], [ -88.771020549441189, 13.439366942566432 ], [ -88.730596546566602, 13.439366942566435 ], [ -88.730596546566602, 13.425892274941569 ] ] ] } },
{ "type": "Feature", "properties": { "class_id": 3, "area_m2": 6528433.3511582445, "class_name": "Normal", "index": "NDVI", "min_value": null, "max_value": null }, "geometry": { "type": "Polygon", "coordinates": [ [ [ -89.040513901938496, 13.452841610191298 ], [ -89.013564566688771, 13.452841610191298 ], [ -89.013564566688771, 13.439366942566435 ], [ -89.027039234313634, 13.439366942566432 ], [ -89.027039234313634, 13.425892274941571 ], [ -89.040513901938496, 13.425892274941573 ], [ -89.040513901938496, 13.452841610191298 ] ] ] } },
{ "type": "Feature", "properties": { "class_id": 3, "area_m2": 2175613.4643057915, "class_name": "Normal", "index": "NDVI", "min_value": null, "max_value": null }, "geometry": { "type": "Polygon", "coordinates": [ [ [ -88.89229255806498, 13.46631627781616 ], [ -88.878817890440118, 13.466316277816166 ], [ -88.878817890440118, 13.452841610191301 ], [ -88.89229255806498, 13.452841610191301 ], [ -88.89229255806498, 13.46631627781616 ] ] ] } },
{ "type": "Feature", "properties": { "class_id": 3, "area_m2": 8703439.921301499, "class_name": "Normal", "index": "NDVI", "min_value": null, "max_value": null }, "geometry": { "type": "Polygon", "coordinates": [ [ [ -89.000089899063909, 13.479790945441032 ], [ -88.986615231439046, 13.479790945441032 ], [ -88.986615231439046, 13.466316277816166 ], [ -88.973140563814169, 13.466316277816164 ], [ -88.973140563814169, 13.452841610191301 ], [ -88.986615231439046, 13.452841610191305 ], [ -88.986615231439046, 13.439366942566435 ], [ -89.000089899063909, 13.439366942566428 ], [ -89.000089899063909, 13.479790945441032 ] ] ] } },
{ "type": "Feature", "properties": { "class_id": 3, "area_m2": 4350608.9115932025, "class_name": "Normal", "index": "NDVI", "min_value": null, "max_value": null }, "geometry": { "type": "Polygon", "coordinates": [ [ [ -88.784495217066066, 13.47979094544103 ], [ -88.771020549441189, 13.479790945441033 ], [ -88.771020549441189, 13.452841610191305 ], [ -88.784495217066066, 13.452841610191301 ], [ -88.784495217066066, 13.47979094544103 ] ] ] } },
{ "type": "Feature", "properties": { "class_id": 3, "area_m2": 15226138.18640038, "class_name": "Normal", "index": "NDVI", "min_value": null, "max_value": null }, "geometry": { "type": "Polygon", "coordinates": [ [ [ -88.744071214191464, 13.506740280690757 ], [ -88.730596546566602, 13.506740280690753 ], [ -88.730596546566602, 13.466316277816162 ], [ -88.703647211316863, 13.466316277816162 ], [ -88.703647211316863, 13.439366942566432 ], [ -88.71712187894174, 13.439366942566435 ], [ -88.71712187894174, 13.452841610191301 ], [ -88.744071214191464, 13.452841610191303 ], [ -88.744071214191464, 13.506740280690757 ] ] ] } },
{ "type": "Feature", "properties": { "class_id": 3, "area_m2": 4351430.3705826057, "class_name": "Normal", "index": "NDVI", "min_value": null, "max_value": null }, "geometry": { "type": "Polygon", "coordinates": [ [ [ -89.053988569563359, 13.506740280690758 ], [ -89.040513901938496, 13.506740280690762 ], [ -89.040513901938496, 13.47979094544103 ], [ -89.053988569563359, 13.479790945441032 ], [ -89.053988569563359, 13.506740280690758 ] ] ] } },
{ "type": "Feature", "properties": { "class_id": 3, "area_m2": 4351137.9792347802, "class_name": "Normal", "index": "NDVI", "min_value": null, "max_value": null }, "geometry": { "type": "Polygon", "coordinates": [ [ [ -89.027039234313634, 13.506740280690758 ], [ -89.000089899063909, 13.50674028069076 ], [ -89.000089899063909, 13.493265613065901 ], [ -89.027039234313634, 13.493265613065899 ], [ -89.027039234313634, 13.506740280690758 ] ] ] } },
{ "type": "Feature", "properties": { "class_id": 3, "area_m2": 54366506.158207655, "class_name": "Normal", "index": "NDVI", "min_value": null, "max_value": null }, "geometry": { "type": "Polygon", "coordinates": [ [ [ -88.663223208442275, 13.466316277816164 ], [ -88.676697876067138, 13.466316277816162 ], [ -88.676697876067138, 13.47979094544103 ], [ -88.690172543692, 13.479790945441032 ], [ -88.690172543692, 13.493265613065901 ], [ -88.703647211316863, 13.493265613065898 ], [ -88.703647211316863, 13.47979094544103 ], [ -88.71712187894174, 13.479790945441035 ], [ -88.71712187894174, 13.533689615940492 ], [ -88.730596546566602, 13.533689615940492 ], [ -88.730596546566602, 13.520214948315628 ], [ -88.744071214191464, 13.52021494831563 ], [ -88.744071214191464, 13.533689615940492 ], [ -88.784495217066066, 13.533689615940492 ], [ -88.784495217066066, 13.54716428356536 ], [ -88.797969884690929, 13.547164283565358 ], [ -88.797969884690929, 13.560638951190221 ], [ -88.771020549441189, 13.560638951190223 ], [ -88.771020549441189, 13.547164283565351 ], [ -88.757545881816327, 13.547164283565358 ], [ -88.757545881816327, 13.560638951190223 ], [ -88.744071214191464, 13.560638951190223 ], [ -88.744071214191464, 13.574113618815083 ], [ -88.730596546566602, 13.574113618815087 ], [ -88.730596546566602, 13.560638951190217 ], [ -88.71712187894174, 13.560638951190226 ], [ -88.71712187894174, 13.547164283565355 ], [ -88.703647211316863, 13.547164283565358 ], [ -88.703647211316863, 13.520214948315621 ], [ -88.690172543692, 13.520214948315624 ], [ -88.690172543692, 13.506740280690762 ], [ -88.676697876067138, 13.506740280690762 ], [ -88.676697876067138, 13.493265613065898 ], [ -88.663223208442275, 13.493265613065899 ], [ -88.663223208442275, 13.506740280690762 ], [ -88.649748540817413, 13.506740280690758 ], [ -88.649748540817413, 13.479790945441032 ], [ -88.663223208442275, 13.479790945441032 ], [ -88.663223208442275, 13.466316277816164 ] ] ] } },
{ "type": "Feature", "properties": { "class_id": 3, "area_m2": 2174073.248932648, "class_name": "Normal", "index": "NDVI", "min_value": null, "max_value": null }, "geometry": { "type": "Polygon", "coordinates": [ [ [ -88.730596546566602, 13.587588286439953 ], [ -88.744071214191464, 13.587588286439953 ], [ -88.744071214191464, 13.601062954064817 ], [ -88.730596546566602, 13.601062954064819 ], [ -88.730596546566602, 13.587588286439953 ] ] ] } },
{ "type": "Feature", "properties": { "class_id": 3, "area_m2": 4347448.7332284665, "class_name": "Normal", "index": "NDVI", "min_value": null, "max_value": null }, "geometry": { "type": "Polygon", "coordinates": [ [ [ -88.784495217066066, 13.641486956939415 ], [ -88.811444552315791, 13.641486956939413 ], [ -88.811444552315791, 13.654961624564283 ], [ -88.784495217066066, 13.65496162456428 ], [ -88.784495217066066, 13.641486956939415 ] ] ] } },
{ "type": "Feature", "properties": { "class_id": 3, "area_m2": 2174327.7677720217, "class_name": "Normal", "index": "NDVI", "min_value": null, "max_value": null }, "geometry": { "type": "Polygon", "coordinates": [ [ [ -89.053988569563359, 13.641486956939415 ], [ -89.053988569563359, 13.654961624564278 ], [ -89.040513901938496, 13.65496162456428 ], [ -89.040513901938496, 13.641486956939415 ], [ -89.053988569563359, 13.641486956939415 ] ] ] } },
{ "type": "Feature", "properties": { "class_id": 3, "area_m2": 2436167382.742146, "class_name": "Normal", "index": "NDVI", "min_value": null, "max_value": null }, "geometry": { "type": "Polygon", "coordinates": [ [ [ -88.744071214191464, 13.991828315185911 ], [ -88.744071214191464, 14.005302982810777 ], [ -88.703647211316863, 14.005302982810772 ], [ -88.703647211316863, 14.032252318060511 ], [ -88.690172543692, 14.032252318060507 ], [ -88.690172543692, 14.005302982810772 ], [ -88.663223208442275, 14.005302982810772 ], [ -88.663223208442275, 14.018777650435641 ], [ -88.622799205567674, 14.018777650435643 ], [ -88.622799205567674, 14.005302982810779 ], [ -88.582375202693086, 14.005302982810772 ], [ -88.582375202693086, 13.991828315185906 ], [ -88.568900535068209, 13.991828315185911 ], [ -88.568900535068209, 13.978353647561047 ], [ -88.51500186456876, 13.978353647561047 ], [ -88.51500186456876, 13.964878979936181 ], [ -88.501527196943883, 13.964878979936181 ], [ -88.501527196943883, 13.951404312311309 ], [ -88.555425867443347, 13.951404312311318 ], [ -88.555425867443347, 13.964878979936183 ], [ -88.568900535068209, 13.964878979936183 ], [ -88.568900535068209, 13.951404312311315 ], [ -88.582375202693086, 13.951404312311309 ], [ -88.582375202693086, 13.924454977061577 ], [ -88.595849870317949, 13.924454977061584 ], [ -88.595849870317949, 13.91098030943672 ], [ -88.582375202693086, 13.91098030943672 ], [ -88.582375202693086, 13.88403097418699 ], [ -88.541951199818484, 13.88403097418699 ], [ -88.541951199818484, 13.870556306562124 ], [ -88.528476532193622, 13.87055630656212 ], [ -88.528476532193622, 13.85708163893726 ], [ -88.501527196943883, 13.85708163893726 ], [ -88.501527196943883, 13.816657636062663 ], [ -88.48805252931902, 13.81665763606266 ], [ -88.48805252931902, 13.789708300812929 ], [ -88.474577861694158, 13.789708300812928 ], [ -88.474577861694158, 13.776233633188063 ], [ -88.461103194069295, 13.776233633188067 ], [ -88.461103194069295, 13.762758965563199 ], [ -88.43415385881957, 13.762758965563199 ], [ -88.43415385881957, 13.74928429793834 ], [ -88.366780520695244, 13.749284297938337 ], [ -88.366780520695244, 13.681910959814008 ], [ -88.380255188320106, 13.681910959814006 ], [ -88.380255188320106, 13.66843629218914 ], [ -88.407204523569831, 13.668436292189144 ], [ -88.407204523569831, 13.681910959814006 ], [ -88.420679191194694, 13.681910959814006 ], [ -88.420679191194694, 13.695385627438874 ], [ -88.43415385881957, 13.695385627438874 ], [ -88.43415385881957, 13.70886029506374 ], [ -88.447628526444433, 13.70886029506374 ], [ -88.447628526444433, 13.72233496268861 ], [ -88.43415385881957, 13.722334962688606 ], [ -88.43415385881957, 13.735809630313472 ], [ -88.461103194069295, 13.735809630313469 ], [ -88.461103194069295, 13.749284297938337 ], [ -88.474577861694158, 13.749284297938333 ], [ -88.474577861694158, 13.722334962688603 ], [ -88.48805252931902, 13.722334962688603 ], [ -88.48805252931902, 13.70886029506374 ], [ -88.51500186456876, 13.70886029506374 ], [ -88.51500186456876, 13.722334962688606 ], [ -88.528476532193622, 13.722334962688606 ], [ -88.528476532193622, 13.762758965563203 ], [ -88.541951199818484, 13.762758965563199 ], [ -88.541951199818484, 13.735809630313474 ], [ -88.555425867443347, 13.735809630313469 ], [ -88.555425867443347, 13.722334962688606 ], [ -88.568900535068209, 13.722334962688606 ], [ -88.568900535068209, 13.749284297938337 ], [ -88.582375202693086, 13.749284297938337 ], [ -88.582375202693086, 13.762758965563199 ], [ -88.595849870317949, 13.762758965563203 ], [ -88.595849870317949, 13.776233633188061 ], [ -88.622799205567674, 13.776233633188067 ], [ -88.622799205567674, 13.762758965563203 ], [ -88.636273873192536, 13.762758965563199 ], [ -88.636273873192536, 13.749284297938337 ], [ -88.690172543692, 13.74928429793834 ], [ -88.690172543692, 13.762758965563203 ], [ -88.676697876067138, 13.762758965563203 ], [ -88.676697876067138, 13.776233633188067 ], [ -88.663223208442275, 13.776233633188067 ], [ -88.663223208442275, 13.762758965563199 ], [ -88.649748540817413, 13.762758965563203 ], [ -88.649748540817413, 13.789708300812929 ], [ -88.595849870317949, 13.789708300812929 ], [ -88.595849870317949, 13.803182968437797 ], [ -88.636273873192536, 13.803182968437797 ], [ -88.636273873192536, 13.816657636062661 ], [ -88.649748540817413, 13.816657636062667 ], [ -88.649748540817413, 13.803182968437802 ], [ -88.663223208442275, 13.803182968437797 ], [ -88.663223208442275, 13.789708300812929 ], [ -88.690172543692, 13.789708300812929 ], [ -88.690172543692, 13.776233633188069 ], [ -88.703647211316863, 13.776233633188065 ], [ -88.703647211316863, 13.789708300812929 ], [ -88.730596546566602, 13.789708300812931 ], [ -88.730596546566602, 13.776233633188065 ], [ -88.744071214191464, 13.776233633188065 ], [ -88.744071214191464, 13.762758965563201 ], [ -88.771020549441189, 13.762758965563199 ], [ -88.771020549441189, 13.749284297938337 ], [ -88.757545881816327, 13.749284297938337 ], [ -88.757545881816327, 13.735809630313476 ], [ -88.744071214191464, 13.735809630313472 ], [ -88.744071214191464, 13.722334962688608 ], [ -88.771020549441189, 13.722334962688603 ], [ -88.771020549441189, 13.708860295063738 ], [ -88.757545881816327, 13.70886029506374 ], [ -88.757545881816327, 13.695385627438874 ], [ -88.744071214191464, 13.695385627438876 ], [ -88.744071214191464, 13.668436292189138 ], [ -88.771020549441189, 13.668436292189146 ], [ -88.771020549441189, 13.654961624564276 ], [ -88.784495217066066, 13.65496162456428 ], [ -88.784495217066066, 13.695385627438876 ], [ -88.811444552315791, 13.695385627438876 ], [ -88.811444552315791, 13.70886029506374 ], [ -88.824919219940654, 13.70886029506374 ], [ -88.824919219940654, 13.722334962688604 ], [ -88.838393887565516, 13.722334962688606 ], [ -88.838393887565516, 13.695385627438872 ], [ -88.824919219940654, 13.695385627438874 ], [ -88.824919219940654, 13.681910959814006 ], [ -88.838393887565516, 13.681910959814008 ], [ -88.838393887565516, 13.668436292189138 ], [ -88.824919219940654, 13.66843629218914 ], [ -88.824919219940654, 13.641486956939419 ], [ -88.811444552315791, 13.641486956939413 ], [ -88.811444552315791, 13.628012289314549 ], [ -88.838393887565516, 13.628012289314542 ], [ -88.838393887565516, 13.614537621689685 ], [ -88.797969884690929, 13.614537621689683 ], [ -88.797969884690929, 13.628012289314546 ], [ -88.784495217066066, 13.628012289314549 ], [ -88.784495217066066, 13.641486956939415 ], [ -88.757545881816327, 13.641486956939413 ], [ -88.757545881816327, 13.628012289314549 ], [ -88.771020549441189, 13.628012289314546 ], [ -88.771020549441189, 13.601062954064815 ], [ -88.797969884690929, 13.601062954064819 ], [ -88.797969884690929, 13.587588286439956 ], [ -88.811444552315791, 13.587588286439953 ], [ -88.811444552315791, 13.574113618815085 ], [ -88.824919219940654, 13.574113618815087 ], [ -88.824919219940654, 13.547164283565355 ], [ -88.851868555190393, 13.547164283565358 ], [ -88.851868555190393, 13.533689615940492 ], [ -88.811444552315791, 13.533689615940492 ], [ -88.811444552315791, 13.547164283565358 ], [ -88.797969884690929, 13.547164283565358 ], [ -88.797969884690929, 13.520214948315628 ], [ -88.757545881816327, 13.520214948315628 ], [ -88.757545881816327, 13.493265613065898 ], [ -88.797969884690929, 13.493265613065899 ], [ -88.797969884690929, 13.479790945441035 ], [ -88.824919219940654, 13.479790945441032 ], [ -88.824919219940654, 13.466316277816166 ], [ -88.811444552315791, 13.466316277816162 ], [ -88.811444552315791, 13.452841610191298 ], [ -88.797969884690929, 13.452841610191303 ], [ -88.797969884690929, 13.439366942566437 ], [ -88.784495217066066, 13.439366942566432 ], [ -88.784495217066066, 13.425892274941566 ], [ -88.811444552315791, 13.425892274941571 ], [ -88.811444552315791, 13.412417607316707 ], [ -88.797969884690929, 13.412417607316703 ], [ -88.797969884690929, 13.385468272066975 ], [ -88.824919219940654, 13.385468272066975 ], [ -88.824919219940654, 13.37199360444211 ], [ -88.811444552315791, 13.371993604442109 ], [ -88.811444552315791, 13.345044269192384 ], [ -88.797969884690929, 13.345044269192378 ], [ -88.797969884690929, 13.331569601567512 ], [ -88.784495217066066, 13.331569601567514 ], [ -88.784495217066066, 13.304620266317784 ], [ -88.811444552315791, 13.304620266317784 ], [ -88.811444552315791, 13.291145598692914 ], [ -88.797969884690929, 13.291145598692918 ], [ -88.797969884690929, 13.264196263443187 ], [ -88.811444552315791, 13.264196263443186 ], [ -88.811444552315791, 13.25072159581832 ], [ -88.824919219940654, 13.250721595818321 ], [ -88.824919219940654, 13.264196263443189 ], [ -88.851868555190393, 13.264196263443186 ], [ -88.851868555190393, 13.277670931068055 ], [ -88.865343222815255, 13.27767093106805 ], [ -88.865343222815255, 13.304620266317784 ], [ -88.878817890440118, 13.30462026631778 ], [ -88.878817890440118, 13.345044269192382 ], [ -88.865343222815255, 13.345044269192378 ], [ -88.865343222815255, 13.358518936817244 ], [ -88.851868555190393, 13.35851893681725 ], [ -88.851868555190393, 13.331569601567509 ], [ -88.838393887565516, 13.33156960156751 ], [ -88.838393887565516, 13.371993604442109 ], [ -88.851868555190393, 13.371993604442114 ], [ -88.851868555190393, 13.385468272066969 ], [ -88.838393887565516, 13.385468272066975 ], [ -88.838393887565516, 13.398942939691841 ], [ -88.824919219940654, 13.398942939691839 ], [ -88.824919219940654, 13.425892274941571 ], [ -88.865343222815255, 13.425892274941567 ], [ -88.865343222815255, 13.371993604442109 ], [ -88.878817890440118, 13.37199360444211 ], [ -88.878817890440118, 13.452841610191301 ], [ -88.865343222815255, 13.452841610191305 ], [ -88.865343222815255, 13.466316277816169 ], [ -88.838393887565516, 13.466316277816164 ], [ -88.838393887565516, 13.493265613065892 ], [ -88.878817890440118, 13.493265613065898 ], [ -88.878817890440118, 13.479790945441032 ], [ -88.89229255806498, 13.47979094544103 ], [ -88.89229255806498, 13.547164283565353 ], [ -88.905767225689843, 13.547164283565353 ], [ -88.905767225689843, 13.520214948315624 ], [ -88.91924189331472, 13.520214948315623 ], [ -88.91924189331472, 13.506740280690765 ], [ -88.932716560939582, 13.506740280690758 ], [ -88.932716560939582, 13.533689615940492 ], [ -88.946191228564444, 13.533689615940492 ], [ -88.946191228564444, 13.52021494831563 ], [ -88.959665896189307, 13.520214948315626 ], [ -88.959665896189307, 13.506740280690762 ], [ -88.973140563814169, 13.50674028069076 ], [ -88.973140563814169, 13.493265613065898 ], [ -88.986615231439046, 13.493265613065898 ], [ -88.986615231439046, 13.506740280690764 ], [ -89.000089899063909, 13.50674028069076 ], [ -89.000089899063909, 13.533689615940492 ], [ -88.986615231439046, 13.533689615940494 ], [ -88.986615231439046, 13.547164283565357 ], [ -89.013564566688771, 13.547164283565358 ], [ -89.013564566688771, 13.533689615940492 ], [ -89.040513901938496, 13.533689615940492 ], [ -89.040513901938496, 13.520214948315623 ], [ -89.053988569563359, 13.520214948315623 ], [ -89.053988569563359, 13.506740280690758 ], [ -89.080937904813098, 13.506740280690758 ], [ -89.080937904813098, 13.520214948315623 ], [ -89.067463237188235, 13.520214948315623 ], [ -89.067463237188235, 13.533689615940492 ], [ -89.080937904813098, 13.533689615940492 ], [ -89.080937904813098, 13.560638951190219 ], [ -89.121361907687685, 13.560638951190221 ], [ -89.121361907687685, 13.547164283565358 ], [ -89.107887240062837, 13.547164283565357 ], [ -89.107887240062837, 13.520214948315621 ], [ -89.121361907687685, 13.520214948315621 ], [ -89.121361907687685, 13.506740280690764 ], [ -89.148311242937424, 13.506740280690757 ], [ -89.148311242937424, 13.493265613065899 ], [ -89.134836575312562, 13.493265613065899 ], [ -89.134836575312562, 13.479790945441032 ], [ -89.148311242937424, 13.47979094544103 ], [ -89.148311242937424, 13.466316277816164 ], [ -89.161785910562287, 13.466316277816166 ], [ -89.161785910562287, 13.479790945441032 ], [ -89.175260578187149, 13.479790945441032 ], [ -89.175260578187149, 13.493265613065898 ], [ -89.188735245812012, 13.493265613065898 ], [ -89.188735245812012, 13.47979094544103 ], [ -89.202209913436889, 13.479790945441033 ], [ -89.202209913436889, 13.493265613065899 ], [ -89.215684581061751, 13.493265613065898 ], [ -89.215684581061751, 13.479790945441032 ], [ -89.242633916311476, 13.47979094544103 ], [ -89.242633916311476, 13.506740280690758 ], [ -89.229159248686628, 13.506740280690758 ], [ -89.229159248686628, 13.520214948315628 ], [ -89.242633916311476, 13.520214948315619 ], [ -89.242633916311476, 13.533689615940492 ], [ -89.229159248686628, 13.533689615940492 ], [ -89.229159248686628, 13.547164283565358 ], [ -89.215684581061751, 13.547164283565358 ], [ -89.215684581061751, 13.560638951190221 ], [ -89.175260578187149, 13.560638951190215 ], [ -89.175260578187149, 13.587588286439953 ], [ -89.134836575312562, 13.587588286439953 ], [ -89.134836575312562, 13.601062954064824 ], [ -89.188735245812012, 13.601062954064815 ], [ -89.188735245812012, 13.587588286439953 ], [ -89.202209913436889, 13.587588286439953 ], [ -89.202209913436889, 13.574113618815089 ], [ -89.215684581061751, 13.574113618815083 ], [ -89.215684581061751, 13.587588286439953 ], [ -89.242633916311476, 13.587588286439953 ], [ -89.242633916311476, 13.601062954064814 ], [ -89.215684581061751, 13.601062954064819 ], [ -89.215684581061751, 13.614537621689685 ], [ -89.202209913436889, 13.614537621689683 ], [ -89.202209913436889, 13.66843629218914 ], [ -89.229159248686628, 13.66843629218914 ], [ -89.229159248686628, 13.695385627438874 ], [ -89.242633916311476, 13.695385627438876 ], [ -89.242633916311476, 13.68191095981401 ], [ -89.256108583936339, 13.68191095981401 ], [ -89.256108583936339, 13.628012289314549 ], [ -89.269583251561215, 13.628012289314549 ], [ -89.269583251561215, 13.641486956939412 ], [ -89.283057919186078, 13.641486956939415 ], [ -89.283057919186078, 13.668436292189142 ], [ -89.323481922060665, 13.66843629218914 ], [ -89.323481922060665, 13.681910959814012 ], [ -89.283057919186078, 13.681910959814008 ], [ -89.283057919186078, 13.695385627438876 ], [ -89.256108583936339, 13.695385627438872 ], [ -89.256108583936339, 13.70886029506374 ], [ -89.242633916311476, 13.708860295063737 ], [ -89.242633916311476, 13.722334962688599 ], [ -89.229159248686628, 13.722334962688606 ], [ -89.229159248686628, 13.749284297938338 ], [ -89.215684581061751, 13.749284297938337 ], [ -89.215684581061751, 13.762758965563197 ], [ -89.175260578187149, 13.762758965563201 ], [ -89.175260578187149, 13.776233633188063 ], [ -89.202209913436889, 13.776233633188067 ], [ -89.202209913436889, 13.789708300812931 ], [ -89.188735245812012, 13.789708300812931 ], [ -89.188735245812012, 13.816657636062665 ], [ -89.161785910562287, 13.816657636062667 ], [ -89.161785910562287, 13.803182968437797 ], [ -89.175260578187149, 13.803182968437799 ], [ -89.175260578187149, 13.789708300812928 ], [ -89.161785910562287, 13.789708300812935 ], [ -89.161785910562287, 13.776233633188067 ], [ -89.121361907687685, 13.776233633188069 ], [ -89.121361907687685, 13.830132303687527 ], [ -89.09441257243796, 13.83013230368752 ], [ -89.09441257243796, 13.843606971312388 ], [ -89.067463237188235, 13.843606971312393 ], [ -89.067463237188235, 13.830132303687522 ], [ -89.053988569563359, 13.830132303687522 ], [ -89.053988569563359, 13.84360697131239 ], [ -89.027039234313634, 13.843606971312393 ], [ -89.027039234313634, 13.830132303687524 ], [ -89.000089899063909, 13.83013230368752 ], [ -89.000089899063909, 13.84360697131239 ], [ -88.986615231439046, 13.843606971312393 ], [ -88.986615231439046, 13.85708163893726 ], [ -88.959665896189307, 13.857081638937263 ], [ -88.959665896189307, 13.816657636062656 ], [ -88.973140563814169, 13.816657636062663 ], [ -88.973140563814169, 13.803182968437797 ], [ -89.000089899063909, 13.803182968437799 ], [ -89.000089899063909, 13.789708300812933 ], [ -88.973140563814169, 13.789708300812933 ], [ -88.973140563814169, 13.776233633188063 ], [ -88.959665896189307, 13.776233633188063 ], [ -88.959665896189307, 13.789708300812933 ], [ -88.932716560939582, 13.789708300812928 ], [ -88.932716560939582, 13.803182968437797 ], [ -88.946191228564444, 13.803182968437801 ], [ -88.946191228564444, 13.843606971312388 ], [ -88.932716560939582, 13.84360697131239 ], [ -88.932716560939582, 13.857081638937261 ], [ -88.91924189331472, 13.85708163893726 ], [ -88.91924189331472, 13.870556306562129 ], [ -88.905767225689843, 13.870556306562122 ], [ -88.905767225689843, 13.884030974186985 ], [ -88.91924189331472, 13.88403097418699 ], [ -88.91924189331472, 13.897505641811854 ], [ -88.89229255806498, 13.897505641811852 ], [ -88.89229255806498, 13.924454977061581 ], [ -88.905767225689843, 13.924454977061581 ], [ -88.905767225689843, 13.937929644686452 ], [ -88.89229255806498, 13.937929644686452 ], [ -88.89229255806498, 13.964878979936181 ], [ -88.878817890440118, 13.964878979936181 ], [ -88.878817890440118, 13.991828315185913 ], [ -88.838393887565516, 13.991828315185906 ], [ -88.838393887565516, 14.005302982810774 ], [ -88.851868555190393, 14.005302982810777 ], [ -88.851868555190393, 14.018777650435643 ], [ -88.838393887565516, 14.018777650435641 ], [ -88.838393887565516, 14.032252318060507 ], [ -88.824919219940654, 14.032252318060511 ], [ -88.824919219940654, 14.059201653310241 ], [ -88.784495217066066, 14.059201653310234 ], [ -88.784495217066066, 14.032252318060507 ], [ -88.771020549441189, 14.032252318060504 ], [ -88.771020549441189, 14.018777650435641 ], [ -88.797969884690929, 14.018777650435641 ], [ -88.797969884690929, 14.005302982810775 ], [ -88.784495217066066, 14.005302982810772 ], [ -88.784495217066066, 13.97835364756104 ], [ -88.797969884690929, 13.97835364756105 ], [ -88.797969884690929, 13.964878979936181 ], [ -88.771020549441189, 13.964878979936181 ], [ -88.771020549441189, 13.97835364756105 ], [ -88.757545881816327, 13.978353647561047 ], [ -88.757545881816327, 13.991828315185911 ], [ -88.744071214191464, 13.991828315185911 ] ], [ [ -88.51500186456876, 13.816657636062667 ], [ -88.51500186456876, 13.803182968437797 ], [ -88.501527196943883, 13.803182968437797 ], [ -88.501527196943883, 13.816657636062663 ], [ -88.51500186456876, 13.816657636062667 ] ], [ [ -88.380255188320106, 13.695385627438876 ], [ -88.393729855944969, 13.695385627438879 ], [ -88.393729855944969, 13.68191095981401 ], [ -88.380255188320106, 13.681910959814006 ], [ -88.380255188320106, 13.695385627438876 ] ], [ [ -88.48805252931902, 13.735809630313467 ], [ -88.501527196943883, 13.735809630313472 ], [ -88.501527196943883, 13.722334962688606 ], [ -88.48805252931902, 13.722334962688603 ], [ -88.48805252931902, 13.735809630313467 ] ], [ [ -88.501527196943883, 13.749284297938337 ], [ -88.51500186456876, 13.749284297938337 ], [ -88.51500186456876, 13.735809630313467 ], [ -88.501527196943883, 13.735809630313472 ], [ -88.501527196943883, 13.749284297938337 ] ], [ [ -88.51500186456876, 13.762758965563203 ], [ -88.51500186456876, 13.776233633188065 ], [ -88.528476532193622, 13.776233633188063 ], [ -88.528476532193622, 13.762758965563203 ], [ -88.51500186456876, 13.762758965563203 ] ], [ [ -88.555425867443347, 13.749284297938337 ], [ -88.555425867443347, 13.762758965563199 ], [ -88.568900535068209, 13.762758965563199 ], [ -88.568900535068209, 13.749284297938337 ], [ -88.555425867443347, 13.749284297938337 ] ], [ [ -88.730596546566602, 13.803182968437797 ], [ -88.744071214191464, 13.803182968437797 ], [ -88.744071214191464, 13.789708300812933 ], [ -88.730596546566602, 13.789708300812931 ], [ -88.730596546566602, 13.803182968437797 ] ], [ [ -88.771020549441189, 13.77623363318806 ], [ -88.784495217066066, 13.776233633188067 ], [ -88.784495217066066, 13.762758965563203 ], [ -88.771020549441189, 13.762758965563199 ], [ -88.771020549441189, 13.77623363318806 ] ], [ [ -88.784495217066066, 13.749284297938335 ], [ -88.784495217066066, 13.735809630313472 ], [ -88.771020549441189, 13.73580963031347 ], [ -88.771020549441189, 13.749284297938337 ], [ -88.784495217066066, 13.749284297938335 ] ], [ [ -88.824919219940654, 13.452841610191307 ], [ -88.824919219940654, 13.439366942566432 ], [ -88.811444552315791, 13.439366942566433 ], [ -88.811444552315791, 13.452841610191298 ], [ -88.824919219940654, 13.452841610191307 ] ], [ [ -88.986615231439046, 13.520214948315626 ], [ -88.973140563814169, 13.520214948315623 ], [ -88.973140563814169, 13.533689615940496 ], [ -88.986615231439046, 13.533689615940494 ], [ -88.986615231439046, 13.520214948315626 ] ], [ [ -89.161785910562287, 13.493265613065899 ], [ -89.161785910562287, 13.50674028069076 ], [ -89.175260578187149, 13.506740280690758 ], [ -89.175260578187149, 13.493265613065898 ], [ -89.161785910562287, 13.493265613065899 ] ], [ [ -89.215684581061751, 13.533689615940492 ], [ -89.202209913436889, 13.533689615940492 ], [ -89.202209913436889, 13.547164283565355 ], [ -89.215684581061751, 13.547164283565358 ], [ -89.215684581061751, 13.533689615940492 ] ], [ [ -89.121361907687685, 13.601062954064817 ], [ -89.121361907687685, 13.614537621689685 ], [ -89.134836575312562, 13.614537621689685 ], [ -89.134836575312562, 13.601062954064824 ], [ -89.121361907687685, 13.601062954064817 ] ], [ [ -89.134836575312562, 13.628012289314546 ], [ -89.148311242937424, 13.628012289314547 ], [ -89.148311242937424, 13.614537621689681 ], [ -89.134836575312562, 13.614537621689685 ], [ -89.134836575312562, 13.628012289314546 ] ], [ [ -88.959665896189307, 13.762758965563195 ], [ -88.946191228564444, 13.762758965563203 ], [ -88.946191228564444, 13.776233633188067 ], [ -88.959665896189307, 13.776233633188063 ], [ -88.959665896189307, 13.762758965563195 ] ], [ [ -88.824919219940654, 14.018777650435643 ], [ -88.811444552315791, 14.018777650435641 ], [ -88.811444552315791, 14.032252318060507 ], [ -88.824919219940654, 14.032252318060511 ], [ -88.824919219940654, 14.018777650435643 ] ], [ [ -88.824919219940654, 14.005302982810774 ], [ -88.824919219940654, 13.991828315185911 ], [ -88.811444552315791, 13.991828315185911 ], [ -88.811444552315791, 14.005302982810774 ], [ -88.824919219940654, 14.005302982810774 ] ], [ [ -88.636273873192536, 13.951404312311308 ], [ -88.636273873192536, 13.978353647561041 ], [ -88.649748540817413, 13.978353647561045 ], [ -88.649748540817413, 13.964878979936183 ], [ -88.663223208442275, 13.964878979936181 ], [ -88.663223208442275, 13.978353647561047 ], [ -88.690172543692, 13.978353647561047 ], [ -88.690172543692, 13.991828315185913 ], [ -88.730596546566602, 13.991828315185908 ], [ -88.730596546566602, 13.964878979936177 ], [ -88.703647211316863, 13.964878979936181 ], [ -88.703647211316863, 13.951404312311313 ], [ -88.690172543692, 13.951404312311317 ], [ -88.690172543692, 13.937929644686447 ], [ -88.71712187894174, 13.937929644686445 ], [ -88.71712187894174, 13.924454977061579 ], [ -88.676697876067138, 13.924454977061584 ], [ -88.676697876067138, 13.937929644686445 ], [ -88.663223208442275, 13.937929644686449 ], [ -88.663223208442275, 13.924454977061588 ], [ -88.636273873192536, 13.924454977061588 ], [ -88.636273873192536, 13.937929644686449 ], [ -88.622799205567674, 13.937929644686452 ], [ -88.622799205567674, 13.951404312311311 ], [ -88.636273873192536, 13.951404312311308 ] ], [ [ -88.865343222815255, 13.978353647561047 ], [ -88.865343222815255, 13.964878979936183 ], [ -88.851868555190393, 13.964878979936181 ], [ -88.851868555190393, 13.978353647561047 ], [ -88.865343222815255, 13.978353647561047 ] ], [ [ -88.838393887565516, 13.951404312311309 ], [ -88.824919219940654, 13.951404312311309 ], [ -88.824919219940654, 13.978353647561043 ], [ -88.838393887565516, 13.978353647561047 ], [ -88.838393887565516, 13.951404312311309 ] ], [ [ -88.865343222815255, 13.951404312311315 ], [ -88.865343222815255, 13.937929644686447 ], [ -88.838393887565516, 13.937929644686449 ], [ -88.838393887565516, 13.951404312311309 ], [ -88.865343222815255, 13.951404312311315 ] ], [ [ -88.851868555190393, 13.924454977061584 ], [ -88.851868555190393, 13.91098030943672 ], [ -88.838393887565516, 13.91098030943672 ], [ -88.838393887565516, 13.924454977061583 ], [ -88.851868555190393, 13.924454977061584 ] ], [ [ -88.730596546566602, 13.884030974186986 ], [ -88.730596546566602, 13.870556306562127 ], [ -88.71712187894174, 13.870556306562118 ], [ -88.71712187894174, 13.897505641811854 ], [ -88.757545881816327, 13.897505641811854 ], [ -88.757545881816327, 13.88403097418699 ], [ -88.730596546566602, 13.884030974186986 ] ], [ [ -88.71712187894174, 13.85708163893726 ], [ -88.703647211316863, 13.857081638937261 ], [ -88.703647211316863, 13.870556306562124 ], [ -88.71712187894174, 13.870556306562118 ], [ -88.71712187894174, 13.85708163893726 ] ], [ [ -88.730596546566602, 13.857081638937258 ], [ -88.730596546566602, 13.830132303687522 ], [ -88.71712187894174, 13.83013230368752 ], [ -88.71712187894174, 13.85708163893726 ], [ -88.730596546566602, 13.857081638937258 ] ], [ [ -88.838393887565516, 13.857081638937261 ], [ -88.838393887565516, 13.88403097418699 ], [ -88.865343222815255, 13.884030974186986 ], [ -88.865343222815255, 13.84360697131239 ], [ -88.851868555190393, 13.843606971312392 ], [ -88.851868555190393, 13.85708163893726 ], [ -88.838393887565516, 13.857081638937261 ] ], [ [ -88.595849870317949, 13.857081638937258 ], [ -88.568900535068209, 13.857081638937261 ], [ -88.568900535068209, 13.816657636062667 ], [ -88.555425867443347, 13.816657636062667 ], [ -88.555425867443347, 13.870556306562124 ], [ -88.595849870317949, 13.870556306562117 ], [ -88.595849870317949, 13.857081638937258 ] ], [ [ -88.582375202693086, 13.816657636062669 ], [ -88.582375202693086, 13.789708300812931 ], [ -88.555425867443347, 13.789708300812933 ], [ -88.555425867443347, 13.776233633188067 ], [ -88.541951199818484, 13.776233633188069 ], [ -88.541951199818484, 13.803182968437797 ], [ -88.568900535068209, 13.803182968437797 ], [ -88.568900535068209, 13.816657636062667 ], [ -88.582375202693086, 13.816657636062669 ] ], [ [ -88.797969884690929, 13.857081638937267 ], [ -88.797969884690929, 13.843606971312392 ], [ -88.784495217066066, 13.84360697131239 ], [ -88.784495217066066, 13.857081638937261 ], [ -88.797969884690929, 13.857081638937267 ] ], [ [ -88.905767225689843, 13.843606971312393 ], [ -88.905767225689843, 13.830132303687522 ], [ -88.89229255806498, 13.83013230368752 ], [ -88.89229255806498, 13.843606971312388 ], [ -88.905767225689843, 13.843606971312393 ] ], [ [ -88.838393887565516, 13.84360697131239 ], [ -88.838393887565516, 13.830132303687522 ], [ -88.824919219940654, 13.830132303687522 ], [ -88.824919219940654, 13.843606971312393 ], [ -88.838393887565516, 13.84360697131239 ] ], [ [ -88.622799205567674, 13.843606971312393 ], [ -88.622799205567674, 13.816657636062667 ], [ -88.595849870317949, 13.816657636062663 ], [ -88.595849870317949, 13.843606971312393 ], [ -88.622799205567674, 13.843606971312393 ] ], [ [ -88.784495217066066, 13.830132303687524 ], [ -88.784495217066066, 13.816657636062661 ], [ -88.771020549441189, 13.81665763606266 ], [ -88.771020549441189, 13.830132303687522 ], [ -88.784495217066066, 13.830132303687524 ] ], [ [ -89.053988569563359, 13.816657636062663 ], [ -89.053988569563359, 13.803182968437794 ], [ -89.040513901938496, 13.803182968437797 ], [ -89.040513901938496, 13.816657636062663 ], [ -89.053988569563359, 13.816657636062663 ] ], [ [ -88.905767225689843, 13.816657636062663 ], [ -88.905767225689843, 13.803182968437797 ], [ -88.89229255806498, 13.803182968437797 ], [ -88.89229255806498, 13.816657636062663 ], [ -88.905767225689843, 13.816657636062663 ] ], [ [ -88.811444552315791, 13.803182968437797 ], [ -88.797969884690929, 13.803182968437797 ], [ -88.797969884690929, 13.81665763606266 ], [ -88.811444552315791, 13.816657636062663 ], [ -88.811444552315791, 13.803182968437797 ] ], [ [ -88.824919219940654, 13.803182968437797 ], [ -88.824919219940654, 13.789708300812929 ], [ -88.838393887565516, 13.789708300812933 ], [ -88.838393887565516, 13.762758965563197 ], [ -88.824919219940654, 13.762758965563203 ], [ -88.824919219940654, 13.749284297938337 ], [ -88.811444552315791, 13.74928429793834 ], [ -88.811444552315791, 13.762758965563194 ], [ -88.797969884690929, 13.762758965563203 ], [ -88.797969884690929, 13.776233633188067 ], [ -88.811444552315791, 13.776233633188067 ], [ -88.811444552315791, 13.803182968437797 ], [ -88.824919219940654, 13.803182968437797 ] ], [ [ -88.865343222815255, 13.803182968437797 ], [ -88.865343222815255, 13.789708300812933 ], [ -88.851868555190393, 13.789708300812933 ], [ -88.851868555190393, 13.803182968437797 ], [ -88.865343222815255, 13.803182968437797 ] ], [ [ -88.784495217066066, 13.803182968437797 ], [ -88.784495217066066, 13.789708300812929 ], [ -88.771020549441189, 13.789708300812929 ], [ -88.771020549441189, 13.803182968437797 ], [ -88.784495217066066, 13.803182968437797 ] ], [ [ -89.107887240062837, 13.735809630313467 ], [ -89.107887240062837, 13.762758965563192 ], [ -89.134836575312562, 13.762758965563199 ], [ -89.134836575312562, 13.749284297938333 ], [ -89.121361907687685, 13.749284297938337 ], [ -89.121361907687685, 13.735809630313472 ], [ -89.107887240062837, 13.735809630313467 ] ], [ [ -89.202209913436889, 13.749284297938337 ], [ -89.202209913436889, 13.73580963031347 ], [ -89.188735245812012, 13.735809630313467 ], [ -89.188735245812012, 13.749284297938337 ], [ -89.202209913436889, 13.749284297938337 ] ], [ [ -88.973140563814169, 13.722334962688604 ], [ -88.959665896189307, 13.722334962688603 ], [ -88.959665896189307, 13.749284297938335 ], [ -88.973140563814169, 13.749284297938337 ], [ -88.973140563814169, 13.722334962688604 ] ], [ [ -88.986615231439046, 13.722334962688606 ], [ -88.986615231439046, 13.708860295063738 ], [ -88.973140563814169, 13.70886029506374 ], [ -88.973140563814169, 13.722334962688604 ], [ -88.986615231439046, 13.722334962688606 ] ], [ [ -89.013564566688771, 13.708860295063744 ], [ -89.013564566688771, 13.695385627438874 ], [ -89.053988569563359, 13.695385627438879 ], [ -89.053988569563359, 13.70886029506374 ], [ -89.080937904813098, 13.708860295063744 ], [ -89.080937904813098, 13.695385627438874 ], [ -89.067463237188235, 13.695385627438874 ], [ -89.067463237188235, 13.681910959814015 ], [ -89.09441257243796, 13.681910959814006 ], [ -89.09441257243796, 13.66843629218914 ], [ -89.107887240062837, 13.66843629218914 ], [ -89.107887240062837, 13.695385627438874 ], [ -89.121361907687685, 13.695385627438874 ], [ -89.121361907687685, 13.722334962688606 ], [ -89.134836575312562, 13.722334962688603 ], [ -89.134836575312562, 13.735809630313467 ], [ -89.161785910562287, 13.735809630313467 ], [ -89.161785910562287, 13.722334962688606 ], [ -89.148311242937424, 13.722334962688601 ], [ -89.148311242937424, 13.695385627438876 ], [ -89.188735245812012, 13.695385627438874 ], [ -89.188735245812012, 13.654961624564278 ], [ -89.161785910562287, 13.654961624564283 ], [ -89.161785910562287, 13.668436292189142 ], [ -89.148311242937424, 13.668436292189142 ], [ -89.148311242937424, 13.641486956939412 ], [ -89.134836575312562, 13.641486956939417 ], [ -89.134836575312562, 13.66843629218914 ], [ -89.121361907687685, 13.668436292189144 ], [ -89.121361907687685, 13.654961624564283 ], [ -89.09441257243796, 13.654961624564276 ], [ -89.09441257243796, 13.641486956939415 ], [ -89.080937904813098, 13.641486956939415 ], [ -89.080937904813098, 13.628012289314547 ], [ -89.09441257243796, 13.628012289314549 ], [ -89.09441257243796, 13.614537621689683 ], [ -89.080937904813098, 13.61453762168968 ], [ -89.080937904813098, 13.601062954064815 ], [ -89.067463237188235, 13.601062954064817 ], [ -89.067463237188235, 13.641486956939413 ], [ -89.053988569563359, 13.641486956939415 ], [ -89.053988569563359, 13.628012289314546 ], [ -89.040513901938496, 13.628012289314549 ], [ -89.040513901938496, 13.614537621689685 ], [ -89.027039234313634, 13.614537621689681 ], [ -89.027039234313634, 13.628012289314549 ], [ -89.000089899063909, 13.628012289314551 ], [ -89.000089899063909, 13.641486956939415 ], [ -88.986615231439046, 13.641486956939413 ], [ -88.986615231439046, 13.65496162456428 ], [ -89.000089899063909, 13.654961624564276 ], [ -89.000089899063909, 13.695385627438876 ], [ -88.986615231439046, 13.695385627438872 ], [ -88.986615231439046, 13.708860295063738 ], [ -89.013564566688771, 13.708860295063744 ] ], [ [ -89.053988569563359, 13.614537621689683 ], [ -89.053988569563359, 13.547164283565353 ], [ -89.040513901938496, 13.547164283565353 ], [ -89.040513901938496, 13.560638951190217 ], [ -89.027039234313634, 13.560638951190223 ], [ -89.027039234313634, 13.574113618815089 ], [ -89.040513901938496, 13.574113618815083 ], [ -89.040513901938496, 13.587588286439953 ], [ -89.027039234313634, 13.587588286439953 ], [ -89.027039234313634, 13.601062954064814 ], [ -89.040513901938496, 13.601062954064819 ], [ -89.040513901938496, 13.614537621689685 ], [ -89.053988569563359, 13.614537621689683 ] ], [ [ -88.973140563814169, 13.654961624564276 ], [ -88.973140563814169, 13.66843629218914 ], [ -88.986615231439046, 13.668436292189142 ], [ -88.986615231439046, 13.65496162456428 ], [ -88.973140563814169, 13.654961624564276 ] ], [ [ -88.959665896189307, 13.668436292189137 ], [ -88.959665896189307, 13.681910959814006 ], [ -88.973140563814169, 13.681910959814006 ], [ -88.973140563814169, 13.66843629218914 ], [ -88.959665896189307, 13.668436292189137 ] ], [ [ -88.91924189331472, 13.735809630313467 ], [ -88.91924189331472, 13.749284297938337 ], [ -88.932716560939582, 13.749284297938333 ], [ -88.932716560939582, 13.735809630313469 ], [ -88.91924189331472, 13.735809630313467 ] ], [ [ -88.91924189331472, 13.708860295063745 ], [ -88.905767225689843, 13.70886029506374 ], [ -88.905767225689843, 13.735809630313467 ], [ -88.91924189331472, 13.735809630313467 ], [ -88.91924189331472, 13.708860295063745 ] ], [ [ -88.89229255806498, 13.722334962688606 ], [ -88.89229255806498, 13.70886029506374 ], [ -88.851868555190393, 13.70886029506374 ], [ -88.851868555190393, 13.722334962688606 ], [ -88.89229255806498, 13.722334962688606 ] ], [ [ -88.89229255806498, 13.695385627438876 ], [ -88.89229255806498, 13.68191095981401 ], [ -88.878817890440118, 13.68191095981401 ], [ -88.878817890440118, 13.695385627438878 ], [ -88.89229255806498, 13.695385627438876 ] ], [ [ -88.946191228564444, 13.668436292189142 ], [ -88.946191228564444, 13.654961624564283 ], [ -88.905767225689843, 13.65496162456428 ], [ -88.905767225689843, 13.668436292189146 ], [ -88.946191228564444, 13.668436292189142 ] ], [ [ -88.851868555190393, 13.614537621689685 ], [ -88.851868555190393, 13.641486956939415 ], [ -88.865343222815255, 13.641486956939415 ], [ -88.865343222815255, 13.65496162456428 ], [ -88.878817890440118, 13.654961624564283 ], [ -88.878817890440118, 13.641486956939419 ], [ -88.91924189331472, 13.641486956939413 ], [ -88.91924189331472, 13.628012289314547 ], [ -88.878817890440118, 13.628012289314546 ], [ -88.878817890440118, 13.614537621689685 ], [ -88.851868555190393, 13.614537621689685 ] ], [ [ -89.080937904813098, 13.587588286439953 ], [ -89.080937904813098, 13.574113618815089 ], [ -89.067463237188235, 13.574113618815089 ], [ -89.067463237188235, 13.587588286439953 ], [ -89.080937904813098, 13.587588286439953 ] ], [ [ -89.202209913436889, 13.520214948315626 ], [ -89.202209913436889, 13.506740280690758 ], [ -89.188735245812012, 13.506740280690758 ], [ -89.188735245812012, 13.520214948315623 ], [ -89.202209913436889, 13.520214948315626 ] ] ] } },
{ "type": "Feature", "properties": { "class_id": 3, "area_m2": 2174137.3716305201, "class_name": "Normal", "index": "NDVI", "min_value": null, "max_value": null }, "geometry": { "type": "Polygon", "coordinates": [ [ [ -89.027039234313634, 13.668436292189142 ], [ -89.013564566688771, 13.668436292189142 ], [ -89.013564566688771, 13.654961624564283 ], [ -89.027039234313634, 13.65496162456428 ], [ -89.027039234313634, 13.668436292189142 ] ] ] } },
{ "type": "Feature", "properties": { "class_id": 3, "area_m2": 15202084.637384919, "class_name": "Normal", "index": "NDVI", "min_value": null, "max_value": null }, "geometry": { "type": "Polygon", "coordinates": [ [ [ -88.973140563814169, 13.897505641811851 ], [ -88.986615231439046, 13.897505641811859 ], [ -88.986615231439046, 13.924454977061588 ], [ -88.973140563814169, 13.924454977061583 ], [ -88.973140563814169, 13.937929644686445 ], [ -88.946191228564444, 13.93792964468645 ], [ -88.946191228564444, 13.924454977061584 ], [ -88.959665896189307, 13.924454977061577 ], [ -88.959665896189307, 13.884030974186993 ], [ -88.973140563814169, 13.884030974186985 ], [ -88.973140563814169, 13.897505641811851 ] ] ] } },
{ "type": "Feature", "properties": { "class_id": 3, "area_m2": 6514725.5436870921, "class_name": "Normal", "index": "NDVI", "min_value": null, "max_value": null }, "geometry": { "type": "Polygon", "coordinates": [ [ [ -88.932716560939582, 13.937929644686452 ], [ -88.91924189331472, 13.937929644686445 ], [ -88.91924189331472, 13.897505641811854 ], [ -88.932716560939582, 13.897505641811854 ], [ -88.932716560939582, 13.937929644686452 ] ] ] } },
{ "type": "Feature", "properties": { "class_id": 3, "area_m2": 26060916.045069806, "class_name": "Normal", "index": "NDVI", "min_value": null, "max_value": null }, "geometry": { "type": "Polygon", "coordinates": [ [ [ -89.067463237188235, 13.951404312311311 ], [ -89.040513901938496, 13.951404312311309 ], [ -89.040513901938496, 13.937929644686447 ], [ -89.027039234313634, 13.937929644686445 ], [ -89.027039234313634, 13.951404312311315 ], [ -89.013564566688771, 13.951404312311309 ], [ -89.013564566688771, 13.93792964468645 ], [ -89.000089899063909, 13.937929644686452 ], [ -89.000089899063909, 13.924454977061584 ], [ -89.013564566688771, 13.924454977061579 ], [ -89.013564566688771, 13.897505641811854 ], [ -89.027039234313634, 13.897505641811854 ], [ -89.027039234313634, 13.910980309436725 ], [ -89.053988569563359, 13.91098030943672 ], [ -89.053988569563359, 13.924454977061584 ], [ -89.067463237188235, 13.924454977061584 ], [ -89.067463237188235, 13.951404312311311 ] ] ] } },
{ "type": "Feature", "properties": { "class_id": 3, "area_m2": 2171471.5508728609, "class_name": "Normal", "index": "NDVI", "min_value": null, "max_value": null }, "geometry": { "type": "Polygon", "coordinates": [ [ [ -89.040513901938496, 13.964878979936181 ], [ -89.027039234313634, 13.964878979936181 ], [ -89.027039234313634, 13.951404312311315 ], [ -89.040513901938496, 13.951404312311309 ], [ -89.040513901938496, 13.964878979936181 ] ] ] } },
{ "type": "Feature", "properties": { "class_id": 3, "area_m2": 4340636.6134431921, "class_name": "Normal", "index": "NDVI", "min_value": null, "max_value": null }, "geometry": { "type": "Polygon", "coordinates": [ [ [ -88.744071214191464, 14.005302982810777 ], [ -88.771020549441189, 14.005302982810772 ], [ -88.771020549441189, 14.018777650435641 ], [ -88.744071214191464, 14.018777650435645 ], [ -88.744071214191464, 14.005302982810777 ] ] ] } },
{ "type": "Feature", "properties": { "class_id": 3, "area_m2": 2170838.9003325631, "class_name": "Normal", "index": "NDVI", "min_value": null, "max_value": null }, "geometry": { "type": "Polygon", "coordinates": [ [ [ -88.973140563814169, 14.005302982810772 ], [ -88.986615231439046, 14.005302982810772 ], [ -88.986615231439046, 14.018777650435641 ], [ -88.973140563814169, 14.018777650435641 ], [ -88.973140563814169, 14.005302982810772 ] ] ] } },
{ "type": "Feature", "properties": { "class_id": 3, "area_m2": 2170974.4729768536, "class_name": "Normal", "index": "NDVI", "min_value": null, "max_value": null }, "geometry": { "type": "Polygon", "coordinates": [ [ [ -89.040513901938496, 14.018777650435641 ], [ -89.027039234313634, 14.018777650435643 ], [ -89.027039234313634, 14.005302982810774 ], [ -89.040513901938496, 14.005302982810772 ], [ -89.040513901938496, 14.018777650435641 ] ] ] } },
{ "type": "Feature", "properties": { "class_id": 3, "area_m2": 4341032.8640818913, "class_name": "Normal", "index": "NDVI", "min_value": null, "max_value": null }, "geometry": { "type": "Polygon", "coordinates": [ [ [ -88.878817890440118, 14.032252318060507 ], [ -88.865343222815255, 14.032252318060506 ], [ -88.865343222815255, 14.005302982810774 ], [ -88.878817890440118, 14.005302982810772 ], [ -88.878817890440118, 14.032252318060507 ] ] ] } },
{ "type": "Feature", "properties": { "class_id": 3, "area_m2": 123718672.34833641, "class_name": "Normal", "index": "NDVI", "min_value": null, "max_value": null }, "geometry": { "type": "Polygon", "coordinates": [ [ [ -88.973140563814169, 14.005302982810772 ], [ -88.959665896189307, 14.005302982810772 ], [ -88.959665896189307, 14.018777650435641 ], [ -88.973140563814169, 14.018777650435641 ], [ -88.973140563814169, 14.032252318060504 ], [ -89.000089899063909, 14.032252318060511 ], [ -89.000089899063909, 14.045726985685366 ], [ -89.013564566688771, 14.045726985685366 ], [ -89.013564566688771, 14.072676320935104 ], [ -89.000089899063909, 14.072676320935104 ], [ -89.000089899063909, 14.059201653310234 ], [ -88.986615231439046, 14.059201653310236 ], [ -88.986615231439046, 14.04572698568537 ], [ -88.973140563814169, 14.045726985685365 ], [ -88.973140563814169, 14.059201653310234 ], [ -88.946191228564444, 14.059201653310234 ], [ -88.946191228564444, 14.045726985685365 ], [ -88.932716560939582, 14.04572698568537 ], [ -88.932716560939582, 14.059201653310234 ], [ -88.91924189331472, 14.059201653310234 ], [ -88.91924189331472, 14.072676320935106 ], [ -88.946191228564444, 14.072676320935102 ], [ -88.946191228564444, 14.086150988559972 ], [ -88.932716560939582, 14.086150988559968 ], [ -88.932716560939582, 14.099625656184834 ], [ -88.946191228564444, 14.099625656184839 ], [ -88.946191228564444, 14.1131003238097 ], [ -88.932716560939582, 14.113100323809695 ], [ -88.932716560939582, 14.126574991434563 ], [ -88.89229255806498, 14.126574991434559 ], [ -88.89229255806498, 14.059201653310234 ], [ -88.905767225689843, 14.059201653310234 ], [ -88.905767225689843, 14.032252318060507 ], [ -88.89229255806498, 14.032252318060502 ], [ -88.89229255806498, 13.991828315185909 ], [ -88.905767225689843, 13.991828315185908 ], [ -88.905767225689843, 13.978353647561045 ], [ -88.89229255806498, 13.97835364756105 ], [ -88.89229255806498, 13.964878979936181 ], [ -88.932716560939582, 13.964878979936181 ], [ -88.932716560939582, 13.951404312311315 ], [ -88.959665896189307, 13.951404312311311 ], [ -88.959665896189307, 13.991828315185908 ], [ -88.973140563814169, 13.991828315185911 ], [ -88.973140563814169, 14.005302982810772 ] ], [ [ -88.946191228564444, 14.032252318060511 ], [ -88.946191228564444, 14.018777650435643 ], [ -88.932716560939582, 14.018777650435645 ], [ -88.932716560939582, 14.032252318060507 ], [ -88.946191228564444, 14.032252318060511 ] ] ] } },
{ "type": "Feature", "properties": { "class_id": 3, "area_m2": 2169986.2830780637, "class_name": "Normal", "index": "NDVI", "min_value": null, "max_value": null }, "geometry": { "type": "Polygon", "coordinates": [ [ [ -88.838393887565516, 14.072676320935102 ], [ -88.824919219940654, 14.072676320935102 ], [ -88.824919219940654, 14.059201653310241 ], [ -88.838393887565516, 14.059201653310234 ], [ -88.838393887565516, 14.072676320935102 ] ] ] } },
{ "type": "Feature", "properties": { "class_id": 3, "area_m2": 2170215.0209112605, "class_name": "Normal", "index": "NDVI", "min_value": null, "max_value": null }, "geometry": { "type": "Polygon", "coordinates": [ [ [ -88.986615231439046, 14.086150988559968 ], [ -88.973140563814169, 14.086150988559963 ], [ -88.973140563814169, 14.072676320935106 ], [ -88.986615231439046, 14.072676320935102 ], [ -88.986615231439046, 14.086150988559968 ] ] ] } },
{ "type": "Feature", "properties": { "class_id": 3, "area_m2": 2170419.5694089802, "class_name": "Normal", "index": "NDVI", "min_value": null, "max_value": null }, "geometry": { "type": "Polygon", "coordinates": [ [ [ -89.067463237188235, 14.086150988559968 ], [ -89.053988569563359, 14.086150988559968 ], [ -89.053988569563359, 14.072676320935102 ], [ -89.067463237188235, 14.072676320935102 ], [ -89.067463237188235, 14.086150988559968 ] ] ] } },
{ "type": "Feature", "properties": { "class_id": 3, "area_m2": 2169674.9342452893, "class_name": "Normal", "index": "NDVI", "min_value": null, "max_value": null }, "geometry": { "type": "Polygon", "coordinates": [ [ [ -88.811444552315791, 14.099625656184834 ], [ -88.797969884690929, 14.099625656184834 ], [ -88.797969884690929, 14.086150988559968 ], [ -88.811444552315791, 14.086150988559966 ], [ -88.811444552315791, 14.099625656184834 ] ] ] } },
{ "type": "Feature", "properties": { "class_id": 3, "area_m2": 2170123.4069728395, "class_name": "Normal", "index": "NDVI", "min_value": null, "max_value": null }, "geometry": { "type": "Polygon", "coordinates": [ [ [ -89.000089899063909, 14.099625656184834 ], [ -88.986615231439046, 14.099625656184829 ], [ -88.986615231439046, 14.086150988559968 ], [ -89.000089899063909, 14.086150988559968 ], [ -89.000089899063909, 14.099625656184834 ] ] ] } },
{ "type": "Feature", "properties": { "class_id": 3, "area_m2": 2170031.891367055, "class_name": "Normal", "index": "NDVI", "min_value": null, "max_value": null }, "geometry": { "type": "Polygon", "coordinates": [ [ [ -89.013564566688771, 14.113100323809698 ], [ -89.000089899063909, 14.113100323809695 ], [ -89.000089899063909, 14.099625656184834 ], [ -89.013564566688771, 14.099625656184829 ], [ -89.013564566688771, 14.113100323809698 ] ] ] } },
{ "type": "Feature", "properties": { "class_id": 3, "area_m2": 2169275.176249559, "class_name": "Normal", "index": "NDVI", "min_value": null, "max_value": null }, "geometry": { "type": "Polygon", "coordinates": [ [ [ -88.744071214191464, 14.126574991434564 ], [ -88.730596546566602, 14.126574991434559 ], [ -88.730596546566602, 14.113100323809698 ], [ -88.744071214191464, 14.113100323809695 ], [ -88.744071214191464, 14.126574991434564 ] ] ] } },
{ "type": "Feature", "properties": { "class_id": 3, "area_m2": 21693013.376737881, "class_name": "Normal", "index": "NDVI", "min_value": null, "max_value": null }, "geometry": { "type": "Polygon", "coordinates": [ [ [ -88.797969884690929, 14.153524326684291 ], [ -88.771020549441189, 14.153524326684291 ], [ -88.771020549441189, 14.140049659059423 ], [ -88.757545881816327, 14.140049659059425 ], [ -88.757545881816327, 14.099625656184832 ], [ -88.784495217066066, 14.099625656184831 ], [ -88.784495217066066, 14.113100323809695 ], [ -88.797969884690929, 14.113100323809698 ], [ -88.797969884690929, 14.153524326684291 ] ] ] } },
{ "type": "Feature", "properties": { "class_id": 3, "area_m2": 2169489.0887283874, "class_name": "Normal", "index": "NDVI", "min_value": null, "max_value": null }, "geometry": { "type": "Polygon", "coordinates": [ [ [ -88.946191228564444, 14.153524326684291 ], [ -88.932716560939582, 14.153524326684293 ], [ -88.932716560939582, 14.14004965905942 ], [ -88.946191228564444, 14.140049659059429 ], [ -88.946191228564444, 14.153524326684291 ] ] ] } },
{ "type": "Feature", "properties": { "class_id": 3, "area_m2": 30368901.927026853, "class_name": "Normal", "index": "NDVI", "min_value": null, "max_value": null }, "geometry": { "type": "Polygon", "coordinates": [ [ [ -88.932716560939582, 14.180473661934027 ], [ -88.905767225689843, 14.180473661934025 ], [ -88.905767225689843, 14.193948329558893 ], [ -88.878817890440118, 14.193948329558882 ], [ -88.878817890440118, 14.180473661934025 ], [ -88.865343222815255, 14.180473661934029 ], [ -88.865343222815255, 14.153524326684289 ], [ -88.851868555190393, 14.153524326684295 ], [ -88.851868555190393, 14.140049659059429 ], [ -88.878817890440118, 14.140049659059429 ], [ -88.878817890440118, 14.166998994309154 ], [ -88.89229255806498, 14.166998994309155 ], [ -88.89229255806498, 14.153524326684288 ], [ -88.905767225689843, 14.153524326684291 ], [ -88.905767225689843, 14.140049659059425 ], [ -88.91924189331472, 14.140049659059425 ], [ -88.91924189331472, 14.153524326684288 ], [ -88.932716560939582, 14.153524326684293 ], [ -88.932716560939582, 14.180473661934027 ] ] ] } },
{ "type": "Feature", "properties": { "class_id": 3, "area_m2": 2168967.3107112516, "class_name": "Normal", "index": "NDVI", "min_value": null, "max_value": null }, "geometry": { "type": "Polygon", "coordinates": [ [ [ -89.040513901938496, 14.234372332433486 ], [ -89.027039234313634, 14.234372332433486 ], [ -89.027039234313634, 14.22089766480862 ], [ -89.040513901938496, 14.220897664808616 ], [ -89.040513901938496, 14.234372332433486 ] ] ] } },
{ "type": "Feature", "properties": { "class_id": 3, "area_m2": 2177145.9112009546, "class_name": "Normal", "index": "NDVI", "min_value": null, "max_value": null }, "geometry": { "type": "Polygon", "coordinates": [ [ [ -88.501527196943883, 13.196822925318855 ], [ -88.48805252931902, 13.196822925318857 ], [ -88.48805252931902, 13.183348257693991 ], [ -88.501527196943883, 13.183348257693996 ], [ -88.501527196943883, 13.196822925318855 ] ] ] } },
{ "type": "Feature", "properties": { "class_id": 3, "area_m2": 4354420.8281764556, "class_name": "Normal", "index": "NDVI", "min_value": null, "max_value": null }, "geometry": { "type": "Polygon", "coordinates": [ [ [ -88.51500186456876, 13.183348257693993 ], [ -88.541951199818484, 13.183348257693995 ], [ -88.541951199818484, 13.196822925318864 ], [ -88.51500186456876, 13.196822925318861 ], [ -88.51500186456876, 13.183348257693993 ] ] ] } },
{ "type": "Feature", "properties": { "class_id": 3, "area_m2": 4354110.3022120912, "class_name": "Normal", "index": "NDVI", "min_value": null, "max_value": null }, "geometry": { "type": "Polygon", "coordinates": [ [ [ -88.555425867443347, 13.210297592943725 ], [ -88.582375202693086, 13.210297592943725 ], [ -88.582375202693086, 13.223772260568591 ], [ -88.555425867443347, 13.223772260568587 ], [ -88.555425867443347, 13.210297592943725 ] ] ] } },
{ "type": "Feature", "properties": { "class_id": 3, "area_m2": 2177233.8279516925, "class_name": "Normal", "index": "NDVI", "min_value": null, "max_value": null }, "geometry": { "type": "Polygon", "coordinates": [ [ [ -88.663223208442275, 13.223772260568586 ], [ -88.649748540817413, 13.223772260568589 ], [ -88.649748540817413, 13.21029759294373 ], [ -88.663223208442275, 13.210297592943725 ], [ -88.663223208442275, 13.223772260568586 ] ] ] } },
{ "type": "Feature", "properties": { "class_id": 3, "area_m2": 21768275.154667962, "class_name": "Normal", "index": "NDVI", "min_value": null, "max_value": null }, "geometry": { "type": "Polygon", "coordinates": [ [ [ -88.48805252931902, 13.250721595818323 ], [ -88.474577861694158, 13.25072159581832 ], [ -88.474577861694158, 13.237246928193457 ], [ -88.447628526444433, 13.237246928193453 ], [ -88.447628526444433, 13.223772260568586 ], [ -88.461103194069295, 13.223772260568586 ], [ -88.461103194069295, 13.210297592943727 ], [ -88.474577861694158, 13.210297592943727 ], [ -88.474577861694158, 13.196822925318861 ], [ -88.48805252931902, 13.196822925318857 ], [ -88.48805252931902, 13.210297592943727 ], [ -88.51500186456876, 13.210297592943723 ], [ -88.51500186456876, 13.223772260568586 ], [ -88.501527196943883, 13.223772260568587 ], [ -88.501527196943883, 13.237246928193453 ], [ -88.48805252931902, 13.237246928193452 ], [ -88.48805252931902, 13.250721595818323 ] ] ] } },
{ "type": "Feature", "properties": { "class_id": 3, "area_m2": 557072074.3093102, "class_name": "Normal", "index": "NDVI", "min_value": null, "max_value": null }, "geometry": { "type": "Polygon", "coordinates": [ [ [ -88.420679191194694, 13.277670931068048 ], [ -88.420679191194694, 13.291145598692918 ], [ -88.366780520695244, 13.291145598692918 ], [ -88.366780520695244, 13.264196263443189 ], [ -88.353305853070367, 13.264196263443187 ], [ -88.353305853070367, 13.25072159581832 ], [ -88.339831185445505, 13.250721595818321 ], [ -88.339831185445505, 13.277670931068053 ], [ -88.353305853070367, 13.277670931068053 ], [ -88.353305853070367, 13.331569601567514 ], [ -88.339831185445505, 13.331569601567514 ], [ -88.339831185445505, 13.318094933942646 ], [ -88.299407182570931, 13.318094933942648 ], [ -88.299407182570931, 13.30462026631778 ], [ -88.31288185019578, 13.304620266317784 ], [ -88.31288185019578, 13.291145598692919 ], [ -88.28593251494604, 13.291145598692918 ], [ -88.28593251494604, 13.331569601567512 ], [ -88.272457847321178, 13.33156960156751 ], [ -88.272457847321178, 13.318094933942644 ], [ -88.258983179696315, 13.318094933942648 ], [ -88.258983179696315, 13.304620266317782 ], [ -88.23203384444659, 13.304620266317784 ], [ -88.23203384444659, 13.291145598692921 ], [ -88.218559176821714, 13.291145598692914 ], [ -88.218559176821714, 13.304620266317785 ], [ -88.205084509196851, 13.304620266317784 ], [ -88.205084509196851, 13.291145598692919 ], [ -88.17813517394714, 13.291145598692923 ], [ -88.17813517394714, 13.277670931068053 ], [ -88.137711171072525, 13.27767093106805 ], [ -88.137711171072525, 13.304620266317785 ], [ -88.124236503447662, 13.304620266317784 ], [ -88.124236503447662, 13.318094933942648 ], [ -88.1107618358228, 13.318094933942646 ], [ -88.1107618358228, 13.345044269192373 ], [ -88.097287168197937, 13.345044269192378 ], [ -88.097287168197937, 13.358518936817244 ], [ -88.124236503447662, 13.358518936817248 ], [ -88.124236503447662, 13.331569601567509 ], [ -88.137711171072525, 13.33156960156751 ], [ -88.137711171072525, 13.345044269192378 ], [ -88.151185838697387, 13.34504426919238 ], [ -88.151185838697387, 13.358518936817243 ], [ -88.17813517394714, 13.358518936817244 ], [ -88.17813517394714, 13.371993604442107 ], [ -88.191609841571989, 13.371993604442109 ], [ -88.191609841571989, 13.385468272066975 ], [ -88.17813517394714, 13.385468272066973 ], [ -88.17813517394714, 13.4124176073167 ], [ -88.164660506322264, 13.412417607316705 ], [ -88.164660506322264, 13.398942939691837 ], [ -88.151185838697387, 13.398942939691841 ], [ -88.151185838697387, 13.385468272066975 ], [ -88.137711171072525, 13.385468272066975 ], [ -88.137711171072525, 13.412417607316709 ], [ -88.124236503447662, 13.4124176073167 ], [ -88.124236503447662, 13.398942939691841 ], [ -88.1107618358228, 13.398942939691835 ], [ -88.1107618358228, 13.385468272066975 ], [ -88.08381250057306, 13.385468272066969 ], [ -88.08381250057306, 13.371993604442109 ], [ -88.070337832948198, 13.371993604442107 ], [ -88.070337832948198, 13.358518936817248 ], [ -88.043388497698473, 13.358518936817244 ], [ -88.043388497698473, 13.345044269192378 ], [ -88.08381250057306, 13.345044269192375 ], [ -88.08381250057306, 13.318094933942646 ], [ -88.097287168197937, 13.318094933942648 ], [ -88.097287168197937, 13.30462026631778 ], [ -88.08381250057306, 13.30462026631778 ], [ -88.08381250057306, 13.291145598692916 ], [ -88.05686316532335, 13.291145598692919 ], [ -88.05686316532335, 13.277670931068053 ], [ -88.043388497698473, 13.277670931068053 ], [ -88.043388497698473, 13.291145598692918 ], [ -88.02991383007361, 13.291145598692918 ], [ -88.02991383007361, 13.318094933942646 ], [ -88.016439162448734, 13.318094933942646 ], [ -88.016439162448734, 13.291145598692918 ], [ -88.002964494823871, 13.291145598692918 ], [ -88.002964494823871, 13.250721595818323 ], [ -88.016439162448734, 13.250721595818323 ], [ -88.016439162448734, 13.223772260568591 ], [ -87.989489827199009, 13.223772260568587 ], [ -87.989489827199009, 13.196822925318857 ], [ -88.002964494823871, 13.196822925318864 ], [ -88.002964494823871, 13.210297592943727 ], [ -88.02991383007361, 13.210297592943727 ], [ -88.02991383007361, 13.196822925318866 ], [ -88.043388497698473, 13.196822925318861 ], [ -88.043388497698473, 13.223772260568591 ], [ -88.05686316532335, 13.223772260568591 ], [ -88.05686316532335, 13.237246928193448 ], [ -88.08381250057306, 13.237246928193452 ], [ -88.08381250057306, 13.223772260568589 ], [ -88.124236503447662, 13.223772260568584 ], [ -88.124236503447662, 13.237246928193452 ], [ -88.137711171072525, 13.237246928193455 ], [ -88.137711171072525, 13.210297592943727 ], [ -88.151185838697387, 13.210297592943725 ], [ -88.151185838697387, 13.196822925318861 ], [ -88.164660506322264, 13.196822925318861 ], [ -88.164660506322264, 13.210297592943723 ], [ -88.205084509196851, 13.210297592943725 ], [ -88.205084509196851, 13.196822925318857 ], [ -88.17813517394714, 13.196822925318861 ], [ -88.17813517394714, 13.183348257693993 ], [ -88.205084509196851, 13.183348257693991 ], [ -88.205084509196851, 13.169873590069129 ], [ -88.245508512071453, 13.169873590069127 ], [ -88.245508512071453, 13.183348257693996 ], [ -88.258983179696315, 13.183348257693996 ], [ -88.258983179696315, 13.196822925318857 ], [ -88.272457847321178, 13.196822925318862 ], [ -88.272457847321178, 13.223772260568589 ], [ -88.28593251494604, 13.223772260568587 ], [ -88.28593251494604, 13.237246928193455 ], [ -88.299407182570931, 13.237246928193453 ], [ -88.299407182570931, 13.25072159581832 ], [ -88.31288185019578, 13.250721595818318 ], [ -88.31288185019578, 13.264196263443186 ], [ -88.326356517820642, 13.264196263443187 ], [ -88.326356517820642, 13.223772260568589 ], [ -88.339831185445505, 13.223772260568586 ], [ -88.339831185445505, 13.210297592943725 ], [ -88.31288185019578, 13.210297592943727 ], [ -88.31288185019578, 13.196822925318857 ], [ -88.299407182570931, 13.196822925318859 ], [ -88.299407182570931, 13.183348257693998 ], [ -88.272457847321178, 13.183348257693996 ], [ -88.272457847321178, 13.16987359006913 ], [ -88.31288185019578, 13.169873590069127 ], [ -88.31288185019578, 13.183348257693993 ], [ -88.326356517820642, 13.183348257693993 ], [ -88.326356517820642, 13.169873590069129 ], [ -88.407204523569831, 13.169873590069127 ], [ -88.407204523569831, 13.183348257693996 ], [ -88.420679191194694, 13.183348257693991 ], [ -88.420679191194694, 13.169873590069123 ], [ -88.43415385881957, 13.16987359006913 ], [ -88.43415385881957, 13.183348257693993 ], [ -88.461103194069295, 13.183348257693991 ], [ -88.461103194069295, 13.196822925318854 ], [ -88.447628526444433, 13.196822925318859 ], [ -88.447628526444433, 13.223772260568586 ], [ -88.43415385881957, 13.223772260568587 ], [ -88.43415385881957, 13.264196263443186 ], [ -88.447628526444433, 13.264196263443184 ], [ -88.447628526444433, 13.27767093106805 ], [ -88.420679191194694, 13.277670931068048 ] ], [ [ -88.326356517820642, 13.196822925318861 ], [ -88.353305853070367, 13.196822925318861 ], [ -88.353305853070367, 13.183348257693991 ], [ -88.326356517820642, 13.183348257693993 ], [ -88.326356517820642, 13.196822925318861 ] ], [ [ -88.380255188320106, 13.250721595818325 ], [ -88.380255188320106, 13.264196263443189 ], [ -88.393729855944969, 13.264196263443186 ], [ -88.393729855944969, 13.250721595818323 ], [ -88.380255188320106, 13.250721595818325 ] ], [ [ -88.380255188320106, 13.237246928193453 ], [ -88.366780520695244, 13.237246928193452 ], [ -88.366780520695244, 13.250721595818323 ], [ -88.380255188320106, 13.250721595818325 ], [ -88.380255188320106, 13.237246928193453 ] ], [ [ -88.407204523569831, 13.250721595818321 ], [ -88.407204523569831, 13.237246928193448 ], [ -88.393729855944969, 13.237246928193452 ], [ -88.393729855944969, 13.250721595818323 ], [ -88.407204523569831, 13.250721595818321 ] ], [ [ -88.420679191194694, 13.237246928193455 ], [ -88.420679191194694, 13.223772260568587 ], [ -88.407204523569831, 13.223772260568591 ], [ -88.407204523569831, 13.237246928193448 ], [ -88.420679191194694, 13.237246928193455 ] ], [ [ -88.205084509196851, 13.264196263443186 ], [ -88.205084509196851, 13.223772260568595 ], [ -88.164660506322264, 13.223772260568595 ], [ -88.164660506322264, 13.250721595818321 ], [ -88.17813517394714, 13.250721595818318 ], [ -88.17813517394714, 13.237246928193453 ], [ -88.191609841571989, 13.23724692819345 ], [ -88.191609841571989, 13.264196263443187 ], [ -88.205084509196851, 13.264196263443186 ] ], [ [ -88.08381250057306, 13.264196263443184 ], [ -88.08381250057306, 13.250721595818318 ], [ -88.070337832948198, 13.250721595818318 ], [ -88.070337832948198, 13.264196263443184 ], [ -88.08381250057306, 13.264196263443184 ] ] ] } },
{ "type": "Feature", "properties": { "class_id": 3, "area_m2": 2175562.4932774804, "class_name": "Normal", "index": "NDVI", "min_value": null, "max_value": null }, "geometry": { "type": "Polygon", "coordinates": [ [ [ -88.191609841571989, 13.318094933942648 ], [ -88.17813517394714, 13.318094933942648 ], [ -88.17813517394714, 13.304620266317782 ], [ -88.191609841571989, 13.304620266317784 ], [ -88.191609841571989, 13.318094933942648 ] ] ] } },
{ "type": "Feature", "properties": { "class_id": 3, "area_m2": 2175624.0366997002, "class_name": "Normal", "index": "NDVI", "min_value": null, "max_value": null }, "geometry": { "type": "Polygon", "coordinates": [ [ [ -88.23203384444659, 13.318094933942648 ], [ -88.218559176821714, 13.318094933942648 ], [ -88.218559176821714, 13.304620266317785 ], [ -88.23203384444659, 13.304620266317784 ], [ -88.23203384444659, 13.318094933942648 ] ] ] } },
{ "type": "Feature", "properties": { "class_id": 3, "area_m2": 2176011.8298352617, "class_name": "Normal", "index": "NDVI", "min_value": null, "max_value": null }, "geometry": { "type": "Polygon", "coordinates": [ [ [ -88.461103194069295, 13.318094933942648 ], [ -88.447628526444433, 13.318094933942644 ], [ -88.447628526444433, 13.304620266317784 ], [ -88.461103194069295, 13.304620266317782 ], [ -88.461103194069295, 13.318094933942648 ] ] ] } },
{ "type": "Feature", "properties": { "class_id": 3, "area_m2": 2175485.1439612536, "class_name": "Normal", "index": "NDVI", "min_value": null, "max_value": null }, "geometry": { "type": "Polygon", "coordinates": [ [ [ -88.218559176821714, 13.331569601567509 ], [ -88.205084509196851, 13.331569601567514 ], [ -88.205084509196851, 13.318094933942641 ], [ -88.218559176821714, 13.318094933942648 ], [ -88.218559176821714, 13.331569601567509 ] ] ] } },
{ "type": "Feature", "properties": { "class_id": 3, "area_m2": 2175943.5930139571, "class_name": "Normal", "index": "NDVI", "min_value": null, "max_value": null }, "geometry": { "type": "Polygon", "coordinates": [ [ [ -88.474577861694158, 13.318094933942643 ], [ -88.48805252931902, 13.318094933942644 ], [ -88.48805252931902, 13.331569601567509 ], [ -88.474577861694158, 13.33156960156751 ], [ -88.474577861694158, 13.318094933942643 ] ] ] } },
{ "type": "Feature", "properties": { "class_id": 3, "area_m2": 2175326.0917399344, "class_name": "Normal", "index": "NDVI", "min_value": null, "max_value": null }, "geometry": { "type": "Polygon", "coordinates": [ [ [ -88.17813517394714, 13.33156960156751 ], [ -88.191609841571989, 13.331569601567509 ], [ -88.191609841571989, 13.345044269192382 ], [ -88.17813517394714, 13.345044269192377 ], [ -88.17813517394714, 13.33156960156751 ] ] ] } },
{ "type": "Feature", "properties": { "class_id": 3, "area_m2": 2175678.0924255112, "class_name": "Normal", "index": "NDVI", "min_value": null, "max_value": null }, "geometry": { "type": "Polygon", "coordinates": [ [ [ -88.407204523569831, 13.345044269192378 ], [ -88.393729855944969, 13.345044269192377 ], [ -88.393729855944969, 13.331569601567514 ], [ -88.407204523569831, 13.331569601567512 ], [ -88.407204523569831, 13.345044269192378 ] ] ] } },
{ "type": "Feature", "properties": { "class_id": 3, "area_m2": 13051758.915024852, "class_name": "Normal", "index": "NDVI", "min_value": null, "max_value": null }, "geometry": { "type": "Polygon", "coordinates": [ [ [ -88.272457847321178, 13.358518936817244 ], [ -88.258983179696315, 13.358518936817246 ], [ -88.258983179696315, 13.345044269192378 ], [ -88.23203384444659, 13.345044269192375 ], [ -88.23203384444659, 13.358518936817244 ], [ -88.218559176821714, 13.358518936817246 ], [ -88.218559176821714, 13.331569601567509 ], [ -88.272457847321178, 13.33156960156751 ], [ -88.272457847321178, 13.358518936817244 ] ] ] } },
{ "type": "Feature", "properties": { "class_id": 3, "area_m2": 10875372.569635602, "class_name": "Normal", "index": "NDVI", "min_value": null, "max_value": null }, "geometry": { "type": "Polygon", "coordinates": [ [ [ -88.23203384444659, 13.358518936817244 ], [ -88.258983179696315, 13.358518936817246 ], [ -88.258983179696315, 13.398942939691839 ], [ -88.245508512071453, 13.398942939691839 ], [ -88.245508512071453, 13.385468272066973 ], [ -88.23203384444659, 13.385468272066971 ], [ -88.23203384444659, 13.358518936817244 ] ] ] } },
{ "type": "Feature", "properties": { "class_id": 3, "area_m2": 2174872.1390183964, "class_name": "Normal", "index": "NDVI", "min_value": null, "max_value": null }, "geometry": { "type": "Polygon", "coordinates": [ [ [ -88.205084509196851, 13.398942939691842 ], [ -88.191609841571989, 13.398942939691834 ], [ -88.191609841571989, 13.385468272066975 ], [ -88.205084509196851, 13.385468272066975 ], [ -88.205084509196851, 13.398942939691842 ] ] ] } },
{ "type": "Feature", "properties": { "class_id": 3, "area_m2": 10872754.914548872, "class_name": "Normal", "index": "NDVI", "min_value": null, "max_value": null }, "geometry": { "type": "Polygon", "coordinates": [ [ [ -88.191609841571989, 13.412417607316705 ], [ -88.218559176821714, 13.412417607316705 ], [ -88.218559176821714, 13.425892274941569 ], [ -88.23203384444659, 13.425892274941569 ], [ -88.23203384444659, 13.452841610191298 ], [ -88.218559176821714, 13.452841610191298 ], [ -88.218559176821714, 13.439366942566432 ], [ -88.205084509196851, 13.439366942566433 ], [ -88.205084509196851, 13.425892274941571 ], [ -88.191609841571989, 13.425892274941571 ], [ -88.191609841571989, 13.412417607316705 ] ] ] } },
{ "type": "Feature", "properties": { "class_id": 3, "area_m2": 2174776.1675600763, "class_name": "Normal", "index": "NDVI", "min_value": null, "max_value": null }, "geometry": { "type": "Polygon", "coordinates": [ [ [ -88.366780520695244, 13.439366942566428 ], [ -88.353305853070367, 13.439366942566428 ], [ -88.353305853070367, 13.425892274941569 ], [ -88.366780520695244, 13.425892274941567 ], [ -88.366780520695244, 13.439366942566428 ] ] ] } },
{ "type": "Feature", "properties": { "class_id": 3, "area_m2": 1324530776.4239488, "class_name": "Normal", "index": "NDVI", "min_value": null, "max_value": null }, "geometry": { "type": "Polygon", "coordinates": [ [ [ -88.51500186456876, 13.547164283565358 ], [ -88.51500186456876, 13.560638951190217 ], [ -88.501527196943883, 13.560638951190219 ], [ -88.501527196943883, 13.574113618815087 ], [ -88.461103194069295, 13.574113618815087 ], [ -88.461103194069295, 13.547164283565358 ], [ -88.43415385881957, 13.547164283565358 ], [ -88.43415385881957, 13.587588286439953 ], [ -88.447628526444433, 13.587588286439953 ], [ -88.447628526444433, 13.614537621689683 ], [ -88.48805252931902, 13.614537621689681 ], [ -88.48805252931902, 13.628012289314549 ], [ -88.51500186456876, 13.628012289314544 ], [ -88.51500186456876, 13.641486956939417 ], [ -88.528476532193622, 13.641486956939421 ], [ -88.528476532193622, 13.654961624564278 ], [ -88.51500186456876, 13.654961624564278 ], [ -88.51500186456876, 13.68191095981401 ], [ -88.528476532193622, 13.681910959814012 ], [ -88.528476532193622, 13.695385627438876 ], [ -88.501527196943883, 13.695385627438874 ], [ -88.501527196943883, 13.66843629218914 ], [ -88.43415385881957, 13.66843629218914 ], [ -88.43415385881957, 13.68191095981401 ], [ -88.420679191194694, 13.681910959814006 ], [ -88.420679191194694, 13.641486956939415 ], [ -88.407204523569831, 13.641486956939415 ], [ -88.407204523569831, 13.654961624564274 ], [ -88.393729855944969, 13.654961624564281 ], [ -88.393729855944969, 13.614537621689681 ], [ -88.380255188320106, 13.614537621689685 ], [ -88.380255188320106, 13.601062954064819 ], [ -88.339831185445505, 13.601062954064814 ], [ -88.339831185445505, 13.587588286439953 ], [ -88.326356517820642, 13.587588286439953 ], [ -88.326356517820642, 13.601062954064819 ], [ -88.31288185019578, 13.601062954064815 ], [ -88.31288185019578, 13.587588286439956 ], [ -88.299407182570931, 13.587588286439955 ], [ -88.299407182570931, 13.574113618815085 ], [ -88.28593251494604, 13.57411361881509 ], [ -88.28593251494604, 13.587588286439953 ], [ -88.272457847321178, 13.587588286439955 ], [ -88.272457847321178, 13.601062954064817 ], [ -88.23203384444659, 13.601062954064814 ], [ -88.23203384444659, 13.628012289314549 ], [ -88.218559176821714, 13.628012289314547 ], [ -88.218559176821714, 13.614537621689685 ], [ -88.205084509196851, 13.614537621689681 ], [ -88.205084509196851, 13.587588286439956 ], [ -88.191609841571989, 13.587588286439949 ], [ -88.191609841571989, 13.574113618815085 ], [ -88.17813517394714, 13.574113618815087 ], [ -88.17813517394714, 13.560638951190215 ], [ -88.191609841571989, 13.560638951190215 ], [ -88.191609841571989, 13.547164283565351 ], [ -88.205084509196851, 13.547164283565353 ], [ -88.205084509196851, 13.520214948315623 ], [ -88.23203384444659, 13.520214948315623 ], [ -88.23203384444659, 13.506740280690757 ], [ -88.245508512071453, 13.506740280690762 ], [ -88.245508512071453, 13.493265613065899 ], [ -88.258983179696315, 13.493265613065901 ], [ -88.258983179696315, 13.466316277816166 ], [ -88.23203384444659, 13.466316277816164 ], [ -88.23203384444659, 13.452841610191298 ], [ -88.258983179696315, 13.452841610191305 ], [ -88.258983179696315, 13.425892274941569 ], [ -88.272457847321178, 13.425892274941569 ], [ -88.272457847321178, 13.412417607316709 ], [ -88.31288185019578, 13.412417607316705 ], [ -88.31288185019578, 13.425892274941571 ], [ -88.339831185445505, 13.425892274941569 ], [ -88.339831185445505, 13.452841610191301 ], [ -88.380255188320106, 13.4528416101913 ], [ -88.380255188320106, 13.43936694256643 ], [ -88.407204523569831, 13.439366942566435 ], [ -88.407204523569831, 13.425892274941569 ], [ -88.380255188320106, 13.425892274941569 ], [ -88.380255188320106, 13.412417607316705 ], [ -88.366780520695244, 13.4124176073167 ], [ -88.366780520695244, 13.398942939691837 ], [ -88.380255188320106, 13.398942939691837 ], [ -88.380255188320106, 13.358518936817244 ], [ -88.339831185445505, 13.358518936817241 ], [ -88.339831185445505, 13.345044269192382 ], [ -88.366780520695244, 13.345044269192375 ], [ -88.366780520695244, 13.30462026631778 ], [ -88.380255188320106, 13.304620266317784 ], [ -88.380255188320106, 13.318094933942648 ], [ -88.393729855944969, 13.318094933942641 ], [ -88.393729855944969, 13.331569601567514 ], [ -88.380255188320106, 13.331569601567514 ], [ -88.380255188320106, 13.345044269192378 ], [ -88.393729855944969, 13.345044269192377 ], [ -88.393729855944969, 13.358518936817244 ], [ -88.407204523569831, 13.358518936817248 ], [ -88.407204523569831, 13.345044269192378 ], [ -88.43415385881957, 13.345044269192382 ], [ -88.43415385881957, 13.33156960156751 ], [ -88.447628526444433, 13.331569601567509 ], [ -88.447628526444433, 13.345044269192378 ], [ -88.461103194069295, 13.345044269192378 ], [ -88.461103194069295, 13.331569601567509 ], [ -88.474577861694158, 13.33156960156751 ], [ -88.474577861694158, 13.345044269192375 ], [ -88.48805252931902, 13.345044269192377 ], [ -88.48805252931902, 13.331569601567509 ], [ -88.501527196943883, 13.331569601567514 ], [ -88.501527196943883, 13.318094933942643 ], [ -88.528476532193622, 13.318094933942648 ], [ -88.528476532193622, 13.331569601567507 ], [ -88.51500186456876, 13.331569601567514 ], [ -88.51500186456876, 13.345044269192377 ], [ -88.501527196943883, 13.345044269192375 ], [ -88.501527196943883, 13.358518936817246 ], [ -88.528476532193622, 13.358518936817244 ], [ -88.528476532193622, 13.345044269192375 ], [ -88.541951199818484, 13.345044269192375 ], [ -88.541951199818484, 13.331569601567514 ], [ -88.555425867443347, 13.331569601567514 ], [ -88.555425867443347, 13.304620266317787 ], [ -88.474577861694158, 13.304620266317782 ], [ -88.474577861694158, 13.291145598692918 ], [ -88.461103194069295, 13.291145598692918 ], [ -88.461103194069295, 13.264196263443187 ], [ -88.447628526444433, 13.264196263443184 ], [ -88.447628526444433, 13.250721595818325 ], [ -88.474577861694158, 13.25072159581832 ], [ -88.474577861694158, 13.264196263443186 ], [ -88.501527196943883, 13.264196263443184 ], [ -88.501527196943883, 13.250721595818323 ], [ -88.51500186456876, 13.25072159581832 ], [ -88.51500186456876, 13.237246928193452 ], [ -88.541951199818484, 13.237246928193453 ], [ -88.541951199818484, 13.250721595818323 ], [ -88.555425867443347, 13.25072159581832 ], [ -88.555425867443347, 13.237246928193457 ], [ -88.582375202693086, 13.237246928193453 ], [ -88.582375202693086, 13.223772260568591 ], [ -88.609324537942811, 13.223772260568587 ], [ -88.609324537942811, 13.264196263443187 ], [ -88.622799205567674, 13.264196263443191 ], [ -88.622799205567674, 13.250721595818321 ], [ -88.636273873192536, 13.250721595818318 ], [ -88.636273873192536, 13.237246928193455 ], [ -88.649748540817413, 13.237246928193453 ], [ -88.649748540817413, 13.250721595818318 ], [ -88.703647211316863, 13.25072159581832 ], [ -88.703647211316863, 13.264196263443186 ], [ -88.71712187894174, 13.264196263443186 ], [ -88.71712187894174, 13.250721595818328 ], [ -88.744071214191464, 13.250721595818323 ], [ -88.744071214191464, 13.264196263443187 ], [ -88.757545881816327, 13.264196263443186 ], [ -88.757545881816327, 13.277670931068055 ], [ -88.784495217066066, 13.277670931068055 ], [ -88.784495217066066, 13.291145598692918 ], [ -88.771020549441189, 13.291145598692916 ], [ -88.771020549441189, 13.33156960156751 ], [ -88.757545881816327, 13.331569601567514 ], [ -88.757545881816327, 13.318094933942644 ], [ -88.730596546566602, 13.318094933942648 ], [ -88.730596546566602, 13.331569601567509 ], [ -88.71712187894174, 13.331569601567512 ], [ -88.71712187894174, 13.358518936817244 ], [ -88.730596546566602, 13.358518936817244 ], [ -88.730596546566602, 13.371993604442109 ], [ -88.71712187894174, 13.37199360444211 ], [ -88.71712187894174, 13.385468272066968 ], [ -88.744071214191464, 13.385468272066975 ], [ -88.744071214191464, 13.398942939691842 ], [ -88.730596546566602, 13.398942939691835 ], [ -88.730596546566602, 13.425892274941569 ], [ -88.703647211316863, 13.425892274941571 ], [ -88.703647211316863, 13.439366942566432 ], [ -88.663223208442275, 13.439366942566433 ], [ -88.663223208442275, 13.452841610191301 ], [ -88.649748540817413, 13.452841610191301 ], [ -88.649748540817413, 13.479790945441032 ], [ -88.636273873192536, 13.479790945441032 ], [ -88.636273873192536, 13.50674028069076 ], [ -88.649748540817413, 13.506740280690758 ], [ -88.649748540817413, 13.520214948315628 ], [ -88.609324537942811, 13.520214948315623 ], [ -88.609324537942811, 13.506740280690755 ], [ -88.582375202693086, 13.506740280690762 ], [ -88.582375202693086, 13.520214948315624 ], [ -88.595849870317949, 13.520214948315623 ], [ -88.595849870317949, 13.547164283565351 ], [ -88.622799205567674, 13.547164283565358 ], [ -88.622799205567674, 13.560638951190223 ], [ -88.528476532193622, 13.560638951190223 ], [ -88.528476532193622, 13.547164283565358 ], [ -88.51500186456876, 13.547164283565358 ] ], [ [ -88.43415385881957, 13.641486956939415 ], [ -88.43415385881957, 13.628012289314546 ], [ -88.420679191194694, 13.628012289314549 ], [ -88.420679191194694, 13.641486956939415 ], [ -88.43415385881957, 13.641486956939415 ] ], [ [ -88.43415385881957, 13.65496162456428 ], [ -88.447628526444433, 13.654961624564276 ], [ -88.447628526444433, 13.641486956939413 ], [ -88.43415385881957, 13.641486956939415 ], [ -88.43415385881957, 13.65496162456428 ] ], [ [ -88.461103194069295, 13.641486956939413 ], [ -88.461103194069295, 13.628012289314547 ], [ -88.447628526444433, 13.628012289314549 ], [ -88.447628526444433, 13.641486956939413 ], [ -88.461103194069295, 13.641486956939413 ] ], [ [ -88.393729855944969, 13.601062954064822 ], [ -88.393729855944969, 13.587588286439955 ], [ -88.380255188320106, 13.587588286439953 ], [ -88.380255188320106, 13.601062954064819 ], [ -88.393729855944969, 13.601062954064822 ] ], [ [ -88.272457847321178, 13.574113618815092 ], [ -88.258983179696315, 13.574113618815089 ], [ -88.258983179696315, 13.587588286439953 ], [ -88.272457847321178, 13.587588286439955 ], [ -88.272457847321178, 13.574113618815092 ] ], [ [ -88.205084509196851, 13.560638951190215 ], [ -88.218559176821714, 13.560638951190223 ], [ -88.218559176821714, 13.574113618815087 ], [ -88.245508512071453, 13.574113618815087 ], [ -88.245508512071453, 13.533689615940494 ], [ -88.23203384444659, 13.533689615940494 ], [ -88.23203384444659, 13.547164283565355 ], [ -88.205084509196851, 13.547164283565353 ], [ -88.205084509196851, 13.560638951190215 ] ], [ [ -88.245508512071453, 13.520214948315628 ], [ -88.258983179696315, 13.520214948315626 ], [ -88.258983179696315, 13.533689615940492 ], [ -88.272457847321178, 13.533689615940496 ], [ -88.272457847321178, 13.52021494831563 ], [ -88.28593251494604, 13.520214948315623 ], [ -88.28593251494604, 13.50674028069076 ], [ -88.245508512071453, 13.506740280690762 ], [ -88.245508512071453, 13.520214948315628 ] ], [ [ -88.28593251494604, 13.425892274941569 ], [ -88.28593251494604, 13.439366942566432 ], [ -88.299407182570931, 13.439366942566433 ], [ -88.299407182570931, 13.466316277816162 ], [ -88.31288185019578, 13.466316277816164 ], [ -88.31288185019578, 13.425892274941571 ], [ -88.28593251494604, 13.425892274941569 ] ], [ [ -88.541951199818484, 13.35851893681725 ], [ -88.582375202693086, 13.358518936817239 ], [ -88.582375202693086, 13.345044269192378 ], [ -88.541951199818484, 13.345044269192375 ], [ -88.541951199818484, 13.35851893681725 ] ], [ [ -88.595849870317949, 13.345044269192378 ], [ -88.595849870317949, 13.318094933942648 ], [ -88.622799205567674, 13.318094933942641 ], [ -88.622799205567674, 13.304620266317784 ], [ -88.595849870317949, 13.304620266317785 ], [ -88.595849870317949, 13.291145598692914 ], [ -88.582375202693086, 13.291145598692918 ], [ -88.582375202693086, 13.318094933942643 ], [ -88.568900535068209, 13.318094933942644 ], [ -88.568900535068209, 13.33156960156751 ], [ -88.582375202693086, 13.331569601567514 ], [ -88.582375202693086, 13.345044269192378 ], [ -88.595849870317949, 13.345044269192378 ] ], [ [ -88.51500186456876, 13.264196263443184 ], [ -88.528476532193622, 13.264196263443187 ], [ -88.528476532193622, 13.250721595818323 ], [ -88.51500186456876, 13.25072159581832 ], [ -88.51500186456876, 13.264196263443184 ] ], [ [ -88.690172543692, 13.264196263443187 ], [ -88.690172543692, 13.277670931068053 ], [ -88.703647211316863, 13.277670931068055 ], [ -88.703647211316863, 13.264196263443186 ], [ -88.690172543692, 13.264196263443187 ] ], [ [ -88.649748540817413, 13.425892274941571 ], [ -88.636273873192536, 13.425892274941569 ], [ -88.636273873192536, 13.439366942566432 ], [ -88.622799205567674, 13.439366942566432 ], [ -88.622799205567674, 13.452841610191305 ], [ -88.649748540817413, 13.452841610191301 ], [ -88.649748540817413, 13.425892274941571 ] ], [ [ -88.326356517820642, 13.547164283565358 ], [ -88.299407182570931, 13.54716428356536 ], [ -88.299407182570931, 13.560638951190217 ], [ -88.326356517820642, 13.560638951190219 ], [ -88.326356517820642, 13.547164283565358 ] ], [ [ -88.339831185445505, 13.547164283565353 ], [ -88.339831185445505, 13.533689615940492 ], [ -88.326356517820642, 13.533689615940492 ], [ -88.326356517820642, 13.547164283565358 ], [ -88.339831185445505, 13.547164283565353 ] ], [ [ -88.420679191194694, 13.547164283565353 ], [ -88.420679191194694, 13.506740280690758 ], [ -88.393729855944969, 13.506740280690762 ], [ -88.393729855944969, 13.54716428356536 ], [ -88.420679191194694, 13.547164283565353 ] ], [ [ -88.541951199818484, 13.452841610191301 ], [ -88.541951199818484, 13.47979094544103 ], [ -88.555425867443347, 13.47979094544103 ], [ -88.555425867443347, 13.493265613065899 ], [ -88.582375202693086, 13.493265613065899 ], [ -88.582375202693086, 13.479790945441032 ], [ -88.568900535068209, 13.47979094544103 ], [ -88.568900535068209, 13.412417607316705 ], [ -88.555425867443347, 13.412417607316705 ], [ -88.555425867443347, 13.452841610191305 ], [ -88.541951199818484, 13.452841610191301 ] ], [ [ -88.299407182570931, 13.493265613065899 ], [ -88.299407182570931, 13.47979094544103 ], [ -88.272457847321178, 13.47979094544103 ], [ -88.272457847321178, 13.493265613065899 ], [ -88.299407182570931, 13.493265613065899 ] ], [ [ -88.48805252931902, 13.466316277816162 ], [ -88.48805252931902, 13.439366942566432 ], [ -88.474577861694158, 13.439366942566432 ], [ -88.474577861694158, 13.466316277816166 ], [ -88.48805252931902, 13.466316277816162 ] ], [ [ -88.51500186456876, 13.452841610191305 ], [ -88.51500186456876, 13.439366942566433 ], [ -88.501527196943883, 13.439366942566432 ], [ -88.501527196943883, 13.452841610191301 ], [ -88.51500186456876, 13.452841610191305 ] ], [ [ -88.48805252931902, 13.4124176073167 ], [ -88.48805252931902, 13.425892274941567 ], [ -88.501527196943883, 13.425892274941569 ], [ -88.501527196943883, 13.412417607316701 ], [ -88.48805252931902, 13.4124176073167 ] ], [ [ -88.48805252931902, 13.398942939691841 ], [ -88.474577861694158, 13.398942939691832 ], [ -88.474577861694158, 13.412417607316701 ], [ -88.48805252931902, 13.4124176073167 ], [ -88.48805252931902, 13.398942939691841 ] ], [ [ -88.690172543692, 13.398942939691841 ], [ -88.690172543692, 13.412417607316701 ], [ -88.71712187894174, 13.412417607316701 ], [ -88.71712187894174, 13.398942939691837 ], [ -88.690172543692, 13.398942939691841 ] ], [ [ -88.690172543692, 13.37199360444211 ], [ -88.703647211316863, 13.371993604442109 ], [ -88.703647211316863, 13.331569601567512 ], [ -88.690172543692, 13.331569601567518 ], [ -88.690172543692, 13.358518936817246 ], [ -88.676697876067138, 13.358518936817244 ], [ -88.676697876067138, 13.398942939691837 ], [ -88.690172543692, 13.398942939691841 ], [ -88.690172543692, 13.37199360444211 ] ], [ [ -88.676697876067138, 13.318094933942648 ], [ -88.663223208442275, 13.318094933942648 ], [ -88.663223208442275, 13.358518936817244 ], [ -88.676697876067138, 13.358518936817244 ], [ -88.676697876067138, 13.318094933942648 ] ], [ [ -88.703647211316863, 13.318094933942646 ], [ -88.703647211316863, 13.304620266317784 ], [ -88.690172543692, 13.304620266317789 ], [ -88.690172543692, 13.291145598692919 ], [ -88.663223208442275, 13.291145598692914 ], [ -88.663223208442275, 13.304620266317778 ], [ -88.676697876067138, 13.304620266317782 ], [ -88.676697876067138, 13.318094933942648 ], [ -88.703647211316863, 13.318094933942646 ] ], [ [ -88.636273873192536, 13.371993604442109 ], [ -88.636273873192536, 13.345044269192373 ], [ -88.622799205567674, 13.345044269192378 ], [ -88.622799205567674, 13.371993604442107 ], [ -88.636273873192536, 13.371993604442109 ] ], [ [ -88.649748540817413, 13.318094933942644 ], [ -88.649748540817413, 13.304620266317784 ], [ -88.636273873192536, 13.304620266317782 ], [ -88.636273873192536, 13.318094933942648 ], [ -88.649748540817413, 13.318094933942644 ] ], [ [ -88.730596546566602, 13.291145598692918 ], [ -88.730596546566602, 13.27767093106805 ], [ -88.71712187894174, 13.277670931068053 ], [ -88.71712187894174, 13.291145598692919 ], [ -88.730596546566602, 13.291145598692918 ] ], [ [ -88.636273873192536, 13.291145598692919 ], [ -88.636273873192536, 13.277670931068048 ], [ -88.622799205567674, 13.277670931068053 ], [ -88.622799205567674, 13.291145598692918 ], [ -88.636273873192536, 13.291145598692919 ] ], [ [ -88.541951199818484, 13.291145598692912 ], [ -88.541951199818484, 13.277670931068055 ], [ -88.528476532193622, 13.27767093106805 ], [ -88.528476532193622, 13.291145598692919 ], [ -88.541951199818484, 13.291145598692912 ] ], [ [ -88.51500186456876, 13.291145598692919 ], [ -88.51500186456876, 13.277670931068053 ], [ -88.501527196943883, 13.27767093106805 ], [ -88.501527196943883, 13.291145598692914 ], [ -88.51500186456876, 13.291145598692919 ] ], [ [ -88.582375202693086, 13.264196263443186 ], [ -88.582375202693086, 13.277670931068052 ], [ -88.595849870317949, 13.277670931068053 ], [ -88.595849870317949, 13.264196263443186 ], [ -88.582375202693086, 13.264196263443186 ] ], [ [ -88.582375202693086, 13.250721595818318 ], [ -88.568900535068209, 13.250721595818323 ], [ -88.568900535068209, 13.264196263443187 ], [ -88.582375202693086, 13.264196263443186 ], [ -88.582375202693086, 13.250721595818318 ] ] ] } },
{ "type": "Feature", "properties": { "class_id": 3, "area_m2": 6522032.4102034671, "class_name": "Normal", "index": "NDVI", "min_value": null, "max_value": null }, "geometry": { "type": "Polygon", "coordinates": [ [ [ -88.205084509196851, 13.493265613065901 ], [ -88.205084509196851, 13.47979094544103 ], [ -88.23203384444659, 13.479790945441033 ], [ -88.23203384444659, 13.506740280690757 ], [ -88.218559176821714, 13.506740280690758 ], [ -88.218559176821714, 13.493265613065899 ], [ -88.205084509196851, 13.493265613065901 ] ] ] } },
{ "type": "Feature", "properties": { "class_id": 3, "area_m2": 2173918.0216390998, "class_name": "Normal", "index": "NDVI", "min_value": null, "max_value": null }, "geometry": { "type": "Polygon", "coordinates": [ [ [ -88.191609841571989, 13.506740280690758 ], [ -88.191609841571989, 13.493265613065899 ], [ -88.205084509196851, 13.493265613065901 ], [ -88.205084509196851, 13.506740280690764 ], [ -88.191609841571989, 13.506740280690758 ] ] ] } },
{ "type": "Feature", "properties": { "class_id": 3, "area_m2": 10867543.63148175, "class_name": "Normal", "index": "NDVI", "min_value": null, "max_value": null }, "geometry": { "type": "Polygon", "coordinates": [ [ [ -88.17813517394714, 13.520214948315623 ], [ -88.191609841571989, 13.520214948315628 ], [ -88.191609841571989, 13.547164283565351 ], [ -88.17813517394714, 13.547164283565357 ], [ -88.17813517394714, 13.560638951190215 ], [ -88.151185838697387, 13.560638951190219 ], [ -88.151185838697387, 13.547164283565358 ], [ -88.164660506322264, 13.547164283565358 ], [ -88.164660506322264, 13.533689615940492 ], [ -88.17813517394714, 13.533689615940494 ], [ -88.17813517394714, 13.520214948315623 ] ] ] } },
{ "type": "Feature", "properties": { "class_id": 3, "area_m2": 2174164.5411480442, "class_name": "Normal", "index": "NDVI", "min_value": null, "max_value": null }, "geometry": { "type": "Polygon", "coordinates": [ [ [ -88.730596546566602, 13.587588286439953 ], [ -88.71712187894174, 13.587588286439953 ], [ -88.71712187894174, 13.574113618815087 ], [ -88.730596546566602, 13.574113618815087 ], [ -88.730596546566602, 13.587588286439953 ] ] ] } },
{ "type": "Feature", "properties": { "class_id": 3, "area_m2": 6521030.013662898, "class_name": "Normal", "index": "NDVI", "min_value": null, "max_value": null }, "geometry": { "type": "Polygon", "coordinates": [ [ [ -88.528476532193622, 13.587588286439955 ], [ -88.51500186456876, 13.587588286439953 ], [ -88.51500186456876, 13.601062954064819 ], [ -88.501527196943883, 13.601062954064819 ], [ -88.501527196943883, 13.574113618815087 ], [ -88.528476532193622, 13.574113618815085 ], [ -88.528476532193622, 13.587588286439955 ] ] ] } },
{ "type": "Feature", "properties": { "class_id": 3, "area_m2": 2173224.8854501527, "class_name": "Normal", "index": "NDVI", "min_value": null, "max_value": null }, "geometry": { "type": "Polygon", "coordinates": [ [ [ -88.299407182570931, 13.601062954064819 ], [ -88.28593251494604, 13.601062954064815 ], [ -88.28593251494604, 13.587588286439953 ], [ -88.299407182570931, 13.587588286439955 ], [ -88.299407182570931, 13.601062954064819 ] ] ] } },
{ "type": "Feature", "properties": { "class_id": 3, "area_m2": 6518956.1462347312, "class_name": "Normal", "index": "NDVI", "min_value": null, "max_value": null }, "geometry": { "type": "Polygon", "coordinates": [ [ [ -88.191609841571989, 13.601062954064815 ], [ -88.17813517394714, 13.601062954064822 ], [ -88.17813517394714, 13.614537621689685 ], [ -88.164660506322264, 13.614537621689685 ], [ -88.164660506322264, 13.587588286439953 ], [ -88.191609841571989, 13.587588286439949 ], [ -88.191609841571989, 13.601062954064815 ] ] ] } },
{ "type": "Feature", "properties": { "class_id": 3, "area_m2": 13040533.824835282, "class_name": "Normal", "index": "NDVI", "min_value": null, "max_value": null }, "geometry": { "type": "Polygon", "coordinates": [ [ [ -88.541951199818484, 13.614537621689685 ], [ -88.555425867443347, 13.614537621689689 ], [ -88.555425867443347, 13.628012289314546 ], [ -88.541951199818484, 13.628012289314546 ], [ -88.541951199818484, 13.641486956939415 ], [ -88.528476532193622, 13.641486956939421 ], [ -88.528476532193622, 13.628012289314544 ], [ -88.51500186456876, 13.628012289314544 ], [ -88.51500186456876, 13.601062954064819 ], [ -88.541951199818484, 13.601062954064814 ], [ -88.541951199818484, 13.614537621689685 ] ] ] } },
{ "type": "Feature", "properties": { "class_id": 3, "area_m2": 2173658.8090184485, "class_name": "Normal", "index": "NDVI", "min_value": null, "max_value": null }, "geometry": { "type": "Polygon", "coordinates": [ [ [ -88.663223208442275, 13.628012289314549 ], [ -88.649748540817413, 13.628012289314546 ], [ -88.649748540817413, 13.614537621689685 ], [ -88.663223208442275, 13.61453762168968 ], [ -88.663223208442275, 13.628012289314549 ] ] ] } },
{ "type": "Feature", "properties": { "class_id": 3, "area_m2": 2173199.2771214042, "class_name": "Normal", "index": "NDVI", "min_value": null, "max_value": null }, "geometry": { "type": "Polygon", "coordinates": [ [ [ -88.555425867443347, 13.65496162456428 ], [ -88.541951199818484, 13.654961624564285 ], [ -88.541951199818484, 13.641486956939415 ], [ -88.555425867443347, 13.641486956939412 ], [ -88.555425867443347, 13.65496162456428 ] ] ] } },
{ "type": "Feature", "properties": { "class_id": 3, "area_m2": 2173560.0332405595, "class_name": "Normal", "index": "NDVI", "min_value": null, "max_value": null }, "geometry": { "type": "Polygon", "coordinates": [ [ [ -88.730596546566602, 13.654961624564283 ], [ -88.71712187894174, 13.654961624564283 ], [ -88.71712187894174, 13.641486956939417 ], [ -88.730596546566602, 13.641486956939413 ], [ -88.730596546566602, 13.654961624564283 ] ] ] } },
{ "type": "Feature", "properties": { "class_id": 3, "area_m2": 2173051.940200469, "class_name": "Normal", "index": "NDVI", "min_value": null, "max_value": null }, "geometry": { "type": "Polygon", "coordinates": [ [ [ -88.541951199818484, 13.668436292189146 ], [ -88.528476532193622, 13.668436292189138 ], [ -88.528476532193622, 13.654961624564278 ], [ -88.541951199818484, 13.654961624564285 ], [ -88.541951199818484, 13.668436292189146 ] ] ] } },
{ "type": "Feature", "properties": { "class_id": 3, "area_m2": 8690574.5105170608, "class_name": "Normal", "index": "NDVI", "min_value": null, "max_value": null }, "geometry": { "type": "Polygon", "coordinates": [ [ [ -88.366780520695244, 13.681910959814008 ], [ -88.353305853070367, 13.681910959814006 ], [ -88.353305853070367, 13.668436292189142 ], [ -88.339831185445505, 13.668436292189142 ], [ -88.339831185445505, 13.654961624564285 ], [ -88.380255188320106, 13.65496162456428 ], [ -88.380255188320106, 13.66843629218914 ], [ -88.366780520695244, 13.66843629218914 ], [ -88.366780520695244, 13.681910959814008 ] ] ] } },
{ "type": "Feature", "properties": { "class_id": 3, "area_m2": 2173009.7362953732, "class_name": "Normal", "index": "NDVI", "min_value": null, "max_value": null }, "geometry": { "type": "Polygon", "coordinates": [ [ [ -88.582375202693086, 13.681910959814008 ], [ -88.568900535068209, 13.681910959814008 ], [ -88.568900535068209, 13.668436292189142 ], [ -88.582375202693086, 13.668436292189142 ], [ -88.582375202693086, 13.681910959814008 ] ] ] } },
{ "type": "Feature", "properties": { "class_id": 3, "area_m2": 71716104.140587449, "class_name": "Normal", "index": "NDVI", "min_value": null, "max_value": null }, "geometry": { "type": "Polygon", "coordinates": [ [ [ -88.595849870317949, 13.61453762168968 ], [ -88.609324537942811, 13.614537621689683 ], [ -88.609324537942811, 13.628012289314542 ], [ -88.636273873192536, 13.628012289314546 ], [ -88.636273873192536, 13.641486956939413 ], [ -88.649748540817413, 13.641486956939417 ], [ -88.649748540817413, 13.65496162456428 ], [ -88.663223208442275, 13.65496162456428 ], [ -88.663223208442275, 13.668436292189142 ], [ -88.676697876067138, 13.668436292189137 ], [ -88.676697876067138, 13.65496162456428 ], [ -88.71712187894174, 13.654961624564283 ], [ -88.71712187894174, 13.66843629218914 ], [ -88.730596546566602, 13.668436292189138 ], [ -88.730596546566602, 13.68191095981401 ], [ -88.703647211316863, 13.68191095981401 ], [ -88.703647211316863, 13.735809630313472 ], [ -88.690172543692, 13.735809630313469 ], [ -88.690172543692, 13.722334962688606 ], [ -88.663223208442275, 13.722334962688604 ], [ -88.663223208442275, 13.70886029506374 ], [ -88.676697876067138, 13.708860295063738 ], [ -88.676697876067138, 13.695385627438872 ], [ -88.663223208442275, 13.695385627438874 ], [ -88.663223208442275, 13.68191095981401 ], [ -88.622799205567674, 13.681910959814006 ], [ -88.622799205567674, 13.66843629218914 ], [ -88.582375202693086, 13.668436292189142 ], [ -88.582375202693086, 13.65496162456428 ], [ -88.609324537942811, 13.654961624564278 ], [ -88.609324537942811, 13.641486956939415 ], [ -88.595849870317949, 13.641486956939413 ], [ -88.595849870317949, 13.61453762168968 ] ] ] } },
{ "type": "Feature", "properties": { "class_id": 3, "area_m2": 4345242.3557669306, "class_name": "Normal", "index": "NDVI", "min_value": null, "max_value": null }, "geometry": { "type": "Polygon", "coordinates": [ [ [ -88.474577861694158, 13.708860295063738 ], [ -88.461103194069295, 13.708860295063738 ], [ -88.461103194069295, 13.68191095981401 ], [ -88.474577861694158, 13.681910959814005 ], [ -88.474577861694158, 13.708860295063738 ] ] ] } },
{ "type": "Feature", "properties": { "class_id": 3, "area_m2": 2172345.860833283, "class_name": "Normal", "index": "NDVI", "min_value": null, "max_value": null }, "geometry": { "type": "Polygon", "coordinates": [ [ [ -88.353305853070367, 13.70886029506374 ], [ -88.339831185445505, 13.708860295063744 ], [ -88.339831185445505, 13.695385627438874 ], [ -88.353305853070367, 13.695385627438874 ], [ -88.353305853070367, 13.70886029506374 ] ] ] } },
{ "type": "Feature", "properties": { "class_id": 3, "area_m2": 2172875.3793871794, "class_name": "Normal", "index": "NDVI", "min_value": null, "max_value": null }, "geometry": { "type": "Polygon", "coordinates": [ [ [ -88.622799205567674, 13.695385627438874 ], [ -88.636273873192536, 13.695385627438874 ], [ -88.636273873192536, 13.708860295063737 ], [ -88.622799205567674, 13.70886029506374 ], [ -88.622799205567674, 13.695385627438874 ] ] ] } },
{ "type": "Feature", "properties": { "class_id": 3, "area_m2": 2172931.0710248649, "class_name": "Normal", "index": "NDVI", "min_value": null, "max_value": null }, "geometry": { "type": "Polygon", "coordinates": [ [ [ -88.649748540817413, 13.695385627438876 ], [ -88.663223208442275, 13.695385627438874 ], [ -88.663223208442275, 13.70886029506374 ], [ -88.649748540817413, 13.708860295063744 ], [ -88.649748540817413, 13.695385627438876 ] ] ] } },
{ "type": "Feature", "properties": { "class_id": 3, "area_m2": 17381846.995966967, "class_name": "Normal", "index": "NDVI", "min_value": null, "max_value": null }, "geometry": { "type": "Polygon", "coordinates": [ [ [ -88.582375202693086, 13.708860295063738 ], [ -88.568900535068209, 13.70886029506374 ], [ -88.568900535068209, 13.695385627438876 ], [ -88.595849870317949, 13.695385627438872 ], [ -88.595849870317949, 13.681910959814006 ], [ -88.609324537942811, 13.681910959814006 ], [ -88.609324537942811, 13.722334962688601 ], [ -88.622799205567674, 13.722334962688612 ], [ -88.622799205567674, 13.73580963031347 ], [ -88.595849870317949, 13.735809630313467 ], [ -88.595849870317949, 13.722334962688604 ], [ -88.582375202693086, 13.72233496268861 ], [ -88.582375202693086, 13.708860295063738 ] ] ] } },
{ "type": "Feature", "properties": { "class_id": 3, "area_m2": 6518195.1609818609, "class_name": "Normal", "index": "NDVI", "min_value": null, "max_value": null }, "geometry": { "type": "Polygon", "coordinates": [ [ [ -88.649748540817413, 13.722334962688604 ], [ -88.663223208442275, 13.722334962688604 ], [ -88.663223208442275, 13.735809630313472 ], [ -88.636273873192536, 13.735809630313472 ], [ -88.636273873192536, 13.708860295063737 ], [ -88.649748540817413, 13.708860295063744 ], [ -88.649748540817413, 13.722334962688604 ] ] ] } },
{ "type": "Feature", "properties": { "class_id": 3, "area_m2": 2172435.4135905928, "class_name": "Normal", "index": "NDVI", "min_value": null, "max_value": null }, "geometry": { "type": "Polygon", "coordinates": [ [ [ -88.71712187894174, 13.776233633188065 ], [ -88.703647211316863, 13.776233633188065 ], [ -88.703647211316863, 13.762758965563204 ], [ -88.71712187894174, 13.762758965563197 ], [ -88.71712187894174, 13.776233633188065 ] ] ] } },
{ "type": "Feature", "properties": { "class_id": 3, "area_m2": 833784523.58715808, "class_name": "Normal", "index": "NDVI", "min_value": null, "max_value": null }, "geometry": { "type": "Polygon", "coordinates": [ [ [ -88.43415385881957, 13.789708300812933 ], [ -88.461103194069295, 13.789708300812928 ], [ -88.461103194069295, 13.830132303687522 ], [ -88.474577861694158, 13.830132303687522 ], [ -88.474577861694158, 13.84360697131239 ], [ -88.461103194069295, 13.843606971312392 ], [ -88.461103194069295, 13.857081638937261 ], [ -88.43415385881957, 13.85708163893726 ], [ -88.43415385881957, 13.884030974186988 ], [ -88.366780520695244, 13.884030974186986 ], [ -88.366780520695244, 13.870556306562124 ], [ -88.353305853070367, 13.870556306562124 ], [ -88.353305853070367, 13.897505641811854 ], [ -88.299407182570931, 13.897505641811858 ], [ -88.299407182570931, 13.910980309436722 ], [ -88.258983179696315, 13.91098030943672 ], [ -88.258983179696315, 13.924454977061584 ], [ -88.245508512071453, 13.924454977061584 ], [ -88.245508512071453, 13.93792964468645 ], [ -88.218559176821714, 13.93792964468645 ], [ -88.218559176821714, 13.964878979936181 ], [ -88.205084509196851, 13.964878979936184 ], [ -88.205084509196851, 13.991828315185908 ], [ -88.191609841571989, 13.991828315185906 ], [ -88.191609841571989, 13.978353647561043 ], [ -88.17813517394714, 13.978353647561045 ], [ -88.17813517394714, 13.964878979936181 ], [ -88.164660506322264, 13.964878979936181 ], [ -88.164660506322264, 13.978353647561047 ], [ -88.151185838697387, 13.978353647561041 ], [ -88.151185838697387, 13.991828315185911 ], [ -88.137711171072525, 13.991828315185906 ], [ -88.137711171072525, 13.964878979936181 ], [ -88.124236503447662, 13.964878979936181 ], [ -88.124236503447662, 13.991828315185911 ], [ -88.1107618358228, 13.991828315185911 ], [ -88.1107618358228, 14.005302982810777 ], [ -88.097287168197937, 14.005302982810777 ], [ -88.097287168197937, 13.991828315185906 ], [ -88.070337832948198, 13.991828315185906 ], [ -88.070337832948198, 13.937929644686447 ], [ -88.08381250057306, 13.937929644686445 ], [ -88.08381250057306, 13.924454977061588 ], [ -88.097287168197937, 13.924454977061586 ], [ -88.097287168197937, 13.93792964468645 ], [ -88.124236503447662, 13.93792964468645 ], [ -88.124236503447662, 13.924454977061583 ], [ -88.137711171072525, 13.924454977061583 ], [ -88.137711171072525, 13.88403097418699 ], [ -88.164660506322264, 13.88403097418699 ], [ -88.164660506322264, 13.857081638937258 ], [ -88.191609841571989, 13.85708163893726 ], [ -88.191609841571989, 13.84360697131239 ], [ -88.17813517394714, 13.843606971312393 ], [ -88.17813517394714, 13.830132303687522 ], [ -88.164660506322264, 13.830132303687522 ], [ -88.164660506322264, 13.843606971312393 ], [ -88.151185838697387, 13.843606971312395 ], [ -88.151185838697387, 13.85708163893726 ], [ -88.137711171072525, 13.85708163893726 ], [ -88.137711171072525, 13.84360697131239 ], [ -88.124236503447662, 13.843606971312393 ], [ -88.124236503447662, 13.830132303687522 ], [ -88.1107618358228, 13.830132303687526 ], [ -88.1107618358228, 13.816657636062663 ], [ -88.124236503447662, 13.81665763606266 ], [ -88.124236503447662, 13.789708300812933 ], [ -88.1107618358228, 13.789708300812931 ], [ -88.1107618358228, 13.776233633188065 ], [ -88.097287168197937, 13.77623363318807 ], [ -88.097287168197937, 13.789708300812933 ], [ -88.08381250057306, 13.789708300812931 ], [ -88.08381250057306, 13.776233633188063 ], [ -88.070337832948198, 13.776233633188063 ], [ -88.070337832948198, 13.762758965563201 ], [ -88.05686316532335, 13.762758965563197 ], [ -88.05686316532335, 13.749284297938335 ], [ -88.070337832948198, 13.749284297938337 ], [ -88.070337832948198, 13.735809630313467 ], [ -88.02991383007361, 13.73580963031347 ], [ -88.02991383007361, 13.722334962688604 ], [ -88.043388497698473, 13.722334962688608 ], [ -88.043388497698473, 13.70886029506374 ], [ -88.02991383007361, 13.708860295063744 ], [ -88.02991383007361, 13.695385627438874 ], [ -88.043388497698473, 13.695385627438876 ], [ -88.043388497698473, 13.681910959814006 ], [ -88.097287168197937, 13.68191095981401 ], [ -88.097287168197937, 13.695385627438876 ], [ -88.124236503447662, 13.695385627438876 ], [ -88.124236503447662, 13.681910959814005 ], [ -88.137711171072525, 13.681910959814003 ], [ -88.137711171072525, 13.65496162456428 ], [ -88.124236503447662, 13.654961624564278 ], [ -88.124236503447662, 13.641486956939412 ], [ -88.1107618358228, 13.641486956939415 ], [ -88.1107618358228, 13.601062954064822 ], [ -88.08381250057306, 13.601062954064819 ], [ -88.08381250057306, 13.57411361881509 ], [ -88.1107618358228, 13.574113618815089 ], [ -88.1107618358228, 13.587588286439955 ], [ -88.137711171072525, 13.587588286439955 ], [ -88.137711171072525, 13.601062954064817 ], [ -88.124236503447662, 13.601062954064822 ], [ -88.124236503447662, 13.614537621689681 ], [ -88.164660506322264, 13.614537621689685 ], [ -88.164660506322264, 13.628012289314549 ], [ -88.151185838697387, 13.628012289314549 ], [ -88.151185838697387, 13.641486956939413 ], [ -88.164660506322264, 13.641486956939415 ], [ -88.164660506322264, 13.668436292189146 ], [ -88.17813517394714, 13.66843629218914 ], [ -88.17813517394714, 13.65496162456428 ], [ -88.191609841571989, 13.654961624564278 ], [ -88.191609841571989, 13.668436292189142 ], [ -88.205084509196851, 13.66843629218914 ], [ -88.205084509196851, 13.65496162456428 ], [ -88.23203384444659, 13.65496162456428 ], [ -88.23203384444659, 13.66843629218914 ], [ -88.258983179696315, 13.668436292189142 ], [ -88.258983179696315, 13.654961624564276 ], [ -88.245508512071453, 13.65496162456428 ], [ -88.245508512071453, 13.641486956939412 ], [ -88.23203384444659, 13.641486956939415 ], [ -88.23203384444659, 13.628012289314549 ], [ -88.245508512071453, 13.628012289314549 ], [ -88.245508512071453, 13.614537621689683 ], [ -88.299407182570931, 13.61453762168968 ], [ -88.299407182570931, 13.628012289314546 ], [ -88.353305853070367, 13.628012289314546 ], [ -88.353305853070367, 13.641486956939413 ], [ -88.339831185445505, 13.641486956939412 ], [ -88.339831185445505, 13.654961624564285 ], [ -88.299407182570931, 13.65496162456428 ], [ -88.299407182570931, 13.695385627438876 ], [ -88.31288185019578, 13.695385627438874 ], [ -88.31288185019578, 13.735809630313467 ], [ -88.299407182570931, 13.73580963031347 ], [ -88.299407182570931, 13.749284297938337 ], [ -88.31288185019578, 13.749284297938333 ], [ -88.31288185019578, 13.776233633188063 ], [ -88.326356517820642, 13.776233633188063 ], [ -88.326356517820642, 13.789708300812935 ], [ -88.339831185445505, 13.789708300812928 ], [ -88.339831185445505, 13.803182968437797 ], [ -88.326356517820642, 13.803182968437797 ], [ -88.326356517820642, 13.816657636062669 ], [ -88.353305853070367, 13.81665763606266 ], [ -88.353305853070367, 13.803182968437794 ], [ -88.393729855944969, 13.803182968437801 ], [ -88.393729855944969, 13.789708300812933 ], [ -88.420679191194694, 13.789708300812933 ], [ -88.420679191194694, 13.776233633188067 ], [ -88.43415385881957, 13.776233633188069 ], [ -88.43415385881957, 13.789708300812933 ] ], [ [ -88.191609841571989, 13.870556306562124 ], [ -88.17813517394714, 13.870556306562113 ], [ -88.17813517394714, 13.897505641811851 ], [ -88.205084509196851, 13.897505641811854 ], [ -88.205084509196851, 13.91098030943672 ], [ -88.23203384444659, 13.910980309436722 ], [ -88.23203384444659, 13.88403097418699 ], [ -88.218559176821714, 13.884030974186993 ], [ -88.218559176821714, 13.857081638937263 ], [ -88.191609841571989, 13.85708163893726 ], [ -88.191609841571989, 13.870556306562124 ] ], [ [ -88.218559176821714, 13.66843629218914 ], [ -88.218559176821714, 13.681910959814006 ], [ -88.23203384444659, 13.681910959814012 ], [ -88.23203384444659, 13.66843629218914 ], [ -88.218559176821714, 13.66843629218914 ] ], [ [ -88.299407182570931, 13.722334962688606 ], [ -88.28593251494604, 13.722334962688606 ], [ -88.28593251494604, 13.73580963031347 ], [ -88.299407182570931, 13.73580963031347 ], [ -88.299407182570931, 13.722334962688606 ] ], [ [ -88.28593251494604, 13.749284297938337 ], [ -88.28593251494604, 13.762758965563203 ], [ -88.272457847321178, 13.762758965563203 ], [ -88.272457847321178, 13.776233633188063 ], [ -88.299407182570931, 13.776233633188067 ], [ -88.299407182570931, 13.749284297938337 ], [ -88.28593251494604, 13.749284297938337 ] ], [ [ -88.17813517394714, 13.924454977061584 ], [ -88.17813517394714, 13.91098030943672 ], [ -88.151185838697387, 13.91098030943672 ], [ -88.151185838697387, 13.924454977061583 ], [ -88.17813517394714, 13.924454977061584 ] ], [ [ -88.28593251494604, 13.857081638937261 ], [ -88.28593251494604, 13.870556306562127 ], [ -88.339831185445505, 13.870556306562122 ], [ -88.339831185445505, 13.84360697131239 ], [ -88.31288185019578, 13.84360697131239 ], [ -88.31288185019578, 13.857081638937263 ], [ -88.28593251494604, 13.857081638937261 ] ], [ [ -88.272457847321178, 13.870556306562124 ], [ -88.272457847321178, 13.843606971312392 ], [ -88.258983179696315, 13.84360697131239 ], [ -88.258983179696315, 13.870556306562124 ], [ -88.272457847321178, 13.870556306562124 ] ], [ [ -88.245508512071453, 13.84360697131239 ], [ -88.245508512071453, 13.830132303687524 ], [ -88.218559176821714, 13.830132303687524 ], [ -88.218559176821714, 13.843606971312393 ], [ -88.245508512071453, 13.84360697131239 ] ], [ [ -88.17813517394714, 13.762758965563199 ], [ -88.164660506322264, 13.762758965563203 ], [ -88.164660506322264, 13.789708300812933 ], [ -88.191609841571989, 13.789708300812929 ], [ -88.191609841571989, 13.803182968437797 ], [ -88.205084509196851, 13.803182968437799 ], [ -88.205084509196851, 13.789708300812933 ], [ -88.23203384444659, 13.789708300812931 ], [ -88.23203384444659, 13.762758965563199 ], [ -88.258983179696315, 13.762758965563203 ], [ -88.258983179696315, 13.749284297938337 ], [ -88.23203384444659, 13.749284297938337 ], [ -88.23203384444659, 13.735809630313472 ], [ -88.218559176821714, 13.735809630313472 ], [ -88.218559176821714, 13.762758965563197 ], [ -88.191609841571989, 13.762758965563201 ], [ -88.191609841571989, 13.74928429793834 ], [ -88.17813517394714, 13.749284297938337 ], [ -88.17813517394714, 13.762758965563199 ] ], [ [ -88.151185838697387, 13.789708300812938 ], [ -88.151185838697387, 13.803182968437797 ], [ -88.164660506322264, 13.803182968437799 ], [ -88.164660506322264, 13.789708300812933 ], [ -88.151185838697387, 13.789708300812938 ] ], [ [ -88.205084509196851, 13.749284297938337 ], [ -88.205084509196851, 13.735809630313467 ], [ -88.191609841571989, 13.735809630313467 ], [ -88.191609841571989, 13.74928429793834 ], [ -88.205084509196851, 13.749284297938337 ] ], [ [ -88.17813517394714, 13.722334962688601 ], [ -88.164660506322264, 13.722334962688604 ], [ -88.164660506322264, 13.708860295063744 ], [ -88.151185838697387, 13.708860295063737 ], [ -88.151185838697387, 13.695385627438876 ], [ -88.137711171072525, 13.695385627438876 ], [ -88.137711171072525, 13.722334962688606 ], [ -88.1107618358228, 13.722334962688606 ], [ -88.1107618358228, 13.708860295063737 ], [ -88.097287168197937, 13.708860295063744 ], [ -88.097287168197937, 13.722334962688606 ], [ -88.08381250057306, 13.722334962688601 ], [ -88.08381250057306, 13.735809630313467 ], [ -88.097287168197937, 13.735809630313465 ], [ -88.097287168197937, 13.749284297938337 ], [ -88.1107618358228, 13.749284297938337 ], [ -88.1107618358228, 13.735809630313469 ], [ -88.151185838697387, 13.735809630313472 ], [ -88.151185838697387, 13.749284297938337 ], [ -88.17813517394714, 13.749284297938337 ], [ -88.17813517394714, 13.722334962688601 ] ], [ [ -88.151185838697387, 13.776233633188065 ], [ -88.151185838697387, 13.762758965563197 ], [ -88.137711171072525, 13.762758965563197 ], [ -88.137711171072525, 13.776233633188067 ], [ -88.151185838697387, 13.776233633188065 ] ], [ [ -88.28593251494604, 13.708860295063735 ], [ -88.28593251494604, 13.681910959814005 ], [ -88.272457847321178, 13.68191095981401 ], [ -88.272457847321178, 13.708860295063742 ], [ -88.28593251494604, 13.708860295063735 ] ] ] } },
{ "type": "Feature", "properties": { "class_id": 3, "area_m2": 2171240.8854895127, "class_name": "Normal", "index": "NDVI", "min_value": null, "max_value": null }, "geometry": { "type": "Polygon", "coordinates": [ [ [ -88.48805252931902, 13.85708163893726 ], [ -88.474577861694158, 13.85708163893726 ], [ -88.474577861694158, 13.84360697131239 ], [ -88.48805252931902, 13.843606971312393 ], [ -88.48805252931902, 13.85708163893726 ] ] ] } },
{ "type": "Feature", "properties": { "class_id": 3, "area_m2": 2171020.0499972734, "class_name": "Normal", "index": "NDVI", "min_value": null, "max_value": null }, "geometry": { "type": "Polygon", "coordinates": [ [ [ -88.501527196943883, 13.884030974186986 ], [ -88.48805252931902, 13.884030974186985 ], [ -88.48805252931902, 13.870556306562117 ], [ -88.501527196943883, 13.87055630656212 ], [ -88.501527196943883, 13.884030974186986 ] ] ] } },
{ "type": "Feature", "properties": { "class_id": 3, "area_m2": 2170532.0863147364, "class_name": "Normal", "index": "NDVI", "min_value": null, "max_value": null }, "geometry": { "type": "Polygon", "coordinates": [ [ [ -88.568900535068209, 13.951404312311315 ], [ -88.555425867443347, 13.951404312311318 ], [ -88.555425867443347, 13.93792964468645 ], [ -88.568900535068209, 13.937929644686447 ], [ -88.568900535068209, 13.951404312311315 ] ] ] } },
{ "type": "Feature", "properties": { "class_id": 3, "area_m2": 2170626.6833766042, "class_name": "Normal", "index": "NDVI", "min_value": null, "max_value": null }, "geometry": { "type": "Polygon", "coordinates": [ [ [ -88.663223208442275, 13.951404312311311 ], [ -88.676697876067138, 13.951404312311311 ], [ -88.676697876067138, 13.964878979936181 ], [ -88.663223208442275, 13.964878979936181 ], [ -88.663223208442275, 13.951404312311311 ] ] ] } },
{ "type": "Feature", "properties": { "class_id": 3, "area_m2": 4339268.1560989218, "class_name": "Normal", "index": "NDVI", "min_value": null, "max_value": null }, "geometry": { "type": "Polygon", "coordinates": [ [ [ -88.218559176821714, 13.964878979936181 ], [ -88.23203384444659, 13.964878979936186 ], [ -88.23203384444659, 13.991828315185911 ], [ -88.218559176821714, 13.991828315185911 ], [ -88.218559176821714, 13.964878979936181 ] ] ] } },
{ "type": "Feature", "properties": { "class_id": 3, "area_m2": 2176496.1360245007, "class_name": "Normal", "index": "NDVI", "min_value": null, "max_value": null }, "geometry": { "type": "Polygon", "coordinates": [ [ [ -87.922116489074682, 13.169873590069129 ], [ -87.90864182144982, 13.169873590069125 ], [ -87.90864182144982, 13.156398922444264 ], [ -87.922116489074682, 13.156398922444264 ], [ -87.922116489074682, 13.169873590069129 ] ] ] } },
{ "type": "Feature", "properties": { "class_id": 3, "area_m2": 8706074.9204548951, "class_name": "Normal", "index": "NDVI", "min_value": null, "max_value": null }, "geometry": { "type": "Polygon", "coordinates": [ [ [ -88.002964494823871, 13.183348257693995 ], [ -87.976015159574146, 13.183348257693991 ], [ -87.976015159574146, 13.169873590069129 ], [ -87.962540491949284, 13.169873590069123 ], [ -87.962540491949284, 13.156398922444264 ], [ -87.989489827199009, 13.156398922444264 ], [ -87.989489827199009, 13.16987359006913 ], [ -88.002964494823871, 13.169873590069129 ], [ -88.002964494823871, 13.183348257693995 ] ] ] } },
{ "type": "Feature", "properties": { "class_id": 3, "area_m2": 2176395.0697035631, "class_name": "Normal", "index": "NDVI", "min_value": null, "max_value": null }, "geometry": { "type": "Polygon", "coordinates": [ [ [ -87.935591156699559, 13.183348257693993 ], [ -87.922116489074682, 13.183348257693993 ], [ -87.922116489074682, 13.169873590069129 ], [ -87.935591156699559, 13.16987359006913 ], [ -87.935591156699559, 13.183348257693993 ] ] ] } },
{ "type": "Feature", "properties": { "class_id": 3, "area_m2": 4353040.7003586041, "class_name": "Normal", "index": "NDVI", "min_value": null, "max_value": null }, "geometry": { "type": "Polygon", "coordinates": [ [ [ -88.043388497698473, 13.183348257693991 ], [ -88.016439162448734, 13.183348257693993 ], [ -88.016439162448734, 13.169873590069127 ], [ -88.043388497698473, 13.16987359006913 ], [ -88.043388497698473, 13.183348257693991 ] ] ] } },
{ "type": "Feature", "properties": { "class_id": 3, "area_m2": 2176620.347577543, "class_name": "Normal", "index": "NDVI", "min_value": null, "max_value": null }, "geometry": { "type": "Polygon", "coordinates": [ [ [ -88.1107618358228, 13.183348257693995 ], [ -88.097287168197937, 13.183348257693991 ], [ -88.097287168197937, 13.169873590069129 ], [ -88.1107618358228, 13.169873590069125 ], [ -88.1107618358228, 13.183348257693995 ] ] ] } },
{ "type": "Feature", "properties": { "class_id": 3, "area_m2": 2176042.2206403739, "class_name": "Normal", "index": "NDVI", "min_value": null, "max_value": null }, "geometry": { "type": "Polygon", "coordinates": [ [ [ -87.70652180707684, 13.196822925318855 ], [ -87.693047139451977, 13.196822925318861 ], [ -87.693047139451977, 13.183348257694 ], [ -87.70652180707684, 13.183348257693991 ], [ -87.70652180707684, 13.196822925318855 ] ] ] } },
{ "type": "Feature", "properties": { "class_id": 3, "area_m2": 2176294.1101616276, "class_name": "Normal", "index": "NDVI", "min_value": null, "max_value": null }, "geometry": { "type": "Polygon", "coordinates": [ [ [ -87.949065824324421, 13.196822925318861 ], [ -87.935591156699559, 13.196822925318859 ], [ -87.935591156699559, 13.183348257693993 ], [ -87.949065824324421, 13.183348257693991 ], [ -87.949065824324421, 13.196822925318861 ] ] ] } },
{ "type": "Feature", "properties": { "class_id": 3, "area_m2": 2176466.2227726858, "class_name": "Normal", "index": "NDVI", "min_value": null, "max_value": null }, "geometry": { "type": "Polygon", "coordinates": [ [ [ -88.070337832948198, 13.183348257693989 ], [ -88.08381250057306, 13.183348257693998 ], [ -88.08381250057306, 13.196822925318861 ], [ -88.070337832948198, 13.196822925318857 ], [ -88.070337832948198, 13.183348257693989 ] ] ] } },
{ "type": "Feature", "properties": { "class_id": 3, "area_m2": 6528007.3893288728, "class_name": "Normal", "index": "NDVI", "min_value": null, "max_value": null }, "geometry": { "type": "Polygon", "coordinates": [ [ [ -87.733471142326565, 13.210297592943723 ], [ -87.70652180707684, 13.210297592943727 ], [ -87.70652180707684, 13.196822925318855 ], [ -87.719996474701702, 13.196822925318859 ], [ -87.719996474701702, 13.183348257693993 ], [ -87.733471142326565, 13.183348257693998 ], [ -87.733471142326565, 13.210297592943723 ] ] ] } },
{ "type": "Feature", "properties": { "class_id": 3, "area_m2": 4352791.6679878468, "class_name": "Normal", "index": "NDVI", "min_value": null, "max_value": null }, "geometry": { "type": "Polygon", "coordinates": [ [ [ -88.124236503447662, 13.210297592943723 ], [ -88.097287168197937, 13.210297592943725 ], [ -88.097287168197937, 13.196822925318861 ], [ -88.124236503447662, 13.196822925318862 ], [ -88.124236503447662, 13.210297592943723 ] ] ] } },
{ "type": "Feature", "properties": { "class_id": 3, "area_m2": 4351493.8602994084, "class_name": "Normal", "index": "NDVI", "min_value": null, "max_value": null }, "geometry": { "type": "Polygon", "coordinates": [ [ [ -87.773895145201166, 13.237246928193452 ], [ -87.746945809951455, 13.237246928193452 ], [ -87.746945809951455, 13.223772260568586 ], [ -87.773895145201166, 13.223772260568587 ], [ -87.773895145201166, 13.237246928193452 ] ] ] } },
{ "type": "Feature", "properties": { "class_id": 3, "area_m2": 6527779.8440479608, "class_name": "Normal", "index": "NDVI", "min_value": null, "max_value": null }, "geometry": { "type": "Polygon", "coordinates": [ [ [ -87.962540491949284, 13.223772260568586 ], [ -87.989489827199009, 13.223772260568587 ], [ -87.989489827199009, 13.250721595818323 ], [ -87.976015159574146, 13.25072159581832 ], [ -87.976015159574146, 13.237246928193452 ], [ -87.962540491949284, 13.237246928193448 ], [ -87.962540491949284, 13.223772260568586 ] ] ] } },
{ "type": "Feature", "properties": { "class_id": 3, "area_m2": 108777681.17626995, "class_name": "Normal", "index": "NDVI", "min_value": null, "max_value": null }, "geometry": { "type": "Polygon", "coordinates": [ [ [ -87.868217818575218, 13.210297592943725 ], [ -87.922116489074682, 13.210297592943727 ], [ -87.922116489074682, 13.223772260568587 ], [ -87.949065824324421, 13.223772260568586 ], [ -87.949065824324421, 13.237246928193457 ], [ -87.935591156699559, 13.237246928193453 ], [ -87.935591156699559, 13.264196263443184 ], [ -87.922116489074682, 13.264196263443186 ], [ -87.922116489074682, 13.277670931068053 ], [ -87.90864182144982, 13.27767093106805 ], [ -87.90864182144982, 13.291145598692919 ], [ -87.895167153824957, 13.291145598692921 ], [ -87.895167153824957, 13.277670931068053 ], [ -87.881692486200095, 13.27767093106805 ], [ -87.881692486200095, 13.304620266317784 ], [ -87.868217818575218, 13.304620266317784 ], [ -87.868217818575218, 13.291145598692921 ], [ -87.854743150950355, 13.291145598692914 ], [ -87.854743150950355, 13.304620266317778 ], [ -87.82779381570063, 13.30462026631778 ], [ -87.82779381570063, 13.331569601567509 ], [ -87.814319148075768, 13.331569601567509 ], [ -87.814319148075768, 13.318094933942648 ], [ -87.800844480450891, 13.318094933942648 ], [ -87.800844480450891, 13.304620266317787 ], [ -87.787369812826029, 13.304620266317778 ], [ -87.787369812826029, 13.291145598692918 ], [ -87.800844480450891, 13.291145598692918 ], [ -87.800844480450891, 13.264196263443187 ], [ -87.814319148075768, 13.264196263443187 ], [ -87.814319148075768, 13.25072159581832 ], [ -87.82779381570063, 13.25072159581832 ], [ -87.82779381570063, 13.237246928193448 ], [ -87.854743150950355, 13.237246928193453 ], [ -87.854743150950355, 13.223772260568584 ], [ -87.868217818575218, 13.223772260568587 ], [ -87.868217818575218, 13.210297592943725 ] ], [ [ -87.895167153824957, 13.25072159581832 ], [ -87.895167153824957, 13.26419626344318 ], [ -87.90864182144982, 13.264196263443187 ], [ -87.90864182144982, 13.250721595818318 ], [ -87.895167153824957, 13.25072159581832 ] ], [ [ -87.895167153824957, 13.237246928193455 ], [ -87.881692486200095, 13.237246928193457 ], [ -87.881692486200095, 13.250721595818323 ], [ -87.895167153824957, 13.25072159581832 ], [ -87.895167153824957, 13.237246928193455 ] ], [ [ -87.90864182144982, 13.237246928193452 ], [ -87.90864182144982, 13.223772260568584 ], [ -87.895167153824957, 13.223772260568586 ], [ -87.895167153824957, 13.237246928193455 ], [ -87.90864182144982, 13.237246928193452 ] ] ] } },
{ "type": "Feature", "properties": { "class_id": 3, "area_m2": 2175456.5169840078, "class_name": "Normal", "index": "NDVI", "min_value": null, "max_value": null }, "geometry": { "type": "Polygon", "coordinates": [ [ [ -87.935591156699559, 13.291145598692919 ], [ -87.922116489074682, 13.291145598692918 ], [ -87.922116489074682, 13.277670931068053 ], [ -87.935591156699559, 13.277670931068055 ], [ -87.935591156699559, 13.291145598692919 ] ] ] } },
{ "type": "Feature", "properties": { "class_id": 3, "area_m2": 8701325.1539932489, "class_name": "Normal", "index": "NDVI", "min_value": null, "max_value": null }, "geometry": { "type": "Polygon", "coordinates": [ [ [ -88.070337832948198, 13.331569601567509 ], [ -88.043388497698473, 13.33156960156751 ], [ -88.043388497698473, 13.318094933942648 ], [ -88.05686316532335, 13.318094933942644 ], [ -88.05686316532335, 13.304620266317787 ], [ -88.08381250057306, 13.30462026631778 ], [ -88.08381250057306, 13.318094933942646 ], [ -88.070337832948198, 13.318094933942646 ], [ -88.070337832948198, 13.331569601567509 ] ] ] } },
{ "type": "Feature", "properties": { "class_id": 3, "area_m2": 2174982.31696025, "class_name": "Normal", "index": "NDVI", "min_value": null, "max_value": null }, "geometry": { "type": "Polygon", "coordinates": [ [ [ -88.02991383007361, 13.358518936817244 ], [ -88.016439162448734, 13.358518936817246 ], [ -88.016439162448734, 13.34504426919238 ], [ -88.02991383007361, 13.345044269192382 ], [ -88.02991383007361, 13.358518936817244 ] ] ] } },
{ "type": "Feature", "properties": { "class_id": 3, "area_m2": 2174881.3774024402, "class_name": "Normal", "index": "NDVI", "min_value": null, "max_value": null }, "geometry": { "type": "Polygon", "coordinates": [ [ [ -88.02991383007361, 13.358518936817244 ], [ -88.043388497698473, 13.358518936817244 ], [ -88.043388497698473, 13.371993604442109 ], [ -88.02991383007361, 13.37199360444211 ], [ -88.02991383007361, 13.358518936817244 ] ] ] } },
{ "type": "Feature", "properties": { "class_id": 3, "area_m2": 17396264.639839359, "class_name": "Normal", "index": "NDVI", "min_value": null, "max_value": null }, "geometry": { "type": "Polygon", "coordinates": [ [ [ -87.854743150950355, 13.37199360444211 ], [ -87.868217818575218, 13.37199360444211 ], [ -87.868217818575218, 13.358518936817244 ], [ -87.895167153824957, 13.358518936817244 ], [ -87.895167153824957, 13.398942939691842 ], [ -87.881692486200095, 13.398942939691844 ], [ -87.881692486200095, 13.412417607316705 ], [ -87.868217818575218, 13.412417607316703 ], [ -87.868217818575218, 13.385468272066971 ], [ -87.854743150950355, 13.385468272066969 ], [ -87.854743150950355, 13.37199360444211 ] ] ] } },
{ "type": "Feature", "properties": { "class_id": 3, "area_m2": 2174360.5099771884, "class_name": "Normal", "index": "NDVI", "min_value": null, "max_value": null }, "geometry": { "type": "Polygon", "coordinates": [ [ [ -87.895167153824957, 13.398942939691842 ], [ -87.90864182144982, 13.398942939691837 ], [ -87.90864182144982, 13.412417607316701 ], [ -87.895167153824957, 13.412417607316705 ], [ -87.895167153824957, 13.398942939691842 ] ] ] } },
{ "type": "Feature", "properties": { "class_id": 3, "area_m2": 6523639.3430400714, "class_name": "Normal", "index": "NDVI", "min_value": null, "max_value": null }, "geometry": { "type": "Polygon", "coordinates": [ [ [ -88.1107618358228, 13.412417607316705 ], [ -88.097287168197937, 13.412417607316705 ], [ -88.097287168197937, 13.425892274941569 ], [ -88.08381250057306, 13.425892274941571 ], [ -88.08381250057306, 13.398942939691837 ], [ -88.1107618358228, 13.398942939691835 ], [ -88.1107618358228, 13.412417607316705 ] ] ] } },
{ "type": "Feature", "properties": { "class_id": 3, "area_m2": 76094312.377478078, "class_name": "Normal", "index": "NDVI", "min_value": null, "max_value": null }, "geometry": { "type": "Polygon", "coordinates": [ [ [ -87.746945809951455, 13.358518936817244 ], [ -87.746945809951455, 13.371993604442107 ], [ -87.760420477576304, 13.371993604442109 ], [ -87.760420477576304, 13.385468272066971 ], [ -87.800844480450891, 13.385468272066969 ], [ -87.800844480450891, 13.398942939691837 ], [ -87.814319148075768, 13.398942939691835 ], [ -87.814319148075768, 13.412417607316701 ], [ -87.82779381570063, 13.412417607316703 ], [ -87.82779381570063, 13.425892274941571 ], [ -87.854743150950355, 13.425892274941567 ], [ -87.854743150950355, 13.439366942566426 ], [ -87.841268483325493, 13.439366942566435 ], [ -87.841268483325493, 13.452841610191301 ], [ -87.82779381570063, 13.452841610191303 ], [ -87.82779381570063, 13.466316277816162 ], [ -87.814319148075768, 13.466316277816167 ], [ -87.814319148075768, 13.479790945441028 ], [ -87.800844480450891, 13.47979094544103 ], [ -87.800844480450891, 13.466316277816167 ], [ -87.773895145201166, 13.466316277816166 ], [ -87.773895145201166, 13.439366942566435 ], [ -87.787369812826029, 13.43936694256643 ], [ -87.787369812826029, 13.425892274941571 ], [ -87.746945809951455, 13.425892274941571 ], [ -87.746945809951455, 13.398942939691839 ], [ -87.719996474701702, 13.398942939691837 ], [ -87.719996474701702, 13.37199360444211 ], [ -87.733471142326565, 13.371993604442112 ], [ -87.733471142326565, 13.358518936817244 ], [ -87.746945809951455, 13.358518936817244 ] ], [ [ -87.82779381570063, 13.439366942566433 ], [ -87.814319148075768, 13.439366942566435 ], [ -87.814319148075768, 13.4528416101913 ], [ -87.82779381570063, 13.452841610191303 ], [ -87.82779381570063, 13.439366942566433 ] ] ] } },
{ "type": "Feature", "properties": { "class_id": 3, "area_m2": 2174196.6493676859, "class_name": "Normal", "index": "NDVI", "min_value": null, "max_value": null }, "geometry": { "type": "Polygon", "coordinates": [ [ [ -87.868217818575218, 13.425892274941569 ], [ -87.854743150950355, 13.425892274941567 ], [ -87.854743150950355, 13.412417607316701 ], [ -87.868217818575218, 13.412417607316703 ], [ -87.868217818575218, 13.425892274941569 ] ] ] } },
{ "type": "Feature", "properties": { "class_id": 3, "area_m2": 23916659.772841725, "class_name": "Normal", "index": "NDVI", "min_value": null, "max_value": null }, "geometry": { "type": "Polygon", "coordinates": [ [ [ -88.002964494823871, 13.4528416101913 ], [ -87.976015159574146, 13.452841610191305 ], [ -87.976015159574146, 13.412417607316701 ], [ -88.02991383007361, 13.41241760731671 ], [ -88.02991383007361, 13.425892274941569 ], [ -88.043388497698473, 13.425892274941569 ], [ -88.043388497698473, 13.439366942566435 ], [ -88.002964494823871, 13.439366942566433 ], [ -88.002964494823871, 13.4528416101913 ] ] ] } },
{ "type": "Feature", "properties": { "class_id": 3, "area_m2": 2174435.5868216981, "class_name": "Normal", "index": "NDVI", "min_value": null, "max_value": null }, "geometry": { "type": "Polygon", "coordinates": [ [ [ -88.151185838697387, 13.43936694256643 ], [ -88.137711171072525, 13.43936694256643 ], [ -88.137711171072525, 13.425892274941569 ], [ -88.151185838697387, 13.425892274941571 ], [ -88.151185838697387, 13.43936694256643 ] ] ] } },
{ "type": "Feature", "properties": { "class_id": 3, "area_m2": 2174066.5808327934, "class_name": "Normal", "index": "NDVI", "min_value": null, "max_value": null }, "geometry": { "type": "Polygon", "coordinates": [ [ [ -88.043388497698473, 13.452841610191301 ], [ -88.05686316532335, 13.452841610191301 ], [ -88.05686316532335, 13.466316277816169 ], [ -88.043388497698473, 13.466316277816162 ], [ -88.043388497698473, 13.452841610191301 ] ] ] } },
{ "type": "Feature", "properties": { "class_id": 3, "area_m2": 43477476.995186329, "class_name": "Normal", "index": "NDVI", "min_value": null, "max_value": null }, "geometry": { "type": "Polygon", "coordinates": [ [ [ -88.151185838697387, 13.52021494831563 ], [ -88.151185838697387, 13.533689615940494 ], [ -88.137711171072525, 13.533689615940492 ], [ -88.137711171072525, 13.547164283565358 ], [ -88.124236503447662, 13.54716428356536 ], [ -88.124236503447662, 13.533689615940492 ], [ -88.1107618358228, 13.533689615940492 ], [ -88.1107618358228, 13.506740280690765 ], [ -88.124236503447662, 13.506740280690762 ], [ -88.124236503447662, 13.493265613065899 ], [ -88.151185838697387, 13.493265613065901 ], [ -88.151185838697387, 13.43936694256643 ], [ -88.17813517394714, 13.439366942566432 ], [ -88.17813517394714, 13.520214948315623 ], [ -88.151185838697387, 13.52021494831563 ] ], [ [ -88.151185838697387, 13.506740280690764 ], [ -88.164660506322264, 13.50674028069076 ], [ -88.164660506322264, 13.493265613065901 ], [ -88.151185838697387, 13.493265613065901 ], [ -88.151185838697387, 13.506740280690764 ] ] ] } },
{ "type": "Feature", "properties": { "class_id": 3, "area_m2": 13040168.439241217, "class_name": "Normal", "index": "NDVI", "min_value": null, "max_value": null }, "geometry": { "type": "Polygon", "coordinates": [ [ [ -87.760420477576304, 13.520214948315624 ], [ -87.746945809951455, 13.520214948315624 ], [ -87.746945809951455, 13.506740280690758 ], [ -87.733471142326565, 13.506740280690762 ], [ -87.733471142326565, 13.493265613065898 ], [ -87.719996474701702, 13.493265613065898 ], [ -87.719996474701702, 13.47979094544103 ], [ -87.760420477576304, 13.47979094544103 ], [ -87.760420477576304, 13.520214948315624 ] ] ] } },
{ "type": "Feature", "properties": { "class_id": 3, "area_m2": 2173262.1225496479, "class_name": "Normal", "index": "NDVI", "min_value": null, "max_value": null }, "geometry": { "type": "Polygon", "coordinates": [ [ [ -87.989489827199009, 13.547164283565358 ], [ -87.976015159574146, 13.547164283565353 ], [ -87.976015159574146, 13.533689615940492 ], [ -87.989489827199009, 13.533689615940494 ], [ -87.989489827199009, 13.547164283565358 ] ] ] } },
{ "type": "Feature", "properties": { "class_id": 3, "area_m2": 2173199.9817641685, "class_name": "Normal", "index": "NDVI", "min_value": null, "max_value": null }, "geometry": { "type": "Polygon", "coordinates": [ [ [ -88.124236503447662, 13.574113618815089 ], [ -88.1107618358228, 13.574113618815089 ], [ -88.1107618358228, 13.560638951190223 ], [ -88.124236503447662, 13.560638951190219 ], [ -88.124236503447662, 13.574113618815089 ] ] ] } },
{ "type": "Feature", "properties": { "class_id": 3, "area_m2": 2172987.6870715157, "class_name": "Normal", "index": "NDVI", "min_value": null, "max_value": null }, "geometry": { "type": "Polygon", "coordinates": [ [ [ -88.05686316532335, 13.587588286439951 ], [ -88.043388497698473, 13.587588286439953 ], [ -88.043388497698473, 13.574113618815085 ], [ -88.05686316532335, 13.574113618815085 ], [ -88.05686316532335, 13.587588286439951 ] ] ] } },
{ "type": "Feature", "properties": { "class_id": 3, "area_m2": 2172849.5244051279, "class_name": "Normal", "index": "NDVI", "min_value": null, "max_value": null }, "geometry": { "type": "Polygon", "coordinates": [ [ [ -88.043388497698473, 13.601062954064822 ], [ -88.02991383007361, 13.601062954064817 ], [ -88.02991383007361, 13.587588286439953 ], [ -88.043388497698473, 13.587588286439953 ], [ -88.043388497698473, 13.601062954064822 ] ] ] } },
{ "type": "Feature", "properties": { "class_id": 3, "area_m2": 2172463.1322503835, "class_name": "Normal", "index": "NDVI", "min_value": null, "max_value": null }, "geometry": { "type": "Polygon", "coordinates": [ [ [ -87.814319148075768, 13.614537621689678 ], [ -87.800844480450891, 13.614537621689681 ], [ -87.800844480450891, 13.601062954064817 ], [ -87.814319148075768, 13.601062954064815 ], [ -87.814319148075768, 13.614537621689678 ] ] ] } },
{ "type": "Feature", "properties": { "class_id": 3, "area_m2": 2172677.2344544665, "class_name": "Normal", "index": "NDVI", "min_value": null, "max_value": null }, "geometry": { "type": "Polygon", "coordinates": [ [ [ -88.002964494823871, 13.614537621689683 ], [ -87.989489827199009, 13.61453762168968 ], [ -87.989489827199009, 13.601062954064819 ], [ -88.002964494823871, 13.601062954064815 ], [ -88.002964494823871, 13.614537621689683 ] ] ] } },
{ "type": "Feature", "properties": { "class_id": 3, "area_m2": 2172438.6066628727, "class_name": "Normal", "index": "NDVI", "min_value": null, "max_value": null }, "geometry": { "type": "Polygon", "coordinates": [ [ [ -88.08381250057306, 13.641486956939413 ], [ -88.097287168197937, 13.641486956939412 ], [ -88.097287168197937, 13.654961624564276 ], [ -88.08381250057306, 13.654961624564283 ], [ -88.08381250057306, 13.641486956939413 ] ] ] } },
{ "type": "Feature", "properties": { "class_id": 3, "area_m2": 4342844.6438369732, "class_name": "Normal", "index": "NDVI", "min_value": null, "max_value": null }, "geometry": { "type": "Polygon", "coordinates": [ [ [ -87.841268483325493, 13.722334962688603 ], [ -87.868217818575218, 13.722334962688606 ], [ -87.868217818575218, 13.735809630313472 ], [ -87.841268483325493, 13.735809630313467 ], [ -87.841268483325493, 13.722334962688603 ] ] ] } },
{ "type": "Feature", "properties": { "class_id": 3, "area_m2": 597138267.4544493, "class_name": "Normal", "index": "NDVI", "min_value": null, "max_value": null }, "geometry": { "type": "Polygon", "coordinates": [ [ [ -87.989489827199009, 13.84360697131239 ], [ -87.949065824324421, 13.84360697131239 ], [ -87.949065824324421, 13.870556306562124 ], [ -87.90864182144982, 13.870556306562124 ], [ -87.90864182144982, 13.857081638937263 ], [ -87.895167153824957, 13.857081638937263 ], [ -87.895167153824957, 13.843606971312393 ], [ -87.881692486200095, 13.843606971312393 ], [ -87.881692486200095, 13.816657636062667 ], [ -87.854743150950355, 13.816657636062663 ], [ -87.854743150950355, 13.83013230368752 ], [ -87.841268483325493, 13.830132303687524 ], [ -87.841268483325493, 13.85708163893726 ], [ -87.82779381570063, 13.857081638937258 ], [ -87.82779381570063, 13.870556306562124 ], [ -87.814319148075768, 13.870556306562124 ], [ -87.814319148075768, 13.84360697131239 ], [ -87.800844480450891, 13.843606971312386 ], [ -87.800844480450891, 13.830132303687527 ], [ -87.773895145201166, 13.830132303687524 ], [ -87.773895145201166, 13.816657636062661 ], [ -87.70652180707684, 13.816657636062658 ], [ -87.70652180707684, 13.789708300812933 ], [ -87.719996474701702, 13.789708300812929 ], [ -87.719996474701702, 13.762758965563199 ], [ -87.733471142326565, 13.762758965563197 ], [ -87.733471142326565, 13.776233633188065 ], [ -87.746945809951455, 13.776233633188067 ], [ -87.746945809951455, 13.749284297938331 ], [ -87.733471142326565, 13.749284297938338 ], [ -87.733471142326565, 13.70886029506374 ], [ -87.746945809951455, 13.708860295063744 ], [ -87.746945809951455, 13.695385627438867 ], [ -87.760420477576304, 13.695385627438874 ], [ -87.760420477576304, 13.66843629218914 ], [ -87.773895145201166, 13.668436292189142 ], [ -87.773895145201166, 13.681910959814006 ], [ -87.787369812826029, 13.681910959814006 ], [ -87.787369812826029, 13.65496162456428 ], [ -87.773895145201166, 13.65496162456428 ], [ -87.773895145201166, 13.628012289314549 ], [ -87.814319148075768, 13.628012289314549 ], [ -87.814319148075768, 13.641486956939413 ], [ -87.82779381570063, 13.641486956939413 ], [ -87.82779381570063, 13.628012289314546 ], [ -87.841268483325493, 13.628012289314549 ], [ -87.841268483325493, 13.587588286439955 ], [ -87.854743150950355, 13.587588286439953 ], [ -87.854743150950355, 13.574113618815085 ], [ -87.868217818575218, 13.57411361881509 ], [ -87.868217818575218, 13.560638951190217 ], [ -87.895167153824957, 13.560638951190223 ], [ -87.895167153824957, 13.574113618815085 ], [ -87.976015159574146, 13.574113618815083 ], [ -87.976015159574146, 13.601062954064817 ], [ -87.962540491949284, 13.601062954064819 ], [ -87.962540491949284, 13.614537621689683 ], [ -87.935591156699559, 13.614537621689687 ], [ -87.935591156699559, 13.628012289314551 ], [ -87.949065824324421, 13.628012289314546 ], [ -87.949065824324421, 13.641486956939412 ], [ -87.976015159574146, 13.641486956939413 ], [ -87.976015159574146, 13.66843629218914 ], [ -88.016439162448734, 13.66843629218914 ], [ -88.016439162448734, 13.708860295063745 ], [ -88.002964494823871, 13.708860295063738 ], [ -88.002964494823871, 13.735809630313472 ], [ -88.02991383007361, 13.73580963031347 ], [ -88.02991383007361, 13.749284297938338 ], [ -88.043388497698473, 13.749284297938337 ], [ -88.043388497698473, 13.762758965563203 ], [ -88.05686316532335, 13.762758965563197 ], [ -88.05686316532335, 13.776233633188067 ], [ -88.02991383007361, 13.776233633188063 ], [ -88.02991383007361, 13.789708300812933 ], [ -88.043388497698473, 13.789708300812928 ], [ -88.043388497698473, 13.803182968437797 ], [ -88.05686316532335, 13.803182968437797 ], [ -88.05686316532335, 13.816657636062658 ], [ -88.043388497698473, 13.816657636062663 ], [ -88.043388497698473, 13.830132303687527 ], [ -88.05686316532335, 13.830132303687522 ], [ -88.05686316532335, 13.843606971312392 ], [ -88.08381250057306, 13.84360697131239 ], [ -88.08381250057306, 13.857081638937263 ], [ -88.02991383007361, 13.85708163893726 ], [ -88.02991383007361, 13.870556306562127 ], [ -88.05686316532335, 13.870556306562124 ], [ -88.05686316532335, 13.88403097418699 ], [ -88.043388497698473, 13.88403097418699 ], [ -88.043388497698473, 13.897505641811858 ], [ -88.016439162448734, 13.897505641811852 ], [ -88.016439162448734, 13.87055630656212 ], [ -88.002964494823871, 13.870556306562127 ], [ -88.002964494823871, 13.857081638937265 ], [ -87.989489827199009, 13.85708163893726 ], [ -87.989489827199009, 13.84360697131239 ] ], [ [ -87.787369812826029, 13.695385627438869 ], [ -87.800844480450891, 13.695385627438874 ], [ -87.800844480450891, 13.681910959814006 ], [ -87.787369812826029, 13.681910959814006 ], [ -87.787369812826029, 13.695385627438869 ] ], [ [ -87.989489827199009, 13.789708300812929 ], [ -87.989489827199009, 13.830132303687522 ], [ -88.002964494823871, 13.830132303687522 ], [ -88.002964494823871, 13.816657636062663 ], [ -88.02991383007361, 13.816657636062663 ], [ -88.02991383007361, 13.789708300812933 ], [ -87.989489827199009, 13.789708300812929 ] ], [ [ -88.016439162448734, 13.830132303687522 ], [ -88.016439162448734, 13.84360697131239 ], [ -88.043388497698473, 13.84360697131239 ], [ -88.043388497698473, 13.830132303687527 ], [ -88.016439162448734, 13.830132303687522 ] ], [ [ -87.90864182144982, 13.830132303687527 ], [ -87.90864182144982, 13.84360697131239 ], [ -87.922116489074682, 13.843606971312392 ], [ -87.922116489074682, 13.85708163893726 ], [ -87.935591156699559, 13.857081638937258 ], [ -87.935591156699559, 13.830132303687526 ], [ -87.962540491949284, 13.83013230368752 ], [ -87.962540491949284, 13.803182968437795 ], [ -87.976015159574146, 13.803182968437797 ], [ -87.976015159574146, 13.789708300812933 ], [ -87.922116489074682, 13.789708300812933 ], [ -87.922116489074682, 13.776233633188067 ], [ -87.90864182144982, 13.77623363318807 ], [ -87.90864182144982, 13.803182968437795 ], [ -87.922116489074682, 13.803182968437797 ], [ -87.922116489074682, 13.830132303687524 ], [ -87.90864182144982, 13.830132303687527 ] ], [ [ -87.90864182144982, 13.816657636062665 ], [ -87.895167153824957, 13.816657636062663 ], [ -87.895167153824957, 13.830132303687524 ], [ -87.90864182144982, 13.830132303687527 ], [ -87.90864182144982, 13.816657636062665 ] ], [ [ -87.82779381570063, 13.830132303687522 ], [ -87.82779381570063, 13.803182968437797 ], [ -87.854743150950355, 13.803182968437795 ], [ -87.854743150950355, 13.789708300812933 ], [ -87.82779381570063, 13.789708300812928 ], [ -87.82779381570063, 13.776233633188061 ], [ -87.814319148075768, 13.776233633188067 ], [ -87.814319148075768, 13.830132303687522 ], [ -87.82779381570063, 13.830132303687522 ] ], [ [ -87.760420477576304, 13.803182968437797 ], [ -87.760420477576304, 13.789708300812933 ], [ -87.746945809951455, 13.789708300812933 ], [ -87.746945809951455, 13.803182968437797 ], [ -87.760420477576304, 13.803182968437797 ] ], [ [ -87.935591156699559, 13.762758965563201 ], [ -87.949065824324421, 13.762758965563203 ], [ -87.949065824324421, 13.776233633188061 ], [ -87.976015159574146, 13.776233633188061 ], [ -87.976015159574146, 13.762758965563197 ], [ -87.962540491949284, 13.762758965563195 ], [ -87.962540491949284, 13.73580963031347 ], [ -87.976015159574146, 13.735809630313469 ], [ -87.976015159574146, 13.722334962688603 ], [ -87.949065824324421, 13.722334962688606 ], [ -87.949065824324421, 13.735809630313467 ], [ -87.935591156699559, 13.735809630313474 ], [ -87.935591156699559, 13.762758965563201 ] ], [ [ -87.989489827199009, 13.72233496268861 ], [ -87.989489827199009, 13.695385627438879 ], [ -87.976015159574146, 13.695385627438879 ], [ -87.976015159574146, 13.722334962688603 ], [ -87.989489827199009, 13.72233496268861 ] ], [ [ -87.976015159574146, 13.681910959814008 ], [ -87.962540491949284, 13.68191095981401 ], [ -87.962540491949284, 13.695385627438876 ], [ -87.976015159574146, 13.695385627438879 ], [ -87.976015159574146, 13.681910959814008 ] ], [ [ -87.935591156699559, 13.654961624564283 ], [ -87.922116489074682, 13.654961624564283 ], [ -87.922116489074682, 13.641486956939413 ], [ -87.895167153824957, 13.641486956939415 ], [ -87.895167153824957, 13.65496162456428 ], [ -87.82779381570063, 13.654961624564274 ], [ -87.82779381570063, 13.66843629218914 ], [ -87.814319148075768, 13.668436292189138 ], [ -87.814319148075768, 13.695385627438874 ], [ -87.82779381570063, 13.695385627438874 ], [ -87.82779381570063, 13.722334962688599 ], [ -87.800844480450891, 13.722334962688603 ], [ -87.800844480450891, 13.735809630313472 ], [ -87.82779381570063, 13.735809630313463 ], [ -87.82779381570063, 13.749284297938337 ], [ -87.841268483325493, 13.749284297938337 ], [ -87.841268483325493, 13.776233633188067 ], [ -87.854743150950355, 13.77623363318806 ], [ -87.854743150950355, 13.749284297938337 ], [ -87.868217818575218, 13.749284297938335 ], [ -87.868217818575218, 13.762758965563201 ], [ -87.895167153824957, 13.762758965563201 ], [ -87.895167153824957, 13.735809630313467 ], [ -87.881692486200095, 13.735809630313472 ], [ -87.881692486200095, 13.695385627438872 ], [ -87.895167153824957, 13.695385627438876 ], [ -87.895167153824957, 13.681910959814006 ], [ -87.935591156699559, 13.681910959814006 ], [ -87.935591156699559, 13.654961624564283 ] ], [ [ -87.895167153824957, 13.628012289314542 ], [ -87.881692486200095, 13.628012289314549 ], [ -87.881692486200095, 13.641486956939412 ], [ -87.895167153824957, 13.641486956939415 ], [ -87.895167153824957, 13.628012289314542 ] ], [ [ -87.787369812826029, 13.735809630313467 ], [ -87.787369812826029, 13.749284297938337 ], [ -87.800844480450891, 13.749284297938337 ], [ -87.800844480450891, 13.735809630313472 ], [ -87.787369812826029, 13.735809630313467 ] ], [ [ -87.922116489074682, 13.749284297938337 ], [ -87.922116489074682, 13.735809630313467 ], [ -87.90864182144982, 13.73580963031347 ], [ -87.90864182144982, 13.749284297938337 ], [ -87.922116489074682, 13.749284297938337 ] ], [ [ -87.760420477576304, 13.708860295063737 ], [ -87.760420477576304, 13.735809630313469 ], [ -87.773895145201166, 13.73580963031347 ], [ -87.773895145201166, 13.722334962688606 ], [ -87.787369812826029, 13.722334962688604 ], [ -87.787369812826029, 13.70886029506374 ], [ -87.760420477576304, 13.708860295063737 ] ], [ [ -87.962540491949284, 13.66843629218914 ], [ -87.962540491949284, 13.65496162456428 ], [ -87.949065824324421, 13.654961624564276 ], [ -87.949065824324421, 13.66843629218914 ], [ -87.962540491949284, 13.66843629218914 ] ], [ [ -87.935591156699559, 13.601062954064817 ], [ -87.935591156699559, 13.587588286439953 ], [ -87.922116489074682, 13.587588286439955 ], [ -87.922116489074682, 13.601062954064819 ], [ -87.935591156699559, 13.601062954064817 ] ] ] } },
{ "type": "Feature", "properties": { "class_id": 3, "area_m2": 2171063.9893026333, "class_name": "Normal", "index": "NDVI", "min_value": null, "max_value": null }, "geometry": { "type": "Polygon", "coordinates": [ [ [ -88.05686316532335, 13.803182968437797 ], [ -88.05686316532335, 13.789708300812935 ], [ -88.070337832948198, 13.789708300812929 ], [ -88.070337832948198, 13.803182968437797 ], [ -88.05686316532335, 13.803182968437797 ] ] ] } },
{ "type": "Feature", "properties": { "class_id": 3, "area_m2": 2170819.1678441078, "class_name": "Normal", "index": "NDVI", "min_value": null, "max_value": null }, "geometry": { "type": "Polygon", "coordinates": [ [ [ -88.070337832948198, 13.830132303687527 ], [ -88.05686316532335, 13.830132303687522 ], [ -88.05686316532335, 13.816657636062658 ], [ -88.070337832948198, 13.81665763606266 ], [ -88.070337832948198, 13.830132303687527 ] ] ] } },
{ "type": "Feature", "properties": { "class_id": 3, "area_m2": 2170647.6247444041, "class_name": "Normal", "index": "NDVI", "min_value": null, "max_value": null }, "geometry": { "type": "Polygon", "coordinates": [ [ [ -88.124236503447662, 13.857081638937265 ], [ -88.1107618358228, 13.857081638937261 ], [ -88.1107618358228, 13.843606971312392 ], [ -88.124236503447662, 13.843606971312393 ], [ -88.124236503447662, 13.857081638937265 ] ] ] } },
{ "type": "Feature", "properties": { "class_id": 3, "area_m2": 2170110.6884018774, "class_name": "Normal", "index": "NDVI", "min_value": null, "max_value": null }, "geometry": { "type": "Polygon", "coordinates": [ [ [ -87.773895145201166, 13.870556306562127 ], [ -87.760420477576304, 13.870556306562124 ], [ -87.760420477576304, 13.85708163893726 ], [ -87.773895145201166, 13.85708163893726 ], [ -87.773895145201166, 13.870556306562127 ] ] ] } },
{ "type": "Feature", "properties": { "class_id": 3, "area_m2": 2170021.1501228665, "class_name": "Normal", "index": "NDVI", "min_value": null, "max_value": null }, "geometry": { "type": "Polygon", "coordinates": [ [ [ -87.922116489074682, 13.897505641811858 ], [ -87.90864182144982, 13.897505641811851 ], [ -87.90864182144982, 13.884030974186986 ], [ -87.922116489074682, 13.884030974186988 ], [ -87.922116489074682, 13.897505641811858 ] ] ] } },
{ "type": "Feature", "properties": { "class_id": 3, "area_m2": 2169882.6577194519, "class_name": "Normal", "index": "NDVI", "min_value": null, "max_value": null }, "geometry": { "type": "Polygon", "coordinates": [ [ [ -87.90864182144982, 13.91098030943672 ], [ -87.895167153824957, 13.91098030943672 ], [ -87.895167153824957, 13.897505641811851 ], [ -87.90864182144982, 13.897505641811851 ], [ -87.90864182144982, 13.91098030943672 ] ] ] } },
{ "type": "Feature", "properties": { "class_id": 3, "area_m2": 4339335.3494002121, "class_name": "Normal", "index": "NDVI", "min_value": null, "max_value": null }, "geometry": { "type": "Polygon", "coordinates": [ [ [ -87.868217818575218, 13.910980309436724 ], [ -87.881692486200095, 13.91098030943672 ], [ -87.881692486200095, 13.93792964468645 ], [ -87.868217818575218, 13.937929644686449 ], [ -87.868217818575218, 13.910980309436724 ] ] ] } },
{ "type": "Feature", "properties": { "class_id": 3, "area_m2": 4339139.6954649258, "class_name": "Normal", "index": "NDVI", "min_value": null, "max_value": null }, "geometry": { "type": "Polygon", "coordinates": [ [ [ -87.82779381570063, 13.924454977061583 ], [ -87.854743150950355, 13.924454977061579 ], [ -87.854743150950355, 13.937929644686447 ], [ -87.82779381570063, 13.937929644686443 ], [ -87.82779381570063, 13.924454977061583 ] ] ] } },
{ "type": "Feature", "properties": { "class_id": 4, "area_m2": 106674561.80591781, "class_name": "Alto", "index": "NDVI", "min_value": null, "max_value": null }, "geometry": { "type": "Polygon", "coordinates": [ [ [ -89.768145953681227, 13.628012289314553 ], [ -89.768145953681227, 13.601062954064822 ], [ -89.741196618431488, 13.601062954064815 ], [ -89.741196618431488, 13.587588286439956 ], [ -89.727721950806625, 13.587588286439949 ], [ -89.727721950806625, 13.601062954064817 ], [ -89.714247283181763, 13.601062954064817 ], [ -89.714247283181763, 13.614537621689685 ], [ -89.7007726155569, 13.614537621689683 ], [ -89.7007726155569, 13.587588286439953 ], [ -89.673823280307161, 13.587588286439956 ], [ -89.673823280307161, 13.574113618815092 ], [ -89.660348612682313, 13.574113618815085 ], [ -89.660348612682313, 13.560638951190219 ], [ -89.646873945057436, 13.560638951190217 ], [ -89.646873945057436, 13.547164283565358 ], [ -89.660348612682313, 13.547164283565353 ], [ -89.660348612682313, 13.533689615940492 ], [ -89.727721950806625, 13.533689615940492 ], [ -89.727721950806625, 13.547164283565355 ], [ -89.673823280307161, 13.547164283565353 ], [ -89.673823280307161, 13.560638951190221 ], [ -89.768145953681227, 13.560638951190219 ], [ -89.768145953681227, 13.547164283565358 ], [ -89.781620621306104, 13.54716428356536 ], [ -89.781620621306104, 13.533689615940492 ], [ -89.795095288930952, 13.533689615940492 ], [ -89.795095288930952, 13.547164283565353 ], [ -89.822044624180691, 13.547164283565353 ], [ -89.822044624180691, 13.560638951190215 ], [ -89.835519291805554, 13.560638951190219 ], [ -89.835519291805554, 13.628012289314546 ], [ -89.822044624180691, 13.628012289314549 ], [ -89.822044624180691, 13.601062954064819 ], [ -89.795095288930952, 13.601062954064817 ], [ -89.795095288930952, 13.614537621689676 ], [ -89.781620621306104, 13.61453762168968 ], [ -89.781620621306104, 13.628012289314553 ], [ -89.768145953681227, 13.628012289314553 ] ], [ [ -89.768145953681227, 13.587588286439956 ], [ -89.795095288930952, 13.587588286439953 ], [ -89.795095288930952, 13.574113618815083 ], [ -89.781620621306104, 13.574113618815085 ], [ -89.781620621306104, 13.560638951190219 ], [ -89.768145953681227, 13.560638951190219 ], [ -89.768145953681227, 13.587588286439956 ] ] ] } },
{ "type": "Feature", "properties": { "class_id": 4, "area_m2": 2176876.5336643192, "class_name": "Alto", "index": "NDVI", "min_value": null, "max_value": null }, "geometry": { "type": "Polygon", "coordinates": [ [ [ -89.795095288930952, 13.614537621689676 ], [ -89.808569956555814, 13.614537621689685 ], [ -89.808569956555814, 13.628012289314542 ], [ -89.795095288930952, 13.628012289314546 ], [ -89.795095288930952, 13.614537621689676 ] ] ] } },
{ "type": "Feature", "properties": { "class_id": 4, "area_m2": 6531087.3084170632, "class_name": "Alto", "index": "NDVI", "min_value": null, "max_value": null }, "geometry": { "type": "Polygon", "coordinates": [ [ [ -89.875943294680141, 13.628012289314549 ], [ -89.862468627055279, 13.628012289314549 ], [ -89.862468627055279, 13.641486956939415 ], [ -89.848993959430416, 13.641486956939415 ], [ -89.848993959430416, 13.614537621689683 ], [ -89.875943294680141, 13.61453762168968 ], [ -89.875943294680141, 13.628012289314549 ] ] ] } },
{ "type": "Feature", "properties": { "class_id": 4, "area_m2": 2176707.4863797165, "class_name": "Alto", "index": "NDVI", "min_value": null, "max_value": null }, "geometry": { "type": "Polygon", "coordinates": [ [ [ -89.781620621306104, 13.628012289314553 ], [ -89.795095288930952, 13.628012289314546 ], [ -89.795095288930952, 13.641486956939415 ], [ -89.781620621306104, 13.641486956939413 ], [ -89.781620621306104, 13.628012289314553 ] ] ] } },
{ "type": "Feature", "properties": { "class_id": 4, "area_m2": 4353336.1581660947, "class_name": "Alto", "index": "NDVI", "min_value": null, "max_value": null }, "geometry": { "type": "Polygon", "coordinates": [ [ [ -89.822044624180691, 13.641486956939415 ], [ -89.835519291805554, 13.641486956939413 ], [ -89.835519291805554, 13.66843629218914 ], [ -89.822044624180691, 13.66843629218914 ], [ -89.822044624180691, 13.641486956939415 ] ] ] } },
{ "type": "Feature", "properties": { "class_id": 4, "area_m2": 2176322.9802456326, "class_name": "Alto", "index": "NDVI", "min_value": null, "max_value": null }, "geometry": { "type": "Polygon", "coordinates": [ [ [ -89.754671286056364, 13.668436292189146 ], [ -89.741196618431488, 13.66843629218914 ], [ -89.741196618431488, 13.65496162456428 ], [ -89.754671286056364, 13.654961624564278 ], [ -89.754671286056364, 13.668436292189146 ] ] ] } },
{ "type": "Feature", "properties": { "class_id": 4, "area_m2": 23938429.650250897, "class_name": "Alto", "index": "NDVI", "min_value": null, "max_value": null }, "geometry": { "type": "Polygon", "coordinates": [ [ [ -89.754671286056364, 13.668436292189146 ], [ -89.781620621306104, 13.668436292189138 ], [ -89.781620621306104, 13.681910959814008 ], [ -89.822044624180691, 13.681910959814006 ], [ -89.822044624180691, 13.708860295063737 ], [ -89.768145953681227, 13.70886029506374 ], [ -89.768145953681227, 13.695385627438874 ], [ -89.754671286056364, 13.695385627438876 ], [ -89.754671286056364, 13.668436292189146 ] ] ] } },
{ "type": "Feature", "properties": { "class_id": 4, "area_m2": 4352456.1845186977, "class_name": "Alto", "index": "NDVI", "min_value": null, "max_value": null }, "geometry": { "type": "Polygon", "coordinates": [ [ [ -89.848993959430416, 13.722334962688606 ], [ -89.835519291805554, 13.722334962688606 ], [ -89.835519291805554, 13.695385627438876 ], [ -89.848993959430416, 13.695385627438871 ], [ -89.848993959430416, 13.722334962688606 ] ] ] } },
{ "type": "Feature", "properties": { "class_id": 4, "area_m2": 2176263.962804947, "class_name": "Alto", "index": "NDVI", "min_value": null, "max_value": null }, "geometry": { "type": "Polygon", "coordinates": [ [ [ -89.862468627055279, 13.708860295063737 ], [ -89.875943294680141, 13.70886029506374 ], [ -89.875943294680141, 13.722334962688603 ], [ -89.862468627055279, 13.722334962688604 ], [ -89.862468627055279, 13.708860295063737 ] ] ] } },
{ "type": "Feature", "properties": { "class_id": 4, "area_m2": 4353505.065296459, "class_name": "Alto", "index": "NDVI", "min_value": null, "max_value": null }, "geometry": { "type": "Polygon", "coordinates": [ [ [ -90.010689970928794, 13.70886029506374 ], [ -90.024164638553657, 13.70886029506374 ], [ -90.024164638553657, 13.73580963031347 ], [ -90.010689970928794, 13.735809630313476 ], [ -90.010689970928794, 13.70886029506374 ] ] ] } },
{ "type": "Feature", "properties": { "class_id": 4, "area_m2": 2176092.9522985388, "class_name": "Alto", "index": "NDVI", "min_value": null, "max_value": null }, "geometry": { "type": "Polygon", "coordinates": [ [ [ -89.862468627055279, 13.735809630313465 ], [ -89.848993959430416, 13.735809630313465 ], [ -89.848993959430416, 13.722334962688606 ], [ -89.862468627055279, 13.722334962688604 ], [ -89.862468627055279, 13.735809630313465 ] ] ] } },
{ "type": "Feature", "properties": { "class_id": 4, "area_m2": 2176846.0803020392, "class_name": "Alto", "index": "NDVI", "min_value": null, "max_value": null }, "geometry": { "type": "Polygon", "coordinates": [ [ [ -90.064588641428259, 13.735809630313469 ], [ -90.051113973803396, 13.735809630313467 ], [ -90.051113973803396, 13.722334962688601 ], [ -90.064588641428259, 13.722334962688606 ], [ -90.064588641428259, 13.735809630313469 ] ] ] } },
{ "type": "Feature", "properties": { "class_id": 4, "area_m2": 6529646.3798443796, "class_name": "Alto", "index": "NDVI", "min_value": null, "max_value": null }, "geometry": { "type": "Polygon", "coordinates": [ [ [ -89.997215303303932, 13.735809630313467 ], [ -90.010689970928794, 13.735809630313476 ], [ -90.010689970928794, 13.749284297938338 ], [ -89.983740635679069, 13.749284297938335 ], [ -89.983740635679069, 13.722334962688603 ], [ -89.997215303303932, 13.722334962688604 ], [ -89.997215303303932, 13.735809630313467 ] ] ] } },
{ "type": "Feature", "properties": { "class_id": 4, "area_m2": 21754677.79718953, "class_name": "Alto", "index": "NDVI", "min_value": null, "max_value": null }, "geometry": { "type": "Polygon", "coordinates": [ [ [ -89.727721950806625, 13.749284297938335 ], [ -89.7007726155569, 13.749284297938337 ], [ -89.7007726155569, 13.762758965563203 ], [ -89.673823280307161, 13.762758965563197 ], [ -89.673823280307161, 13.749284297938337 ], [ -89.687297947932038, 13.749284297938337 ], [ -89.687297947932038, 13.735809630313469 ], [ -89.714247283181763, 13.73580963031347 ], [ -89.714247283181763, 13.722334962688603 ], [ -89.727721950806625, 13.722334962688603 ], [ -89.727721950806625, 13.735809630313467 ], [ -89.741196618431488, 13.735809630313469 ], [ -89.741196618431488, 13.749284297938337 ], [ -89.768145953681227, 13.749284297938337 ], [ -89.768145953681227, 13.762758965563204 ], [ -89.727721950806625, 13.762758965563203 ], [ -89.727721950806625, 13.749284297938335 ] ] ] } },
{ "type": "Feature", "properties": { "class_id": 4, "area_m2": 4351509.3651778679, "class_name": "Alto", "index": "NDVI", "min_value": null, "max_value": null }, "geometry": { "type": "Polygon", "coordinates": [ [ [ -89.781620621306104, 13.735809630313469 ], [ -89.808569956555814, 13.735809630313467 ], [ -89.808569956555814, 13.749284297938337 ], [ -89.781620621306104, 13.749284297938337 ], [ -89.781620621306104, 13.735809630313469 ] ] ] } },
{ "type": "Feature", "properties": { "class_id": 4, "area_m2": 2176019.0167950746, "class_name": "Alto", "index": "NDVI", "min_value": null, "max_value": null }, "geometry": { "type": "Polygon", "coordinates": [ [ [ -89.875943294680141, 13.749284297938337 ], [ -89.862468627055279, 13.749284297938337 ], [ -89.862468627055279, 13.735809630313465 ], [ -89.875943294680141, 13.735809630313467 ], [ -89.875943294680141, 13.749284297938337 ] ] ] } },
{ "type": "Feature", "properties": { "class_id": 4, "area_m2": 2176116.8838214385, "class_name": "Alto", "index": "NDVI", "min_value": null, "max_value": null }, "geometry": { "type": "Polygon", "coordinates": [ [ [ -89.902892629929894, 13.749284297938337 ], [ -89.889417962305018, 13.749284297938337 ], [ -89.889417962305018, 13.735809630313469 ], [ -89.902892629929894, 13.735809630313472 ], [ -89.902892629929894, 13.749284297938337 ] ] ] } },
{ "type": "Feature", "properties": { "class_id": 4, "area_m2": 21762826.545371242, "class_name": "Alto", "index": "NDVI", "min_value": null, "max_value": null }, "geometry": { "type": "Polygon", "coordinates": [ [ [ -89.929841965179605, 13.762758965563201 ], [ -89.916367297554743, 13.762758965563201 ], [ -89.916367297554743, 13.73580963031347 ], [ -89.929841965179605, 13.735809630313467 ], [ -89.929841965179605, 13.708860295063738 ], [ -89.943316632804468, 13.708860295063744 ], [ -89.943316632804468, 13.722334962688603 ], [ -89.95679130042933, 13.722334962688604 ], [ -89.95679130042933, 13.735809630313467 ], [ -89.970265968054207, 13.735809630313472 ], [ -89.970265968054207, 13.749284297938337 ], [ -89.943316632804468, 13.749284297938337 ], [ -89.943316632804468, 13.776233633188061 ], [ -89.929841965179605, 13.776233633188067 ], [ -89.929841965179605, 13.762758965563201 ] ] ] } },
{ "type": "Feature", "properties": { "class_id": 4, "area_m2": 2175945.1763153393, "class_name": "Alto", "index": "NDVI", "min_value": null, "max_value": null }, "geometry": { "type": "Polygon", "coordinates": [ [ [ -89.875943294680141, 13.749284297938337 ], [ -89.889417962305018, 13.749284297938337 ], [ -89.889417962305018, 13.762758965563197 ], [ -89.875943294680141, 13.762758965563203 ], [ -89.875943294680141, 13.749284297938337 ] ] ] } },
{ "type": "Feature", "properties": { "class_id": 4, "area_m2": 2176497.2787934807, "class_name": "Alto", "index": "NDVI", "min_value": null, "max_value": null }, "geometry": { "type": "Polygon", "coordinates": [ [ [ -90.024164638553657, 13.749284297938337 ], [ -90.037639306178534, 13.749284297938337 ], [ -90.037639306178534, 13.762758965563203 ], [ -90.024164638553657, 13.762758965563194 ], [ -90.024164638553657, 13.749284297938337 ] ] ] } },
{ "type": "Feature", "properties": { "class_id": 4, "area_m2": 2175920.6925061308, "class_name": "Alto", "index": "NDVI", "min_value": null, "max_value": null }, "geometry": { "type": "Polygon", "coordinates": [ [ [ -89.902892629929894, 13.776233633188065 ], [ -89.902892629929894, 13.762758965563197 ], [ -89.916367297554743, 13.762758965563201 ], [ -89.916367297554743, 13.776233633188061 ], [ -89.902892629929894, 13.776233633188065 ] ] ] } },
{ "type": "Feature", "properties": { "class_id": 4, "area_m2": 6527121.4074681308, "class_name": "Alto", "index": "NDVI", "min_value": null, "max_value": null }, "geometry": { "type": "Polygon", "coordinates": [ [ [ -89.889417962305018, 13.803182968437797 ], [ -89.889417962305018, 13.776233633188063 ], [ -89.902892629929894, 13.776233633188065 ], [ -89.902892629929894, 13.789708300812929 ], [ -89.916367297554743, 13.789708300812935 ], [ -89.916367297554743, 13.803182968437797 ], [ -89.889417962305018, 13.803182968437797 ] ] ] } },
{ "type": "Feature", "properties": { "class_id": 4, "area_m2": 2175874.0286209588, "class_name": "Alto", "index": "NDVI", "min_value": null, "max_value": null }, "geometry": { "type": "Polygon", "coordinates": [ [ [ -89.970265968054207, 13.803182968437797 ], [ -89.95679130042933, 13.803182968437799 ], [ -89.95679130042933, 13.789708300812933 ], [ -89.970265968054207, 13.789708300812936 ], [ -89.970265968054207, 13.803182968437797 ] ] ] } },
{ "type": "Feature", "properties": { "class_id": 4, "area_m2": 32645459.063828416, "class_name": "Alto", "index": "NDVI", "min_value": null, "max_value": null }, "geometry": { "type": "Polygon", "coordinates": [ [ [ -90.118487311927723, 13.789708300812936 ], [ -90.091537976677984, 13.789708300812928 ], [ -90.091537976677984, 13.803182968437797 ], [ -90.10501264430286, 13.803182968437801 ], [ -90.10501264430286, 13.843606971312392 ], [ -90.078063309053121, 13.84360697131239 ], [ -90.078063309053121, 13.830132303687524 ], [ -90.091537976677984, 13.830132303687524 ], [ -90.091537976677984, 13.816657636062663 ], [ -90.078063309053121, 13.816657636062661 ], [ -90.078063309053121, 13.803182968437799 ], [ -90.064588641428259, 13.803182968437797 ], [ -90.064588641428259, 13.789708300812928 ], [ -90.051113973803396, 13.789708300812926 ], [ -90.051113973803396, 13.776233633188061 ], [ -90.078063309053121, 13.776233633188063 ], [ -90.078063309053121, 13.749284297938337 ], [ -90.091537976677984, 13.749284297938337 ], [ -90.091537976677984, 13.762758965563197 ], [ -90.10501264430286, 13.762758965563195 ], [ -90.10501264430286, 13.776233633188063 ], [ -90.118487311927723, 13.776233633188061 ], [ -90.118487311927723, 13.789708300812936 ] ] ] } },
{ "type": "Feature", "properties": { "class_id": 4, "area_m2": 2175601.0661018328, "class_name": "Alto", "index": "NDVI", "min_value": null, "max_value": null }, "geometry": { "type": "Polygon", "coordinates": [ [ [ -89.916367297554743, 13.803182968437797 ], [ -89.929841965179605, 13.803182968437797 ], [ -89.929841965179605, 13.816657636062663 ], [ -89.916367297554743, 13.816657636062663 ], [ -89.916367297554743, 13.803182968437797 ] ] ] } },
{ "type": "Feature", "properties": { "class_id": 4, "area_m2": 106585831.75866999, "class_name": "Alto", "index": "NDVI", "min_value": null, "max_value": null }, "geometry": { "type": "Polygon", "coordinates": [ [ [ -89.835519291805554, 13.789708300812933 ], [ -89.835519291805554, 13.830132303687524 ], [ -89.822044624180691, 13.83013230368752 ], [ -89.822044624180691, 13.843606971312392 ], [ -89.835519291805554, 13.843606971312392 ], [ -89.835519291805554, 13.884030974186985 ], [ -89.822044624180691, 13.884030974186983 ], [ -89.822044624180691, 13.85708163893726 ], [ -89.795095288930952, 13.857081638937258 ], [ -89.795095288930952, 13.843606971312386 ], [ -89.727721950806625, 13.843606971312393 ], [ -89.727721950806625, 13.830132303687522 ], [ -89.714247283181763, 13.830132303687526 ], [ -89.714247283181763, 13.816657636062665 ], [ -89.741196618431488, 13.816657636062663 ], [ -89.741196618431488, 13.830132303687522 ], [ -89.754671286056364, 13.830132303687527 ], [ -89.754671286056364, 13.789708300812933 ], [ -89.768145953681227, 13.789708300812929 ], [ -89.768145953681227, 13.77623363318807 ], [ -89.795095288930952, 13.776233633188065 ], [ -89.795095288930952, 13.762758965563199 ], [ -89.822044624180691, 13.762758965563203 ], [ -89.822044624180691, 13.74928429793834 ], [ -89.848993959430416, 13.749284297938337 ], [ -89.848993959430416, 13.762758965563197 ], [ -89.875943294680141, 13.762758965563203 ], [ -89.875943294680141, 13.789708300812933 ], [ -89.862468627055279, 13.789708300812928 ], [ -89.862468627055279, 13.803182968437797 ], [ -89.889417962305018, 13.803182968437797 ], [ -89.889417962305018, 13.830132303687524 ], [ -89.875943294680141, 13.830132303687524 ], [ -89.875943294680141, 13.816657636062661 ], [ -89.848993959430416, 13.816657636062663 ], [ -89.848993959430416, 13.789708300812928 ], [ -89.835519291805554, 13.789708300812933 ] ], [ [ -89.795095288930952, 13.803182968437797 ], [ -89.808569956555814, 13.803182968437797 ], [ -89.808569956555814, 13.789708300812929 ], [ -89.822044624180691, 13.789708300812928 ], [ -89.822044624180691, 13.776233633188061 ], [ -89.795095288930952, 13.776233633188065 ], [ -89.795095288930952, 13.803182968437797 ] ], [ [ -89.781620621306104, 13.803182968437795 ], [ -89.781620621306104, 13.816657636062658 ], [ -89.795095288930952, 13.816657636062658 ], [ -89.795095288930952, 13.803182968437797 ], [ -89.781620621306104, 13.803182968437795 ] ] ] } },
{ "type": "Feature", "properties": { "class_id": 4, "area_m2": 2175527.4776225435, "class_name": "Alto", "index": "NDVI", "min_value": null, "max_value": null }, "geometry": { "type": "Polygon", "coordinates": [ [ [ -89.943316632804468, 13.830132303687522 ], [ -89.929841965179605, 13.830132303687526 ], [ -89.929841965179605, 13.816657636062663 ], [ -89.943316632804468, 13.816657636062667 ], [ -89.943316632804468, 13.830132303687522 ] ] ] } },
{ "type": "Feature", "properties": { "class_id": 4, "area_m2": 2175627.5428626221, "class_name": "Alto", "index": "NDVI", "min_value": null, "max_value": null }, "geometry": { "type": "Polygon", "coordinates": [ [ [ -89.970265968054207, 13.830132303687527 ], [ -89.95679130042933, 13.830132303687527 ], [ -89.95679130042933, 13.816657636062672 ], [ -89.970265968054207, 13.816657636062667 ], [ -89.970265968054207, 13.830132303687527 ] ] ] } },
{ "type": "Feature", "properties": { "class_id": 4, "area_m2": 2175061.1497134469, "class_name": "Alto", "index": "NDVI", "min_value": null, "max_value": null }, "geometry": { "type": "Polygon", "coordinates": [ [ [ -89.835519291805554, 13.830132303687524 ], [ -89.848993959430416, 13.830132303687522 ], [ -89.848993959430416, 13.843606971312392 ], [ -89.835519291805554, 13.843606971312392 ], [ -89.835519291805554, 13.830132303687524 ] ] ] } },
{ "type": "Feature", "properties": { "class_id": 4, "area_m2": 2174985.9791894848, "class_name": "Alto", "index": "NDVI", "min_value": null, "max_value": null }, "geometry": { "type": "Polygon", "coordinates": [ [ [ -89.862468627055279, 13.857081638937261 ], [ -89.848993959430416, 13.857081638937258 ], [ -89.848993959430416, 13.843606971312392 ], [ -89.862468627055279, 13.84360697131239 ], [ -89.862468627055279, 13.857081638937261 ] ] ] } },
{ "type": "Feature", "properties": { "class_id": 4, "area_m2": 2174436.1138767633, "class_name": "Alto", "index": "NDVI", "min_value": null, "max_value": null }, "geometry": { "type": "Polygon", "coordinates": [ [ [ -89.741196618431488, 13.870556306562122 ], [ -89.727721950806625, 13.870556306562124 ], [ -89.727721950806625, 13.857081638937261 ], [ -89.741196618431488, 13.85708163893726 ], [ -89.741196618431488, 13.870556306562122 ] ] ] } },
{ "type": "Feature", "properties": { "class_id": 4, "area_m2": 2174623.2735863333, "class_name": "Alto", "index": "NDVI", "min_value": null, "max_value": null }, "geometry": { "type": "Polygon", "coordinates": [ [ [ -89.795095288930952, 13.870556306562122 ], [ -89.781620621306104, 13.87055630656212 ], [ -89.781620621306104, 13.857081638937261 ], [ -89.795095288930952, 13.857081638937258 ], [ -89.795095288930952, 13.870556306562122 ] ] ] } },
{ "type": "Feature", "properties": { "class_id": 4, "area_m2": 8701726.1041720621, "class_name": "Alto", "index": "NDVI", "min_value": null, "max_value": null }, "geometry": { "type": "Polygon", "coordinates": [ [ [ -90.024164638553657, 13.857081638937258 ], [ -90.051113973803396, 13.857081638937263 ], [ -90.051113973803396, 13.897505641811849 ], [ -90.037639306178534, 13.897505641811851 ], [ -90.037639306178534, 13.870556306562124 ], [ -90.024164638553657, 13.87055630656212 ], [ -90.024164638553657, 13.857081638937258 ] ] ] } },
{ "type": "Feature", "properties": { "class_id": 4, "area_m2": 2175542.3309028242, "class_name": "Alto", "index": "NDVI", "min_value": null, "max_value": null }, "geometry": { "type": "Polygon", "coordinates": [ [ [ -90.064588641428259, 13.870556306562124 ], [ -90.078063309053121, 13.87055630656212 ], [ -90.078063309053121, 13.884030974186985 ], [ -90.064588641428259, 13.88403097418699 ], [ -90.064588641428259, 13.870556306562124 ] ] ] } },
{ "type": "Feature", "properties": { "class_id": 4, "area_m2": 6523110.7883990034, "class_name": "Alto", "index": "NDVI", "min_value": null, "max_value": null }, "geometry": { "type": "Polygon", "coordinates": [ [ [ -89.781620621306104, 13.897505641811851 ], [ -89.754671286056364, 13.897505641811854 ], [ -89.754671286056364, 13.884030974186988 ], [ -89.768145953681227, 13.88403097418699 ], [ -89.768145953681227, 13.870556306562127 ], [ -89.781620621306104, 13.87055630656212 ], [ -89.781620621306104, 13.897505641811851 ] ] ] } },
{ "type": "Feature", "properties": { "class_id": 4, "area_m2": 2174566.5930014094, "class_name": "Alto", "index": "NDVI", "min_value": null, "max_value": null }, "geometry": { "type": "Polygon", "coordinates": [ [ [ -89.848993959430416, 13.897505641811854 ], [ -89.835519291805554, 13.897505641811851 ], [ -89.835519291805554, 13.884030974186985 ], [ -89.848993959430416, 13.884030974186986 ], [ -89.848993959430416, 13.897505641811854 ] ] ] } },
{ "type": "Feature", "properties": { "class_id": 4, "area_m2": 2175110.155225202, "class_name": "Alto", "index": "NDVI", "min_value": null, "max_value": null }, "geometry": { "type": "Polygon", "coordinates": [ [ [ -89.983740635679069, 13.884030974186985 ], [ -89.997215303303932, 13.88403097418699 ], [ -89.997215303303932, 13.897505641811854 ], [ -89.983740635679069, 13.897505641811859 ], [ -89.983740635679069, 13.884030974186985 ] ] ] } },
{ "type": "Feature", "properties": { "class_id": 4, "area_m2": 2173972.7075581755, "class_name": "Alto", "index": "NDVI", "min_value": null, "max_value": null }, "geometry": { "type": "Polygon", "coordinates": [ [ [ -89.7007726155569, 13.897505641811856 ], [ -89.714247283181763, 13.897505641811854 ], [ -89.714247283181763, 13.91098030943672 ], [ -89.7007726155569, 13.91098030943672 ], [ -89.7007726155569, 13.897505641811856 ] ] ] } },
{ "type": "Feature", "properties": { "class_id": 4, "area_m2": 2174394.6301648258, "class_name": "Alto", "index": "NDVI", "min_value": null, "max_value": null }, "geometry": { "type": "Polygon", "coordinates": [ [ [ -89.835519291805554, 13.91098030943672 ], [ -89.822044624180691, 13.91098030943672 ], [ -89.822044624180691, 13.897505641811851 ], [ -89.835519291805554, 13.897505641811851 ], [ -89.835519291805554, 13.91098030943672 ] ] ] } },
{ "type": "Feature", "properties": { "class_id": 4, "area_m2": 2174935.570691315, "class_name": "Alto", "index": "NDVI", "min_value": null, "max_value": null }, "geometry": { "type": "Polygon", "coordinates": [ [ [ -89.970265968054207, 13.897505641811856 ], [ -89.983740635679069, 13.897505641811859 ], [ -89.983740635679069, 13.910980309436717 ], [ -89.970265968054207, 13.91098030943672 ], [ -89.970265968054207, 13.897505641811856 ] ] ] } },
{ "type": "Feature", "properties": { "class_id": 4, "area_m2": 2173987.2876928812, "class_name": "Alto", "index": "NDVI", "min_value": null, "max_value": null }, "geometry": { "type": "Polygon", "coordinates": [ [ [ -89.741196618431488, 13.91098030943672 ], [ -89.754671286056364, 13.91098030943672 ], [ -89.754671286056364, 13.924454977061583 ], [ -89.741196618431488, 13.924454977061584 ], [ -89.741196618431488, 13.91098030943672 ] ] ] } },
{ "type": "Feature", "properties": { "class_id": 4, "area_m2": 2174318.6051336643, "class_name": "Alto", "index": "NDVI", "min_value": null, "max_value": null }, "geometry": { "type": "Polygon", "coordinates": [ [ [ -89.848993959430416, 13.924454977061583 ], [ -89.835519291805554, 13.924454977061579 ], [ -89.835519291805554, 13.91098030943672 ], [ -89.848993959430416, 13.91098030943672 ], [ -89.848993959430416, 13.924454977061583 ] ] ] } },
{ "type": "Feature", "properties": { "class_id": 4, "area_m2": 123963954.86990947, "class_name": "Alto", "index": "NDVI", "min_value": null, "max_value": null }, "geometry": { "type": "Polygon", "coordinates": [ [ [ -89.875943294680141, 13.978353647561041 ], [ -89.875943294680141, 13.964878979936181 ], [ -89.889417962305018, 13.964878979936181 ], [ -89.889417962305018, 13.93792964468645 ], [ -89.902892629929894, 13.937929644686447 ], [ -89.902892629929894, 13.924454977061583 ], [ -89.916367297554743, 13.924454977061588 ], [ -89.916367297554743, 13.91098030943672 ], [ -89.875943294680141, 13.91098030943672 ], [ -89.875943294680141, 13.897505641811854 ], [ -89.889417962305018, 13.897505641811852 ], [ -89.889417962305018, 13.884030974186985 ], [ -89.875943294680141, 13.884030974186983 ], [ -89.875943294680141, 13.87055630656212 ], [ -89.902892629929894, 13.87055630656212 ], [ -89.902892629929894, 13.857081638937261 ], [ -89.889417962305018, 13.85708163893726 ], [ -89.889417962305018, 13.830132303687524 ], [ -89.902892629929894, 13.83013230368752 ], [ -89.902892629929894, 13.843606971312388 ], [ -89.916367297554743, 13.843606971312392 ], [ -89.916367297554743, 13.830132303687526 ], [ -89.929841965179605, 13.830132303687526 ], [ -89.929841965179605, 13.843606971312393 ], [ -89.943316632804468, 13.84360697131239 ], [ -89.943316632804468, 13.830132303687522 ], [ -89.95679130042933, 13.830132303687527 ], [ -89.95679130042933, 13.843606971312393 ], [ -89.970265968054207, 13.843606971312392 ], [ -89.970265968054207, 13.830132303687527 ], [ -90.010689970928794, 13.830132303687524 ], [ -90.010689970928794, 13.84360697131239 ], [ -90.024164638553657, 13.84360697131239 ], [ -90.024164638553657, 13.857081638937258 ], [ -90.010689970928794, 13.857081638937265 ], [ -90.010689970928794, 13.870556306562122 ], [ -89.983740635679069, 13.87055630656212 ], [ -89.983740635679069, 13.884030974186985 ], [ -89.943316632804468, 13.884030974186986 ], [ -89.943316632804468, 13.93792964468645 ], [ -89.970265968054207, 13.937929644686449 ], [ -89.970265968054207, 13.951404312311309 ], [ -89.95679130042933, 13.951404312311311 ], [ -89.95679130042933, 13.978353647561052 ], [ -89.943316632804468, 13.978353647561045 ], [ -89.943316632804468, 13.991828315185913 ], [ -89.929841965179605, 13.991828315185908 ], [ -89.929841965179605, 14.005302982810772 ], [ -89.916367297554743, 14.005302982810774 ], [ -89.916367297554743, 13.991828315185908 ], [ -89.902892629929894, 13.991828315185911 ], [ -89.902892629929894, 13.978353647561038 ], [ -89.875943294680141, 13.978353647561041 ] ], [ [ -89.902892629929894, 13.897505641811854 ], [ -89.916367297554743, 13.897505641811851 ], [ -89.916367297554743, 13.870556306562118 ], [ -89.902892629929894, 13.87055630656212 ], [ -89.902892629929894, 13.897505641811854 ] ], [ [ -89.929841965179605, 13.870556306562124 ], [ -89.929841965179605, 13.857081638937258 ], [ -89.916367297554743, 13.857081638937263 ], [ -89.916367297554743, 13.870556306562118 ], [ -89.929841965179605, 13.870556306562124 ] ], [ [ -89.983740635679069, 13.857081638937263 ], [ -89.943316632804468, 13.857081638937261 ], [ -89.943316632804468, 13.870556306562124 ], [ -89.983740635679069, 13.87055630656212 ], [ -89.983740635679069, 13.857081638937263 ] ], [ [ -89.943316632804468, 13.964878979936186 ], [ -89.943316632804468, 13.951404312311315 ], [ -89.929841965179605, 13.951404312311313 ], [ -89.929841965179605, 13.937929644686447 ], [ -89.916367297554743, 13.937929644686447 ], [ -89.916367297554743, 13.951404312311315 ], [ -89.902892629929894, 13.951404312311309 ], [ -89.902892629929894, 13.964878979936181 ], [ -89.943316632804468, 13.964878979936186 ] ] ] } },
{ "type": "Feature", "properties": { "class_id": 4, "area_m2": 2174912.7535746186, "class_name": "Alto", "index": "NDVI", "min_value": null, "max_value": null }, "geometry": { "type": "Polygon", "coordinates": [ [ [ -90.010689970928794, 13.924454977061584 ], [ -89.997215303303932, 13.92445497706159 ], [ -89.997215303303932, 13.91098030943672 ], [ -90.010689970928794, 13.91098030943672 ], [ -90.010689970928794, 13.924454977061584 ] ] ] } },
{ "type": "Feature", "properties": { "class_id": 4, "area_m2": 21738803.828074265, "class_name": "Alto", "index": "NDVI", "min_value": null, "max_value": null }, "geometry": { "type": "Polygon", "coordinates": [ [ [ -89.808569956555814, 13.964878979936183 ], [ -89.795095288930952, 13.964878979936181 ], [ -89.795095288930952, 13.978353647561043 ], [ -89.768145953681227, 13.978353647561043 ], [ -89.768145953681227, 13.951404312311311 ], [ -89.781620621306104, 13.951404312311311 ], [ -89.781620621306104, 13.897505641811851 ], [ -89.795095288930952, 13.897505641811852 ], [ -89.795095288930952, 13.937929644686443 ], [ -89.808569956555814, 13.937929644686449 ], [ -89.808569956555814, 13.964878979936183 ] ] ] } },
{ "type": "Feature", "properties": { "class_id": 4, "area_m2": 2174613.3268726519, "class_name": "Alto", "index": "NDVI", "min_value": null, "max_value": null }, "geometry": { "type": "Polygon", "coordinates": [ [ [ -89.983740635679069, 13.937929644686445 ], [ -89.997215303303932, 13.937929644686449 ], [ -89.997215303303932, 13.951404312311311 ], [ -89.983740635679069, 13.951404312311315 ], [ -89.983740635679069, 13.937929644686445 ] ] ] } },
{ "type": "Feature", "properties": { "class_id": 4, "area_m2": 4348209.1922342926, "class_name": "Alto", "index": "NDVI", "min_value": null, "max_value": null }, "geometry": { "type": "Polygon", "coordinates": [ [ [ -89.875943294680141, 13.964878979936181 ], [ -89.862468627055279, 13.964878979936184 ], [ -89.862468627055279, 13.93792964468645 ], [ -89.875943294680141, 13.937929644686445 ], [ -89.875943294680141, 13.964878979936181 ] ] ] } },
{ "type": "Feature", "properties": { "class_id": 4, "area_m2": 4346592.2393780677, "class_name": "Alto", "index": "NDVI", "min_value": null, "max_value": null }, "geometry": { "type": "Polygon", "coordinates": [ [ [ -89.741196618431488, 13.991828315185913 ], [ -89.714247283181763, 13.991828315185913 ], [ -89.714247283181763, 13.978353647561047 ], [ -89.741196618431488, 13.978353647561043 ], [ -89.741196618431488, 13.991828315185913 ] ] ] } },
{ "type": "Feature", "properties": { "class_id": 4, "area_m2": 4346715.604064865, "class_name": "Alto", "index": "NDVI", "min_value": null, "max_value": null }, "geometry": { "type": "Polygon", "coordinates": [ [ [ -89.795095288930952, 13.991828315185913 ], [ -89.795095288930952, 14.00530298281077 ], [ -89.768145953681227, 14.005302982810777 ], [ -89.768145953681227, 13.991828315185911 ], [ -89.795095288930952, 13.991828315185913 ] ] ] } },
{ "type": "Feature", "properties": { "class_id": 4, "area_m2": 52163369.404862337, "class_name": "Alto", "index": "NDVI", "min_value": null, "max_value": null }, "geometry": { "type": "Polygon", "coordinates": [ [ [ -89.835519291805554, 14.059201653310234 ], [ -89.835519291805554, 14.045726985685366 ], [ -89.822044624180691, 14.045726985685365 ], [ -89.822044624180691, 14.059201653310234 ], [ -89.808569956555814, 14.059201653310234 ], [ -89.808569956555814, 14.032252318060506 ], [ -89.822044624180691, 14.032252318060509 ], [ -89.822044624180691, 14.018777650435641 ], [ -89.835519291805554, 14.018777650435641 ], [ -89.835519291805554, 14.005302982810772 ], [ -89.822044624180691, 14.005302982810772 ], [ -89.822044624180691, 13.991828315185913 ], [ -89.795095288930952, 13.991828315185913 ], [ -89.795095288930952, 13.978353647561043 ], [ -89.822044624180691, 13.978353647561041 ], [ -89.822044624180691, 13.937929644686449 ], [ -89.848993959430416, 13.93792964468645 ], [ -89.848993959430416, 13.964878979936181 ], [ -89.835519291805554, 13.964878979936181 ], [ -89.835519291805554, 13.991828315185904 ], [ -89.875943294680141, 13.991828315185906 ], [ -89.875943294680141, 14.00530298281077 ], [ -89.848993959430416, 14.00530298281077 ], [ -89.848993959430416, 14.018777650435641 ], [ -89.875943294680141, 14.018777650435641 ], [ -89.875943294680141, 14.032252318060504 ], [ -89.862468627055279, 14.032252318060504 ], [ -89.862468627055279, 14.059201653310234 ], [ -89.835519291805554, 14.059201653310234 ] ] ] } },
{ "type": "Feature", "properties": { "class_id": 4, "area_m2": 4346655.0101020252, "class_name": "Alto", "index": "NDVI", "min_value": null, "max_value": null }, "geometry": { "type": "Polygon", "coordinates": [ [ [ -89.795095288930952, 14.018777650435643 ], [ -89.795095288930952, 14.00530298281077 ], [ -89.822044624180691, 14.005302982810772 ], [ -89.822044624180691, 14.018777650435641 ], [ -89.795095288930952, 14.018777650435643 ] ] ] } },
{ "type": "Feature", "properties": { "class_id": 4, "area_m2": 8692006.5501093678, "class_name": "Alto", "index": "NDVI", "min_value": null, "max_value": null }, "geometry": { "type": "Polygon", "coordinates": [ [ [ -89.714247283181763, 14.005302982810774 ], [ -89.754671286056364, 14.005302982810772 ], [ -89.754671286056364, 14.032252318060504 ], [ -89.741196618431488, 14.032252318060507 ], [ -89.741196618431488, 14.018777650435641 ], [ -89.714247283181763, 14.018777650435643 ], [ -89.714247283181763, 14.005302982810774 ] ] ] } },
{ "type": "Feature", "properties": { "class_id": 4, "area_m2": 2173084.4551698901, "class_name": "Alto", "index": "NDVI", "min_value": null, "max_value": null }, "geometry": { "type": "Polygon", "coordinates": [ [ [ -89.781620621306104, 14.032252318060502 ], [ -89.768145953681227, 14.032252318060504 ], [ -89.768145953681227, 14.018777650435641 ], [ -89.781620621306104, 14.018777650435643 ], [ -89.781620621306104, 14.032252318060502 ] ] ] } },
{ "type": "Feature", "properties": { "class_id": 4, "area_m2": 2172773.5620980719, "class_name": "Alto", "index": "NDVI", "min_value": null, "max_value": null }, "geometry": { "type": "Polygon", "coordinates": [ [ [ -89.727721950806625, 14.045726985685366 ], [ -89.714247283181763, 14.045726985685368 ], [ -89.714247283181763, 14.032252318060511 ], [ -89.727721950806625, 14.032252318060502 ], [ -89.727721950806625, 14.045726985685366 ] ] ] } },
{ "type": "Feature", "properties": { "class_id": 4, "area_m2": 2173342.0146446251, "class_name": "Alto", "index": "NDVI", "min_value": null, "max_value": null }, "geometry": { "type": "Polygon", "coordinates": [ [ [ -89.875943294680141, 14.032252318060504 ], [ -89.889417962305018, 14.032252318060506 ], [ -89.889417962305018, 14.045726985685366 ], [ -89.875943294680141, 14.045726985685366 ], [ -89.875943294680141, 14.032252318060504 ] ] ] } },
{ "type": "Feature", "properties": { "class_id": 4, "area_m2": 2172694.504279932, "class_name": "Alto", "index": "NDVI", "min_value": null, "max_value": null }, "geometry": { "type": "Polygon", "coordinates": [ [ [ -89.727721950806625, 14.045726985685366 ], [ -89.741196618431488, 14.045726985685366 ], [ -89.741196618431488, 14.059201653310234 ], [ -89.727721950806625, 14.059201653310234 ], [ -89.727721950806625, 14.045726985685366 ] ] ] } },
{ "type": "Feature", "properties": { "class_id": 4, "area_m2": 4354266.3385516126, "class_name": "Alto", "index": "NDVI", "min_value": null, "max_value": null }, "geometry": { "type": "Polygon", "coordinates": [ [ [ -89.606449942182834, 13.520214948315623 ], [ -89.579500606933109, 13.520214948315623 ], [ -89.579500606933109, 13.506740280690762 ], [ -89.606449942182834, 13.506740280690757 ], [ -89.606449942182834, 13.520214948315623 ] ] ] } },
{ "type": "Feature", "properties": { "class_id": 4, "area_m2": 8708368.0617450587, "class_name": "Alto", "index": "NDVI", "min_value": null, "max_value": null }, "geometry": { "type": "Polygon", "coordinates": [ [ [ -89.606449942182834, 13.533689615940492 ], [ -89.619924609807711, 13.533689615940492 ], [ -89.619924609807711, 13.520214948315623 ], [ -89.633399277432574, 13.520214948315623 ], [ -89.633399277432574, 13.533689615940492 ], [ -89.646873945057436, 13.533689615940494 ], [ -89.646873945057436, 13.547164283565358 ], [ -89.606449942182834, 13.547164283565355 ], [ -89.606449942182834, 13.533689615940492 ] ] ] } },
{ "type": "Feature", "properties": { "class_id": 4, "area_m2": 145818664.5460594, "class_name": "Alto", "index": "NDVI", "min_value": null, "max_value": null }, "geometry": { "type": "Polygon", "coordinates": [ [ [ -89.458228598309319, 13.560638951190219 ], [ -89.458228598309319, 13.547164283565358 ], [ -89.444753930684456, 13.547164283565353 ], [ -89.444753930684456, 13.533689615940492 ], [ -89.390855260184992, 13.533689615940492 ], [ -89.390855260184992, 13.547164283565358 ], [ -89.377380592560129, 13.54716428356536 ], [ -89.377380592560129, 13.587588286439953 ], [ -89.390855260184992, 13.587588286439953 ], [ -89.390855260184992, 13.601062954064819 ], [ -89.363905924935267, 13.601062954064819 ], [ -89.363905924935267, 13.547164283565349 ], [ -89.336956589685542, 13.547164283565358 ], [ -89.336956589685542, 13.574113618815083 ], [ -89.323481922060665, 13.574113618815089 ], [ -89.323481922060665, 13.560638951190217 ], [ -89.310007254435803, 13.560638951190219 ], [ -89.310007254435803, 13.574113618815087 ], [ -89.29653258681094, 13.574113618815089 ], [ -89.29653258681094, 13.547164283565358 ], [ -89.310007254435803, 13.547164283565358 ], [ -89.310007254435803, 13.506740280690762 ], [ -89.323481922060665, 13.506740280690762 ], [ -89.323481922060665, 13.493265613065898 ], [ -89.336956589685542, 13.493265613065901 ], [ -89.336956589685542, 13.506740280690758 ], [ -89.350431257310419, 13.506740280690762 ], [ -89.350431257310419, 13.493265613065899 ], [ -89.363905924935267, 13.493265613065901 ], [ -89.363905924935267, 13.506740280690753 ], [ -89.390855260184992, 13.506740280690758 ], [ -89.390855260184992, 13.520214948315623 ], [ -89.404329927809869, 13.520214948315628 ], [ -89.404329927809869, 13.50674028069076 ], [ -89.417804595434731, 13.50674028069076 ], [ -89.417804595434731, 13.493265613065899 ], [ -89.471703265934181, 13.493265613065898 ], [ -89.471703265934181, 13.520214948315623 ], [ -89.49865260118392, 13.520214948315623 ], [ -89.49865260118392, 13.506740280690762 ], [ -89.485177933559058, 13.506740280690755 ], [ -89.485177933559058, 13.493265613065899 ], [ -89.525601936433645, 13.493265613065901 ], [ -89.525601936433645, 13.50674028069076 ], [ -89.539076604058522, 13.506740280690762 ], [ -89.539076604058522, 13.533689615940492 ], [ -89.525601936433645, 13.53368961594049 ], [ -89.525601936433645, 13.547164283565349 ], [ -89.49865260118392, 13.547164283565358 ], [ -89.49865260118392, 13.560638951190223 ], [ -89.471703265934181, 13.560638951190215 ], [ -89.471703265934181, 13.587588286439949 ], [ -89.458228598309319, 13.587588286439956 ], [ -89.458228598309319, 13.574113618815089 ], [ -89.431279263059594, 13.574113618815083 ], [ -89.431279263059594, 13.560638951190219 ], [ -89.458228598309319, 13.560638951190219 ] ], [ [ -89.417804595434731, 13.520214948315623 ], [ -89.431279263059594, 13.520214948315632 ], [ -89.431279263059594, 13.506740280690762 ], [ -89.417804595434731, 13.50674028069076 ], [ -89.417804595434731, 13.520214948315623 ] ], [ [ -89.49865260118392, 13.533689615940492 ], [ -89.512127268808783, 13.533689615940496 ], [ -89.512127268808783, 13.520214948315628 ], [ -89.49865260118392, 13.520214948315623 ], [ -89.49865260118392, 13.533689615940492 ] ] ] } },
{ "type": "Feature", "properties": { "class_id": 4, "area_m2": 4351067.4793774448, "class_name": "Alto", "index": "NDVI", "min_value": null, "max_value": null }, "geometry": { "type": "Polygon", "coordinates": [ [ [ -89.323481922060665, 13.601062954064817 ], [ -89.29653258681094, 13.601062954064819 ], [ -89.29653258681094, 13.587588286439951 ], [ -89.323481922060665, 13.587588286439953 ], [ -89.323481922060665, 13.601062954064817 ] ] ] } },
{ "type": "Feature", "properties": { "class_id": 4, "area_m2": 2175958.4041018235, "class_name": "Alto", "index": "NDVI", "min_value": null, "max_value": null }, "geometry": { "type": "Polygon", "coordinates": [ [ [ -89.444753930684456, 13.587588286439953 ], [ -89.458228598309319, 13.587588286439956 ], [ -89.458228598309319, 13.601062954064819 ], [ -89.444753930684456, 13.601062954064822 ], [ -89.444753930684456, 13.587588286439953 ] ] ] } },
{ "type": "Feature", "properties": { "class_id": 4, "area_m2": 4350740.9292917242, "class_name": "Alto", "index": "NDVI", "min_value": null, "max_value": null }, "geometry": { "type": "Polygon", "coordinates": [ [ [ -89.323481922060665, 13.614537621689685 ], [ -89.350431257310419, 13.614537621689681 ], [ -89.350431257310419, 13.628012289314549 ], [ -89.323481922060665, 13.628012289314549 ], [ -89.323481922060665, 13.614537621689685 ] ] ] } },
{ "type": "Feature", "properties": { "class_id": 4, "area_m2": 41324708.490535662, "class_name": "Alto", "index": "NDVI", "min_value": null, "max_value": null }, "geometry": { "type": "Polygon", "coordinates": [ [ [ -89.431279263059594, 13.722334962688603 ], [ -89.390855260184992, 13.722334962688606 ], [ -89.390855260184992, 13.70886029506374 ], [ -89.377380592560129, 13.708860295063744 ], [ -89.377380592560129, 13.681910959814008 ], [ -89.404329927809869, 13.681910959814008 ], [ -89.404329927809869, 13.65496162456428 ], [ -89.390855260184992, 13.654961624564283 ], [ -89.390855260184992, 13.668436292189142 ], [ -89.377380592560129, 13.668436292189144 ], [ -89.377380592560129, 13.641486956939412 ], [ -89.444753930684456, 13.641486956939413 ], [ -89.444753930684456, 13.654961624564278 ], [ -89.417804595434731, 13.654961624564283 ], [ -89.417804595434731, 13.681910959814008 ], [ -89.431279263059594, 13.681910959814006 ], [ -89.431279263059594, 13.722334962688603 ] ] ] } },
{ "type": "Feature", "properties": { "class_id": 4, "area_m2": 10875803.190927068, "class_name": "Alto", "index": "NDVI", "min_value": null, "max_value": null }, "geometry": { "type": "Polygon", "coordinates": [ [ [ -89.471703265934181, 13.681910959814013 ], [ -89.485177933559058, 13.68191095981401 ], [ -89.485177933559058, 13.708860295063737 ], [ -89.458228598309319, 13.70886029506374 ], [ -89.458228598309319, 13.668436292189144 ], [ -89.471703265934181, 13.66843629218914 ], [ -89.471703265934181, 13.681910959814013 ] ] ] } },
{ "type": "Feature", "properties": { "class_id": 4, "area_m2": 241473624.39062577, "class_name": "Alto", "index": "NDVI", "min_value": null, "max_value": null }, "geometry": { "type": "Polygon", "coordinates": [ [ [ -89.458228598309319, 13.776233633188069 ], [ -89.458228598309319, 13.749284297938337 ], [ -89.431279263059594, 13.749284297938337 ], [ -89.431279263059594, 13.735809630313469 ], [ -89.444753930684456, 13.735809630313469 ], [ -89.444753930684456, 13.722334962688606 ], [ -89.485177933559058, 13.722334962688601 ], [ -89.485177933559058, 13.708860295063737 ], [ -89.49865260118392, 13.708860295063744 ], [ -89.49865260118392, 13.695385627438876 ], [ -89.512127268808783, 13.695385627438874 ], [ -89.512127268808783, 13.681910959814006 ], [ -89.49865260118392, 13.681910959814006 ], [ -89.49865260118392, 13.668436292189146 ], [ -89.471703265934181, 13.66843629218914 ], [ -89.471703265934181, 13.654961624564274 ], [ -89.485177933559058, 13.65496162456428 ], [ -89.485177933559058, 13.628012289314546 ], [ -89.458228598309319, 13.628012289314549 ], [ -89.458228598309319, 13.61453762168968 ], [ -89.49865260118392, 13.614537621689681 ], [ -89.49865260118392, 13.601062954064815 ], [ -89.471703265934181, 13.601062954064819 ], [ -89.471703265934181, 13.587588286439949 ], [ -89.49865260118392, 13.587588286439949 ], [ -89.49865260118392, 13.574113618815083 ], [ -89.512127268808783, 13.57411361881509 ], [ -89.512127268808783, 13.61453762168968 ], [ -89.539076604058522, 13.614537621689683 ], [ -89.539076604058522, 13.587588286439953 ], [ -89.552551271683384, 13.587588286439953 ], [ -89.552551271683384, 13.601062954064822 ], [ -89.566025939308247, 13.601062954064819 ], [ -89.566025939308247, 13.574113618815085 ], [ -89.592975274557972, 13.574113618815089 ], [ -89.592975274557972, 13.587588286439955 ], [ -89.606449942182834, 13.587588286439953 ], [ -89.606449942182834, 13.614537621689685 ], [ -89.619924609807711, 13.61453762168968 ], [ -89.619924609807711, 13.654961624564283 ], [ -89.606449942182834, 13.65496162456428 ], [ -89.606449942182834, 13.668436292189138 ], [ -89.592975274557972, 13.668436292189137 ], [ -89.592975274557972, 13.695385627438876 ], [ -89.579500606933109, 13.695385627438876 ], [ -89.579500606933109, 13.70886029506374 ], [ -89.606449942182834, 13.708860295063738 ], [ -89.606449942182834, 13.722334962688606 ], [ -89.579500606933109, 13.722334962688606 ], [ -89.579500606933109, 13.74928429793834 ], [ -89.539076604058522, 13.749284297938338 ], [ -89.539076604058522, 13.776233633188065 ], [ -89.552551271683384, 13.776233633188067 ], [ -89.552551271683384, 13.789708300812933 ], [ -89.485177933559058, 13.789708300812928 ], [ -89.485177933559058, 13.803182968437797 ], [ -89.471703265934181, 13.803182968437794 ], [ -89.471703265934181, 13.776233633188065 ], [ -89.458228598309319, 13.776233633188069 ] ], [ [ -89.592975274557972, 13.65496162456428 ], [ -89.552551271683384, 13.654961624564283 ], [ -89.552551271683384, 13.66843629218914 ], [ -89.539076604058522, 13.66843629218914 ], [ -89.539076604058522, 13.681910959814006 ], [ -89.579500606933109, 13.681910959814008 ], [ -89.579500606933109, 13.668436292189142 ], [ -89.592975274557972, 13.668436292189137 ], [ -89.592975274557972, 13.65496162456428 ] ], [ [ -89.525601936433645, 13.735809630313469 ], [ -89.49865260118392, 13.735809630313472 ], [ -89.49865260118392, 13.74928429793834 ], [ -89.512127268808783, 13.749284297938333 ], [ -89.512127268808783, 13.776233633188063 ], [ -89.525601936433645, 13.776233633188063 ], [ -89.525601936433645, 13.735809630313469 ] ], [ [ -89.485177933559058, 13.749284297938337 ], [ -89.485177933559058, 13.762758965563203 ], [ -89.49865260118392, 13.762758965563195 ], [ -89.49865260118392, 13.74928429793834 ], [ -89.485177933559058, 13.749284297938337 ] ], [ [ -89.552551271683384, 13.722334962688604 ], [ -89.552551271683384, 13.708860295063744 ], [ -89.525601936433645, 13.708860295063738 ], [ -89.525601936433645, 13.722334962688603 ], [ -89.552551271683384, 13.722334962688604 ] ], [ [ -89.606449942182834, 13.641486956939413 ], [ -89.606449942182834, 13.628012289314546 ], [ -89.579500606933109, 13.628012289314549 ], [ -89.579500606933109, 13.641486956939413 ], [ -89.606449942182834, 13.641486956939413 ] ] ] } },
{ "type": "Feature", "properties": { "class_id": 4, "area_m2": 2175713.1705527483, "class_name": "Alto", "index": "NDVI", "min_value": null, "max_value": null }, "geometry": { "type": "Polygon", "coordinates": [ [ [ -89.633399277432574, 13.681910959814006 ], [ -89.646873945057436, 13.681910959814006 ], [ -89.646873945057436, 13.695385627438876 ], [ -89.633399277432574, 13.695385627438874 ], [ -89.633399277432574, 13.681910959814006 ] ] ] } },
{ "type": "Feature", "properties": { "class_id": 4, "area_m2": 2174823.5207540123, "class_name": "Alto", "index": "NDVI", "min_value": null, "max_value": null }, "geometry": { "type": "Polygon", "coordinates": [ [ [ -89.660348612682313, 13.789708300812931 ], [ -89.673823280307161, 13.789708300812933 ], [ -89.673823280307161, 13.803182968437797 ], [ -89.660348612682313, 13.803182968437797 ], [ -89.660348612682313, 13.789708300812931 ] ] ] } },
{ "type": "Feature", "properties": { "class_id": 4, "area_m2": 6523564.9257897511, "class_name": "Alto", "index": "NDVI", "min_value": null, "max_value": null }, "geometry": { "type": "Polygon", "coordinates": [ [ [ -89.633399277432574, 13.816657636062663 ], [ -89.592975274557972, 13.81665763606266 ], [ -89.592975274557972, 13.803182968437797 ], [ -89.633399277432574, 13.803182968437797 ], [ -89.633399277432574, 13.816657636062663 ] ] ] } },
{ "type": "Feature", "properties": { "class_id": 4, "area_m2": 21740728.306068115, "class_name": "Alto", "index": "NDVI", "min_value": null, "max_value": null }, "geometry": { "type": "Polygon", "coordinates": [ [ [ -89.539076604058522, 13.830132303687524 ], [ -89.485177933559058, 13.830132303687526 ], [ -89.485177933559058, 13.816657636062658 ], [ -89.49865260118392, 13.816657636062663 ], [ -89.49865260118392, 13.803182968437797 ], [ -89.579500606933109, 13.803182968437797 ], [ -89.579500606933109, 13.816657636062665 ], [ -89.539076604058522, 13.816657636062661 ], [ -89.539076604058522, 13.830132303687524 ] ] ] } },
{ "type": "Feature", "properties": { "class_id": 4, "area_m2": 8698037.028507743, "class_name": "Alto", "index": "NDVI", "min_value": null, "max_value": null }, "geometry": { "type": "Polygon", "coordinates": [ [ [ -89.660348612682313, 13.84360697131239 ], [ -89.646873945057436, 13.843606971312393 ], [ -89.646873945057436, 13.830132303687524 ], [ -89.633399277432574, 13.830132303687522 ], [ -89.633399277432574, 13.816657636062663 ], [ -89.646873945057436, 13.816657636062663 ], [ -89.646873945057436, 13.803182968437797 ], [ -89.660348612682313, 13.803182968437797 ], [ -89.660348612682313, 13.84360697131239 ] ] ] } },
{ "type": "Feature", "properties": { "class_id": 4, "area_m2": 2174668.2712796256, "class_name": "Alto", "index": "NDVI", "min_value": null, "max_value": null }, "geometry": { "type": "Polygon", "coordinates": [ [ [ -89.687297947932038, 13.816657636062665 ], [ -89.7007726155569, 13.81665763606266 ], [ -89.7007726155569, 13.830132303687522 ], [ -89.687297947932038, 13.83013230368752 ], [ -89.687297947932038, 13.816657636062665 ] ] ] } },
{ "type": "Feature", "properties": { "class_id": 4, "area_m2": 4346664.4256247981, "class_name": "Alto", "index": "NDVI", "min_value": null, "max_value": null }, "geometry": { "type": "Polygon", "coordinates": [ [ [ -89.336956589685542, 13.84360697131239 ], [ -89.363905924935267, 13.843606971312393 ], [ -89.363905924935267, 13.85708163893726 ], [ -89.336956589685542, 13.857081638937265 ], [ -89.336956589685542, 13.84360697131239 ] ] ] } },
{ "type": "Feature", "properties": { "class_id": 4, "area_m2": 2173762.711598326, "class_name": "Alto", "index": "NDVI", "min_value": null, "max_value": null }, "geometry": { "type": "Polygon", "coordinates": [ [ [ -89.49865260118392, 13.857081638937258 ], [ -89.485177933559058, 13.857081638937258 ], [ -89.485177933559058, 13.84360697131239 ], [ -89.49865260118392, 13.843606971312392 ], [ -89.49865260118392, 13.857081638937258 ] ] ] } },
{ "type": "Feature", "properties": { "class_id": 4, "area_m2": 8695993.1775144525, "class_name": "Alto", "index": "NDVI", "min_value": null, "max_value": null }, "geometry": { "type": "Polygon", "coordinates": [ [ [ -89.579500606933109, 13.870556306562124 ], [ -89.566025939308247, 13.870556306562127 ], [ -89.566025939308247, 13.857081638937261 ], [ -89.552551271683384, 13.85708163893726 ], [ -89.552551271683384, 13.830132303687524 ], [ -89.566025939308247, 13.830132303687527 ], [ -89.566025939308247, 13.84360697131239 ], [ -89.579500606933109, 13.84360697131239 ], [ -89.579500606933109, 13.870556306562124 ] ] ] } },
{ "type": "Feature", "properties": { "class_id": 4, "area_m2": 13038775.385035612, "class_name": "Alto", "index": "NDVI", "min_value": null, "max_value": null }, "geometry": { "type": "Polygon", "coordinates": [ [ [ -89.29653258681094, 13.85708163893726 ], [ -89.310007254435803, 13.85708163893726 ], [ -89.310007254435803, 13.843606971312393 ], [ -89.323481922060665, 13.843606971312392 ], [ -89.323481922060665, 13.857081638937263 ], [ -89.336956589685542, 13.857081638937265 ], [ -89.336956589685542, 13.870556306562127 ], [ -89.350431257310419, 13.870556306562117 ], [ -89.350431257310419, 13.884030974186988 ], [ -89.323481922060665, 13.88403097418699 ], [ -89.323481922060665, 13.870556306562124 ], [ -89.29653258681094, 13.870556306562124 ], [ -89.29653258681094, 13.85708163893726 ] ] ] } },
{ "type": "Feature", "properties": { "class_id": 4, "area_m2": 8696672.3577187788, "class_name": "Alto", "index": "NDVI", "min_value": null, "max_value": null }, "geometry": { "type": "Polygon", "coordinates": [ [ [ -89.687297947932038, 13.88403097418699 ], [ -89.646873945057436, 13.884030974186983 ], [ -89.646873945057436, 13.870556306562124 ], [ -89.673823280307161, 13.870556306562124 ], [ -89.673823280307161, 13.85708163893726 ], [ -89.687297947932038, 13.85708163893726 ], [ -89.687297947932038, 13.88403097418699 ] ] ] } },
{ "type": "Feature", "properties": { "class_id": 4, "area_m2": 2173860.7289361283, "class_name": "Alto", "index": "NDVI", "min_value": null, "max_value": null }, "geometry": { "type": "Polygon", "coordinates": [ [ [ -89.592975274557972, 13.870556306562127 ], [ -89.606449942182834, 13.870556306562124 ], [ -89.606449942182834, 13.884030974186985 ], [ -89.592975274557972, 13.88403097418699 ], [ -89.592975274557972, 13.870556306562127 ] ] ] } },
{ "type": "Feature", "properties": { "class_id": 4, "area_m2": 2172898.1654113424, "class_name": "Alto", "index": "NDVI", "min_value": null, "max_value": null }, "geometry": { "type": "Polygon", "coordinates": [ [ [ -89.377380592560129, 13.91098030943672 ], [ -89.363905924935267, 13.910980309436717 ], [ -89.363905924935267, 13.897505641811854 ], [ -89.377380592560129, 13.897505641811852 ], [ -89.377380592560129, 13.91098030943672 ] ] ] } },
{ "type": "Feature", "properties": { "class_id": 4, "area_m2": 2173142.9932704503, "class_name": "Alto", "index": "NDVI", "min_value": null, "max_value": null }, "geometry": { "type": "Polygon", "coordinates": [ [ [ -89.444753930684456, 13.897505641811849 ], [ -89.458228598309319, 13.897505641811854 ], [ -89.458228598309319, 13.91098030943672 ], [ -89.444753930684456, 13.910980309436718 ], [ -89.444753930684456, 13.897505641811849 ] ] ] } },
{ "type": "Feature", "properties": { "class_id": 4, "area_m2": 2173701.7508479902, "class_name": "Alto", "index": "NDVI", "min_value": null, "max_value": null }, "geometry": { "type": "Polygon", "coordinates": [ [ [ -89.619924609807711, 13.897505641811854 ], [ -89.633399277432574, 13.897505641811854 ], [ -89.633399277432574, 13.91098030943672 ], [ -89.619924609807711, 13.910980309436722 ], [ -89.619924609807711, 13.897505641811854 ] ] ] } },
{ "type": "Feature", "properties": { "class_id": 4, "area_m2": 2173791.1523004132, "class_name": "Alto", "index": "NDVI", "min_value": null, "max_value": null }, "geometry": { "type": "Polygon", "coordinates": [ [ [ -89.660348612682313, 13.910980309436722 ], [ -89.646873945057436, 13.910980309436724 ], [ -89.646873945057436, 13.897505641811851 ], [ -89.660348612682313, 13.897505641811851 ], [ -89.660348612682313, 13.910980309436722 ] ] ] } },
{ "type": "Feature", "properties": { "class_id": 4, "area_m2": 17389563.877248187, "class_name": "Alto", "index": "NDVI", "min_value": null, "max_value": null }, "geometry": { "type": "Polygon", "coordinates": [ [ [ -89.673823280307161, 13.897505641811854 ], [ -89.687297947932038, 13.897505641811852 ], [ -89.687297947932038, 13.91098030943672 ], [ -89.7007726155569, 13.91098030943672 ], [ -89.7007726155569, 13.937929644686449 ], [ -89.687297947932038, 13.937929644686447 ], [ -89.687297947932038, 13.951404312311309 ], [ -89.673823280307161, 13.951404312311315 ], [ -89.673823280307161, 13.937929644686447 ], [ -89.660348612682313, 13.937929644686449 ], [ -89.660348612682313, 13.910980309436722 ], [ -89.673823280307161, 13.91098030943672 ], [ -89.673823280307161, 13.897505641811854 ] ] ] } },
{ "type": "Feature", "properties": { "class_id": 4, "area_m2": 10863772.526298748, "class_name": "Alto", "index": "NDVI", "min_value": null, "max_value": null }, "geometry": { "type": "Polygon", "coordinates": [ [ [ -89.417804595434731, 13.951404312311315 ], [ -89.404329927809869, 13.951404312311315 ], [ -89.404329927809869, 13.924454977061584 ], [ -89.377380592560129, 13.924454977061588 ], [ -89.377380592560129, 13.91098030943672 ], [ -89.417804595434731, 13.910980309436718 ], [ -89.417804595434731, 13.951404312311315 ] ] ] } },
{ "type": "Feature", "properties": { "class_id": 4, "area_m2": 401953484.69418669, "class_name": "Alto", "index": "NDVI", "min_value": null, "max_value": null }, "geometry": { "type": "Polygon", "coordinates": [ [ [ -89.29653258681094, 13.937929644686445 ], [ -89.310007254435803, 13.93792964468645 ], [ -89.310007254435803, 13.951404312311315 ], [ -89.350431257310419, 13.951404312311309 ], [ -89.350431257310419, 13.964878979936179 ], [ -89.363905924935267, 13.964878979936181 ], [ -89.363905924935267, 13.951404312311311 ], [ -89.377380592560129, 13.951404312311311 ], [ -89.377380592560129, 13.937929644686447 ], [ -89.390855260184992, 13.937929644686443 ], [ -89.390855260184992, 13.964878979936181 ], [ -89.404329927809869, 13.964878979936183 ], [ -89.404329927809869, 13.978353647561045 ], [ -89.417804595434731, 13.978353647561047 ], [ -89.417804595434731, 13.964878979936181 ], [ -89.471703265934181, 13.964878979936181 ], [ -89.471703265934181, 13.937929644686449 ], [ -89.458228598309319, 13.937929644686447 ], [ -89.458228598309319, 13.924454977061584 ], [ -89.471703265934181, 13.924454977061584 ], [ -89.471703265934181, 13.88403097418699 ], [ -89.444753930684456, 13.884030974186985 ], [ -89.444753930684456, 13.870556306562124 ], [ -89.431279263059594, 13.870556306562129 ], [ -89.431279263059594, 13.884030974186986 ], [ -89.417804595434731, 13.884030974186988 ], [ -89.417804595434731, 13.870556306562124 ], [ -89.404329927809869, 13.870556306562124 ], [ -89.404329927809869, 13.88403097418699 ], [ -89.390855260184992, 13.884030974186988 ], [ -89.390855260184992, 13.857081638937258 ], [ -89.404329927809869, 13.85708163893726 ], [ -89.404329927809869, 13.830132303687524 ], [ -89.431279263059594, 13.830132303687527 ], [ -89.431279263059594, 13.816657636062661 ], [ -89.458228598309319, 13.816657636062661 ], [ -89.458228598309319, 13.830132303687524 ], [ -89.471703265934181, 13.830132303687524 ], [ -89.471703265934181, 13.857081638937258 ], [ -89.458228598309319, 13.857081638937263 ], [ -89.458228598309319, 13.870556306562127 ], [ -89.485177933559058, 13.870556306562122 ], [ -89.485177933559058, 13.884030974186983 ], [ -89.512127268808783, 13.88403097418699 ], [ -89.512127268808783, 13.870556306562124 ], [ -89.525601936433645, 13.87055630656212 ], [ -89.525601936433645, 13.843606971312393 ], [ -89.539076604058522, 13.84360697131239 ], [ -89.539076604058522, 13.884030974186985 ], [ -89.592975274557972, 13.88403097418699 ], [ -89.592975274557972, 13.91098030943672 ], [ -89.619924609807711, 13.910980309436722 ], [ -89.619924609807711, 13.937929644686452 ], [ -89.646873945057436, 13.93792964468645 ], [ -89.646873945057436, 13.951404312311308 ], [ -89.673823280307161, 13.951404312311315 ], [ -89.673823280307161, 13.964878979936181 ], [ -89.660348612682313, 13.964878979936181 ], [ -89.660348612682313, 13.978353647561041 ], [ -89.646873945057436, 13.978353647561047 ], [ -89.646873945057436, 14.005302982810772 ], [ -89.633399277432574, 14.005302982810774 ], [ -89.633399277432574, 13.991828315185913 ], [ -89.579500606933109, 13.991828315185908 ], [ -89.579500606933109, 13.978353647561045 ], [ -89.539076604058522, 13.97835364756104 ], [ -89.539076604058522, 13.964878979936181 ], [ -89.525601936433645, 13.964878979936181 ], [ -89.525601936433645, 13.978353647561041 ], [ -89.512127268808783, 13.978353647561047 ], [ -89.512127268808783, 13.991828315185911 ], [ -89.49865260118392, 13.991828315185909 ], [ -89.49865260118392, 14.005302982810774 ], [ -89.512127268808783, 14.005302982810772 ], [ -89.512127268808783, 14.045726985685372 ], [ -89.49865260118392, 14.045726985685372 ], [ -89.49865260118392, 14.032252318060507 ], [ -89.485177933559058, 14.032252318060507 ], [ -89.485177933559058, 14.045726985685366 ], [ -89.471703265934181, 14.045726985685366 ], [ -89.471703265934181, 14.032252318060504 ], [ -89.444753930684456, 14.032252318060502 ], [ -89.444753930684456, 14.045726985685368 ], [ -89.431279263059594, 14.04572698568537 ], [ -89.431279263059594, 14.059201653310234 ], [ -89.390855260184992, 14.059201653310234 ], [ -89.390855260184992, 14.072676320935102 ], [ -89.363905924935267, 14.072676320935102 ], [ -89.363905924935267, 14.059201653310234 ], [ -89.350431257310419, 14.059201653310234 ], [ -89.350431257310419, 14.032252318060504 ], [ -89.336956589685542, 14.032252318060502 ], [ -89.336956589685542, 14.005302982810775 ], [ -89.323481922060665, 14.005302982810774 ], [ -89.323481922060665, 13.991828315185906 ], [ -89.336956589685542, 13.991828315185908 ], [ -89.336956589685542, 13.964878979936183 ], [ -89.323481922060665, 13.964878979936181 ], [ -89.323481922060665, 13.97835364756105 ], [ -89.310007254435803, 13.978353647561045 ], [ -89.310007254435803, 13.964878979936181 ], [ -89.283057919186078, 13.964878979936181 ], [ -89.283057919186078, 13.951404312311309 ], [ -89.29653258681094, 13.951404312311309 ], [ -89.29653258681094, 13.937929644686445 ] ], [ [ -89.377380592560129, 14.059201653310234 ], [ -89.377380592560129, 14.045726985685365 ], [ -89.363905924935267, 14.045726985685372 ], [ -89.363905924935267, 14.059201653310234 ], [ -89.377380592560129, 14.059201653310234 ] ], [ [ -89.458228598309319, 14.005302982810772 ], [ -89.458228598309319, 13.991828315185911 ], [ -89.444753930684456, 13.991828315185913 ], [ -89.444753930684456, 14.005302982810766 ], [ -89.458228598309319, 14.005302982810772 ] ], [ [ -89.363905924935267, 13.991828315185911 ], [ -89.363905924935267, 13.978353647561041 ], [ -89.350431257310419, 13.97835364756104 ], [ -89.350431257310419, 13.991828315185904 ], [ -89.363905924935267, 13.991828315185911 ] ], [ [ -89.592975274557972, 13.964878979936181 ], [ -89.592975274557972, 13.978353647561047 ], [ -89.619924609807711, 13.978353647561045 ], [ -89.619924609807711, 13.964878979936181 ], [ -89.592975274557972, 13.964878979936181 ] ], [ [ -89.592975274557972, 13.951404312311315 ], [ -89.566025939308247, 13.951404312311315 ], [ -89.566025939308247, 13.964878979936181 ], [ -89.592975274557972, 13.964878979936181 ], [ -89.592975274557972, 13.951404312311315 ] ], [ [ -89.606449942182834, 13.951404312311315 ], [ -89.606449942182834, 13.937929644686454 ], [ -89.592975274557972, 13.937929644686454 ], [ -89.592975274557972, 13.951404312311315 ], [ -89.606449942182834, 13.951404312311315 ] ], [ [ -89.633399277432574, 13.964878979936181 ], [ -89.633399277432574, 13.951404312311309 ], [ -89.619924609807711, 13.951404312311315 ], [ -89.619924609807711, 13.964878979936181 ], [ -89.633399277432574, 13.964878979936181 ] ], [ [ -89.49865260118392, 13.978353647561047 ], [ -89.49865260118392, 13.964878979936181 ], [ -89.485177933559058, 13.964878979936174 ], [ -89.485177933559058, 13.978353647561045 ], [ -89.49865260118392, 13.978353647561047 ] ], [ [ -89.49865260118392, 13.951404312311315 ], [ -89.49865260118392, 13.937929644686449 ], [ -89.485177933559058, 13.937929644686447 ], [ -89.485177933559058, 13.951404312311313 ], [ -89.49865260118392, 13.951404312311315 ] ], [ [ -89.552551271683384, 13.924454977061584 ], [ -89.566025939308247, 13.924454977061583 ], [ -89.566025939308247, 13.910980309436727 ], [ -89.539076604058522, 13.910980309436722 ], [ -89.539076604058522, 13.937929644686449 ], [ -89.552551271683384, 13.937929644686443 ], [ -89.552551271683384, 13.924454977061584 ] ], [ [ -89.579500606933109, 13.910980309436724 ], [ -89.579500606933109, 13.897505641811851 ], [ -89.566025939308247, 13.897505641811854 ], [ -89.566025939308247, 13.910980309436727 ], [ -89.579500606933109, 13.910980309436724 ] ], [ [ -89.49865260118392, 13.910980309436722 ], [ -89.49865260118392, 13.897505641811854 ], [ -89.485177933559058, 13.897505641811851 ], [ -89.485177933559058, 13.91098030943672 ], [ -89.49865260118392, 13.910980309436722 ] ], [ [ -89.444753930684456, 13.85708163893726 ], [ -89.444753930684456, 13.843606971312388 ], [ -89.431279263059594, 13.84360697131239 ], [ -89.431279263059594, 13.857081638937258 ], [ -89.444753930684456, 13.85708163893726 ] ] ] } },
{ "type": "Feature", "properties": { "class_id": 4, "area_m2": 2173181.4239890017, "class_name": "Alto", "index": "NDVI", "min_value": null, "max_value": null }, "geometry": { "type": "Polygon", "coordinates": [ [ [ -89.7007726155569, 13.991828315185906 ], [ -89.687297947932038, 13.991828315185911 ], [ -89.687297947932038, 13.978353647561045 ], [ -89.7007726155569, 13.978353647561047 ], [ -89.7007726155569, 13.991828315185906 ] ] ] } },
{ "type": "Feature", "properties": { "class_id": 4, "area_m2": 2172526.4956455305, "class_name": "Alto", "index": "NDVI", "min_value": null, "max_value": null }, "geometry": { "type": "Polygon", "coordinates": [ [ [ -89.539076604058522, 14.005302982810775 ], [ -89.525601936433645, 14.005302982810772 ], [ -89.525601936433645, 13.991828315185908 ], [ -89.539076604058522, 13.991828315185909 ], [ -89.539076604058522, 14.005302982810775 ] ] ] } },
{ "type": "Feature", "properties": { "class_id": 4, "area_m2": 2172966.0855830233, "class_name": "Alto", "index": "NDVI", "min_value": null, "max_value": null }, "geometry": { "type": "Polygon", "coordinates": [ [ [ -89.660348612682313, 13.991828315185911 ], [ -89.673823280307161, 13.991828315185911 ], [ -89.673823280307161, 14.005302982810775 ], [ -89.660348612682313, 14.005302982810772 ], [ -89.660348612682313, 13.991828315185911 ] ] ] } },
{ "type": "Feature", "properties": { "class_id": 4, "area_m2": 4345187.1568786586, "class_name": "Alto", "index": "NDVI", "min_value": null, "max_value": null }, "geometry": { "type": "Polygon", "coordinates": [ [ [ -89.566025939308247, 13.991828315185908 ], [ -89.579500606933109, 13.991828315185908 ], [ -89.579500606933109, 14.018777650435641 ], [ -89.566025939308247, 14.018777650435641 ], [ -89.566025939308247, 13.991828315185908 ] ] ] } },
{ "type": "Feature", "properties": { "class_id": 4, "area_m2": 2171746.1759361536, "class_name": "Alto", "index": "NDVI", "min_value": null, "max_value": null }, "geometry": { "type": "Polygon", "coordinates": [ [ [ -89.323481922060665, 14.018777650435645 ], [ -89.310007254435803, 14.018777650435645 ], [ -89.310007254435803, 14.005302982810774 ], [ -89.323481922060665, 14.005302982810774 ], [ -89.323481922060665, 14.018777650435645 ] ] ] } },
{ "type": "Feature", "properties": { "class_id": 4, "area_m2": 2172626.7006373522, "class_name": "Alto", "index": "NDVI", "min_value": null, "max_value": null }, "geometry": { "type": "Polygon", "coordinates": [ [ [ -89.646873945057436, 14.032252318060504 ], [ -89.633399277432574, 14.032252318060507 ], [ -89.633399277432574, 14.018777650435643 ], [ -89.646873945057436, 14.018777650435641 ], [ -89.646873945057436, 14.032252318060504 ] ] ] } },
{ "type": "Feature", "properties": { "class_id": 4, "area_m2": 13033545.238995159, "class_name": "Alto", "index": "NDVI", "min_value": null, "max_value": null }, "geometry": { "type": "Polygon", "coordinates": [ [ [ -89.566025939308247, 14.045726985685366 ], [ -89.525601936433645, 14.045726985685366 ], [ -89.525601936433645, 14.018777650435641 ], [ -89.566025939308247, 14.018777650435641 ], [ -89.566025939308247, 14.045726985685366 ] ] ] } },
{ "type": "Feature", "properties": { "class_id": 4, "area_m2": 2172457.19810106, "class_name": "Alto", "index": "NDVI", "min_value": null, "max_value": null }, "geometry": { "type": "Polygon", "coordinates": [ [ [ -89.619924609807711, 14.032252318060504 ], [ -89.633399277432574, 14.032252318060507 ], [ -89.633399277432574, 14.045726985685368 ], [ -89.619924609807711, 14.045726985685365 ], [ -89.619924609807711, 14.032252318060504 ] ] ] } },
{ "type": "Feature", "properties": { "class_id": 4, "area_m2": 2171035.4284453294, "class_name": "Alto", "index": "NDVI", "min_value": null, "max_value": null }, "geometry": { "type": "Polygon", "coordinates": [ [ [ -89.323481922060665, 14.086150988559972 ], [ -89.336956589685542, 14.086150988559965 ], [ -89.336956589685542, 14.099625656184834 ], [ -89.323481922060665, 14.099625656184831 ], [ -89.323481922060665, 14.086150988559972 ] ] ] } },
{ "type": "Feature", "properties": { "class_id": 4, "area_m2": 2171230.8174509336, "class_name": "Alto", "index": "NDVI", "min_value": null, "max_value": null }, "geometry": { "type": "Polygon", "coordinates": [ [ [ -89.485177933559058, 14.126574991434564 ], [ -89.471703265934181, 14.126574991434564 ], [ -89.471703265934181, 14.113100323809697 ], [ -89.485177933559058, 14.113100323809695 ], [ -89.485177933559058, 14.126574991434564 ] ] ] } },
{ "type": "Feature", "properties": { "class_id": 4, "area_m2": 26063027.110339679, "class_name": "Alto", "index": "NDVI", "min_value": null, "max_value": null }, "geometry": { "type": "Polygon", "coordinates": [ [ [ -89.673823280307161, 14.126574991434564 ], [ -89.660348612682313, 14.126574991434564 ], [ -89.660348612682313, 14.113100323809695 ], [ -89.646873945057436, 14.113100323809698 ], [ -89.646873945057436, 14.099625656184831 ], [ -89.687297947932038, 14.099625656184829 ], [ -89.687297947932038, 14.1131003238097 ], [ -89.714247283181763, 14.113100323809698 ], [ -89.714247283181763, 14.099625656184829 ], [ -89.727721950806625, 14.099625656184834 ], [ -89.727721950806625, 14.126574991434564 ], [ -89.714247283181763, 14.126574991434564 ], [ -89.714247283181763, 14.140049659059429 ], [ -89.673823280307161, 14.140049659059429 ], [ -89.673823280307161, 14.126574991434564 ] ] ] } },
{ "type": "Feature", "properties": { "class_id": 4, "area_m2": 30388345.335883938, "class_name": "Alto", "index": "NDVI", "min_value": null, "max_value": null }, "geometry": { "type": "Polygon", "coordinates": [ [ [ -89.350431257310419, 14.153524326684295 ], [ -89.336956589685542, 14.153524326684298 ], [ -89.336956589685542, 14.166998994309159 ], [ -89.323481922060665, 14.166998994309159 ], [ -89.323481922060665, 14.18047366193403 ], [ -89.310007254435803, 14.180473661934025 ], [ -89.310007254435803, 14.113100323809698 ], [ -89.336956589685542, 14.113100323809698 ], [ -89.336956589685542, 14.126574991434561 ], [ -89.323481922060665, 14.126574991434561 ], [ -89.323481922060665, 14.140049659059429 ], [ -89.350431257310419, 14.140049659059423 ], [ -89.350431257310419, 14.126574991434559 ], [ -89.363905924935267, 14.126574991434564 ], [ -89.363905924935267, 14.113100323809695 ], [ -89.377380592560129, 14.1131003238097 ], [ -89.377380592560129, 14.140049659059427 ], [ -89.363905924935267, 14.140049659059427 ], [ -89.363905924935267, 14.166998994309159 ], [ -89.350431257310419, 14.166998994309155 ], [ -89.350431257310419, 14.153524326684295 ] ] ] } },
{ "type": "Feature", "properties": { "class_id": 4, "area_m2": 2171453.0539562115, "class_name": "Alto", "index": "NDVI", "min_value": null, "max_value": null }, "geometry": { "type": "Polygon", "coordinates": [ [ [ -89.619924609807711, 14.140049659059429 ], [ -89.633399277432574, 14.140049659059423 ], [ -89.633399277432574, 14.153524326684295 ], [ -89.619924609807711, 14.153524326684289 ], [ -89.619924609807711, 14.140049659059429 ] ] ] } },
{ "type": "Feature", "properties": { "class_id": 4, "area_m2": 2171371.4418776743, "class_name": "Alto", "index": "NDVI", "min_value": null, "max_value": null }, "geometry": { "type": "Polygon", "coordinates": [ [ [ -89.646873945057436, 14.166998994309159 ], [ -89.633399277432574, 14.166998994309159 ], [ -89.633399277432574, 14.153524326684295 ], [ -89.646873945057436, 14.153524326684288 ], [ -89.646873945057436, 14.166998994309159 ] ] ] } },
{ "type": "Feature", "properties": { "class_id": 4, "area_m2": 67294089.733480901, "class_name": "Alto", "index": "NDVI", "min_value": null, "max_value": null }, "geometry": { "type": "Polygon", "coordinates": [ [ [ -89.525601936433645, 14.113100323809698 ], [ -89.539076604058522, 14.113100323809697 ], [ -89.539076604058522, 14.180473661934025 ], [ -89.525601936433645, 14.180473661934029 ], [ -89.525601936433645, 14.193948329558889 ], [ -89.539076604058522, 14.193948329558888 ], [ -89.539076604058522, 14.220897664808625 ], [ -89.525601936433645, 14.220897664808621 ], [ -89.525601936433645, 14.234372332433486 ], [ -89.512127268808783, 14.234372332433486 ], [ -89.512127268808783, 14.220897664808623 ], [ -89.49865260118392, 14.22089766480862 ], [ -89.49865260118392, 14.207422997183748 ], [ -89.485177933559058, 14.207422997183748 ], [ -89.485177933559058, 14.220897664808621 ], [ -89.471703265934181, 14.220897664808621 ], [ -89.471703265934181, 14.180473661934025 ], [ -89.458228598309319, 14.180473661934025 ], [ -89.458228598309319, 14.166998994309157 ], [ -89.485177933559058, 14.166998994309155 ], [ -89.485177933559058, 14.140049659059423 ], [ -89.512127268808783, 14.140049659059425 ], [ -89.512127268808783, 14.126574991434566 ], [ -89.525601936433645, 14.126574991434564 ], [ -89.525601936433645, 14.113100323809698 ] ] ] } },
{ "type": "Feature", "properties": { "class_id": 4, "area_m2": 2171289.9244948099, "class_name": "Alto", "index": "NDVI", "min_value": null, "max_value": null }, "geometry": { "type": "Polygon", "coordinates": [ [ [ -89.646873945057436, 14.166998994309159 ], [ -89.660348612682313, 14.166998994309157 ], [ -89.660348612682313, 14.180473661934025 ], [ -89.646873945057436, 14.180473661934025 ], [ -89.646873945057436, 14.166998994309159 ] ] ] } },
{ "type": "Feature", "properties": { "class_id": 4, "area_m2": 19539722.416247904, "class_name": "Alto", "index": "NDVI", "min_value": null, "max_value": null }, "geometry": { "type": "Polygon", "coordinates": [ [ [ -89.619924609807711, 14.166998994309155 ], [ -89.633399277432574, 14.166998994309159 ], [ -89.633399277432574, 14.207422997183757 ], [ -89.606449942182834, 14.20742299718375 ], [ -89.606449942182834, 14.193948329558889 ], [ -89.592975274557972, 14.193948329558886 ], [ -89.592975274557972, 14.166998994309155 ], [ -89.606449942182834, 14.166998994309157 ], [ -89.606449942182834, 14.153524326684291 ], [ -89.619924609807711, 14.153524326684289 ], [ -89.619924609807711, 14.166998994309155 ] ] ] } },
{ "type": "Feature", "properties": { "class_id": 4, "area_m2": 6510044.2654443076, "class_name": "Alto", "index": "NDVI", "min_value": null, "max_value": null }, "geometry": { "type": "Polygon", "coordinates": [ [ [ -89.471703265934181, 14.261321667683218 ], [ -89.471703265934181, 14.247847000058346 ], [ -89.458228598309319, 14.247847000058348 ], [ -89.458228598309319, 14.234372332433487 ], [ -89.485177933559058, 14.234372332433486 ], [ -89.485177933559058, 14.261321667683216 ], [ -89.471703265934181, 14.261321667683218 ] ] ] } },
{ "type": "Feature", "properties": { "class_id": 4, "area_m2": 2169755.903673457, "class_name": "Alto", "index": "NDVI", "min_value": null, "max_value": null }, "geometry": { "type": "Polygon", "coordinates": [ [ [ -89.525601936433645, 14.28827100293295 ], [ -89.539076604058522, 14.288271002932948 ], [ -89.539076604058522, 14.301745670557809 ], [ -89.525601936433645, 14.301745670557809 ], [ -89.525601936433645, 14.28827100293295 ] ] ] } },
{ "type": "Feature", "properties": { "class_id": 4, "area_m2": 190882809.38040698, "class_name": "Alto", "index": "NDVI", "min_value": null, "max_value": null }, "geometry": { "type": "Polygon", "coordinates": [ [ [ -89.323481922060665, 14.342169673432409 ], [ -89.283057919186078, 14.342169673432405 ], [ -89.283057919186078, 14.328695005807541 ], [ -89.310007254435803, 14.328695005807539 ], [ -89.310007254435803, 14.315220338182677 ], [ -89.323481922060665, 14.315220338182671 ], [ -89.323481922060665, 14.288271002932946 ], [ -89.310007254435803, 14.288271002932946 ], [ -89.310007254435803, 14.274796335308082 ], [ -89.323481922060665, 14.274796335308082 ], [ -89.323481922060665, 14.261321667683216 ], [ -89.310007254435803, 14.261321667683211 ], [ -89.310007254435803, 14.247847000058352 ], [ -89.336956589685542, 14.247847000058348 ], [ -89.336956589685542, 14.234372332433486 ], [ -89.377380592560129, 14.234372332433486 ], [ -89.377380592560129, 14.220897664808625 ], [ -89.390855260184992, 14.22089766480862 ], [ -89.390855260184992, 14.234372332433486 ], [ -89.417804595434731, 14.234372332433482 ], [ -89.417804595434731, 14.261321667683216 ], [ -89.444753930684456, 14.261321667683214 ], [ -89.444753930684456, 14.247847000058355 ], [ -89.458228598309319, 14.247847000058348 ], [ -89.458228598309319, 14.274796335308082 ], [ -89.431279263059594, 14.274796335308086 ], [ -89.431279263059594, 14.288271002932944 ], [ -89.444753930684456, 14.288271002932943 ], [ -89.444753930684456, 14.301745670557809 ], [ -89.417804595434731, 14.301745670557812 ], [ -89.417804595434731, 14.328695005807541 ], [ -89.404329927809869, 14.328695005807541 ], [ -89.404329927809869, 14.342169673432409 ], [ -89.431279263059594, 14.342169673432409 ], [ -89.431279263059594, 14.355644341057275 ], [ -89.417804595434731, 14.355644341057268 ], [ -89.417804595434731, 14.396068343931869 ], [ -89.390855260184992, 14.396068343931857 ], [ -89.390855260184992, 14.382593676306998 ], [ -89.404329927809869, 14.382593676307 ], [ -89.404329927809869, 14.369119008682141 ], [ -89.377380592560129, 14.369119008682137 ], [ -89.377380592560129, 14.396068343931869 ], [ -89.363905924935267, 14.396068343931857 ], [ -89.363905924935267, 14.382593676307003 ], [ -89.350431257310419, 14.382593676307003 ], [ -89.350431257310419, 14.369119008682141 ], [ -89.323481922060665, 14.369119008682141 ], [ -89.323481922060665, 14.382593676306998 ], [ -89.310007254435803, 14.382593676306998 ], [ -89.310007254435803, 14.369119008682137 ], [ -89.269583251561215, 14.369119008682141 ], [ -89.269583251561215, 14.355644341057271 ], [ -89.323481922060665, 14.355644341057275 ], [ -89.323481922060665, 14.342169673432409 ] ], [ [ -89.350431257310419, 14.355644341057275 ], [ -89.363905924935267, 14.355644341057275 ], [ -89.363905924935267, 14.342169673432409 ], [ -89.350431257310419, 14.342169673432405 ], [ -89.350431257310419, 14.355644341057275 ] ], [ [ -89.390855260184992, 14.342169673432409 ], [ -89.390855260184992, 14.328695005807536 ], [ -89.363905924935267, 14.328695005807536 ], [ -89.363905924935267, 14.342169673432409 ], [ -89.390855260184992, 14.342169673432409 ] ], [ [ -89.404329927809869, 14.301745670557807 ], [ -89.404329927809869, 14.288271002932946 ], [ -89.390855260184992, 14.288271002932944 ], [ -89.390855260184992, 14.274796335308084 ], [ -89.377380592560129, 14.274796335308082 ], [ -89.377380592560129, 14.301745670557812 ], [ -89.404329927809869, 14.301745670557807 ] ] ] } },
{ "type": "Feature", "properties": { "class_id": 4, "area_m2": 2169543.78774832, "class_name": "Alto", "index": "NDVI", "min_value": null, "max_value": null }, "geometry": { "type": "Polygon", "coordinates": [ [ [ -89.512127268808783, 14.315220338182673 ], [ -89.49865260118392, 14.315220338182671 ], [ -89.49865260118392, 14.301745670557809 ], [ -89.512127268808783, 14.301745670557811 ], [ -89.512127268808783, 14.315220338182673 ] ] ] } },
{ "type": "Feature", "properties": { "class_id": 4, "area_m2": 8677418.6252032928, "class_name": "Alto", "index": "NDVI", "min_value": null, "max_value": null }, "geometry": { "type": "Polygon", "coordinates": [ [ [ -89.485177933559058, 14.328695005807541 ], [ -89.458228598309319, 14.328695005807539 ], [ -89.458228598309319, 14.315220338182675 ], [ -89.444753930684456, 14.315220338182669 ], [ -89.444753930684456, 14.301745670557809 ], [ -89.471703265934181, 14.301745670557812 ], [ -89.471703265934181, 14.315220338182669 ], [ -89.485177933559058, 14.315220338182675 ], [ -89.485177933559058, 14.328695005807541 ] ] ] } },
{ "type": "Feature", "properties": { "class_id": 4, "area_m2": 2168905.0865757517, "class_name": "Alto", "index": "NDVI", "min_value": null, "max_value": null }, "geometry": { "type": "Polygon", "coordinates": [ [ [ -89.552551271683384, 14.396068343931869 ], [ -89.539076604058522, 14.396068343931873 ], [ -89.539076604058522, 14.382593676307 ], [ -89.552551271683384, 14.382593676307 ], [ -89.552551271683384, 14.396068343931869 ] ] ] } },
{ "type": "Feature", "properties": { "class_id": 4, "area_m2": 39034965.956264406, "class_name": "Alto", "index": "NDVI", "min_value": null, "max_value": null }, "geometry": { "type": "Polygon", "coordinates": [ [ [ -89.458228598309319, 14.369119008682144 ], [ -89.49865260118392, 14.369119008682141 ], [ -89.49865260118392, 14.382593676306998 ], [ -89.512127268808783, 14.38259367630701 ], [ -89.512127268808783, 14.409543011556734 ], [ -89.485177933559058, 14.409543011556734 ], [ -89.485177933559058, 14.423017679181596 ], [ -89.444753930684456, 14.4230176791816 ], [ -89.444753930684456, 14.40954301155673 ], [ -89.431279263059594, 14.409543011556739 ], [ -89.431279263059594, 14.382593676307003 ], [ -89.458228598309319, 14.382593676306991 ], [ -89.458228598309319, 14.369119008682144 ] ] ] } },
{ "type": "Feature", "properties": { "class_id": 4, "area_m2": 2168279.5879389141, "class_name": "Alto", "index": "NDVI", "min_value": null, "max_value": null }, "geometry": { "type": "Polygon", "coordinates": [ [ [ -89.377380592560129, 14.396068343931869 ], [ -89.390855260184992, 14.396068343931857 ], [ -89.390855260184992, 14.409543011556739 ], [ -89.377380592560129, 14.409543011556739 ], [ -89.377380592560129, 14.396068343931869 ] ] ] } },
{ "type": "Feature", "properties": { "class_id": 4, "area_m2": 6504355.377165772, "class_name": "Alto", "index": "NDVI", "min_value": null, "max_value": null }, "geometry": { "type": "Polygon", "coordinates": [ [ [ -89.350431257310419, 14.396068343931864 ], [ -89.363905924935267, 14.396068343931857 ], [ -89.363905924935267, 14.423017679181607 ], [ -89.336956589685542, 14.4230176791816 ], [ -89.336956589685542, 14.409543011556734 ], [ -89.350431257310419, 14.409543011556734 ], [ -89.350431257310419, 14.396068343931864 ] ] ] } },
{ "type": "Feature", "properties": { "class_id": 4, "area_m2": 2168191.6232179841, "class_name": "Alto", "index": "NDVI", "min_value": null, "max_value": null }, "geometry": { "type": "Polygon", "coordinates": [ [ [ -89.404329927809869, 14.4230176791816 ], [ -89.390855260184992, 14.4230176791816 ], [ -89.390855260184992, 14.409543011556739 ], [ -89.404329927809869, 14.409543011556734 ], [ -89.404329927809869, 14.4230176791816 ] ] ] } },
{ "type": "Feature", "properties": { "class_id": 4, "area_m2": 2167864.7106830422, "class_name": "Alto", "index": "NDVI", "min_value": null, "max_value": null }, "geometry": { "type": "Polygon", "coordinates": [ [ [ -89.336956589685542, 14.436492346806462 ], [ -89.323481922060665, 14.436492346806462 ], [ -89.323481922060665, 14.4230176791816 ], [ -89.336956589685542, 14.4230176791816 ], [ -89.336956589685542, 14.436492346806462 ] ] ] } },
{ "type": "Feature", "properties": { "class_id": 4, "area_m2": 2176884.5980392941, "class_name": "Alto", "index": "NDVI", "min_value": null, "max_value": null }, "geometry": { "type": "Polygon", "coordinates": [ [ [ -89.053988569563359, 13.358518936817246 ], [ -89.067463237188235, 13.358518936817241 ], [ -89.067463237188235, 13.371993604442109 ], [ -89.053988569563359, 13.37199360444211 ], [ -89.053988569563359, 13.358518936817246 ] ] ] } },
{ "type": "Feature", "properties": { "class_id": 4, "area_m2": 2176800.8877045875, "class_name": "Alto", "index": "NDVI", "min_value": null, "max_value": null }, "geometry": { "type": "Polygon", "coordinates": [ [ [ -89.080937904813098, 13.385468272066975 ], [ -89.067463237188235, 13.385468272066969 ], [ -89.067463237188235, 13.371993604442109 ], [ -89.080937904813098, 13.371993604442109 ], [ -89.080937904813098, 13.385468272066975 ] ] ] } },
{ "type": "Feature", "properties": { "class_id": 4, "area_m2": 2176752.9350992548, "class_name": "Alto", "index": "NDVI", "min_value": null, "max_value": null }, "geometry": { "type": "Polygon", "coordinates": [ [ [ -89.107887240062837, 13.398942939691841 ], [ -89.09441257243796, 13.398942939691834 ], [ -89.09441257243796, 13.385468272066969 ], [ -89.107887240062837, 13.385468272066969 ], [ -89.107887240062837, 13.398942939691841 ] ] ] } },
{ "type": "Feature", "properties": { "class_id": 4, "area_m2": 2176705.7610897282, "class_name": "Alto", "index": "NDVI", "min_value": null, "max_value": null }, "geometry": { "type": "Polygon", "coordinates": [ [ [ -89.134836575312562, 13.412417607316701 ], [ -89.121361907687685, 13.412417607316703 ], [ -89.121361907687685, 13.398942939691834 ], [ -89.134836575312562, 13.398942939691839 ], [ -89.134836575312562, 13.412417607316701 ] ] ] } },
{ "type": "Feature", "properties": { "class_id": 4, "area_m2": 2176613.7473912272, "class_name": "Alto", "index": "NDVI", "min_value": null, "max_value": null }, "geometry": { "type": "Polygon", "coordinates": [ [ [ -89.188735245812012, 13.439366942566433 ], [ -89.175260578187149, 13.439366942566432 ], [ -89.175260578187149, 13.425892274941569 ], [ -89.188735245812012, 13.425892274941567 ], [ -89.188735245812012, 13.439366942566433 ] ] ] } },
{ "type": "Feature", "properties": { "class_id": 4, "area_m2": 2176568.9069592138, "class_name": "Alto", "index": "NDVI", "min_value": null, "max_value": null }, "geometry": { "type": "Polygon", "coordinates": [ [ [ -89.202209913436889, 13.439366942566432 ], [ -89.215684581061751, 13.439366942566435 ], [ -89.215684581061751, 13.452841610191301 ], [ -89.202209913436889, 13.452841610191301 ], [ -89.202209913436889, 13.439366942566432 ] ] ] } },
{ "type": "Feature", "properties": { "class_id": 4, "area_m2": 2176524.8436386967, "class_name": "Alto", "index": "NDVI", "min_value": null, "max_value": null }, "geometry": { "type": "Polygon", "coordinates": [ [ [ -89.229159248686628, 13.452841610191307 ], [ -89.242633916311476, 13.452841610191298 ], [ -89.242633916311476, 13.466316277816162 ], [ -89.229159248686628, 13.466316277816167 ], [ -89.229159248686628, 13.452841610191307 ] ] ] } },
{ "type": "Feature", "properties": { "class_id": 4, "area_m2": 2175931.8373221937, "class_name": "Alto", "index": "NDVI", "min_value": null, "max_value": null }, "geometry": { "type": "Polygon", "coordinates": [ [ [ -89.202209913436889, 13.520214948315626 ], [ -89.188735245812012, 13.520214948315623 ], [ -89.188735245812012, 13.506740280690758 ], [ -89.202209913436889, 13.506740280690758 ], [ -89.202209913436889, 13.520214948315626 ] ] ] } },
{ "type": "Feature", "properties": { "class_id": 4, "area_m2": 2175728.6021589278, "class_name": "Alto", "index": "NDVI", "min_value": null, "max_value": null }, "geometry": { "type": "Polygon", "coordinates": [ [ [ -89.202209913436889, 13.533689615940492 ], [ -89.215684581061751, 13.533689615940492 ], [ -89.215684581061751, 13.547164283565358 ], [ -89.202209913436889, 13.547164283565355 ], [ -89.202209913436889, 13.533689615940492 ] ] ] } },
{ "type": "Feature", "properties": { "class_id": 4, "area_m2": 45686687.253196441, "class_name": "Alto", "index": "NDVI", "min_value": null, "max_value": null }, "geometry": { "type": "Polygon", "coordinates": [ [ [ -89.188735245812012, 13.601062954064815 ], [ -89.134836575312562, 13.601062954064824 ], [ -89.134836575312562, 13.587588286439953 ], [ -89.175260578187149, 13.587588286439953 ], [ -89.175260578187149, 13.560638951190215 ], [ -89.215684581061751, 13.560638951190221 ], [ -89.215684581061751, 13.547164283565358 ], [ -89.229159248686628, 13.547164283565358 ], [ -89.229159248686628, 13.533689615940492 ], [ -89.242633916311476, 13.533689615940492 ], [ -89.242633916311476, 13.520214948315619 ], [ -89.229159248686628, 13.520214948315628 ], [ -89.229159248686628, 13.506740280690758 ], [ -89.242633916311476, 13.506740280690758 ], [ -89.242633916311476, 13.493265613065898 ], [ -89.256108583936339, 13.493265613065899 ], [ -89.256108583936339, 13.547164283565353 ], [ -89.242633916311476, 13.547164283565353 ], [ -89.242633916311476, 13.587588286439953 ], [ -89.215684581061751, 13.587588286439953 ], [ -89.215684581061751, 13.574113618815083 ], [ -89.202209913436889, 13.574113618815089 ], [ -89.202209913436889, 13.587588286439953 ], [ -89.188735245812012, 13.587588286439953 ], [ -89.188735245812012, 13.601062954064815 ] ] ] } },
{ "type": "Feature", "properties": { "class_id": 4, "area_m2": 2174903.8978861561, "class_name": "Alto", "index": "NDVI", "min_value": null, "max_value": null }, "geometry": { "type": "Polygon", "coordinates": [ [ [ -89.134836575312562, 13.614537621689685 ], [ -89.121361907687685, 13.614537621689685 ], [ -89.121361907687685, 13.601062954064817 ], [ -89.134836575312562, 13.601062954064824 ], [ -89.134836575312562, 13.614537621689685 ] ] ] } },
{ "type": "Feature", "properties": { "class_id": 4, "area_m2": 4350669.3805805882, "class_name": "Alto", "index": "NDVI", "min_value": null, "max_value": null }, "geometry": { "type": "Polygon", "coordinates": [ [ [ -89.269583251561215, 13.601062954064812 ], [ -89.29653258681094, 13.601062954064819 ], [ -89.29653258681094, 13.614537621689681 ], [ -89.269583251561215, 13.614537621689678 ], [ -89.269583251561215, 13.601062954064812 ] ] ] } },
{ "type": "Feature", "properties": { "class_id": 4, "area_m2": 6524144.9915988268, "class_name": "Alto", "index": "NDVI", "min_value": null, "max_value": null }, "geometry": { "type": "Polygon", "coordinates": [ [ [ -89.09441257243796, 13.628012289314549 ], [ -89.067463237188235, 13.628012289314549 ], [ -89.067463237188235, 13.601062954064817 ], [ -89.080937904813098, 13.601062954064815 ], [ -89.080937904813098, 13.61453762168968 ], [ -89.09441257243796, 13.614537621689683 ], [ -89.09441257243796, 13.628012289314549 ] ] ] } },
{ "type": "Feature", "properties": { "class_id": 4, "area_m2": 50027317.141120829, "class_name": "Alto", "index": "NDVI", "min_value": null, "max_value": null }, "geometry": { "type": "Polygon", "coordinates": [ [ [ -89.29653258681094, 13.587588286439951 ], [ -89.269583251561215, 13.587588286439953 ], [ -89.269583251561215, 13.601062954064812 ], [ -89.256108583936339, 13.601062954064822 ], [ -89.256108583936339, 13.614537621689683 ], [ -89.269583251561215, 13.614537621689678 ], [ -89.269583251561215, 13.628012289314549 ], [ -89.256108583936339, 13.628012289314549 ], [ -89.256108583936339, 13.66843629218914 ], [ -89.242633916311476, 13.668436292189142 ], [ -89.242633916311476, 13.641486956939412 ], [ -89.229159248686628, 13.641486956939412 ], [ -89.229159248686628, 13.66843629218914 ], [ -89.202209913436889, 13.66843629218914 ], [ -89.202209913436889, 13.614537621689683 ], [ -89.215684581061751, 13.614537621689685 ], [ -89.215684581061751, 13.601062954064819 ], [ -89.242633916311476, 13.601062954064814 ], [ -89.242633916311476, 13.587588286439953 ], [ -89.256108583936339, 13.587588286439951 ], [ -89.256108583936339, 13.560638951190221 ], [ -89.269583251561215, 13.560638951190215 ], [ -89.269583251561215, 13.574113618815085 ], [ -89.29653258681094, 13.574113618815089 ], [ -89.29653258681094, 13.587588286439951 ] ], [ [ -89.242633916311476, 13.628012289314546 ], [ -89.242633916311476, 13.61453762168968 ], [ -89.229159248686628, 13.61453762168968 ], [ -89.229159248686628, 13.628012289314546 ], [ -89.242633916311476, 13.628012289314546 ] ] ] } },
{ "type": "Feature", "properties": { "class_id": 4, "area_m2": 2174819.0728910202, "class_name": "Alto", "index": "NDVI", "min_value": null, "max_value": null }, "geometry": { "type": "Polygon", "coordinates": [ [ [ -89.148311242937424, 13.628012289314547 ], [ -89.134836575312562, 13.628012289314546 ], [ -89.134836575312562, 13.614537621689685 ], [ -89.148311242937424, 13.614537621689681 ], [ -89.148311242937424, 13.628012289314547 ] ] ] } },
{ "type": "Feature", "properties": { "class_id": 4, "area_m2": 2174565.1921485094, "class_name": "Alto", "index": "NDVI", "min_value": null, "max_value": null }, "geometry": { "type": "Polygon", "coordinates": [ [ [ -89.188735245812012, 13.668436292189137 ], [ -89.175260578187149, 13.668436292189146 ], [ -89.175260578187149, 13.65496162456428 ], [ -89.188735245812012, 13.654961624564278 ], [ -89.188735245812012, 13.668436292189137 ] ] ] } },
{ "type": "Feature", "properties": { "class_id": 4, "area_m2": 2174190.0934614385, "class_name": "Alto", "index": "NDVI", "min_value": null, "max_value": null }, "geometry": { "type": "Polygon", "coordinates": [ [ [ -89.080937904813098, 13.681910959814005 ], [ -89.080937904813098, 13.668436292189142 ], [ -89.09441257243796, 13.66843629218914 ], [ -89.09441257243796, 13.681910959814006 ], [ -89.080937904813098, 13.681910959814005 ] ] ] } },
{ "type": "Feature", "properties": { "class_id": 4, "area_m2": 10871378.80667018, "class_name": "Alto", "index": "NDVI", "min_value": null, "max_value": null }, "geometry": { "type": "Polygon", "coordinates": [ [ [ -89.107887240062837, 13.695385627438874 ], [ -89.107887240062837, 13.66843629218914 ], [ -89.09441257243796, 13.66843629218914 ], [ -89.09441257243796, 13.654961624564276 ], [ -89.121361907687685, 13.654961624564283 ], [ -89.121361907687685, 13.668436292189144 ], [ -89.134836575312562, 13.66843629218914 ], [ -89.134836575312562, 13.681910959814013 ], [ -89.121361907687685, 13.68191095981401 ], [ -89.121361907687685, 13.695385627438874 ], [ -89.107887240062837, 13.695385627438874 ] ] ] } },
{ "type": "Feature", "properties": { "class_id": 4, "area_m2": 4349065.3296589796, "class_name": "Alto", "index": "NDVI", "min_value": null, "max_value": null }, "geometry": { "type": "Polygon", "coordinates": [ [ [ -89.242633916311476, 13.695385627438876 ], [ -89.229159248686628, 13.695385627438874 ], [ -89.229159248686628, 13.66843629218914 ], [ -89.242633916311476, 13.668436292189142 ], [ -89.242633916311476, 13.695385627438876 ] ] ] } },
{ "type": "Feature", "properties": { "class_id": 4, "area_m2": 2174053.9384436738, "class_name": "Alto", "index": "NDVI", "min_value": null, "max_value": null }, "geometry": { "type": "Polygon", "coordinates": [ [ [ -89.134836575312562, 13.708860295063744 ], [ -89.121361907687685, 13.708860295063742 ], [ -89.121361907687685, 13.695385627438874 ], [ -89.134836575312562, 13.695385627438874 ], [ -89.134836575312562, 13.708860295063744 ] ] ] } },
{ "type": "Feature", "properties": { "class_id": 4, "area_m2": 4348089.7644939851, "class_name": "Alto", "index": "NDVI", "min_value": null, "max_value": null }, "geometry": { "type": "Polygon", "coordinates": [ [ [ -89.229159248686628, 13.749284297938338 ], [ -89.229159248686628, 13.722334962688606 ], [ -89.242633916311476, 13.722334962688599 ], [ -89.242633916311476, 13.749284297938337 ], [ -89.229159248686628, 13.749284297938338 ] ] ] } },
{ "type": "Feature", "properties": { "class_id": 4, "area_m2": 2173871.1315003247, "class_name": "Alto", "index": "NDVI", "min_value": null, "max_value": null }, "geometry": { "type": "Polygon", "coordinates": [ [ [ -89.188735245812012, 13.735809630313467 ], [ -89.202209913436889, 13.73580963031347 ], [ -89.202209913436889, 13.749284297938337 ], [ -89.188735245812012, 13.749284297938337 ], [ -89.188735245812012, 13.735809630313467 ] ] ] } },
{ "type": "Feature", "properties": { "class_id": 4, "area_m2": 2173823.7355688624, "class_name": "Alto", "index": "NDVI", "min_value": null, "max_value": null }, "geometry": { "type": "Polygon", "coordinates": [ [ [ -89.215684581061751, 13.749284297938337 ], [ -89.229159248686628, 13.749284297938338 ], [ -89.229159248686628, 13.762758965563195 ], [ -89.215684581061751, 13.762758965563197 ], [ -89.215684581061751, 13.749284297938337 ] ] ] } },
{ "type": "Feature", "properties": { "class_id": 4, "area_m2": 28251468.808054291, "class_name": "Alto", "index": "NDVI", "min_value": null, "max_value": null }, "geometry": { "type": "Polygon", "coordinates": [ [ [ -89.161785910562287, 13.830132303687522 ], [ -89.121361907687685, 13.830132303687527 ], [ -89.121361907687685, 13.776233633188069 ], [ -89.161785910562287, 13.776233633188067 ], [ -89.161785910562287, 13.789708300812935 ], [ -89.175260578187149, 13.789708300812928 ], [ -89.175260578187149, 13.803182968437799 ], [ -89.161785910562287, 13.803182968437797 ], [ -89.161785910562287, 13.830132303687522 ] ] ] } },
{ "type": "Feature", "properties": { "class_id": 4, "area_m2": 2173362.8874867582, "class_name": "Alto", "index": "NDVI", "min_value": null, "max_value": null }, "geometry": { "type": "Polygon", "coordinates": [ [ [ -89.283057919186078, 13.830132303687522 ], [ -89.269583251561215, 13.83013230368752 ], [ -89.269583251561215, 13.816657636062661 ], [ -89.283057919186078, 13.816657636062663 ], [ -89.283057919186078, 13.830132303687522 ] ] ] } },
{ "type": "Feature", "properties": { "class_id": 4, "area_m2": 2173116.7141672894, "class_name": "Alto", "index": "NDVI", "min_value": null, "max_value": null }, "geometry": { "type": "Polygon", "coordinates": [ [ [ -89.283057919186078, 13.85708163893726 ], [ -89.269583251561215, 13.857081638937258 ], [ -89.269583251561215, 13.843606971312386 ], [ -89.283057919186078, 13.843606971312386 ], [ -89.283057919186078, 13.85708163893726 ] ] ] } },
{ "type": "Feature", "properties": { "class_id": 4, "area_m2": 8691611.3654585239, "class_name": "Alto", "index": "NDVI", "min_value": null, "max_value": null }, "geometry": { "type": "Polygon", "coordinates": [ [ [ -89.229159248686628, 13.84360697131239 ], [ -89.229159248686628, 13.857081638937261 ], [ -89.242633916311476, 13.857081638937258 ], [ -89.242633916311476, 13.870556306562124 ], [ -89.215684581061751, 13.870556306562122 ], [ -89.215684581061751, 13.85708163893726 ], [ -89.202209913436889, 13.85708163893726 ], [ -89.202209913436889, 13.84360697131239 ], [ -89.229159248686628, 13.84360697131239 ] ] ] } },
{ "type": "Feature", "properties": { "class_id": 4, "area_m2": 740790241.91515195, "class_name": "Alto", "index": "NDVI", "min_value": null, "max_value": null }, "geometry": { "type": "Polygon", "coordinates": [ [ [ -89.188735245812012, 14.140049659059423 ], [ -89.175260578187149, 14.140049659059422 ], [ -89.175260578187149, 14.153524326684291 ], [ -89.148311242937424, 14.153524326684295 ], [ -89.148311242937424, 14.140049659059423 ], [ -89.09441257243796, 14.140049659059425 ], [ -89.09441257243796, 14.086150988559965 ], [ -89.080937904813098, 14.086150988559965 ], [ -89.080937904813098, 14.059201653310234 ], [ -89.09441257243796, 14.059201653310234 ], [ -89.09441257243796, 14.072676320935102 ], [ -89.107887240062837, 14.072676320935102 ], [ -89.107887240062837, 14.086150988559968 ], [ -89.121361907687685, 14.086150988559972 ], [ -89.121361907687685, 14.032252318060506 ], [ -89.107887240062837, 14.032252318060509 ], [ -89.107887240062837, 14.018777650435638 ], [ -89.121361907687685, 14.018777650435647 ], [ -89.121361907687685, 14.005302982810774 ], [ -89.107887240062837, 14.005302982810772 ], [ -89.107887240062837, 13.991828315185906 ], [ -89.121361907687685, 13.991828315185908 ], [ -89.121361907687685, 13.978353647561049 ], [ -89.107887240062837, 13.978353647561043 ], [ -89.107887240062837, 13.964878979936179 ], [ -89.080937904813098, 13.964878979936181 ], [ -89.080937904813098, 13.951404312311311 ], [ -89.067463237188235, 13.951404312311311 ], [ -89.067463237188235, 13.924454977061584 ], [ -89.053988569563359, 13.924454977061584 ], [ -89.053988569563359, 13.91098030943672 ], [ -89.027039234313634, 13.910980309436725 ], [ -89.027039234313634, 13.897505641811854 ], [ -89.013564566688771, 13.897505641811854 ], [ -89.013564566688771, 13.924454977061579 ], [ -88.986615231439046, 13.924454977061588 ], [ -88.986615231439046, 13.897505641811859 ], [ -88.973140563814169, 13.897505641811851 ], [ -88.973140563814169, 13.884030974186985 ], [ -88.959665896189307, 13.884030974186993 ], [ -88.959665896189307, 13.924454977061577 ], [ -88.932716560939582, 13.924454977061579 ], [ -88.932716560939582, 13.897505641811854 ], [ -88.91924189331472, 13.897505641811854 ], [ -88.91924189331472, 13.88403097418699 ], [ -88.905767225689843, 13.884030974186985 ], [ -88.905767225689843, 13.870556306562122 ], [ -88.91924189331472, 13.870556306562129 ], [ -88.91924189331472, 13.85708163893726 ], [ -88.932716560939582, 13.857081638937261 ], [ -88.932716560939582, 13.84360697131239 ], [ -88.946191228564444, 13.843606971312388 ], [ -88.946191228564444, 13.803182968437801 ], [ -88.932716560939582, 13.803182968437797 ], [ -88.932716560939582, 13.789708300812928 ], [ -88.959665896189307, 13.789708300812933 ], [ -88.959665896189307, 13.776233633188063 ], [ -88.973140563814169, 13.776233633188063 ], [ -88.973140563814169, 13.789708300812933 ], [ -89.000089899063909, 13.789708300812933 ], [ -89.000089899063909, 13.803182968437799 ], [ -88.973140563814169, 13.803182968437797 ], [ -88.973140563814169, 13.816657636062663 ], [ -88.959665896189307, 13.816657636062656 ], [ -88.959665896189307, 13.857081638937263 ], [ -88.986615231439046, 13.85708163893726 ], [ -88.986615231439046, 13.843606971312393 ], [ -89.000089899063909, 13.84360697131239 ], [ -89.000089899063909, 13.83013230368752 ], [ -89.027039234313634, 13.830132303687524 ], [ -89.027039234313634, 13.843606971312393 ], [ -89.053988569563359, 13.84360697131239 ], [ -89.053988569563359, 13.830132303687522 ], [ -89.067463237188235, 13.830132303687522 ], [ -89.067463237188235, 13.843606971312393 ], [ -89.09441257243796, 13.843606971312388 ], [ -89.09441257243796, 13.83013230368752 ], [ -89.121361907687685, 13.830132303687527 ], [ -89.121361907687685, 13.857081638937258 ], [ -89.148311242937424, 13.857081638937258 ], [ -89.148311242937424, 13.870556306562127 ], [ -89.161785910562287, 13.870556306562122 ], [ -89.161785910562287, 13.85708163893726 ], [ -89.175260578187149, 13.857081638937258 ], [ -89.175260578187149, 13.81665763606266 ], [ -89.188735245812012, 13.816657636062665 ], [ -89.188735245812012, 13.789708300812931 ], [ -89.202209913436889, 13.789708300812931 ], [ -89.202209913436889, 13.776233633188067 ], [ -89.175260578187149, 13.776233633188063 ], [ -89.175260578187149, 13.762758965563201 ], [ -89.215684581061751, 13.762758965563197 ], [ -89.215684581061751, 13.776233633188067 ], [ -89.229159248686628, 13.776233633188061 ], [ -89.229159248686628, 13.762758965563195 ], [ -89.242633916311476, 13.762758965563203 ], [ -89.242633916311476, 13.749284297938337 ], [ -89.256108583936339, 13.749284297938337 ], [ -89.256108583936339, 13.776233633188063 ], [ -89.269583251561215, 13.776233633188063 ], [ -89.269583251561215, 13.749284297938337 ], [ -89.29653258681094, 13.749284297938337 ], [ -89.29653258681094, 13.735809630313467 ], [ -89.283057919186078, 13.735809630313472 ], [ -89.283057919186078, 13.70886029506374 ], [ -89.269583251561215, 13.708860295063737 ], [ -89.269583251561215, 13.722334962688604 ], [ -89.242633916311476, 13.722334962688599 ], [ -89.242633916311476, 13.708860295063737 ], [ -89.256108583936339, 13.70886029506374 ], [ -89.256108583936339, 13.695385627438872 ], [ -89.283057919186078, 13.695385627438876 ], [ -89.283057919186078, 13.681910959814008 ], [ -89.323481922060665, 13.681910959814012 ], [ -89.323481922060665, 13.66843629218914 ], [ -89.283057919186078, 13.668436292189142 ], [ -89.283057919186078, 13.641486956939415 ], [ -89.269583251561215, 13.641486956939412 ], [ -89.269583251561215, 13.628012289314549 ], [ -89.29653258681094, 13.628012289314546 ], [ -89.29653258681094, 13.614537621689681 ], [ -89.310007254435803, 13.614537621689681 ], [ -89.310007254435803, 13.641486956939412 ], [ -89.336956589685542, 13.641486956939412 ], [ -89.336956589685542, 13.654961624564276 ], [ -89.350431257310419, 13.654961624564278 ], [ -89.350431257310419, 13.628012289314549 ], [ -89.377380592560129, 13.628012289314546 ], [ -89.377380592560129, 13.641486956939412 ], [ -89.363905924935267, 13.64148695693941 ], [ -89.363905924935267, 13.708860295063744 ], [ -89.336956589685542, 13.70886029506374 ], [ -89.336956589685542, 13.749284297938337 ], [ -89.363905924935267, 13.749284297938335 ], [ -89.363905924935267, 13.776233633188061 ], [ -89.350431257310419, 13.776233633188067 ], [ -89.350431257310419, 13.762758965563199 ], [ -89.323481922060665, 13.762758965563201 ], [ -89.323481922060665, 13.776233633188063 ], [ -89.336956589685542, 13.776233633188067 ], [ -89.336956589685542, 13.789708300812935 ], [ -89.310007254435803, 13.789708300812931 ], [ -89.310007254435803, 13.803182968437797 ], [ -89.336956589685542, 13.803182968437799 ], [ -89.336956589685542, 13.84360697131239 ], [ -89.323481922060665, 13.843606971312392 ], [ -89.323481922060665, 13.830132303687522 ], [ -89.29653258681094, 13.830132303687522 ], [ -89.29653258681094, 13.789708300812929 ], [ -89.283057919186078, 13.789708300812933 ], [ -89.283057919186078, 13.803182968437797 ], [ -89.269583251561215, 13.803182968437794 ], [ -89.269583251561215, 13.816657636062661 ], [ -89.242633916311476, 13.81665763606266 ], [ -89.242633916311476, 13.803182968437795 ], [ -89.229159248686628, 13.803182968437797 ], [ -89.229159248686628, 13.830132303687524 ], [ -89.188735245812012, 13.830132303687522 ], [ -89.188735245812012, 13.85708163893726 ], [ -89.202209913436889, 13.85708163893726 ], [ -89.202209913436889, 13.884030974186993 ], [ -89.242633916311476, 13.884030974186985 ], [ -89.242633916311476, 13.870556306562124 ], [ -89.256108583936339, 13.870556306562122 ], [ -89.256108583936339, 13.88403097418699 ], [ -89.283057919186078, 13.884030974186985 ], [ -89.283057919186078, 13.91098030943672 ], [ -89.256108583936339, 13.91098030943672 ], [ -89.256108583936339, 13.93792964468645 ], [ -89.229159248686628, 13.937929644686449 ], [ -89.229159248686628, 13.91098030943672 ], [ -89.215684581061751, 13.910980309436722 ], [ -89.215684581061751, 13.951404312311313 ], [ -89.229159248686628, 13.951404312311315 ], [ -89.229159248686628, 13.964878979936177 ], [ -89.215684581061751, 13.964878979936181 ], [ -89.215684581061751, 13.978353647561043 ], [ -89.242633916311476, 13.978353647561041 ], [ -89.242633916311476, 14.00530298281077 ], [ -89.229159248686628, 14.005302982810774 ], [ -89.229159248686628, 14.032252318060507 ], [ -89.215684581061751, 14.032252318060502 ], [ -89.215684581061751, 14.059201653310234 ], [ -89.202209913436889, 14.059201653310234 ], [ -89.202209913436889, 14.072676320935102 ], [ -89.188735245812012, 14.072676320935098 ], [ -89.188735245812012, 14.086150988559968 ], [ -89.215684581061751, 14.086150988559965 ], [ -89.215684581061751, 14.099625656184836 ], [ -89.229159248686628, 14.099625656184831 ], [ -89.229159248686628, 14.113100323809695 ], [ -89.215684581061751, 14.113100323809702 ], [ -89.215684581061751, 14.153524326684289 ], [ -89.188735245812012, 14.153524326684291 ], [ -89.188735245812012, 14.140049659059423 ] ], [ [ -89.121361907687685, 14.099625656184834 ], [ -89.134836575312562, 14.099625656184834 ], [ -89.134836575312562, 14.086150988559965 ], [ -89.121361907687685, 14.086150988559972 ], [ -89.121361907687685, 14.099625656184834 ] ], [ [ -89.161785910562287, 13.88403097418699 ], [ -89.175260578187149, 13.884030974186983 ], [ -89.175260578187149, 13.870556306562124 ], [ -89.161785910562287, 13.870556306562122 ], [ -89.161785910562287, 13.88403097418699 ] ], [ [ -89.242633916311476, 13.776233633188067 ], [ -89.242633916311476, 13.789708300812933 ], [ -89.256108583936339, 13.789708300812931 ], [ -89.256108583936339, 13.776233633188063 ], [ -89.242633916311476, 13.776233633188067 ] ], [ [ -89.310007254435803, 13.735809630313467 ], [ -89.310007254435803, 13.722334962688606 ], [ -89.29653258681094, 13.722334962688608 ], [ -89.29653258681094, 13.735809630313467 ], [ -89.310007254435803, 13.735809630313467 ] ], [ [ -89.229159248686628, 13.789708300812933 ], [ -89.215684581061751, 13.789708300812929 ], [ -89.215684581061751, 13.803182968437797 ], [ -89.229159248686628, 13.803182968437797 ], [ -89.229159248686628, 13.789708300812933 ] ], [ [ -89.202209913436889, 13.803182968437795 ], [ -89.202209913436889, 13.816657636062663 ], [ -89.215684581061751, 13.81665763606266 ], [ -89.215684581061751, 13.803182968437797 ], [ -89.202209913436889, 13.803182968437795 ] ], [ [ -89.202209913436889, 13.978353647561047 ], [ -89.202209913436889, 13.924454977061581 ], [ -89.188735245812012, 13.924454977061581 ], [ -89.188735245812012, 13.910980309436718 ], [ -89.161785910562287, 13.91098030943672 ], [ -89.161785910562287, 13.924454977061581 ], [ -89.175260578187149, 13.924454977061581 ], [ -89.175260578187149, 14.005302982810772 ], [ -89.161785910562287, 14.005302982810777 ], [ -89.161785910562287, 14.018777650435641 ], [ -89.188735245812012, 14.018777650435641 ], [ -89.188735245812012, 14.005302982810772 ], [ -89.202209913436889, 14.005302982810777 ], [ -89.202209913436889, 13.991828315185909 ], [ -89.215684581061751, 13.991828315185904 ], [ -89.215684581061751, 13.978353647561043 ], [ -89.202209913436889, 13.978353647561047 ] ], [ [ -89.161785910562287, 13.991828315185911 ], [ -89.148311242937424, 13.991828315185911 ], [ -89.148311242937424, 14.005302982810774 ], [ -89.161785910562287, 14.005302982810777 ], [ -89.161785910562287, 13.991828315185911 ] ], [ [ -89.148311242937424, 14.018777650435643 ], [ -89.148311242937424, 14.0322523180605 ], [ -89.161785910562287, 14.032252318060507 ], [ -89.161785910562287, 14.018777650435641 ], [ -89.148311242937424, 14.018777650435643 ] ], [ [ -89.161785910562287, 14.059201653310234 ], [ -89.148311242937424, 14.059201653310234 ], [ -89.148311242937424, 14.072676320935102 ], [ -89.161785910562287, 14.072676320935102 ], [ -89.161785910562287, 14.099625656184834 ], [ -89.175260578187149, 14.099625656184827 ], [ -89.175260578187149, 14.032252318060502 ], [ -89.161785910562287, 14.032252318060507 ], [ -89.161785910562287, 14.059201653310234 ] ], [ [ -89.175260578187149, 14.113100323809697 ], [ -89.175260578187149, 14.126574991434563 ], [ -89.188735245812012, 14.126574991434564 ], [ -89.188735245812012, 14.113100323809698 ], [ -89.175260578187149, 14.113100323809697 ] ], [ [ -89.134836575312562, 13.93792964468645 ], [ -89.134836575312562, 13.964878979936181 ], [ -89.148311242937424, 13.964878979936181 ], [ -89.148311242937424, 13.93792964468645 ], [ -89.134836575312562, 13.93792964468645 ] ], [ [ -89.134836575312562, 13.924454977061584 ], [ -89.134836575312562, 13.91098030943672 ], [ -89.107887240062837, 13.91098030943672 ], [ -89.107887240062837, 13.924454977061581 ], [ -89.134836575312562, 13.924454977061584 ] ], [ [ -89.107887240062837, 13.884030974186986 ], [ -89.121361907687685, 13.884030974186986 ], [ -89.121361907687685, 13.870556306562124 ], [ -89.09441257243796, 13.87055630656212 ], [ -89.09441257243796, 13.91098030943672 ], [ -89.107887240062837, 13.91098030943672 ], [ -89.107887240062837, 13.884030974186986 ] ], [ [ -89.121361907687685, 13.897505641811854 ], [ -89.134836575312562, 13.897505641811856 ], [ -89.134836575312562, 13.884030974186986 ], [ -89.121361907687685, 13.884030974186986 ], [ -89.121361907687685, 13.897505641811854 ] ], [ [ -89.080937904813098, 13.897505641811854 ], [ -89.080937904813098, 13.884030974186986 ], [ -89.067463237188235, 13.884030974186986 ], [ -89.067463237188235, 13.897505641811859 ], [ -89.080937904813098, 13.897505641811854 ] ], [ [ -89.067463237188235, 13.857081638937258 ], [ -89.053988569563359, 13.857081638937263 ], [ -89.053988569563359, 13.870556306562122 ], [ -89.040513901938496, 13.870556306562118 ], [ -89.040513901938496, 13.884030974186985 ], [ -89.067463237188235, 13.884030974186986 ], [ -89.067463237188235, 13.857081638937258 ] ] ] } },
{ "type": "Feature", "properties": { "class_id": 4, "area_m2": 4344951.7572031319, "class_name": "Alto", "index": "NDVI", "min_value": null, "max_value": null }, "geometry": { "type": "Polygon", "coordinates": [ [ [ -89.29653258681094, 13.937929644686445 ], [ -89.283057919186078, 13.937929644686452 ], [ -89.283057919186078, 13.91098030943672 ], [ -89.29653258681094, 13.91098030943672 ], [ -89.29653258681094, 13.937929644686445 ] ] ] } },
{ "type": "Feature", "properties": { "class_id": 4, "area_m2": 2172213.0103001813, "class_name": "Alto", "index": "NDVI", "min_value": null, "max_value": null }, "geometry": { "type": "Polygon", "coordinates": [ [ [ -89.256108583936339, 13.93792964468645 ], [ -89.269583251561215, 13.937929644686443 ], [ -89.269583251561215, 13.951404312311308 ], [ -89.256108583936339, 13.951404312311317 ], [ -89.256108583936339, 13.93792964468645 ] ] ] } },
{ "type": "Feature", "properties": { "class_id": 4, "area_m2": 13026223.509783985, "class_name": "Alto", "index": "NDVI", "min_value": null, "max_value": null }, "geometry": { "type": "Polygon", "coordinates": [ [ [ -89.067463237188235, 14.005302982810774 ], [ -89.080937904813098, 14.005302982810775 ], [ -89.080937904813098, 14.032252318060504 ], [ -89.053988569563359, 14.032252318060506 ], [ -89.053988569563359, 14.018777650435641 ], [ -89.040513901938496, 14.018777650435641 ], [ -89.040513901938496, 14.005302982810772 ], [ -89.053988569563359, 14.005302982810772 ], [ -89.053988569563359, 13.991828315185911 ], [ -89.067463237188235, 13.991828315185909 ], [ -89.067463237188235, 14.005302982810774 ] ] ] } },
{ "type": "Feature", "properties": { "class_id": 4, "area_m2": 2171149.0753249251, "class_name": "Alto", "index": "NDVI", "min_value": null, "max_value": null }, "geometry": { "type": "Polygon", "coordinates": [ [ [ -89.107887240062837, 14.018777650435638 ], [ -89.09441257243796, 14.018777650435641 ], [ -89.09441257243796, 14.005302982810772 ], [ -89.107887240062837, 14.005302982810772 ], [ -89.107887240062837, 14.018777650435638 ] ] ] } },
{ "type": "Feature", "properties": { "class_id": 4, "area_m2": 4342070.0422647912, "class_name": "Alto", "index": "NDVI", "min_value": null, "max_value": null }, "geometry": { "type": "Polygon", "coordinates": [ [ [ -89.229159248686628, 14.059201653310236 ], [ -89.256108583936339, 14.059201653310234 ], [ -89.256108583936339, 14.072676320935102 ], [ -89.229159248686628, 14.072676320935102 ], [ -89.229159248686628, 14.059201653310236 ] ] ] } },
{ "type": "Feature", "properties": { "class_id": 4, "area_m2": 4340623.7413352579, "class_name": "Alto", "index": "NDVI", "min_value": null, "max_value": null }, "geometry": { "type": "Polygon", "coordinates": [ [ [ -89.053988569563359, 14.086150988559968 ], [ -89.080937904813098, 14.086150988559965 ], [ -89.080937904813098, 14.099625656184829 ], [ -89.053988569563359, 14.099625656184832 ], [ -89.053988569563359, 14.086150988559968 ] ] ] } },
{ "type": "Feature", "properties": { "class_id": 4, "area_m2": 4341055.795175544, "class_name": "Alto", "index": "NDVI", "min_value": null, "max_value": null }, "geometry": { "type": "Polygon", "coordinates": [ [ [ -89.269583251561215, 14.140049659059423 ], [ -89.256108583936339, 14.140049659059429 ], [ -89.256108583936339, 14.113100323809695 ], [ -89.269583251561215, 14.113100323809695 ], [ -89.269583251561215, 14.140049659059423 ] ] ] } },
{ "type": "Feature", "properties": { "class_id": 4, "area_m2": 2170263.5119061237, "class_name": "Alto", "index": "NDVI", "min_value": null, "max_value": null }, "geometry": { "type": "Polygon", "coordinates": [ [ [ -89.242633916311476, 14.153524326684295 ], [ -89.229159248686628, 14.153524326684289 ], [ -89.229159248686628, 14.140049659059429 ], [ -89.242633916311476, 14.140049659059427 ], [ -89.242633916311476, 14.153524326684295 ] ] ] } },
{ "type": "Feature", "properties": { "class_id": 4, "area_m2": 4339599.1933157342, "class_name": "Alto", "index": "NDVI", "min_value": null, "max_value": null }, "geometry": { "type": "Polygon", "coordinates": [ [ [ -89.09441257243796, 14.166998994309155 ], [ -89.080937904813098, 14.166998994309155 ], [ -89.080937904813098, 14.140049659059432 ], [ -89.09441257243796, 14.140049659059425 ], [ -89.09441257243796, 14.166998994309155 ] ] ] } },
{ "type": "Feature", "properties": { "class_id": 4, "area_m2": 8679661.5004708618, "class_name": "Alto", "index": "NDVI", "min_value": null, "max_value": null }, "geometry": { "type": "Polygon", "coordinates": [ [ [ -89.269583251561215, 14.207422997183755 ], [ -89.256108583936339, 14.20742299718375 ], [ -89.256108583936339, 14.180473661934025 ], [ -89.29653258681094, 14.180473661934025 ], [ -89.29653258681094, 14.193948329558882 ], [ -89.269583251561215, 14.193948329558882 ], [ -89.269583251561215, 14.207422997183755 ] ] ] } },
{ "type": "Feature", "properties": { "class_id": 4, "area_m2": 26032133.944220547, "class_name": "Alto", "index": "NDVI", "min_value": null, "max_value": null }, "geometry": { "type": "Polygon", "coordinates": [ [ [ -89.107887240062837, 14.18047366193403 ], [ -89.107887240062837, 14.193948329558886 ], [ -89.134836575312562, 14.193948329558889 ], [ -89.134836575312562, 14.207422997183752 ], [ -89.121361907687685, 14.207422997183752 ], [ -89.121361907687685, 14.234372332433486 ], [ -89.067463237188235, 14.234372332433489 ], [ -89.067463237188235, 14.220897664808616 ], [ -89.080937904813098, 14.220897664808623 ], [ -89.080937904813098, 14.20742299718375 ], [ -89.09441257243796, 14.207422997183752 ], [ -89.09441257243796, 14.193948329558884 ], [ -89.067463237188235, 14.193948329558891 ], [ -89.067463237188235, 14.180473661934032 ], [ -89.107887240062837, 14.18047366193403 ] ], [ [ -89.09441257243796, 14.220897664808616 ], [ -89.107887240062837, 14.22089766480862 ], [ -89.107887240062837, 14.207422997183754 ], [ -89.09441257243796, 14.207422997183752 ], [ -89.09441257243796, 14.220897664808616 ] ] ] } },
{ "type": "Feature", "properties": { "class_id": 4, "area_m2": 39051870.818299584, "class_name": "Alto", "index": "NDVI", "min_value": null, "max_value": null }, "geometry": { "type": "Polygon", "coordinates": [ [ [ -89.229159248686628, 14.220897664808621 ], [ -89.229159248686628, 14.24784700005835 ], [ -89.215684581061751, 14.247847000058346 ], [ -89.215684581061751, 14.220897664808618 ], [ -89.202209913436889, 14.220897664808623 ], [ -89.202209913436889, 14.193948329558886 ], [ -89.188735245812012, 14.193948329558884 ], [ -89.188735245812012, 14.20742299718375 ], [ -89.175260578187149, 14.207422997183752 ], [ -89.175260578187149, 14.193948329558886 ], [ -89.161785910562287, 14.193948329558886 ], [ -89.161785910562287, 14.180473661934029 ], [ -89.215684581061751, 14.180473661934027 ], [ -89.215684581061751, 14.207422997183748 ], [ -89.256108583936339, 14.20742299718375 ], [ -89.256108583936339, 14.220897664808621 ], [ -89.29653258681094, 14.220897664808616 ], [ -89.29653258681094, 14.247847000058352 ], [ -89.283057919186078, 14.247847000058348 ], [ -89.283057919186078, 14.234372332433486 ], [ -89.269583251561215, 14.234372332433486 ], [ -89.269583251561215, 14.247847000058346 ], [ -89.256108583936339, 14.247847000058352 ], [ -89.256108583936339, 14.234372332433486 ], [ -89.242633916311476, 14.234372332433486 ], [ -89.242633916311476, 14.220897664808618 ], [ -89.229159248686628, 14.220897664808621 ] ] ] } },
{ "type": "Feature", "properties": { "class_id": 4, "area_m2": 32536375.680861145, "class_name": "Alto", "index": "NDVI", "min_value": null, "max_value": null }, "geometry": { "type": "Polygon", "coordinates": [ [ [ -89.134836575312562, 14.22089766480862 ], [ -89.134836575312562, 14.207422997183752 ], [ -89.148311242937424, 14.207422997183752 ], [ -89.148311242937424, 14.193948329558888 ], [ -89.161785910562287, 14.193948329558886 ], [ -89.161785910562287, 14.247847000058357 ], [ -89.202209913436889, 14.247847000058352 ], [ -89.202209913436889, 14.261321667683216 ], [ -89.188735245812012, 14.261321667683216 ], [ -89.188735245812012, 14.288271002932943 ], [ -89.175260578187149, 14.288271002932946 ], [ -89.175260578187149, 14.274796335308082 ], [ -89.161785910562287, 14.274796335308086 ], [ -89.161785910562287, 14.288271002932948 ], [ -89.148311242937424, 14.288271002932943 ], [ -89.148311242937424, 14.247847000058357 ], [ -89.134836575312562, 14.247847000058348 ], [ -89.134836575312562, 14.234372332433486 ], [ -89.148311242937424, 14.234372332433486 ], [ -89.148311242937424, 14.220897664808621 ], [ -89.134836575312562, 14.22089766480862 ] ] ] } },
{ "type": "Feature", "properties": { "class_id": 4, "area_m2": 2168670.2726407903, "class_name": "Alto", "index": "NDVI", "min_value": null, "max_value": null }, "geometry": { "type": "Polygon", "coordinates": [ [ [ -89.121361907687685, 14.28827100293295 ], [ -89.107887240062837, 14.288271002932944 ], [ -89.107887240062837, 14.27479633530808 ], [ -89.121361907687685, 14.274796335308082 ], [ -89.121361907687685, 14.28827100293295 ] ] ] } },
{ "type": "Feature", "properties": { "class_id": 4, "area_m2": 2168687.4828305035, "class_name": "Alto", "index": "NDVI", "min_value": null, "max_value": null }, "geometry": { "type": "Polygon", "coordinates": [ [ [ -89.161785910562287, 14.288271002932948 ], [ -89.175260578187149, 14.288271002932946 ], [ -89.175260578187149, 14.301745670557811 ], [ -89.161785910562287, 14.301745670557816 ], [ -89.161785910562287, 14.288271002932948 ] ] ] } },
{ "type": "Feature", "properties": { "class_id": 4, "area_m2": 2168760.9319477379, "class_name": "Alto", "index": "NDVI", "min_value": null, "max_value": null }, "geometry": { "type": "Polygon", "coordinates": [ [ [ -89.188735245812012, 14.288271002932943 ], [ -89.202209913436889, 14.288271002932946 ], [ -89.202209913436889, 14.301745670557809 ], [ -89.188735245812012, 14.301745670557809 ], [ -89.188735245812012, 14.288271002932943 ] ] ] } },
{ "type": "Feature", "properties": { "class_id": 4, "area_m2": 4337011.9108694084, "class_name": "Alto", "index": "NDVI", "min_value": null, "max_value": null }, "geometry": { "type": "Polygon", "coordinates": [ [ [ -89.161785910562287, 14.315220338182677 ], [ -89.134836575312562, 14.315220338182677 ], [ -89.134836575312562, 14.301745670557816 ], [ -89.161785910562287, 14.301745670557816 ], [ -89.161785910562287, 14.315220338182677 ] ] ] } },
{ "type": "Feature", "properties": { "class_id": 4, "area_m2": 2168596.9861632502, "class_name": "Alto", "index": "NDVI", "min_value": null, "max_value": null }, "geometry": { "type": "Polygon", "coordinates": [ [ [ -89.188735245812012, 14.315220338182669 ], [ -89.175260578187149, 14.315220338182671 ], [ -89.175260578187149, 14.301745670557811 ], [ -89.188735245812012, 14.301745670557809 ], [ -89.188735245812012, 14.315220338182669 ] ] ] } },
{ "type": "Feature", "properties": { "class_id": 4, "area_m2": 2168936.6655268371, "class_name": "Alto", "index": "NDVI", "min_value": null, "max_value": null }, "geometry": { "type": "Polygon", "coordinates": [ [ [ -89.29653258681094, 14.301745670557812 ], [ -89.310007254435803, 14.301745670557809 ], [ -89.310007254435803, 14.315220338182677 ], [ -89.29653258681094, 14.315220338182677 ], [ -89.29653258681094, 14.301745670557812 ] ] ] } },
{ "type": "Feature", "properties": { "class_id": 4, "area_m2": 2168218.3545124265, "class_name": "Alto", "index": "NDVI", "min_value": null, "max_value": null }, "geometry": { "type": "Polygon", "coordinates": [ [ [ -89.080937904813098, 14.315220338182669 ], [ -89.09441257243796, 14.315220338182673 ], [ -89.09441257243796, 14.328695005807541 ], [ -89.080937904813098, 14.328695005807541 ], [ -89.080937904813098, 14.315220338182669 ] ] ] } },
{ "type": "Feature", "properties": { "class_id": 4, "area_m2": 62890488.416571632, "class_name": "Alto", "index": "NDVI", "min_value": null, "max_value": null }, "geometry": { "type": "Polygon", "coordinates": [ [ [ -89.283057919186078, 14.328695005807541 ], [ -89.256108583936339, 14.328695005807536 ], [ -89.256108583936339, 14.342169673432405 ], [ -89.242633916311476, 14.342169673432405 ], [ -89.242633916311476, 14.315220338182677 ], [ -89.229159248686628, 14.315220338182669 ], [ -89.229159248686628, 14.328695005807539 ], [ -89.215684581061751, 14.328695005807536 ], [ -89.215684581061751, 14.342169673432402 ], [ -89.202209913436889, 14.342169673432405 ], [ -89.202209913436889, 14.369119008682137 ], [ -89.161785910562287, 14.369119008682141 ], [ -89.161785910562287, 14.342169673432409 ], [ -89.188735245812012, 14.342169673432402 ], [ -89.188735245812012, 14.315220338182669 ], [ -89.202209913436889, 14.315220338182678 ], [ -89.202209913436889, 14.301745670557809 ], [ -89.215684581061751, 14.301745670557809 ], [ -89.215684581061751, 14.288271002932944 ], [ -89.229159248686628, 14.288271002932943 ], [ -89.229159248686628, 14.301745670557816 ], [ -89.242633916311476, 14.301745670557812 ], [ -89.242633916311476, 14.274796335308078 ], [ -89.283057919186078, 14.274796335308078 ], [ -89.283057919186078, 14.288271002932946 ], [ -89.29653258681094, 14.288271002932943 ], [ -89.29653258681094, 14.301745670557812 ], [ -89.283057919186078, 14.301745670557811 ], [ -89.283057919186078, 14.328695005807541 ] ] ] } },
{ "type": "Feature", "properties": { "class_id": 4, "area_m2": 2168269.4633705593, "class_name": "Alto", "index": "NDVI", "min_value": null, "max_value": null }, "geometry": { "type": "Polygon", "coordinates": [ [ [ -89.161785910562287, 14.342169673432409 ], [ -89.148311242937424, 14.342169673432409 ], [ -89.148311242937424, 14.328695005807536 ], [ -89.161785910562287, 14.328695005807536 ], [ -89.161785910562287, 14.342169673432409 ] ] ] } },
{ "type": "Feature", "properties": { "class_id": 4, "area_m2": 2167963.6412387444, "class_name": "Alto", "index": "NDVI", "min_value": null, "max_value": null }, "geometry": { "type": "Polygon", "coordinates": [ [ [ -89.080937904813098, 14.342169673432409 ], [ -89.09441257243796, 14.342169673432409 ], [ -89.09441257243796, 14.355644341057271 ], [ -89.080937904813098, 14.355644341057275 ], [ -89.080937904813098, 14.342169673432409 ] ] ] } },
{ "type": "Feature", "properties": { "class_id": 4, "area_m2": 2168034.3089707168, "class_name": "Alto", "index": "NDVI", "min_value": null, "max_value": null }, "geometry": { "type": "Polygon", "coordinates": [ [ [ -89.107887240062837, 14.342169673432409 ], [ -89.121361907687685, 14.342169673432402 ], [ -89.121361907687685, 14.355644341057275 ], [ -89.107887240062837, 14.355644341057275 ], [ -89.107887240062837, 14.342169673432409 ] ] ] } },
{ "type": "Feature", "properties": { "class_id": 4, "area_m2": 2168070.7604963668, "class_name": "Alto", "index": "NDVI", "min_value": null, "max_value": null }, "geometry": { "type": "Polygon", "coordinates": [ [ [ -89.229159248686628, 14.382593676307 ], [ -89.215684581061751, 14.382593676307003 ], [ -89.215684581061751, 14.369119008682141 ], [ -89.229159248686628, 14.369119008682141 ], [ -89.229159248686628, 14.382593676307 ] ] ] } },
{ "type": "Feature", "properties": { "class_id": 4, "area_m2": 4335430.3575231554, "class_name": "Alto", "index": "NDVI", "min_value": null, "max_value": null }, "geometry": { "type": "Polygon", "coordinates": [ [ [ -89.107887240062837, 14.369119008682141 ], [ -89.121361907687685, 14.369119008682141 ], [ -89.121361907687685, 14.396068343931869 ], [ -89.107887240062837, 14.396068343931869 ], [ -89.107887240062837, 14.369119008682141 ] ] ] } },
{ "type": "Feature", "properties": { "class_id": 4, "area_m2": 10840560.034473287, "class_name": "Alto", "index": "NDVI", "min_value": null, "max_value": null }, "geometry": { "type": "Polygon", "coordinates": [ [ [ -89.269583251561215, 14.396068343931868 ], [ -89.229159248686628, 14.396068343931864 ], [ -89.229159248686628, 14.382593676307 ], [ -89.242633916311476, 14.382593676306994 ], [ -89.242633916311476, 14.369119008682134 ], [ -89.269583251561215, 14.369119008682141 ], [ -89.269583251561215, 14.396068343931868 ] ] ] } },
{ "type": "Feature", "properties": { "class_id": 4, "area_m2": 2168043.1880874583, "class_name": "Alto", "index": "NDVI", "min_value": null, "max_value": null }, "geometry": { "type": "Polygon", "coordinates": [ [ [ -89.310007254435803, 14.409543011556734 ], [ -89.29653258681094, 14.409543011556734 ], [ -89.29653258681094, 14.396068343931869 ], [ -89.310007254435803, 14.396068343931857 ], [ -89.310007254435803, 14.409543011556734 ] ] ] } },
{ "type": "Feature", "properties": { "class_id": 4, "area_m2": 2177292.6660795049, "class_name": "Alto", "index": "NDVI", "min_value": null, "max_value": null }, "geometry": { "type": "Polygon", "coordinates": [ [ [ -88.797969884690929, 13.25072159581832 ], [ -88.784495217066066, 13.25072159581832 ], [ -88.784495217066066, 13.237246928193452 ], [ -88.797969884690929, 13.237246928193453 ], [ -88.797969884690929, 13.25072159581832 ] ] ] } },
{ "type": "Feature", "properties": { "class_id": 4, "area_m2": 2177267.5601180214, "class_name": "Alto", "index": "NDVI", "min_value": null, "max_value": null }, "geometry": { "type": "Polygon", "coordinates": [ [ [ -88.838393887565516, 13.264196263443186 ], [ -88.824919219940654, 13.264196263443189 ], [ -88.824919219940654, 13.250721595818321 ], [ -88.838393887565516, 13.250721595818318 ], [ -88.838393887565516, 13.264196263443186 ] ] ] } },
{ "type": "Feature", "properties": { "class_id": 4, "area_m2": 2176939.0876278514, "class_name": "Alto", "index": "NDVI", "min_value": null, "max_value": null }, "geometry": { "type": "Polygon", "coordinates": [ [ [ -88.784495217066066, 13.277670931068055 ], [ -88.797969884690929, 13.277670931068055 ], [ -88.797969884690929, 13.291145598692918 ], [ -88.784495217066066, 13.291145598692918 ], [ -88.784495217066066, 13.277670931068055 ] ] ] } },
{ "type": "Feature", "properties": { "class_id": 4, "area_m2": 13062123.541799853, "class_name": "Alto", "index": "NDVI", "min_value": null, "max_value": null }, "geometry": { "type": "Polygon", "coordinates": [ [ [ -88.878817890440118, 13.30462026631778 ], [ -88.865343222815255, 13.304620266317784 ], [ -88.865343222815255, 13.27767093106805 ], [ -88.878817890440118, 13.277670931068057 ], [ -88.878817890440118, 13.291145598692916 ], [ -88.905767225689843, 13.291145598692916 ], [ -88.905767225689843, 13.318094933942648 ], [ -88.878817890440118, 13.318094933942648 ], [ -88.878817890440118, 13.30462026631778 ] ] ] } },
{ "type": "Feature", "properties": { "class_id": 4, "area_m2": 2176901.0290312693, "class_name": "Alto", "index": "NDVI", "min_value": null, "max_value": null }, "geometry": { "type": "Polygon", "coordinates": [ [ [ -88.932716560939582, 13.33156960156751 ], [ -88.91924189331472, 13.331569601567514 ], [ -88.91924189331472, 13.318094933942643 ], [ -88.932716560939582, 13.318094933942646 ], [ -88.932716560939582, 13.33156960156751 ] ] ] } },
{ "type": "Feature", "properties": { "class_id": 4, "area_m2": 2176915.581664768, "class_name": "Alto", "index": "NDVI", "min_value": null, "max_value": null }, "geometry": { "type": "Polygon", "coordinates": [ [ [ -88.986615231439046, 13.345044269192378 ], [ -88.973140563814169, 13.345044269192378 ], [ -88.973140563814169, 13.331569601567509 ], [ -88.986615231439046, 13.331569601567516 ], [ -88.986615231439046, 13.345044269192378 ] ] ] } },
{ "type": "Feature", "properties": { "class_id": 4, "area_m2": 2176899.1302285674, "class_name": "Alto", "index": "NDVI", "min_value": null, "max_value": null }, "geometry": { "type": "Polygon", "coordinates": [ [ [ -89.027039234313634, 13.358518936817244 ], [ -89.013564566688771, 13.358518936817248 ], [ -89.013564566688771, 13.345044269192375 ], [ -89.027039234313634, 13.345044269192378 ], [ -89.027039234313634, 13.358518936817244 ] ] ] } },
{ "type": "Feature", "properties": { "class_id": 4, "area_m2": 8705077.1871841047, "class_name": "Alto", "index": "NDVI", "min_value": null, "max_value": null }, "geometry": { "type": "Polygon", "coordinates": [ [ [ -88.878817890440118, 13.358518936817244 ], [ -88.89229255806498, 13.358518936817243 ], [ -88.89229255806498, 13.412417607316703 ], [ -88.878817890440118, 13.412417607316705 ], [ -88.878817890440118, 13.358518936817244 ] ] ] } },
{ "type": "Feature", "properties": { "class_id": 4, "area_m2": 19584615.519231398, "class_name": "Alto", "index": "NDVI", "min_value": null, "max_value": null }, "geometry": { "type": "Polygon", "coordinates": [ [ [ -88.851868555190393, 13.385468272066969 ], [ -88.851868555190393, 13.35851893681725 ], [ -88.865343222815255, 13.358518936817244 ], [ -88.865343222815255, 13.425892274941567 ], [ -88.824919219940654, 13.425892274941571 ], [ -88.824919219940654, 13.398942939691839 ], [ -88.838393887565516, 13.398942939691841 ], [ -88.838393887565516, 13.385468272066975 ], [ -88.851868555190393, 13.385468272066969 ] ], [ [ -88.838393887565516, 13.4124176073167 ], [ -88.851868555190393, 13.412417607316705 ], [ -88.851868555190393, 13.398942939691837 ], [ -88.838393887565516, 13.398942939691841 ], [ -88.838393887565516, 13.4124176073167 ] ] ] } },
{ "type": "Feature", "properties": { "class_id": 4, "area_m2": 13049136.447811883, "class_name": "Alto", "index": "NDVI", "min_value": null, "max_value": null }, "geometry": { "type": "Polygon", "coordinates": [ [ [ -89.027039234313634, 13.574113618815089 ], [ -89.027039234313634, 13.560638951190223 ], [ -89.053988569563359, 13.560638951190215 ], [ -89.053988569563359, 13.614537621689683 ], [ -89.040513901938496, 13.614537621689685 ], [ -89.040513901938496, 13.601062954064819 ], [ -89.027039234313634, 13.601062954064814 ], [ -89.027039234313634, 13.587588286439953 ], [ -89.040513901938496, 13.587588286439953 ], [ -89.040513901938496, 13.574113618815083 ], [ -89.027039234313634, 13.574113618815089 ] ] ] } },
{ "type": "Feature", "properties": { "class_id": 4, "area_m2": 2174535.5494419551, "class_name": "Alto", "index": "NDVI", "min_value": null, "max_value": null }, "geometry": { "type": "Polygon", "coordinates": [ [ [ -89.040513901938496, 13.614537621689685 ], [ -89.040513901938496, 13.628012289314549 ], [ -89.027039234313634, 13.628012289314549 ], [ -89.027039234313634, 13.614537621689681 ], [ -89.040513901938496, 13.614537621689685 ] ] ] } },
{ "type": "Feature", "properties": { "class_id": 4, "area_m2": 10869611.206046347, "class_name": "Alto", "index": "NDVI", "min_value": null, "max_value": null }, "geometry": { "type": "Polygon", "coordinates": [ [ [ -88.811444552315791, 13.641486956939413 ], [ -88.784495217066066, 13.641486956939415 ], [ -88.784495217066066, 13.628012289314549 ], [ -88.797969884690929, 13.628012289314546 ], [ -88.797969884690929, 13.614537621689683 ], [ -88.838393887565516, 13.614537621689685 ], [ -88.838393887565516, 13.628012289314542 ], [ -88.811444552315791, 13.628012289314549 ], [ -88.811444552315791, 13.641486956939413 ] ] ] } },
{ "type": "Feature", "properties": { "class_id": 4, "area_m2": 17392333.084381651, "class_name": "Alto", "index": "NDVI", "min_value": null, "max_value": null }, "geometry": { "type": "Polygon", "coordinates": [ [ [ -88.91924189331472, 13.641486956939413 ], [ -88.878817890440118, 13.641486956939419 ], [ -88.878817890440118, 13.654961624564283 ], [ -88.865343222815255, 13.65496162456428 ], [ -88.865343222815255, 13.641486956939415 ], [ -88.851868555190393, 13.641486956939415 ], [ -88.851868555190393, 13.614537621689685 ], [ -88.878817890440118, 13.614537621689685 ], [ -88.878817890440118, 13.628012289314546 ], [ -88.91924189331472, 13.628012289314547 ], [ -88.91924189331472, 13.641486956939413 ] ] ] } },
{ "type": "Feature", "properties": { "class_id": 4, "area_m2": 4348725.8838527817, "class_name": "Alto", "index": "NDVI", "min_value": null, "max_value": null }, "geometry": { "type": "Polygon", "coordinates": [ [ [ -89.000089899063909, 13.628012289314551 ], [ -89.027039234313634, 13.628012289314549 ], [ -89.027039234313634, 13.641486956939413 ], [ -89.000089899063909, 13.641486956939415 ], [ -89.000089899063909, 13.628012289314551 ] ] ] } },
{ "type": "Feature", "properties": { "class_id": 4, "area_m2": 2174190.6421704018, "class_name": "Alto", "index": "NDVI", "min_value": null, "max_value": null }, "geometry": { "type": "Polygon", "coordinates": [ [ [ -88.986615231439046, 13.65496162456428 ], [ -88.986615231439046, 13.641486956939413 ], [ -89.000089899063909, 13.641486956939415 ], [ -89.000089899063909, 13.654961624564276 ], [ -88.986615231439046, 13.65496162456428 ] ] ] } },
{ "type": "Feature", "properties": { "class_id": 4, "area_m2": 6521709.6114064194, "class_name": "Alto", "index": "NDVI", "min_value": null, "max_value": null }, "geometry": { "type": "Polygon", "coordinates": [ [ [ -88.905767225689843, 13.65496162456428 ], [ -88.946191228564444, 13.654961624564283 ], [ -88.946191228564444, 13.668436292189142 ], [ -88.905767225689843, 13.668436292189146 ], [ -88.905767225689843, 13.65496162456428 ] ] ] } },
{ "type": "Feature", "properties": { "class_id": 4, "area_m2": 2174035.5768577969, "class_name": "Alto", "index": "NDVI", "min_value": null, "max_value": null }, "geometry": { "type": "Polygon", "coordinates": [ [ [ -88.973140563814169, 13.654961624564276 ], [ -88.986615231439046, 13.65496162456428 ], [ -88.986615231439046, 13.668436292189142 ], [ -88.973140563814169, 13.66843629218914 ], [ -88.973140563814169, 13.654961624564276 ] ] ] } },
{ "type": "Feature", "properties": { "class_id": 4, "area_m2": 2173880.6343312934, "class_name": "Alto", "index": "NDVI", "min_value": null, "max_value": null }, "geometry": { "type": "Polygon", "coordinates": [ [ [ -88.973140563814169, 13.681910959814006 ], [ -88.959665896189307, 13.681910959814006 ], [ -88.959665896189307, 13.668436292189137 ], [ -88.973140563814169, 13.66843629218914 ], [ -88.973140563814169, 13.681910959814006 ] ] ] } },
{ "type": "Feature", "properties": { "class_id": 4, "area_m2": 19566404.225435164, "class_name": "Alto", "index": "NDVI", "min_value": null, "max_value": null }, "geometry": { "type": "Polygon", "coordinates": [ [ [ -89.053988569563359, 13.681910959814013 ], [ -89.040513901938496, 13.681910959814006 ], [ -89.040513901938496, 13.695385627438874 ], [ -89.027039234313634, 13.695385627438874 ], [ -89.027039234313634, 13.68191095981401 ], [ -89.013564566688771, 13.68191095981401 ], [ -89.013564566688771, 13.668436292189142 ], [ -89.027039234313634, 13.668436292189142 ], [ -89.027039234313634, 13.65496162456428 ], [ -89.040513901938496, 13.65496162456428 ], [ -89.040513901938496, 13.668436292189138 ], [ -89.053988569563359, 13.66843629218914 ], [ -89.053988569563359, 13.654961624564278 ], [ -89.067463237188235, 13.654961624564276 ], [ -89.067463237188235, 13.70886029506374 ], [ -89.053988569563359, 13.70886029506374 ], [ -89.053988569563359, 13.681910959814013 ] ] ] } },
{ "type": "Feature", "properties": { "class_id": 4, "area_m2": 2173563.0895236633, "class_name": "Alto", "index": "NDVI", "min_value": null, "max_value": null }, "geometry": { "type": "Polygon", "coordinates": [ [ [ -88.878817890440118, 13.68191095981401 ], [ -88.89229255806498, 13.68191095981401 ], [ -88.89229255806498, 13.695385627438876 ], [ -88.878817890440118, 13.695385627438878 ], [ -88.878817890440118, 13.68191095981401 ] ] ] } },
{ "type": "Feature", "properties": { "class_id": 4, "area_m2": 2173860.119231768, "class_name": "Alto", "index": "NDVI", "min_value": null, "max_value": null }, "geometry": { "type": "Polygon", "coordinates": [ [ [ -89.000089899063909, 13.695385627438876 ], [ -89.000089899063909, 13.681910959814006 ], [ -89.013564566688771, 13.68191095981401 ], [ -89.013564566688771, 13.695385627438874 ], [ -89.000089899063909, 13.695385627438876 ] ] ] } },
{ "type": "Feature", "properties": { "class_id": 4, "area_m2": 2173704.4823761061, "class_name": "Alto", "index": "NDVI", "min_value": null, "max_value": null }, "geometry": { "type": "Polygon", "coordinates": [ [ [ -89.000089899063909, 13.695385627438876 ], [ -89.000089899063909, 13.708860295063744 ], [ -88.986615231439046, 13.708860295063738 ], [ -88.986615231439046, 13.695385627438872 ], [ -89.000089899063909, 13.695385627438876 ] ] ] } },
{ "type": "Feature", "properties": { "class_id": 4, "area_m2": 4346508.9382813182, "class_name": "Alto", "index": "NDVI", "min_value": null, "max_value": null }, "geometry": { "type": "Polygon", "coordinates": [ [ [ -88.838393887565516, 13.722334962688606 ], [ -88.824919219940654, 13.722334962688604 ], [ -88.824919219940654, 13.695385627438874 ], [ -88.838393887565516, 13.695385627438872 ], [ -88.838393887565516, 13.722334962688606 ] ] ] } },
{ "type": "Feature", "properties": { "class_id": 4, "area_m2": 6519863.7744217413, "class_name": "Alto", "index": "NDVI", "min_value": null, "max_value": null }, "geometry": { "type": "Polygon", "coordinates": [ [ [ -88.851868555190393, 13.70886029506374 ], [ -88.89229255806498, 13.70886029506374 ], [ -88.89229255806498, 13.722334962688606 ], [ -88.851868555190393, 13.722334962688606 ], [ -88.851868555190393, 13.70886029506374 ] ] ] } },
{ "type": "Feature", "properties": { "class_id": 4, "area_m2": 2173548.9683331908, "class_name": "Alto", "index": "NDVI", "min_value": null, "max_value": null }, "geometry": { "type": "Polygon", "coordinates": [ [ [ -88.973140563814169, 13.70886029506374 ], [ -88.986615231439046, 13.708860295063738 ], [ -88.986615231439046, 13.722334962688606 ], [ -88.973140563814169, 13.722334962688604 ], [ -88.973140563814169, 13.70886029506374 ] ] ] } },
{ "type": "Feature", "properties": { "class_id": 4, "area_m2": 4346646.0386305964, "class_name": "Alto", "index": "NDVI", "min_value": null, "max_value": null }, "geometry": { "type": "Polygon", "coordinates": [ [ [ -88.91924189331472, 13.735809630313467 ], [ -88.905767225689843, 13.735809630313467 ], [ -88.905767225689843, 13.70886029506374 ], [ -88.91924189331472, 13.708860295063745 ], [ -88.91924189331472, 13.735809630313467 ] ] ] } },
{ "type": "Feature", "properties": { "class_id": 4, "area_m2": 4346665.0348704262, "class_name": "Alto", "index": "NDVI", "min_value": null, "max_value": null }, "geometry": { "type": "Polygon", "coordinates": [ [ [ -88.973140563814169, 13.749284297938337 ], [ -88.959665896189307, 13.749284297938335 ], [ -88.959665896189307, 13.722334962688603 ], [ -88.973140563814169, 13.722334962688604 ], [ -88.973140563814169, 13.749284297938337 ] ] ] } },
{ "type": "Feature", "properties": { "class_id": 4, "area_m2": 2173172.5760122486, "class_name": "Alto", "index": "NDVI", "min_value": null, "max_value": null }, "geometry": { "type": "Polygon", "coordinates": [ [ [ -88.932716560939582, 13.749284297938333 ], [ -88.91924189331472, 13.749284297938337 ], [ -88.91924189331472, 13.735809630313467 ], [ -88.932716560939582, 13.735809630313469 ], [ -88.932716560939582, 13.749284297938333 ] ] ] } },
{ "type": "Feature", "properties": { "class_id": 4, "area_m2": 2172993.8475456601, "class_name": "Alto", "index": "NDVI", "min_value": null, "max_value": null }, "geometry": { "type": "Polygon", "coordinates": [ [ [ -88.946191228564444, 13.762758965563203 ], [ -88.959665896189307, 13.762758965563195 ], [ -88.959665896189307, 13.776233633188063 ], [ -88.946191228564444, 13.776233633188067 ], [ -88.946191228564444, 13.762758965563203 ] ] ] } },
{ "type": "Feature", "properties": { "class_id": 4, "area_m2": 15208384.902069783, "class_name": "Alto", "index": "NDVI", "min_value": null, "max_value": null }, "geometry": { "type": "Polygon", "coordinates": [ [ [ -88.811444552315791, 13.74928429793834 ], [ -88.824919219940654, 13.749284297938337 ], [ -88.824919219940654, 13.762758965563203 ], [ -88.838393887565516, 13.762758965563197 ], [ -88.838393887565516, 13.789708300812933 ], [ -88.824919219940654, 13.789708300812929 ], [ -88.824919219940654, 13.803182968437797 ], [ -88.811444552315791, 13.803182968437797 ], [ -88.811444552315791, 13.776233633188067 ], [ -88.797969884690929, 13.776233633188067 ], [ -88.797969884690929, 13.762758965563203 ], [ -88.811444552315791, 13.762758965563194 ], [ -88.811444552315791, 13.74928429793834 ] ] ] } },
{ "type": "Feature", "properties": { "class_id": 4, "area_m2": 2172523.0152032115, "class_name": "Alto", "index": "NDVI", "min_value": null, "max_value": null }, "geometry": { "type": "Polygon", "coordinates": [ [ [ -88.865343222815255, 13.803182968437797 ], [ -88.851868555190393, 13.803182968437797 ], [ -88.851868555190393, 13.789708300812933 ], [ -88.865343222815255, 13.789708300812933 ], [ -88.865343222815255, 13.803182968437797 ] ] ] } },
{ "type": "Feature", "properties": { "class_id": 4, "area_m2": 2172276.3797292714, "class_name": "Alto", "index": "NDVI", "min_value": null, "max_value": null }, "geometry": { "type": "Polygon", "coordinates": [ [ [ -88.811444552315791, 13.816657636062663 ], [ -88.797969884690929, 13.81665763606266 ], [ -88.797969884690929, 13.803182968437797 ], [ -88.811444552315791, 13.803182968437797 ], [ -88.811444552315791, 13.816657636062663 ] ] ] } },
{ "type": "Feature", "properties": { "class_id": 4, "area_m2": 2172495.8363031964, "class_name": "Alto", "index": "NDVI", "min_value": null, "max_value": null }, "geometry": { "type": "Polygon", "coordinates": [ [ [ -88.905767225689843, 13.816657636062663 ], [ -88.89229255806498, 13.816657636062663 ], [ -88.89229255806498, 13.803182968437797 ], [ -88.905767225689843, 13.803182968437797 ], [ -88.905767225689843, 13.816657636062663 ] ] ] } },
{ "type": "Feature", "properties": { "class_id": 4, "area_m2": 2172863.3445949173, "class_name": "Alto", "index": "NDVI", "min_value": null, "max_value": null }, "geometry": { "type": "Polygon", "coordinates": [ [ [ -89.040513901938496, 13.803182968437797 ], [ -89.053988569563359, 13.803182968437794 ], [ -89.053988569563359, 13.816657636062663 ], [ -89.040513901938496, 13.816657636062663 ], [ -89.040513901938496, 13.803182968437797 ] ] ] } },
{ "type": "Feature", "properties": { "class_id": 4, "area_m2": 2172092.3982761283, "class_name": "Alto", "index": "NDVI", "min_value": null, "max_value": null }, "geometry": { "type": "Polygon", "coordinates": [ [ [ -88.824919219940654, 13.830132303687522 ], [ -88.838393887565516, 13.830132303687522 ], [ -88.838393887565516, 13.84360697131239 ], [ -88.824919219940654, 13.843606971312393 ], [ -88.824919219940654, 13.830132303687522 ] ] ] } },
{ "type": "Feature", "properties": { "class_id": 4, "area_m2": 2172250.2418009639, "class_name": "Alto", "index": "NDVI", "min_value": null, "max_value": null }, "geometry": { "type": "Polygon", "coordinates": [ [ [ -88.905767225689843, 13.843606971312393 ], [ -88.89229255806498, 13.843606971312388 ], [ -88.89229255806498, 13.83013230368752 ], [ -88.905767225689843, 13.830132303687522 ], [ -88.905767225689843, 13.843606971312393 ] ] ] } },
{ "type": "Feature", "properties": { "class_id": 4, "area_m2": 10859393.131860696, "class_name": "Alto", "index": "NDVI", "min_value": null, "max_value": null }, "geometry": { "type": "Polygon", "coordinates": [ [ [ -88.865343222815255, 13.884030974186986 ], [ -88.838393887565516, 13.88403097418699 ], [ -88.838393887565516, 13.857081638937261 ], [ -88.851868555190393, 13.85708163893726 ], [ -88.851868555190393, 13.843606971312392 ], [ -88.865343222815255, 13.84360697131239 ], [ -88.865343222815255, 13.884030974186986 ] ] ] } },
{ "type": "Feature", "properties": { "class_id": 4, "area_m2": 8686354.0737941395, "class_name": "Alto", "index": "NDVI", "min_value": null, "max_value": null }, "geometry": { "type": "Polygon", "coordinates": [ [ [ -88.89229255806498, 13.897505641811852 ], [ -88.91924189331472, 13.897505641811854 ], [ -88.91924189331472, 13.924454977061588 ], [ -88.89229255806498, 13.924454977061581 ], [ -88.89229255806498, 13.897505641811852 ] ] ] } },
{ "type": "Feature", "properties": { "class_id": 4, "area_m2": 2171384.0298125432, "class_name": "Alto", "index": "NDVI", "min_value": null, "max_value": null }, "geometry": { "type": "Polygon", "coordinates": [ [ [ -88.851868555190393, 13.924454977061584 ], [ -88.838393887565516, 13.924454977061583 ], [ -88.838393887565516, 13.91098030943672 ], [ -88.851868555190393, 13.91098030943672 ], [ -88.851868555190393, 13.924454977061584 ] ] ] } },
{ "type": "Feature", "properties": { "class_id": 4, "area_m2": 2171595.5257080109, "class_name": "Alto", "index": "NDVI", "min_value": null, "max_value": null }, "geometry": { "type": "Polygon", "coordinates": [ [ [ -89.027039234313634, 13.937929644686445 ], [ -89.040513901938496, 13.937929644686447 ], [ -89.040513901938496, 13.951404312311309 ], [ -89.027039234313634, 13.951404312311315 ], [ -89.027039234313634, 13.937929644686445 ] ] ] } },
{ "type": "Feature", "properties": { "class_id": 4, "area_m2": 4343046.8442142569, "class_name": "Alto", "index": "NDVI", "min_value": null, "max_value": null }, "geometry": { "type": "Polygon", "coordinates": [ [ [ -89.067463237188235, 13.964878979936181 ], [ -89.040513901938496, 13.964878979936181 ], [ -89.040513901938496, 13.951404312311309 ], [ -89.067463237188235, 13.951404312311311 ], [ -89.067463237188235, 13.964878979936181 ] ] ] } },
{ "type": "Feature", "properties": { "class_id": 4, "area_m2": 2170857.6296167644, "class_name": "Alto", "index": "NDVI", "min_value": null, "max_value": null }, "geometry": { "type": "Polygon", "coordinates": [ [ [ -88.838393887565516, 13.978353647561047 ], [ -88.824919219940654, 13.978353647561043 ], [ -88.824919219940654, 13.964878979936181 ], [ -88.838393887565516, 13.964878979936181 ], [ -88.838393887565516, 13.978353647561047 ] ] ] } },
{ "type": "Feature", "properties": { "class_id": 4, "area_m2": 2170919.9724556315, "class_name": "Alto", "index": "NDVI", "min_value": null, "max_value": null }, "geometry": { "type": "Polygon", "coordinates": [ [ [ -88.865343222815255, 13.978353647561047 ], [ -88.851868555190393, 13.978353647561047 ], [ -88.851868555190393, 13.964878979936181 ], [ -88.865343222815255, 13.964878979936183 ], [ -88.865343222815255, 13.978353647561047 ] ] ] } },
{ "type": "Feature", "properties": { "class_id": 4, "area_m2": 2171347.4581752615, "class_name": "Alto", "index": "NDVI", "min_value": null, "max_value": null }, "geometry": { "type": "Polygon", "coordinates": [ [ [ -89.040513901938496, 13.97835364756105 ], [ -89.027039234313634, 13.978353647561041 ], [ -89.027039234313634, 13.964878979936181 ], [ -89.040513901938496, 13.964878979936181 ], [ -89.040513901938496, 13.97835364756105 ] ] ] } },
{ "type": "Feature", "properties": { "class_id": 4, "area_m2": 23881193.726844899, "class_name": "Alto", "index": "NDVI", "min_value": null, "max_value": null }, "geometry": { "type": "Polygon", "coordinates": [ [ [ -88.986615231439046, 14.005302982810772 ], [ -88.973140563814169, 14.005302982810772 ], [ -88.973140563814169, 13.991828315185911 ], [ -88.959665896189307, 13.991828315185908 ], [ -88.959665896189307, 13.951404312311311 ], [ -88.973140563814169, 13.951404312311315 ], [ -88.973140563814169, 13.97835364756104 ], [ -88.986615231439046, 13.978353647561047 ], [ -88.986615231439046, 13.964878979936181 ], [ -89.000089899063909, 13.964878979936181 ], [ -89.000089899063909, 14.032252318060511 ], [ -88.973140563814169, 14.032252318060504 ], [ -88.973140563814169, 14.018777650435641 ], [ -88.986615231439046, 14.018777650435641 ], [ -88.986615231439046, 14.005302982810772 ] ] ] } },
{ "type": "Feature", "properties": { "class_id": 4, "area_m2": 2170578.4439998642, "class_name": "Alto", "index": "NDVI", "min_value": null, "max_value": null }, "geometry": { "type": "Polygon", "coordinates": [ [ [ -88.811444552315791, 13.991828315185911 ], [ -88.824919219940654, 13.991828315185911 ], [ -88.824919219940654, 14.005302982810774 ], [ -88.811444552315791, 14.005302982810774 ], [ -88.811444552315791, 13.991828315185911 ] ] ] } },
{ "type": "Feature", "properties": { "class_id": 4, "area_m2": 2170805.5777767561, "class_name": "Alto", "index": "NDVI", "min_value": null, "max_value": null }, "geometry": { "type": "Polygon", "coordinates": [ [ [ -88.973140563814169, 14.018777650435641 ], [ -88.959665896189307, 14.018777650435641 ], [ -88.959665896189307, 14.005302982810772 ], [ -88.973140563814169, 14.005302982810772 ], [ -88.973140563814169, 14.018777650435641 ] ] ] } },
{ "type": "Feature", "properties": { "class_id": 4, "area_m2": 2170329.6164114065, "class_name": "Alto", "index": "NDVI", "min_value": null, "max_value": null }, "geometry": { "type": "Polygon", "coordinates": [ [ [ -88.824919219940654, 14.032252318060511 ], [ -88.811444552315791, 14.032252318060507 ], [ -88.811444552315791, 14.018777650435641 ], [ -88.824919219940654, 14.018777650435643 ], [ -88.824919219940654, 14.032252318060511 ] ] ] } },
{ "type": "Feature", "properties": { "class_id": 4, "area_m2": 2170615.0944818705, "class_name": "Alto", "index": "NDVI", "min_value": null, "max_value": null }, "geometry": { "type": "Polygon", "coordinates": [ [ [ -88.946191228564444, 14.032252318060511 ], [ -88.932716560939582, 14.032252318060507 ], [ -88.932716560939582, 14.018777650435645 ], [ -88.946191228564444, 14.018777650435643 ], [ -88.946191228564444, 14.032252318060511 ] ] ] } },
{ "type": "Feature", "properties": { "class_id": 4, "area_m2": 2170725.2269731937, "class_name": "Alto", "index": "NDVI", "min_value": null, "max_value": null }, "geometry": { "type": "Polygon", "coordinates": [ [ [ -89.027039234313634, 14.032252318060504 ], [ -89.040513901938496, 14.032252318060502 ], [ -89.040513901938496, 14.045726985685368 ], [ -89.027039234313634, 14.045726985685366 ], [ -89.027039234313634, 14.032252318060504 ] ] ] } },
{ "type": "Feature", "properties": { "class_id": 4, "area_m2": 195294708.94760144, "class_name": "Alto", "index": "NDVI", "min_value": null, "max_value": null }, "geometry": { "type": "Polygon", "coordinates": [ [ [ -88.91924189331472, 14.126574991434564 ], [ -88.91924189331472, 14.140049659059425 ], [ -88.89229255806498, 14.140049659059423 ], [ -88.89229255806498, 14.166998994309155 ], [ -88.878817890440118, 14.166998994309154 ], [ -88.878817890440118, 14.140049659059429 ], [ -88.851868555190393, 14.140049659059429 ], [ -88.851868555190393, 14.126574991434564 ], [ -88.838393887565516, 14.126574991434564 ], [ -88.838393887565516, 14.113100323809695 ], [ -88.811444552315791, 14.1131003238097 ], [ -88.811444552315791, 14.126574991434564 ], [ -88.797969884690929, 14.126574991434568 ], [ -88.797969884690929, 14.113100323809698 ], [ -88.784495217066066, 14.113100323809695 ], [ -88.784495217066066, 14.099625656184831 ], [ -88.757545881816327, 14.099625656184832 ], [ -88.757545881816327, 14.140049659059425 ], [ -88.744071214191464, 14.140049659059432 ], [ -88.744071214191464, 14.113100323809695 ], [ -88.730596546566602, 14.113100323809698 ], [ -88.730596546566602, 14.099625656184834 ], [ -88.744071214191464, 14.099625656184834 ], [ -88.744071214191464, 14.072676320935106 ], [ -88.730596546566602, 14.072676320935102 ], [ -88.730596546566602, 14.059201653310238 ], [ -88.71712187894174, 14.059201653310234 ], [ -88.71712187894174, 14.045726985685366 ], [ -88.690172543692, 14.04572698568537 ], [ -88.690172543692, 14.032252318060507 ], [ -88.703647211316863, 14.032252318060511 ], [ -88.703647211316863, 14.005302982810772 ], [ -88.744071214191464, 14.005302982810777 ], [ -88.744071214191464, 14.018777650435645 ], [ -88.771020549441189, 14.018777650435641 ], [ -88.771020549441189, 14.032252318060504 ], [ -88.784495217066066, 14.032252318060507 ], [ -88.784495217066066, 14.059201653310234 ], [ -88.824919219940654, 14.059201653310241 ], [ -88.824919219940654, 14.032252318060511 ], [ -88.838393887565516, 14.032252318060507 ], [ -88.838393887565516, 14.018777650435641 ], [ -88.851868555190393, 14.018777650435643 ], [ -88.851868555190393, 13.991828315185909 ], [ -88.878817890440118, 13.991828315185913 ], [ -88.878817890440118, 13.964878979936181 ], [ -88.89229255806498, 13.964878979936181 ], [ -88.89229255806498, 13.97835364756105 ], [ -88.905767225689843, 13.978353647561045 ], [ -88.905767225689843, 13.991828315185908 ], [ -88.89229255806498, 13.991828315185909 ], [ -88.89229255806498, 14.045726985685366 ], [ -88.905767225689843, 14.045726985685365 ], [ -88.905767225689843, 14.059201653310234 ], [ -88.89229255806498, 14.059201653310234 ], [ -88.89229255806498, 14.126574991434559 ], [ -88.91924189331472, 14.126574991434564 ] ], [ [ -88.824919219940654, 14.072676320935102 ], [ -88.851868555190393, 14.072676320935102 ], [ -88.851868555190393, 14.086150988559972 ], [ -88.878817890440118, 14.086150988559965 ], [ -88.878817890440118, 14.072676320935102 ], [ -88.865343222815255, 14.072676320935102 ], [ -88.865343222815255, 14.059201653310238 ], [ -88.824919219940654, 14.059201653310241 ], [ -88.824919219940654, 14.072676320935102 ] ], [ [ -88.878817890440118, 14.126574991434564 ], [ -88.878817890440118, 14.113100323809698 ], [ -88.865343222815255, 14.113100323809698 ], [ -88.865343222815255, 14.126574991434564 ], [ -88.878817890440118, 14.126574991434564 ] ], [ [ -88.865343222815255, 14.099625656184831 ], [ -88.851868555190393, 14.099625656184838 ], [ -88.851868555190393, 14.113100323809697 ], [ -88.865343222815255, 14.113100323809698 ], [ -88.865343222815255, 14.099625656184831 ] ], [ [ -88.797969884690929, 14.086150988559968 ], [ -88.797969884690929, 14.099625656184834 ], [ -88.824919219940654, 14.099625656184829 ], [ -88.824919219940654, 14.086150988559972 ], [ -88.797969884690929, 14.086150988559968 ] ], [ [ -88.771020549441189, 14.072676320935102 ], [ -88.771020549441189, 14.086150988559968 ], [ -88.784495217066066, 14.086150988559963 ], [ -88.784495217066066, 14.072676320935102 ], [ -88.771020549441189, 14.072676320935102 ] ], [ [ -88.865343222815255, 14.005302982810774 ], [ -88.865343222815255, 14.032252318060506 ], [ -88.878817890440118, 14.032252318060507 ], [ -88.878817890440118, 14.005302982810772 ], [ -88.865343222815255, 14.005302982810774 ] ] ] } },
{ "type": "Feature", "properties": { "class_id": 4, "area_m2": 2170134.4714316856, "class_name": "Alto", "index": "NDVI", "min_value": null, "max_value": null }, "geometry": { "type": "Polygon", "coordinates": [ [ [ -89.040513901938496, 14.099625656184825 ], [ -89.053988569563359, 14.099625656184832 ], [ -89.053988569563359, 14.1131003238097 ], [ -89.040513901938496, 14.113100323809698 ], [ -89.040513901938496, 14.099625656184825 ] ] ] } },
{ "type": "Feature", "properties": { "class_id": 4, "area_m2": 151879215.97925732, "class_name": "Alto", "index": "NDVI", "min_value": null, "max_value": null }, "geometry": { "type": "Polygon", "coordinates": [ [ [ -89.013564566688771, 14.193948329558882 ], [ -89.013564566688771, 14.220897664808616 ], [ -89.000089899063909, 14.220897664808621 ], [ -89.000089899063909, 14.234372332433486 ], [ -88.986615231439046, 14.234372332433487 ], [ -88.986615231439046, 14.220897664808616 ], [ -88.973140563814169, 14.220897664808621 ], [ -88.973140563814169, 14.207422997183748 ], [ -88.905767225689843, 14.207422997183755 ], [ -88.905767225689843, 14.180473661934025 ], [ -88.932716560939582, 14.180473661934027 ], [ -88.932716560939582, 14.153524326684293 ], [ -88.946191228564444, 14.153524326684291 ], [ -88.946191228564444, 14.140049659059429 ], [ -88.932716560939582, 14.14004965905942 ], [ -88.932716560939582, 14.113100323809695 ], [ -88.946191228564444, 14.1131003238097 ], [ -88.946191228564444, 14.099625656184839 ], [ -88.932716560939582, 14.099625656184834 ], [ -88.932716560939582, 14.086150988559968 ], [ -88.946191228564444, 14.086150988559972 ], [ -88.946191228564444, 14.072676320935102 ], [ -88.91924189331472, 14.072676320935106 ], [ -88.91924189331472, 14.059201653310234 ], [ -88.932716560939582, 14.059201653310234 ], [ -88.932716560939582, 14.04572698568537 ], [ -88.946191228564444, 14.045726985685365 ], [ -88.946191228564444, 14.059201653310234 ], [ -88.973140563814169, 14.059201653310234 ], [ -88.973140563814169, 14.045726985685365 ], [ -88.986615231439046, 14.04572698568537 ], [ -88.986615231439046, 14.059201653310236 ], [ -89.000089899063909, 14.059201653310234 ], [ -89.000089899063909, 14.072676320935104 ], [ -89.053988569563359, 14.072676320935102 ], [ -89.053988569563359, 14.086150988559968 ], [ -89.040513901938496, 14.086150988559963 ], [ -89.040513901938496, 14.099625656184825 ], [ -89.000089899063909, 14.099625656184834 ], [ -89.000089899063909, 14.113100323809695 ], [ -89.013564566688771, 14.113100323809698 ], [ -89.013564566688771, 14.126574991434561 ], [ -89.027039234313634, 14.126574991434564 ], [ -89.027039234313634, 14.153524326684291 ], [ -89.040513901938496, 14.153524326684288 ], [ -89.040513901938496, 14.166998994309155 ], [ -89.013564566688771, 14.166998994309155 ], [ -89.013564566688771, 14.140049659059429 ], [ -89.000089899063909, 14.140049659059432 ], [ -89.000089899063909, 14.153524326684288 ], [ -88.986615231439046, 14.153524326684291 ], [ -88.986615231439046, 14.180473661934025 ], [ -89.000089899063909, 14.180473661934027 ], [ -89.000089899063909, 14.193948329558889 ], [ -89.013564566688771, 14.193948329558882 ] ], [ [ -89.000089899063909, 14.086150988559968 ], [ -88.986615231439046, 14.086150988559968 ], [ -88.986615231439046, 14.099625656184829 ], [ -89.000089899063909, 14.099625656184834 ], [ -89.000089899063909, 14.086150988559968 ] ], [ [ -88.986615231439046, 14.072676320935102 ], [ -88.973140563814169, 14.072676320935106 ], [ -88.973140563814169, 14.086150988559963 ], [ -88.986615231439046, 14.086150988559968 ], [ -88.986615231439046, 14.072676320935102 ] ], [ [ -88.946191228564444, 14.180473661934025 ], [ -88.946191228564444, 14.193948329558884 ], [ -88.973140563814169, 14.193948329558886 ], [ -88.973140563814169, 14.166998994309155 ], [ -88.959665896189307, 14.166998994309155 ], [ -88.959665896189307, 14.180473661934025 ], [ -88.946191228564444, 14.180473661934025 ] ] ] } },
{ "type": "Feature", "properties": { "class_id": 4, "area_m2": 2169173.5329688876, "class_name": "Alto", "index": "NDVI", "min_value": null, "max_value": null }, "geometry": { "type": "Polygon", "coordinates": [ [ [ -88.811444552315791, 14.153524326684293 ], [ -88.797969884690929, 14.153524326684291 ], [ -88.797969884690929, 14.140049659059425 ], [ -88.811444552315791, 14.140049659059432 ], [ -88.811444552315791, 14.153524326684293 ] ] ] } },
{ "type": "Feature", "properties": { "class_id": 4, "area_m2": 34705079.294780731, "class_name": "Alto", "index": "NDVI", "min_value": null, "max_value": null }, "geometry": { "type": "Polygon", "coordinates": [ [ [ -89.067463237188235, 14.166998994309155 ], [ -89.067463237188235, 14.180473661934032 ], [ -89.053988569563359, 14.180473661934027 ], [ -89.053988569563359, 14.207422997183755 ], [ -89.067463237188235, 14.207422997183755 ], [ -89.067463237188235, 14.220897664808616 ], [ -89.053988569563359, 14.220897664808627 ], [ -89.053988569563359, 14.261321667683214 ], [ -89.013564566688771, 14.261321667683214 ], [ -89.013564566688771, 14.220897664808616 ], [ -89.027039234313634, 14.22089766480862 ], [ -89.027039234313634, 14.193948329558891 ], [ -89.040513901938496, 14.19394832955888 ], [ -89.040513901938496, 14.166998994309155 ], [ -89.067463237188235, 14.166998994309155 ] ], [ [ -89.027039234313634, 14.234372332433486 ], [ -89.040513901938496, 14.234372332433486 ], [ -89.040513901938496, 14.220897664808616 ], [ -89.027039234313634, 14.22089766480862 ], [ -89.027039234313634, 14.234372332433486 ] ] ] } },
{ "type": "Feature", "properties": { "class_id": 4, "area_m2": 13009921.794289181, "class_name": "Alto", "index": "NDVI", "min_value": null, "max_value": null }, "geometry": { "type": "Polygon", "coordinates": [ [ [ -89.053988569563359, 14.315220338182671 ], [ -89.067463237188235, 14.315220338182673 ], [ -89.067463237188235, 14.328695005807532 ], [ -89.040513901938496, 14.328695005807536 ], [ -89.040513901938496, 14.274796335308078 ], [ -89.053988569563359, 14.274796335308082 ], [ -89.053988569563359, 14.288271002932946 ], [ -89.067463237188235, 14.288271002932946 ], [ -89.067463237188235, 14.301745670557811 ], [ -89.053988569563359, 14.301745670557816 ], [ -89.053988569563359, 14.315220338182671 ] ] ] } },
{ "type": "Feature", "properties": { "class_id": 4, "area_m2": 4353736.0589078851, "class_name": "Alto", "index": "NDVI", "min_value": null, "max_value": null }, "geometry": { "type": "Polygon", "coordinates": [ [ [ -88.353305853070367, 13.196822925318861 ], [ -88.326356517820642, 13.196822925318861 ], [ -88.326356517820642, 13.183348257693993 ], [ -88.353305853070367, 13.183348257693991 ], [ -88.353305853070367, 13.196822925318861 ] ] ] } },
{ "type": "Feature", "properties": { "class_id": 4, "area_m2": 15239479.653081283, "class_name": "Alto", "index": "NDVI", "min_value": null, "max_value": null }, "geometry": { "type": "Polygon", "coordinates": [ [ [ -88.474577861694158, 13.210297592943727 ], [ -88.461103194069295, 13.210297592943727 ], [ -88.461103194069295, 13.183348257693991 ], [ -88.43415385881957, 13.183348257693993 ], [ -88.43415385881957, 13.16987359006913 ], [ -88.48805252931902, 13.169873590069125 ], [ -88.48805252931902, 13.196822925318857 ], [ -88.474577861694158, 13.196822925318861 ], [ -88.474577861694158, 13.210297592943727 ] ] ] } },
{ "type": "Feature", "properties": { "class_id": 4, "area_m2": 2177028.7436932991, "class_name": "Alto", "index": "NDVI", "min_value": null, "max_value": null }, "geometry": { "type": "Polygon", "coordinates": [ [ [ -88.501527196943883, 13.210297592943725 ], [ -88.48805252931902, 13.210297592943727 ], [ -88.48805252931902, 13.196822925318857 ], [ -88.501527196943883, 13.196822925318855 ], [ -88.501527196943883, 13.210297592943725 ] ] ] } },
{ "type": "Feature", "properties": { "class_id": 4, "area_m2": 2176962.8849442215, "class_name": "Alto", "index": "NDVI", "min_value": null, "max_value": null }, "geometry": { "type": "Polygon", "coordinates": [ [ [ -88.51500186456876, 13.223772260568586 ], [ -88.51500186456876, 13.210297592943723 ], [ -88.528476532193622, 13.210297592943723 ], [ -88.528476532193622, 13.223772260568591 ], [ -88.51500186456876, 13.223772260568586 ] ] ] } },
{ "type": "Feature", "properties": { "class_id": 4, "area_m2": 2176819.6488229134, "class_name": "Alto", "index": "NDVI", "min_value": null, "max_value": null }, "geometry": { "type": "Polygon", "coordinates": [ [ [ -88.501527196943883, 13.223772260568587 ], [ -88.51500186456876, 13.223772260568586 ], [ -88.51500186456876, 13.237246928193452 ], [ -88.501527196943883, 13.237246928193453 ], [ -88.501527196943883, 13.223772260568587 ] ] ] } },
{ "type": "Feature", "properties": { "class_id": 4, "area_m2": 8707537.2178972997, "class_name": "Alto", "index": "NDVI", "min_value": null, "max_value": null }, "geometry": { "type": "Polygon", "coordinates": [ [ [ -88.541951199818484, 13.237246928193453 ], [ -88.528476532193622, 13.237246928193457 ], [ -88.528476532193622, 13.223772260568591 ], [ -88.541951199818484, 13.223772260568587 ], [ -88.541951199818484, 13.210297592943729 ], [ -88.555425867443347, 13.210297592943725 ], [ -88.555425867443347, 13.25072159581832 ], [ -88.541951199818484, 13.250721595818323 ], [ -88.541951199818484, 13.237246928193453 ] ] ] } },
{ "type": "Feature", "properties": { "class_id": 4, "area_m2": 2176456.5746843214, "class_name": "Alto", "index": "NDVI", "min_value": null, "max_value": null }, "geometry": { "type": "Polygon", "coordinates": [ [ [ -88.380255188320106, 13.250721595818325 ], [ -88.366780520695244, 13.250721595818323 ], [ -88.366780520695244, 13.237246928193452 ], [ -88.380255188320106, 13.237246928193453 ], [ -88.380255188320106, 13.250721595818325 ] ] ] } },
{ "type": "Feature", "properties": { "class_id": 4, "area_m2": 10882982.010247169, "class_name": "Alto", "index": "NDVI", "min_value": null, "max_value": null }, "geometry": { "type": "Polygon", "coordinates": [ [ [ -88.447628526444433, 13.264196263443184 ], [ -88.43415385881957, 13.264196263443186 ], [ -88.43415385881957, 13.223772260568587 ], [ -88.447628526444433, 13.223772260568586 ], [ -88.447628526444433, 13.237246928193453 ], [ -88.474577861694158, 13.237246928193457 ], [ -88.474577861694158, 13.25072159581832 ], [ -88.447628526444433, 13.250721595818325 ], [ -88.447628526444433, 13.264196263443184 ] ] ] } },
{ "type": "Feature", "properties": { "class_id": 4, "area_m2": 2176362.4877681606, "class_name": "Alto", "index": "NDVI", "min_value": null, "max_value": null }, "geometry": { "type": "Polygon", "coordinates": [ [ [ -88.393729855944969, 13.264196263443186 ], [ -88.380255188320106, 13.264196263443189 ], [ -88.380255188320106, 13.250721595818325 ], [ -88.393729855944969, 13.250721595818323 ], [ -88.393729855944969, 13.264196263443186 ] ] ] } },
{ "type": "Feature", "properties": { "class_id": 4, "area_m2": 2176715.857812332, "class_name": "Alto", "index": "NDVI", "min_value": null, "max_value": null }, "geometry": { "type": "Polygon", "coordinates": [ [ [ -88.568900535068209, 13.250721595818323 ], [ -88.582375202693086, 13.250721595818318 ], [ -88.582375202693086, 13.264196263443186 ], [ -88.568900535068209, 13.264196263443187 ], [ -88.568900535068209, 13.250721595818323 ] ] ] } },
{ "type": "Feature", "properties": { "class_id": 4, "area_m2": 2176625.0357420421, "class_name": "Alto", "index": "NDVI", "min_value": null, "max_value": null }, "geometry": { "type": "Polygon", "coordinates": [ [ [ -88.595849870317949, 13.277670931068053 ], [ -88.582375202693086, 13.277670931068052 ], [ -88.582375202693086, 13.264196263443186 ], [ -88.595849870317949, 13.264196263443186 ], [ -88.595849870317949, 13.277670931068053 ] ] ] } },
{ "type": "Feature", "properties": { "class_id": 4, "area_m2": 2176589.3804011284, "class_name": "Alto", "index": "NDVI", "min_value": null, "max_value": null }, "geometry": { "type": "Polygon", "coordinates": [ [ [ -88.636273873192536, 13.291145598692919 ], [ -88.622799205567674, 13.291145598692918 ], [ -88.622799205567674, 13.277670931068053 ], [ -88.636273873192536, 13.277670931068048 ], [ -88.636273873192536, 13.291145598692919 ] ] ] } },
{ "type": "Feature", "properties": { "class_id": 4, "area_m2": 8706100.8278749287, "class_name": "Alto", "index": "NDVI", "min_value": null, "max_value": null }, "geometry": { "type": "Polygon", "coordinates": [ [ [ -88.703647211316863, 13.318094933942646 ], [ -88.676697876067138, 13.318094933942648 ], [ -88.676697876067138, 13.304620266317782 ], [ -88.663223208442275, 13.304620266317778 ], [ -88.663223208442275, 13.291145598692914 ], [ -88.690172543692, 13.291145598692919 ], [ -88.690172543692, 13.304620266317789 ], [ -88.703647211316863, 13.304620266317784 ], [ -88.703647211316863, 13.318094933942646 ] ] ] } },
{ "type": "Feature", "properties": { "class_id": 4, "area_m2": 2176381.055069779, "class_name": "Alto", "index": "NDVI", "min_value": null, "max_value": null }, "geometry": { "type": "Polygon", "coordinates": [ [ [ -88.649748540817413, 13.318094933942644 ], [ -88.636273873192536, 13.318094933942648 ], [ -88.636273873192536, 13.304620266317782 ], [ -88.649748540817413, 13.304620266317784 ], [ -88.649748540817413, 13.318094933942644 ] ] ] } },
{ "type": "Feature", "properties": { "class_id": 4, "area_m2": 15233596.546816943, "class_name": "Alto", "index": "NDVI", "min_value": null, "max_value": null }, "geometry": { "type": "Polygon", "coordinates": [ [ [ -88.582375202693086, 13.291145598692918 ], [ -88.595849870317949, 13.291145598692914 ], [ -88.595849870317949, 13.304620266317785 ], [ -88.622799205567674, 13.304620266317784 ], [ -88.622799205567674, 13.318094933942641 ], [ -88.595849870317949, 13.318094933942648 ], [ -88.595849870317949, 13.345044269192378 ], [ -88.582375202693086, 13.345044269192378 ], [ -88.582375202693086, 13.331569601567514 ], [ -88.568900535068209, 13.33156960156751 ], [ -88.568900535068209, 13.318094933942644 ], [ -88.582375202693086, 13.318094933942643 ], [ -88.582375202693086, 13.291145598692918 ] ] ] } },
{ "type": "Feature", "properties": { "class_id": 4, "area_m2": 15231772.823165499, "class_name": "Alto", "index": "NDVI", "min_value": null, "max_value": null }, "geometry": { "type": "Polygon", "coordinates": [ [ [ -88.528476532193622, 13.304620266317778 ], [ -88.555425867443347, 13.304620266317787 ], [ -88.555425867443347, 13.318094933942648 ], [ -88.541951199818484, 13.318094933942646 ], [ -88.541951199818484, 13.345044269192375 ], [ -88.528476532193622, 13.345044269192375 ], [ -88.528476532193622, 13.358518936817244 ], [ -88.501527196943883, 13.358518936817246 ], [ -88.501527196943883, 13.345044269192375 ], [ -88.51500186456876, 13.345044269192377 ], [ -88.51500186456876, 13.331569601567514 ], [ -88.528476532193622, 13.331569601567507 ], [ -88.528476532193622, 13.304620266317778 ] ] ] } },
{ "type": "Feature", "properties": { "class_id": 4, "area_m2": 2175654.3701103842, "class_name": "Alto", "index": "NDVI", "min_value": null, "max_value": null }, "geometry": { "type": "Polygon", "coordinates": [ [ [ -88.393729855944969, 13.345044269192377 ], [ -88.380255188320106, 13.345044269192378 ], [ -88.380255188320106, 13.331569601567514 ], [ -88.393729855944969, 13.331569601567514 ], [ -88.393729855944969, 13.345044269192377 ] ] ] } },
{ "type": "Feature", "properties": { "class_id": 4, "area_m2": 6528602.0039368737, "class_name": "Alto", "index": "NDVI", "min_value": null, "max_value": null }, "geometry": { "type": "Polygon", "coordinates": [ [ [ -88.676697876067138, 13.358518936817244 ], [ -88.663223208442275, 13.358518936817244 ], [ -88.663223208442275, 13.318094933942648 ], [ -88.676697876067138, 13.318094933942648 ], [ -88.676697876067138, 13.358518936817244 ] ] ] } },
{ "type": "Feature", "properties": { "class_id": 4, "area_m2": 6527587.0100304075, "class_name": "Alto", "index": "NDVI", "min_value": null, "max_value": null }, "geometry": { "type": "Polygon", "coordinates": [ [ [ -88.582375202693086, 13.358518936817239 ], [ -88.541951199818484, 13.35851893681725 ], [ -88.541951199818484, 13.345044269192375 ], [ -88.582375202693086, 13.345044269192378 ], [ -88.582375202693086, 13.358518936817239 ] ] ] } },
{ "type": "Feature", "properties": { "class_id": 4, "area_m2": 4351877.3392346585, "class_name": "Alto", "index": "NDVI", "min_value": null, "max_value": null }, "geometry": { "type": "Polygon", "coordinates": [ [ [ -88.622799205567674, 13.345044269192378 ], [ -88.636273873192536, 13.345044269192373 ], [ -88.636273873192536, 13.371993604442109 ], [ -88.622799205567674, 13.371993604442107 ], [ -88.622799205567674, 13.345044269192378 ] ] ] } },
{ "type": "Feature", "properties": { "class_id": 4, "area_m2": 10880268.874898907, "class_name": "Alto", "index": "NDVI", "min_value": null, "max_value": null }, "geometry": { "type": "Polygon", "coordinates": [ [ [ -88.676697876067138, 13.358518936817244 ], [ -88.690172543692, 13.358518936817246 ], [ -88.690172543692, 13.331569601567518 ], [ -88.703647211316863, 13.331569601567512 ], [ -88.703647211316863, 13.371993604442109 ], [ -88.690172543692, 13.37199360444211 ], [ -88.690172543692, 13.385468272066971 ], [ -88.676697876067138, 13.385468272066975 ], [ -88.676697876067138, 13.358518936817244 ] ] ] } },
{ "type": "Feature", "properties": { "class_id": 4, "area_m2": 80515500.334618643, "class_name": "Alto", "index": "NDVI", "min_value": null, "max_value": null }, "geometry": { "type": "Polygon", "coordinates": [ [ [ -88.771020549441189, 13.33156960156751 ], [ -88.771020549441189, 13.358518936817244 ], [ -88.784495217066066, 13.358518936817244 ], [ -88.784495217066066, 13.345044269192373 ], [ -88.811444552315791, 13.345044269192384 ], [ -88.811444552315791, 13.371993604442109 ], [ -88.824919219940654, 13.37199360444211 ], [ -88.824919219940654, 13.385468272066975 ], [ -88.797969884690929, 13.385468272066975 ], [ -88.797969884690929, 13.425892274941573 ], [ -88.730596546566602, 13.425892274941569 ], [ -88.730596546566602, 13.398942939691835 ], [ -88.744071214191464, 13.398942939691842 ], [ -88.744071214191464, 13.385468272066975 ], [ -88.71712187894174, 13.385468272066968 ], [ -88.71712187894174, 13.37199360444211 ], [ -88.730596546566602, 13.371993604442109 ], [ -88.730596546566602, 13.358518936817244 ], [ -88.71712187894174, 13.358518936817244 ], [ -88.71712187894174, 13.331569601567512 ], [ -88.730596546566602, 13.331569601567509 ], [ -88.730596546566602, 13.318094933942648 ], [ -88.757545881816327, 13.318094933942644 ], [ -88.757545881816327, 13.331569601567514 ], [ -88.771020549441189, 13.33156960156751 ] ], [ [ -88.757545881816327, 13.358518936817244 ], [ -88.757545881816327, 13.371993604442107 ], [ -88.771020549441189, 13.371993604442112 ], [ -88.771020549441189, 13.358518936817244 ], [ -88.757545881816327, 13.358518936817244 ] ], [ [ -88.797969884690929, 13.371993604442109 ], [ -88.784495217066066, 13.371993604442109 ], [ -88.784495217066066, 13.385468272066968 ], [ -88.797969884690929, 13.385468272066975 ], [ -88.797969884690929, 13.371993604442109 ] ], [ [ -88.744071214191464, 13.331569601567516 ], [ -88.744071214191464, 13.345044269192378 ], [ -88.757545881816327, 13.345044269192375 ], [ -88.757545881816327, 13.331569601567514 ], [ -88.744071214191464, 13.331569601567516 ] ] ] } },
{ "type": "Feature", "properties": { "class_id": 4, "area_m2": 4351357.5711280853, "class_name": "Alto", "index": "NDVI", "min_value": null, "max_value": null }, "geometry": { "type": "Polygon", "coordinates": [ [ [ -88.690172543692, 13.398942939691841 ], [ -88.71712187894174, 13.398942939691837 ], [ -88.71712187894174, 13.412417607316701 ], [ -88.690172543692, 13.412417607316701 ], [ -88.690172543692, 13.398942939691841 ] ] ] } },
{ "type": "Feature", "properties": { "class_id": 4, "area_m2": 4350939.0113733709, "class_name": "Alto", "index": "NDVI", "min_value": null, "max_value": null }, "geometry": { "type": "Polygon", "coordinates": [ [ [ -88.703647211316863, 13.425892274941571 ], [ -88.730596546566602, 13.425892274941569 ], [ -88.730596546566602, 13.439366942566435 ], [ -88.703647211316863, 13.439366942566432 ], [ -88.703647211316863, 13.425892274941571 ] ] ] } },
{ "type": "Feature", "properties": { "class_id": 4, "area_m2": 6525721.3819105309, "class_name": "Alto", "index": "NDVI", "min_value": null, "max_value": null }, "geometry": { "type": "Polygon", "coordinates": [ [ [ -88.636273873192536, 13.425892274941569 ], [ -88.649748540817413, 13.425892274941571 ], [ -88.649748540817413, 13.452841610191301 ], [ -88.622799205567674, 13.452841610191305 ], [ -88.622799205567674, 13.439366942566432 ], [ -88.636273873192536, 13.439366942566432 ], [ -88.636273873192536, 13.425892274941569 ] ] ] } },
{ "type": "Feature", "properties": { "class_id": 4, "area_m2": 8698286.4844939169, "class_name": "Alto", "index": "NDVI", "min_value": null, "max_value": null }, "geometry": { "type": "Polygon", "coordinates": [ [ [ -88.31288185019578, 13.466316277816164 ], [ -88.299407182570931, 13.466316277816162 ], [ -88.299407182570931, 13.439366942566433 ], [ -88.28593251494604, 13.439366942566432 ], [ -88.28593251494604, 13.425892274941569 ], [ -88.31288185019578, 13.425892274941571 ], [ -88.31288185019578, 13.466316277816164 ] ] ] } },
{ "type": "Feature", "properties": { "class_id": 4, "area_m2": 2174925.0846700659, "class_name": "Alto", "index": "NDVI", "min_value": null, "max_value": null }, "geometry": { "type": "Polygon", "coordinates": [ [ [ -88.501527196943883, 13.439366942566432 ], [ -88.51500186456876, 13.439366942566433 ], [ -88.51500186456876, 13.452841610191305 ], [ -88.501527196943883, 13.452841610191301 ], [ -88.501527196943883, 13.439366942566432 ] ] ] } },
{ "type": "Feature", "properties": { "class_id": 4, "area_m2": 4349548.6073063081, "class_name": "Alto", "index": "NDVI", "min_value": null, "max_value": null }, "geometry": { "type": "Polygon", "coordinates": [ [ [ -88.649748540817413, 13.506740280690758 ], [ -88.636273873192536, 13.50674028069076 ], [ -88.636273873192536, 13.479790945441032 ], [ -88.649748540817413, 13.479790945441032 ], [ -88.649748540817413, 13.506740280690758 ] ] ] } },
{ "type": "Feature", "properties": { "class_id": 4, "area_m2": 13044126.672718311, "class_name": "Alto", "index": "NDVI", "min_value": null, "max_value": null }, "geometry": { "type": "Polygon", "coordinates": [ [ [ -88.420679191194694, 13.547164283565353 ], [ -88.393729855944969, 13.54716428356536 ], [ -88.393729855944969, 13.506740280690762 ], [ -88.420679191194694, 13.506740280690758 ], [ -88.420679191194694, 13.547164283565353 ] ] ] } },
{ "type": "Feature", "properties": { "class_id": 4, "area_m2": 2174494.3727045567, "class_name": "Alto", "index": "NDVI", "min_value": null, "max_value": null }, "geometry": { "type": "Polygon", "coordinates": [ [ [ -88.771020549441189, 13.560638951190223 ], [ -88.757545881816327, 13.560638951190223 ], [ -88.757545881816327, 13.547164283565358 ], [ -88.771020549441189, 13.547164283565351 ], [ -88.771020549441189, 13.560638951190223 ] ] ] } },
{ "type": "Feature", "properties": { "class_id": 4, "area_m2": 2173093.223651953, "class_name": "Alto", "index": "NDVI", "min_value": null, "max_value": null }, "geometry": { "type": "Polygon", "coordinates": [ [ [ -88.420679191194694, 13.628012289314549 ], [ -88.43415385881957, 13.628012289314546 ], [ -88.43415385881957, 13.641486956939415 ], [ -88.420679191194694, 13.641486956939415 ], [ -88.420679191194694, 13.628012289314549 ] ] ] } },
{ "type": "Feature", "properties": { "class_id": 4, "area_m2": 2173142.094551139, "class_name": "Alto", "index": "NDVI", "min_value": null, "max_value": null }, "geometry": { "type": "Polygon", "coordinates": [ [ [ -88.447628526444433, 13.628012289314549 ], [ -88.461103194069295, 13.628012289314547 ], [ -88.461103194069295, 13.641486956939413 ], [ -88.447628526444433, 13.641486956939413 ], [ -88.447628526444433, 13.628012289314549 ] ] ] } },
{ "type": "Feature", "properties": { "class_id": 4, "area_m2": 519471590.03192192, "class_name": "Alto", "index": "NDVI", "min_value": null, "max_value": null }, "geometry": { "type": "Polygon", "coordinates": [ [ [ -88.811444552315791, 13.587588286439953 ], [ -88.797969884690929, 13.587588286439956 ], [ -88.797969884690929, 13.601062954064819 ], [ -88.771020549441189, 13.601062954064815 ], [ -88.771020549441189, 13.628012289314546 ], [ -88.757545881816327, 13.628012289314549 ], [ -88.757545881816327, 13.641486956939413 ], [ -88.784495217066066, 13.641486956939415 ], [ -88.784495217066066, 13.65496162456428 ], [ -88.771020549441189, 13.654961624564276 ], [ -88.771020549441189, 13.668436292189146 ], [ -88.744071214191464, 13.668436292189138 ], [ -88.744071214191464, 13.695385627438876 ], [ -88.757545881816327, 13.695385627438874 ], [ -88.757545881816327, 13.70886029506374 ], [ -88.771020549441189, 13.708860295063738 ], [ -88.771020549441189, 13.722334962688603 ], [ -88.744071214191464, 13.722334962688608 ], [ -88.744071214191464, 13.735809630313472 ], [ -88.757545881816327, 13.735809630313476 ], [ -88.757545881816327, 13.749284297938337 ], [ -88.771020549441189, 13.749284297938337 ], [ -88.771020549441189, 13.762758965563199 ], [ -88.744071214191464, 13.762758965563201 ], [ -88.744071214191464, 13.776233633188065 ], [ -88.71712187894174, 13.776233633188065 ], [ -88.71712187894174, 13.762758965563197 ], [ -88.690172543692, 13.762758965563203 ], [ -88.690172543692, 13.74928429793834 ], [ -88.636273873192536, 13.749284297938337 ], [ -88.636273873192536, 13.762758965563199 ], [ -88.622799205567674, 13.762758965563203 ], [ -88.622799205567674, 13.776233633188067 ], [ -88.595849870317949, 13.776233633188061 ], [ -88.595849870317949, 13.762758965563203 ], [ -88.582375202693086, 13.762758965563199 ], [ -88.582375202693086, 13.749284297938337 ], [ -88.568900535068209, 13.749284297938337 ], [ -88.568900535068209, 13.722334962688606 ], [ -88.555425867443347, 13.722334962688606 ], [ -88.555425867443347, 13.735809630313469 ], [ -88.541951199818484, 13.735809630313474 ], [ -88.541951199818484, 13.762758965563199 ], [ -88.528476532193622, 13.762758965563203 ], [ -88.528476532193622, 13.722334962688606 ], [ -88.51500186456876, 13.722334962688606 ], [ -88.51500186456876, 13.695385627438879 ], [ -88.528476532193622, 13.695385627438876 ], [ -88.528476532193622, 13.681910959814012 ], [ -88.51500186456876, 13.68191095981401 ], [ -88.51500186456876, 13.668436292189146 ], [ -88.541951199818484, 13.668436292189146 ], [ -88.541951199818484, 13.654961624564285 ], [ -88.555425867443347, 13.65496162456428 ], [ -88.555425867443347, 13.614537621689689 ], [ -88.541951199818484, 13.614537621689685 ], [ -88.541951199818484, 13.601062954064814 ], [ -88.51500186456876, 13.601062954064819 ], [ -88.51500186456876, 13.587588286439953 ], [ -88.528476532193622, 13.587588286439955 ], [ -88.528476532193622, 13.574113618815085 ], [ -88.501527196943883, 13.574113618815087 ], [ -88.501527196943883, 13.560638951190219 ], [ -88.51500186456876, 13.560638951190217 ], [ -88.51500186456876, 13.547164283565358 ], [ -88.528476532193622, 13.547164283565358 ], [ -88.528476532193622, 13.560638951190223 ], [ -88.622799205567674, 13.560638951190223 ], [ -88.622799205567674, 13.547164283565358 ], [ -88.595849870317949, 13.547164283565351 ], [ -88.595849870317949, 13.520214948315623 ], [ -88.582375202693086, 13.520214948315624 ], [ -88.582375202693086, 13.506740280690762 ], [ -88.609324537942811, 13.506740280690755 ], [ -88.609324537942811, 13.520214948315623 ], [ -88.649748540817413, 13.520214948315628 ], [ -88.649748540817413, 13.506740280690758 ], [ -88.663223208442275, 13.506740280690762 ], [ -88.663223208442275, 13.493265613065899 ], [ -88.676697876067138, 13.493265613065898 ], [ -88.676697876067138, 13.506740280690762 ], [ -88.690172543692, 13.506740280690762 ], [ -88.690172543692, 13.520214948315624 ], [ -88.703647211316863, 13.520214948315621 ], [ -88.703647211316863, 13.547164283565358 ], [ -88.71712187894174, 13.547164283565355 ], [ -88.71712187894174, 13.560638951190226 ], [ -88.730596546566602, 13.560638951190217 ], [ -88.730596546566602, 13.574113618815087 ], [ -88.744071214191464, 13.574113618815083 ], [ -88.744071214191464, 13.560638951190223 ], [ -88.757545881816327, 13.560638951190223 ], [ -88.757545881816327, 13.574113618815089 ], [ -88.771020549441189, 13.574113618815085 ], [ -88.771020549441189, 13.560638951190223 ], [ -88.797969884690929, 13.560638951190221 ], [ -88.797969884690929, 13.547164283565358 ], [ -88.811444552315791, 13.547164283565358 ], [ -88.811444552315791, 13.533689615940492 ], [ -88.851868555190393, 13.533689615940492 ], [ -88.851868555190393, 13.547164283565358 ], [ -88.824919219940654, 13.547164283565355 ], [ -88.824919219940654, 13.574113618815087 ], [ -88.811444552315791, 13.574113618815085 ], [ -88.811444552315791, 13.587588286439953 ] ], [ [ -88.71712187894174, 13.574113618815087 ], [ -88.71712187894174, 13.587588286439953 ], [ -88.730596546566602, 13.587588286439953 ], [ -88.730596546566602, 13.574113618815087 ], [ -88.71712187894174, 13.574113618815087 ] ], [ [ -88.730596546566602, 13.601062954064819 ], [ -88.744071214191464, 13.601062954064817 ], [ -88.744071214191464, 13.587588286439953 ], [ -88.730596546566602, 13.587588286439953 ], [ -88.730596546566602, 13.601062954064819 ] ], [ [ -88.649748540817413, 13.65496162456428 ], [ -88.649748540817413, 13.641486956939417 ], [ -88.636273873192536, 13.641486956939413 ], [ -88.636273873192536, 13.628012289314546 ], [ -88.609324537942811, 13.628012289314542 ], [ -88.609324537942811, 13.614537621689683 ], [ -88.595849870317949, 13.61453762168968 ], [ -88.595849870317949, 13.641486956939413 ], [ -88.609324537942811, 13.641486956939415 ], [ -88.609324537942811, 13.654961624564278 ], [ -88.582375202693086, 13.65496162456428 ], [ -88.582375202693086, 13.668436292189142 ], [ -88.622799205567674, 13.66843629218914 ], [ -88.622799205567674, 13.681910959814006 ], [ -88.663223208442275, 13.68191095981401 ], [ -88.663223208442275, 13.695385627438874 ], [ -88.649748540817413, 13.695385627438876 ], [ -88.649748540817413, 13.708860295063744 ], [ -88.636273873192536, 13.708860295063737 ], [ -88.636273873192536, 13.735809630313472 ], [ -88.663223208442275, 13.735809630313472 ], [ -88.663223208442275, 13.722334962688604 ], [ -88.690172543692, 13.722334962688606 ], [ -88.690172543692, 13.735809630313469 ], [ -88.703647211316863, 13.735809630313472 ], [ -88.703647211316863, 13.68191095981401 ], [ -88.730596546566602, 13.68191095981401 ], [ -88.730596546566602, 13.668436292189138 ], [ -88.71712187894174, 13.66843629218914 ], [ -88.71712187894174, 13.654961624564283 ], [ -88.676697876067138, 13.65496162456428 ], [ -88.676697876067138, 13.668436292189137 ], [ -88.663223208442275, 13.668436292189142 ], [ -88.663223208442275, 13.65496162456428 ], [ -88.649748540817413, 13.65496162456428 ] ], [ [ -88.568900535068209, 13.668436292189142 ], [ -88.568900535068209, 13.681910959814008 ], [ -88.582375202693086, 13.681910959814008 ], [ -88.582375202693086, 13.668436292189142 ], [ -88.568900535068209, 13.668436292189142 ] ], [ [ -88.636273873192536, 13.695385627438874 ], [ -88.622799205567674, 13.695385627438874 ], [ -88.622799205567674, 13.70886029506374 ], [ -88.636273873192536, 13.708860295063737 ], [ -88.636273873192536, 13.695385627438874 ] ], [ [ -88.730596546566602, 13.654961624564283 ], [ -88.730596546566602, 13.641486956939413 ], [ -88.71712187894174, 13.641486956939417 ], [ -88.71712187894174, 13.654961624564283 ], [ -88.730596546566602, 13.654961624564283 ] ], [ [ -88.595849870317949, 13.681910959814006 ], [ -88.595849870317949, 13.695385627438872 ], [ -88.568900535068209, 13.695385627438876 ], [ -88.568900535068209, 13.70886029506374 ], [ -88.582375202693086, 13.708860295063738 ], [ -88.582375202693086, 13.72233496268861 ], [ -88.595849870317949, 13.722334962688604 ], [ -88.595849870317949, 13.735809630313467 ], [ -88.622799205567674, 13.73580963031347 ], [ -88.622799205567674, 13.722334962688612 ], [ -88.609324537942811, 13.722334962688601 ], [ -88.609324537942811, 13.681910959814006 ], [ -88.595849870317949, 13.681910959814006 ] ], [ [ -88.663223208442275, 13.628012289314549 ], [ -88.663223208442275, 13.61453762168968 ], [ -88.649748540817413, 13.614537621689685 ], [ -88.649748540817413, 13.628012289314546 ], [ -88.663223208442275, 13.628012289314549 ] ], [ [ -88.663223208442275, 13.601062954064815 ], [ -88.663223208442275, 13.587588286439953 ], [ -88.649748540817413, 13.587588286439953 ], [ -88.649748540817413, 13.601062954064819 ], [ -88.663223208442275, 13.601062954064815 ] ], [ [ -88.690172543692, 13.587588286439953 ], [ -88.690172543692, 13.574113618815087 ], [ -88.676697876067138, 13.574113618815087 ], [ -88.676697876067138, 13.587588286439953 ], [ -88.690172543692, 13.587588286439953 ] ], [ [ -88.609324537942811, 13.587588286439955 ], [ -88.609324537942811, 13.574113618815089 ], [ -88.595849870317949, 13.574113618815089 ], [ -88.595849870317949, 13.587588286439955 ], [ -88.609324537942811, 13.587588286439955 ] ], [ [ -88.649748540817413, 13.57411361881509 ], [ -88.649748540817413, 13.560638951190219 ], [ -88.636273873192536, 13.560638951190226 ], [ -88.636273873192536, 13.574113618815083 ], [ -88.649748540817413, 13.57411361881509 ] ] ] } },
{ "type": "Feature", "properties": { "class_id": 4, "area_m2": 2172996.5034956802, "class_name": "Alto", "index": "NDVI", "min_value": null, "max_value": null }, "geometry": { "type": "Polygon", "coordinates": [ [ [ -88.447628526444433, 13.654961624564276 ], [ -88.43415385881957, 13.65496162456428 ], [ -88.43415385881957, 13.641486956939415 ], [ -88.447628526444433, 13.641486956939413 ], [ -88.447628526444433, 13.654961624564276 ] ] ] } },
{ "type": "Feature", "properties": { "class_id": 4, "area_m2": 13037003.895351361, "class_name": "Alto", "index": "NDVI", "min_value": null, "max_value": null }, "geometry": { "type": "Polygon", "coordinates": [ [ [ -88.420679191194694, 13.641486956939415 ], [ -88.420679191194694, 13.681910959814006 ], [ -88.407204523569831, 13.681910959814006 ], [ -88.407204523569831, 13.668436292189144 ], [ -88.380255188320106, 13.66843629218914 ], [ -88.380255188320106, 13.641486956939419 ], [ -88.393729855944969, 13.641486956939412 ], [ -88.393729855944969, 13.654961624564281 ], [ -88.407204523569831, 13.654961624564274 ], [ -88.407204523569831, 13.641486956939415 ], [ -88.420679191194694, 13.641486956939415 ] ] ] } },
{ "type": "Feature", "properties": { "class_id": 4, "area_m2": 2172634.8122882419, "class_name": "Alto", "index": "NDVI", "min_value": null, "max_value": null }, "geometry": { "type": "Polygon", "coordinates": [ [ [ -88.366780520695244, 13.66843629218914 ], [ -88.380255188320106, 13.66843629218914 ], [ -88.380255188320106, 13.681910959814006 ], [ -88.366780520695244, 13.681910959814008 ], [ -88.366780520695244, 13.66843629218914 ] ] ] } },
{ "type": "Feature", "properties": { "class_id": 4, "area_m2": 2172536.8278109501, "class_name": "Alto", "index": "NDVI", "min_value": null, "max_value": null }, "geometry": { "type": "Polygon", "coordinates": [ [ [ -88.393729855944969, 13.695385627438879 ], [ -88.380255188320106, 13.695385627438876 ], [ -88.380255188320106, 13.681910959814006 ], [ -88.393729855944969, 13.68191095981401 ], [ -88.393729855944969, 13.695385627438879 ] ] ] } },
{ "type": "Feature", "properties": { "class_id": 4, "area_m2": 15208509.150398523, "class_name": "Alto", "index": "NDVI", "min_value": null, "max_value": null }, "geometry": { "type": "Polygon", "coordinates": [ [ [ -88.420679191194694, 13.681910959814006 ], [ -88.43415385881957, 13.68191095981401 ], [ -88.43415385881957, 13.66843629218914 ], [ -88.474577861694158, 13.66843629218914 ], [ -88.474577861694158, 13.681910959814005 ], [ -88.461103194069295, 13.68191095981401 ], [ -88.461103194069295, 13.695385627438872 ], [ -88.447628526444433, 13.695385627438876 ], [ -88.447628526444433, 13.70886029506374 ], [ -88.43415385881957, 13.70886029506374 ], [ -88.43415385881957, 13.695385627438874 ], [ -88.420679191194694, 13.695385627438874 ], [ -88.420679191194694, 13.681910959814006 ] ] ] } },
{ "type": "Feature", "properties": { "class_id": 4, "area_m2": 2172959.2601051698, "class_name": "Alto", "index": "NDVI", "min_value": null, "max_value": null }, "geometry": { "type": "Polygon", "coordinates": [ [ [ -88.676697876067138, 13.708860295063738 ], [ -88.663223208442275, 13.70886029506374 ], [ -88.663223208442275, 13.695385627438874 ], [ -88.676697876067138, 13.695385627438872 ], [ -88.676697876067138, 13.708860295063738 ] ] ] } },
{ "type": "Feature", "properties": { "class_id": 4, "area_m2": 2172809.3689027308, "class_name": "Alto", "index": "NDVI", "min_value": null, "max_value": null }, "geometry": { "type": "Polygon", "coordinates": [ [ [ -88.663223208442275, 13.722334962688604 ], [ -88.649748540817413, 13.722334962688604 ], [ -88.649748540817413, 13.708860295063744 ], [ -88.663223208442275, 13.70886029506374 ], [ -88.663223208442275, 13.722334962688604 ] ] ] } },
{ "type": "Feature", "properties": { "class_id": 4, "area_m2": 8689413.0500509385, "class_name": "Alto", "index": "NDVI", "min_value": null, "max_value": null }, "geometry": { "type": "Polygon", "coordinates": [ [ [ -88.43415385881957, 13.722334962688606 ], [ -88.447628526444433, 13.72233496268861 ], [ -88.447628526444433, 13.70886029506374 ], [ -88.474577861694158, 13.708860295063738 ], [ -88.474577861694158, 13.722334962688603 ], [ -88.461103194069295, 13.722334962688603 ], [ -88.461103194069295, 13.735809630313469 ], [ -88.43415385881957, 13.735809630313472 ], [ -88.43415385881957, 13.722334962688606 ] ] ] } },
{ "type": "Feature", "properties": { "class_id": 4, "area_m2": 2172367.2365654102, "class_name": "Alto", "index": "NDVI", "min_value": null, "max_value": null }, "geometry": { "type": "Polygon", "coordinates": [ [ [ -88.48805252931902, 13.722334962688603 ], [ -88.501527196943883, 13.722334962688606 ], [ -88.501527196943883, 13.735809630313472 ], [ -88.48805252931902, 13.735809630313467 ], [ -88.48805252931902, 13.722334962688603 ] ] ] } },
{ "type": "Feature", "properties": { "class_id": 4, "area_m2": 2172195.178438141, "class_name": "Alto", "index": "NDVI", "min_value": null, "max_value": null }, "geometry": { "type": "Polygon", "coordinates": [ [ [ -88.474577861694158, 13.749284297938333 ], [ -88.461103194069295, 13.749284297938337 ], [ -88.461103194069295, 13.735809630313469 ], [ -88.474577861694158, 13.735809630313467 ], [ -88.474577861694158, 13.749284297938333 ] ] ] } },
{ "type": "Feature", "properties": { "class_id": 4, "area_m2": 2172270.7844344429, "class_name": "Alto", "index": "NDVI", "min_value": null, "max_value": null }, "geometry": { "type": "Polygon", "coordinates": [ [ [ -88.501527196943883, 13.735809630313472 ], [ -88.51500186456876, 13.735809630313467 ], [ -88.51500186456876, 13.749284297938337 ], [ -88.501527196943883, 13.749284297938337 ], [ -88.501527196943883, 13.735809630313472 ] ] ] } },
{ "type": "Feature", "properties": { "class_id": 4, "area_m2": 2172827.4177083084, "class_name": "Alto", "index": "NDVI", "min_value": null, "max_value": null }, "geometry": { "type": "Polygon", "coordinates": [ [ [ -88.771020549441189, 13.73580963031347 ], [ -88.784495217066066, 13.735809630313472 ], [ -88.784495217066066, 13.749284297938335 ], [ -88.771020549441189, 13.749284297938337 ], [ -88.771020549441189, 13.73580963031347 ] ] ] } },
{ "type": "Feature", "properties": { "class_id": 4, "area_m2": 2172583.098552254, "class_name": "Alto", "index": "NDVI", "min_value": null, "max_value": null }, "geometry": { "type": "Polygon", "coordinates": [ [ [ -88.784495217066066, 13.776233633188067 ], [ -88.771020549441189, 13.77623363318806 ], [ -88.771020549441189, 13.762758965563199 ], [ -88.784495217066066, 13.762758965563203 ], [ -88.784495217066066, 13.776233633188067 ] ] ] } },
{ "type": "Feature", "properties": { "class_id": 4, "area_m2": 10859430.175740037, "class_name": "Alto", "index": "NDVI", "min_value": null, "max_value": null }, "geometry": { "type": "Polygon", "coordinates": [ [ [ -88.568900535068209, 13.803182968437797 ], [ -88.541951199818484, 13.803182968437797 ], [ -88.541951199818484, 13.776233633188069 ], [ -88.555425867443347, 13.776233633188067 ], [ -88.555425867443347, 13.789708300812933 ], [ -88.582375202693086, 13.789708300812931 ], [ -88.582375202693086, 13.816657636062669 ], [ -88.568900535068209, 13.816657636062667 ], [ -88.568900535068209, 13.803182968437797 ] ] ] } },
{ "type": "Feature", "properties": { "class_id": 4, "area_m2": 2172338.3080078973, "class_name": "Alto", "index": "NDVI", "min_value": null, "max_value": null }, "geometry": { "type": "Polygon", "coordinates": [ [ [ -88.771020549441189, 13.789708300812929 ], [ -88.784495217066066, 13.789708300812929 ], [ -88.784495217066066, 13.803182968437797 ], [ -88.771020549441189, 13.803182968437797 ], [ -88.771020549441189, 13.789708300812929 ] ] ] } },
{ "type": "Feature", "properties": { "class_id": 4, "area_m2": 2172093.0461158515, "class_name": "Alto", "index": "NDVI", "min_value": null, "max_value": null }, "geometry": { "type": "Polygon", "coordinates": [ [ [ -88.784495217066066, 13.830132303687524 ], [ -88.771020549441189, 13.830132303687522 ], [ -88.771020549441189, 13.81665763606266 ], [ -88.784495217066066, 13.816657636062661 ], [ -88.784495217066066, 13.830132303687524 ] ] ] } },
{ "type": "Feature", "properties": { "class_id": 4, "area_m2": 13028671.905130055, "class_name": "Alto", "index": "NDVI", "min_value": null, "max_value": null }, "geometry": { "type": "Polygon", "coordinates": [ [ [ -88.568900535068209, 13.857081638937261 ], [ -88.595849870317949, 13.857081638937258 ], [ -88.595849870317949, 13.870556306562117 ], [ -88.555425867443347, 13.870556306562124 ], [ -88.555425867443347, 13.816657636062667 ], [ -88.568900535068209, 13.816657636062667 ], [ -88.568900535068209, 13.857081638937261 ] ] ] } },
{ "type": "Feature", "properties": { "class_id": 4, "area_m2": 2171877.504786917, "class_name": "Alto", "index": "NDVI", "min_value": null, "max_value": null }, "geometry": { "type": "Polygon", "coordinates": [ [ [ -88.797969884690929, 13.857081638937267 ], [ -88.784495217066066, 13.857081638937261 ], [ -88.784495217066066, 13.84360697131239 ], [ -88.797969884690929, 13.843606971312392 ], [ -88.797969884690929, 13.857081638937267 ] ] ] } },
{ "type": "Feature", "properties": { "class_id": 4, "area_m2": 8685836.4475441705, "class_name": "Alto", "index": "NDVI", "min_value": null, "max_value": null }, "geometry": { "type": "Polygon", "coordinates": [ [ [ -88.757545881816327, 13.897505641811854 ], [ -88.71712187894174, 13.897505641811854 ], [ -88.71712187894174, 13.870556306562118 ], [ -88.730596546566602, 13.870556306562127 ], [ -88.730596546566602, 13.884030974186986 ], [ -88.757545881816327, 13.88403097418699 ], [ -88.757545881816327, 13.897505641811854 ] ] ] } },
{ "type": "Feature", "properties": { "class_id": 4, "area_m2": 49925218.770638071, "class_name": "Alto", "index": "NDVI", "min_value": null, "max_value": null }, "geometry": { "type": "Polygon", "coordinates": [ [ [ -88.703647211316863, 13.964878979936181 ], [ -88.730596546566602, 13.964878979936177 ], [ -88.730596546566602, 13.991828315185908 ], [ -88.690172543692, 13.991828315185913 ], [ -88.690172543692, 13.978353647561047 ], [ -88.663223208442275, 13.978353647561047 ], [ -88.663223208442275, 13.964878979936181 ], [ -88.649748540817413, 13.964878979936183 ], [ -88.649748540817413, 13.978353647561045 ], [ -88.636273873192536, 13.978353647561041 ], [ -88.636273873192536, 13.951404312311308 ], [ -88.622799205567674, 13.951404312311311 ], [ -88.622799205567674, 13.937929644686452 ], [ -88.636273873192536, 13.937929644686449 ], [ -88.636273873192536, 13.924454977061588 ], [ -88.663223208442275, 13.924454977061588 ], [ -88.663223208442275, 13.937929644686449 ], [ -88.676697876067138, 13.937929644686445 ], [ -88.676697876067138, 13.924454977061584 ], [ -88.71712187894174, 13.924454977061579 ], [ -88.71712187894174, 13.937929644686445 ], [ -88.690172543692, 13.937929644686447 ], [ -88.690172543692, 13.951404312311317 ], [ -88.703647211316863, 13.951404312311313 ], [ -88.703647211316863, 13.964878979936181 ] ], [ [ -88.676697876067138, 13.964878979936181 ], [ -88.676697876067138, 13.951404312311311 ], [ -88.663223208442275, 13.951404312311311 ], [ -88.663223208442275, 13.964878979936181 ], [ -88.676697876067138, 13.964878979936181 ] ] ] } },
{ "type": "Feature", "properties": { "class_id": 4, "area_m2": 2170427.7739477516, "class_name": "Alto", "index": "NDVI", "min_value": null, "max_value": null }, "geometry": { "type": "Polygon", "coordinates": [ [ [ -88.757545881816327, 14.005302982810777 ], [ -88.744071214191464, 14.005302982810777 ], [ -88.744071214191464, 13.991828315185911 ], [ -88.757545881816327, 13.991828315185911 ], [ -88.757545881816327, 14.005302982810777 ] ] ] } },
{ "type": "Feature", "properties": { "class_id": 4, "area_m2": 2170363.018797806, "class_name": "Alto", "index": "NDVI", "min_value": null, "max_value": null }, "geometry": { "type": "Polygon", "coordinates": [ [ [ -88.784495217066066, 14.018777650435645 ], [ -88.771020549441189, 14.018777650435641 ], [ -88.771020549441189, 14.005302982810772 ], [ -88.784495217066066, 14.005302982810772 ], [ -88.784495217066066, 14.018777650435645 ] ] ] } },
{ "type": "Feature", "properties": { "class_id": 4, "area_m2": 2169621.4273744505, "class_name": "Alto", "index": "NDVI", "min_value": null, "max_value": null }, "geometry": { "type": "Polygon", "coordinates": [ [ [ -88.730596546566602, 14.086150988559966 ], [ -88.71712187894174, 14.086150988559966 ], [ -88.71712187894174, 14.072676320935106 ], [ -88.730596546566602, 14.072676320935102 ], [ -88.730596546566602, 14.086150988559966 ] ] ] } },
{ "type": "Feature", "properties": { "class_id": 4, "area_m2": 2175608.1396113671, "class_name": "Alto", "index": "NDVI", "min_value": null, "max_value": null }, "geometry": { "type": "Polygon", "coordinates": [ [ [ -88.043388497698473, 13.277670931068053 ], [ -88.05686316532335, 13.277670931068053 ], [ -88.05686316532335, 13.291145598692919 ], [ -88.043388497698473, 13.291145598692918 ], [ -88.043388497698473, 13.277670931068053 ] ] ] } },
{ "type": "Feature", "properties": { "class_id": 4, "area_m2": 2175645.0104548084, "class_name": "Alto", "index": "NDVI", "min_value": null, "max_value": null }, "geometry": { "type": "Polygon", "coordinates": [ [ [ -88.23203384444659, 13.304620266317784 ], [ -88.245508512071453, 13.304620266317784 ], [ -88.245508512071453, 13.318094933942644 ], [ -88.23203384444659, 13.318094933942648 ], [ -88.23203384444659, 13.304620266317784 ] ] ] } },
{ "type": "Feature", "properties": { "class_id": 4, "area_m2": 4350590.859520494, "class_name": "Alto", "index": "NDVI", "min_value": null, "max_value": null }, "geometry": { "type": "Polygon", "coordinates": [ [ [ -88.043388497698473, 13.33156960156751 ], [ -88.02991383007361, 13.331569601567512 ], [ -88.02991383007361, 13.304620266317785 ], [ -88.043388497698473, 13.304620266317784 ], [ -88.043388497698473, 13.33156960156751 ] ] ] } },
{ "type": "Feature", "properties": { "class_id": 4, "area_m2": 10877635.075630479, "class_name": "Alto", "index": "NDVI", "min_value": null, "max_value": null }, "geometry": { "type": "Polygon", "coordinates": [ [ [ -88.205084509196851, 13.331569601567514 ], [ -88.164660506322264, 13.331569601567516 ], [ -88.164660506322264, 13.318094933942648 ], [ -88.191609841571989, 13.318094933942648 ], [ -88.191609841571989, 13.304620266317784 ], [ -88.218559176821714, 13.304620266317785 ], [ -88.218559176821714, 13.318094933942648 ], [ -88.205084509196851, 13.318094933942641 ], [ -88.205084509196851, 13.331569601567514 ] ] ] } },
{ "type": "Feature", "properties": { "class_id": 4, "area_m2": 2175290.3640379184, "class_name": "Alto", "index": "NDVI", "min_value": null, "max_value": null }, "geometry": { "type": "Polygon", "coordinates": [ [ [ -88.08381250057306, 13.331569601567509 ], [ -88.070337832948198, 13.331569601567509 ], [ -88.070337832948198, 13.318094933942646 ], [ -88.08381250057306, 13.318094933942646 ], [ -88.08381250057306, 13.331569601567509 ] ] ] } },
{ "type": "Feature", "properties": { "class_id": 4, "area_m2": 2175505.8846196914, "class_name": "Alto", "index": "NDVI", "min_value": null, "max_value": null }, "geometry": { "type": "Polygon", "coordinates": [ [ [ -88.218559176821714, 13.318094933942648 ], [ -88.23203384444659, 13.318094933942648 ], [ -88.23203384444659, 13.331569601567512 ], [ -88.218559176821714, 13.331569601567509 ], [ -88.218559176821714, 13.318094933942648 ] ] ] } },
{ "type": "Feature", "properties": { "class_id": 4, "area_m2": 2175569.4842743846, "class_name": "Alto", "index": "NDVI", "min_value": null, "max_value": null }, "geometry": { "type": "Polygon", "coordinates": [ [ [ -88.258983179696315, 13.318094933942648 ], [ -88.272457847321178, 13.318094933942644 ], [ -88.272457847321178, 13.33156960156751 ], [ -88.258983179696315, 13.331569601567514 ], [ -88.258983179696315, 13.318094933942648 ] ] ] } },
{ "type": "Feature", "properties": { "class_id": 4, "area_m2": 4350574.4721870599, "class_name": "Alto", "index": "NDVI", "min_value": null, "max_value": null }, "geometry": { "type": "Polygon", "coordinates": [ [ [ -88.124236503447662, 13.345044269192378 ], [ -88.1107618358228, 13.345044269192373 ], [ -88.1107618358228, 13.318094933942646 ], [ -88.124236503447662, 13.318094933942648 ], [ -88.124236503447662, 13.345044269192378 ] ] ] } },
{ "type": "Feature", "properties": { "class_id": 4, "area_m2": 2175100.6569249327, "class_name": "Alto", "index": "NDVI", "min_value": null, "max_value": null }, "geometry": { "type": "Polygon", "coordinates": [ [ [ -88.016439162448734, 13.331569601567514 ], [ -88.02991383007361, 13.331569601567512 ], [ -88.02991383007361, 13.345044269192382 ], [ -88.016439162448734, 13.34504426919238 ], [ -88.016439162448734, 13.331569601567514 ] ] ] } },
{ "type": "Feature", "properties": { "class_id": 4, "area_m2": 2175135.9345258358, "class_name": "Alto", "index": "NDVI", "min_value": null, "max_value": null }, "geometry": { "type": "Polygon", "coordinates": [ [ [ -88.043388497698473, 13.33156960156751 ], [ -88.05686316532335, 13.331569601567509 ], [ -88.05686316532335, 13.345044269192377 ], [ -88.043388497698473, 13.345044269192378 ], [ -88.043388497698473, 13.33156960156751 ] ] ] } },
{ "type": "Feature", "properties": { "class_id": 4, "area_m2": 2174999.838106195, "class_name": "Alto", "index": "NDVI", "min_value": null, "max_value": null }, "geometry": { "type": "Polygon", "coordinates": [ [ [ -88.043388497698473, 13.358518936817244 ], [ -88.02991383007361, 13.358518936817244 ], [ -88.02991383007361, 13.345044269192382 ], [ -88.043388497698473, 13.345044269192378 ], [ -88.043388497698473, 13.358518936817244 ] ] ] } },
{ "type": "Feature", "properties": { "class_id": 4, "area_m2": 2175090.8853131891, "class_name": "Alto", "index": "NDVI", "min_value": null, "max_value": null }, "geometry": { "type": "Polygon", "coordinates": [ [ [ -88.097287168197937, 13.345044269192378 ], [ -88.1107618358228, 13.345044269192373 ], [ -88.1107618358228, 13.358518936817241 ], [ -88.097287168197937, 13.358518936817244 ], [ -88.097287168197937, 13.345044269192378 ] ] ] } },
{ "type": "Feature", "properties": { "class_id": 4, "area_m2": 2175311.3829548182, "class_name": "Alto", "index": "NDVI", "min_value": null, "max_value": null }, "geometry": { "type": "Polygon", "coordinates": [ [ [ -88.245508512071453, 13.345044269192373 ], [ -88.258983179696315, 13.345044269192378 ], [ -88.258983179696315, 13.358518936817246 ], [ -88.245508512071453, 13.358518936817243 ], [ -88.245508512071453, 13.345044269192373 ] ] ] } },
{ "type": "Feature", "properties": { "class_id": 4, "area_m2": 2174536.4785877508, "class_name": "Alto", "index": "NDVI", "min_value": null, "max_value": null }, "geometry": { "type": "Polygon", "coordinates": [ [ [ -87.733471142326565, 13.371993604442112 ], [ -87.719996474701702, 13.37199360444211 ], [ -87.719996474701702, 13.358518936817244 ], [ -87.733471142326565, 13.358518936817244 ], [ -87.733471142326565, 13.371993604442112 ] ] ] } },
{ "type": "Feature", "properties": { "class_id": 4, "area_m2": 4348349.8056361442, "class_name": "Alto", "index": "NDVI", "min_value": null, "max_value": null }, "geometry": { "type": "Polygon", "coordinates": [ [ [ -88.299407182570931, 13.493265613065899 ], [ -88.272457847321178, 13.493265613065899 ], [ -88.272457847321178, 13.47979094544103 ], [ -88.299407182570931, 13.47979094544103 ], [ -88.299407182570931, 13.493265613065899 ] ] ] } },
{ "type": "Feature", "properties": { "class_id": 4, "area_m2": 2173857.996931463, "class_name": "Alto", "index": "NDVI", "min_value": null, "max_value": null }, "geometry": { "type": "Polygon", "coordinates": [ [ [ -88.164660506322264, 13.50674028069076 ], [ -88.151185838697387, 13.506740280690764 ], [ -88.151185838697387, 13.493265613065901 ], [ -88.164660506322264, 13.493265613065901 ], [ -88.164660506322264, 13.50674028069076 ] ] ] } },
{ "type": "Feature", "properties": { "class_id": 4, "area_m2": 8694233.5312974658, "class_name": "Alto", "index": "NDVI", "min_value": null, "max_value": null }, "geometry": { "type": "Polygon", "coordinates": [ [ [ -88.137711171072525, 13.533689615940492 ], [ -88.151185838697387, 13.533689615940494 ], [ -88.151185838697387, 13.52021494831563 ], [ -88.17813517394714, 13.520214948315623 ], [ -88.17813517394714, 13.533689615940494 ], [ -88.164660506322264, 13.533689615940492 ], [ -88.164660506322264, 13.547164283565358 ], [ -88.137711171072525, 13.547164283565358 ], [ -88.137711171072525, 13.533689615940492 ] ] ] } },
{ "type": "Feature", "properties": { "class_id": 4, "area_m2": 2173417.9120962773, "class_name": "Alto", "index": "NDVI", "min_value": null, "max_value": null }, "geometry": { "type": "Polygon", "coordinates": [ [ [ -88.17813517394714, 13.547164283565357 ], [ -88.191609841571989, 13.547164283565351 ], [ -88.191609841571989, 13.560638951190215 ], [ -88.17813517394714, 13.560638951190215 ], [ -88.17813517394714, 13.547164283565357 ] ] ] } },
{ "type": "Feature", "properties": { "class_id": 4, "area_m2": 4346178.3592853164, "class_name": "Alto", "index": "NDVI", "min_value": null, "max_value": null }, "geometry": { "type": "Polygon", "coordinates": [ [ [ -88.137711171072525, 13.587588286439955 ], [ -88.1107618358228, 13.587588286439955 ], [ -88.1107618358228, 13.574113618815089 ], [ -88.137711171072525, 13.574113618815094 ], [ -88.137711171072525, 13.587588286439955 ] ] ] } },
{ "type": "Feature", "properties": { "class_id": 4, "area_m2": 2172716.1831861176, "class_name": "Alto", "index": "NDVI", "min_value": null, "max_value": null }, "geometry": { "type": "Polygon", "coordinates": [ [ [ -87.935591156699559, 13.601062954064817 ], [ -87.922116489074682, 13.601062954064819 ], [ -87.922116489074682, 13.587588286439955 ], [ -87.935591156699559, 13.587588286439953 ], [ -87.935591156699559, 13.601062954064817 ] ] ] } },
{ "type": "Feature", "properties": { "class_id": 4, "area_m2": 2172857.6035932153, "class_name": "Alto", "index": "NDVI", "min_value": null, "max_value": null }, "geometry": { "type": "Polygon", "coordinates": [ [ [ -88.137711171072525, 13.614537621689685 ], [ -88.124236503447662, 13.614537621689681 ], [ -88.124236503447662, 13.601062954064822 ], [ -88.137711171072525, 13.601062954064817 ], [ -88.137711171072525, 13.614537621689685 ] ] ] } },
{ "type": "Feature", "properties": { "class_id": 4, "area_m2": 2171939.7917379569, "class_name": "Alto", "index": "NDVI", "min_value": null, "max_value": null }, "geometry": { "type": "Polygon", "coordinates": [ [ [ -87.760420477576304, 13.65496162456428 ], [ -87.773895145201166, 13.65496162456428 ], [ -87.773895145201166, 13.668436292189142 ], [ -87.760420477576304, 13.66843629218914 ], [ -87.760420477576304, 13.65496162456428 ] ] ] } },
{ "type": "Feature", "properties": { "class_id": 4, "area_m2": 2172392.5743112508, "class_name": "Alto", "index": "NDVI", "min_value": null, "max_value": null }, "geometry": { "type": "Polygon", "coordinates": [ [ [ -88.218559176821714, 13.66843629218914 ], [ -88.23203384444659, 13.66843629218914 ], [ -88.23203384444659, 13.681910959814012 ], [ -88.218559176821714, 13.681910959814006 ], [ -88.218559176821714, 13.66843629218914 ] ] ] } },
{ "type": "Feature", "properties": { "class_id": 4, "area_m2": 2171723.8845705669, "class_name": "Alto", "index": "NDVI", "min_value": null, "max_value": null }, "geometry": { "type": "Polygon", "coordinates": [ [ [ -87.800844480450891, 13.695385627438874 ], [ -87.787369812826029, 13.695385627438869 ], [ -87.787369812826029, 13.681910959814006 ], [ -87.800844480450891, 13.681910959814006 ], [ -87.800844480450891, 13.695385627438874 ] ] ] } },
{ "type": "Feature", "properties": { "class_id": 4, "area_m2": 4344590.700486077, "class_name": "Alto", "index": "NDVI", "min_value": null, "max_value": null }, "geometry": { "type": "Polygon", "coordinates": [ [ [ -88.28593251494604, 13.708860295063735 ], [ -88.272457847321178, 13.708860295063742 ], [ -88.272457847321178, 13.68191095981401 ], [ -88.28593251494604, 13.681910959814005 ], [ -88.28593251494604, 13.708860295063735 ] ] ] } },
{ "type": "Feature", "properties": { "class_id": 4, "area_m2": 4343504.7849812331, "class_name": "Alto", "index": "NDVI", "min_value": null, "max_value": null }, "geometry": { "type": "Polygon", "coordinates": [ [ [ -87.976015159574146, 13.722334962688603 ], [ -87.976015159574146, 13.695385627438879 ], [ -87.989489827199009, 13.695385627438879 ], [ -87.989489827199009, 13.72233496268861 ], [ -87.976015159574146, 13.722334962688603 ] ] ] } },
{ "type": "Feature", "properties": { "class_id": 4, "area_m2": 6514199.5644176295, "class_name": "Alto", "index": "NDVI", "min_value": null, "max_value": null }, "geometry": { "type": "Polygon", "coordinates": [ [ [ -87.773895145201166, 13.73580963031347 ], [ -87.760420477576304, 13.735809630313469 ], [ -87.760420477576304, 13.708860295063737 ], [ -87.787369812826029, 13.70886029506374 ], [ -87.787369812826029, 13.722334962688604 ], [ -87.773895145201166, 13.722334962688606 ], [ -87.773895145201166, 13.73580963031347 ] ] ] } },
{ "type": "Feature", "properties": { "class_id": 4, "area_m2": 2171553.5140354405, "class_name": "Alto", "index": "NDVI", "min_value": null, "max_value": null }, "geometry": { "type": "Polygon", "coordinates": [ [ [ -87.962540491949284, 13.722334962688603 ], [ -87.976015159574146, 13.722334962688603 ], [ -87.976015159574146, 13.735809630313469 ], [ -87.962540491949284, 13.73580963031347 ], [ -87.962540491949284, 13.722334962688603 ] ] ] } },
{ "type": "Feature", "properties": { "class_id": 4, "area_m2": 2172013.1425937051, "class_name": "Alto", "index": "NDVI", "min_value": null, "max_value": null }, "geometry": { "type": "Polygon", "coordinates": [ [ [ -88.299407182570931, 13.73580963031347 ], [ -88.28593251494604, 13.73580963031347 ], [ -88.28593251494604, 13.722334962688606 ], [ -88.299407182570931, 13.722334962688606 ], [ -88.299407182570931, 13.73580963031347 ] ] ] } },
{ "type": "Feature", "properties": { "class_id": 4, "area_m2": 2171743.6978110359, "class_name": "Alto", "index": "NDVI", "min_value": null, "max_value": null }, "geometry": { "type": "Polygon", "coordinates": [ [ [ -88.191609841571989, 13.735809630313467 ], [ -88.205084509196851, 13.735809630313467 ], [ -88.205084509196851, 13.749284297938337 ], [ -88.191609841571989, 13.74928429793834 ], [ -88.191609841571989, 13.735809630313467 ] ] ] } },
{ "type": "Feature", "properties": { "class_id": 4, "area_m2": 2171784.7337125191, "class_name": "Alto", "index": "NDVI", "min_value": null, "max_value": null }, "geometry": { "type": "Polygon", "coordinates": [ [ [ -88.218559176821714, 13.735809630313472 ], [ -88.23203384444659, 13.735809630313472 ], [ -88.23203384444659, 13.749284297938337 ], [ -88.218559176821714, 13.749284297938337 ], [ -88.218559176821714, 13.735809630313472 ] ] ] } },
{ "type": "Feature", "properties": { "class_id": 4, "area_m2": 8685778.4938688856, "class_name": "Alto", "index": "NDVI", "min_value": null, "max_value": null }, "geometry": { "type": "Polygon", "coordinates": [ [ [ -88.05686316532335, 13.762758965563197 ], [ -88.043388497698473, 13.762758965563203 ], [ -88.043388497698473, 13.749284297938337 ], [ -88.02991383007361, 13.749284297938338 ], [ -88.02991383007361, 13.73580963031347 ], [ -88.070337832948198, 13.735809630313467 ], [ -88.070337832948198, 13.749284297938337 ], [ -88.05686316532335, 13.749284297938335 ], [ -88.05686316532335, 13.762758965563197 ] ] ] } },
{ "type": "Feature", "properties": { "class_id": 4, "area_m2": 10855864.135423478, "class_name": "Alto", "index": "NDVI", "min_value": null, "max_value": null }, "geometry": { "type": "Polygon", "coordinates": [ [ [ -87.841268483325493, 13.749284297938337 ], [ -87.82779381570063, 13.749284297938337 ], [ -87.82779381570063, 13.735809630313463 ], [ -87.868217818575218, 13.735809630313472 ], [ -87.868217818575218, 13.749284297938335 ], [ -87.854743150950355, 13.749284297938337 ], [ -87.854743150950355, 13.77623363318806 ], [ -87.841268483325493, 13.776233633188067 ], [ -87.841268483325493, 13.749284297938337 ] ] ] } },
{ "type": "Feature", "properties": { "class_id": 4, "area_m2": 4343388.4744297517, "class_name": "Alto", "index": "NDVI", "min_value": null, "max_value": null }, "geometry": { "type": "Polygon", "coordinates": [ [ [ -88.23203384444659, 13.749284297938337 ], [ -88.258983179696315, 13.749284297938337 ], [ -88.258983179696315, 13.762758965563203 ], [ -88.23203384444659, 13.762758965563199 ], [ -88.23203384444659, 13.749284297938337 ] ] ] } },
{ "type": "Feature", "properties": { "class_id": 4, "area_m2": 6515095.9685385749, "class_name": "Alto", "index": "NDVI", "min_value": null, "max_value": null }, "geometry": { "type": "Polygon", "coordinates": [ [ [ -88.28593251494604, 13.749284297938337 ], [ -88.299407182570931, 13.749284297938337 ], [ -88.299407182570931, 13.776233633188067 ], [ -88.272457847321178, 13.776233633188063 ], [ -88.272457847321178, 13.762758965563203 ], [ -88.28593251494604, 13.762758965563203 ], [ -88.28593251494604, 13.749284297938337 ] ] ] } },
{ "type": "Feature", "properties": { "class_id": 4, "area_m2": 26057127.087292597, "class_name": "Alto", "index": "NDVI", "min_value": null, "max_value": null }, "geometry": { "type": "Polygon", "coordinates": [ [ [ -88.164660506322264, 13.762758965563203 ], [ -88.17813517394714, 13.762758965563199 ], [ -88.17813517394714, 13.749284297938337 ], [ -88.191609841571989, 13.74928429793834 ], [ -88.191609841571989, 13.762758965563201 ], [ -88.23203384444659, 13.762758965563199 ], [ -88.23203384444659, 13.789708300812931 ], [ -88.205084509196851, 13.789708300812933 ], [ -88.205084509196851, 13.803182968437799 ], [ -88.191609841571989, 13.803182968437797 ], [ -88.191609841571989, 13.789708300812929 ], [ -88.164660506322264, 13.789708300812933 ], [ -88.164660506322264, 13.762758965563203 ] ] ] } },
{ "type": "Feature", "properties": { "class_id": 4, "area_m2": 2171195.5351281888, "class_name": "Alto", "index": "NDVI", "min_value": null, "max_value": null }, "geometry": { "type": "Polygon", "coordinates": [ [ [ -88.164660506322264, 13.803182968437799 ], [ -88.151185838697387, 13.803182968437797 ], [ -88.151185838697387, 13.789708300812938 ], [ -88.164660506322264, 13.789708300812933 ], [ -88.164660506322264, 13.803182968437799 ] ] ] } },
{ "type": "Feature", "properties": { "class_id": 4, "area_m2": 13025219.426547479, "class_name": "Alto", "index": "NDVI", "min_value": null, "max_value": null }, "geometry": { "type": "Polygon", "coordinates": [ [ [ -87.989489827199009, 13.789708300812929 ], [ -88.02991383007361, 13.789708300812933 ], [ -88.02991383007361, 13.803182968437797 ], [ -88.016439162448734, 13.803182968437794 ], [ -88.016439162448734, 13.81665763606266 ], [ -88.002964494823871, 13.816657636062663 ], [ -88.002964494823871, 13.830132303687522 ], [ -87.989489827199009, 13.830132303687522 ], [ -87.989489827199009, 13.789708300812929 ] ] ] } },
{ "type": "Feature", "properties": { "class_id": 4, "area_m2": 2170801.2944410117, "class_name": "Alto", "index": "NDVI", "min_value": null, "max_value": null }, "geometry": { "type": "Polygon", "coordinates": [ [ [ -88.043388497698473, 13.816657636062663 ], [ -88.05686316532335, 13.816657636062658 ], [ -88.05686316532335, 13.830132303687522 ], [ -88.043388497698473, 13.830132303687527 ], [ -88.043388497698473, 13.816657636062663 ] ] ] } },
{ "type": "Feature", "properties": { "class_id": 4, "area_m2": 4341304.7719284352, "class_name": "Alto", "index": "NDVI", "min_value": null, "max_value": null }, "geometry": { "type": "Polygon", "coordinates": [ [ [ -88.043388497698473, 13.84360697131239 ], [ -88.016439162448734, 13.84360697131239 ], [ -88.016439162448734, 13.830132303687522 ], [ -88.043388497698473, 13.830132303687527 ], [ -88.043388497698473, 13.84360697131239 ] ] ] } },
{ "type": "Feature", "properties": { "class_id": 4, "area_m2": 4341878.5122328829, "class_name": "Alto", "index": "NDVI", "min_value": null, "max_value": null }, "geometry": { "type": "Polygon", "coordinates": [ [ [ -88.245508512071453, 13.84360697131239 ], [ -88.218559176821714, 13.843606971312393 ], [ -88.218559176821714, 13.830132303687524 ], [ -88.245508512071453, 13.830132303687524 ], [ -88.245508512071453, 13.84360697131239 ] ] ] } },
{ "type": "Feature", "properties": { "class_id": 4, "area_m2": 145425491.27927881, "class_name": "Alto", "index": "NDVI", "min_value": null, "max_value": null }, "geometry": { "type": "Polygon", "coordinates": [ [ [ -88.124236503447662, 13.93792964468645 ], [ -88.097287168197937, 13.93792964468645 ], [ -88.097287168197937, 13.924454977061586 ], [ -88.08381250057306, 13.924454977061588 ], [ -88.08381250057306, 13.937929644686445 ], [ -88.043388497698473, 13.93792964468645 ], [ -88.043388497698473, 13.91098030943672 ], [ -88.02991383007361, 13.91098030943672 ], [ -88.02991383007361, 13.897505641811854 ], [ -88.043388497698473, 13.897505641811858 ], [ -88.043388497698473, 13.88403097418699 ], [ -88.05686316532335, 13.88403097418699 ], [ -88.05686316532335, 13.870556306562124 ], [ -88.070337832948198, 13.870556306562124 ], [ -88.070337832948198, 13.85708163893726 ], [ -88.08381250057306, 13.857081638937263 ], [ -88.08381250057306, 13.84360697131239 ], [ -88.05686316532335, 13.843606971312392 ], [ -88.05686316532335, 13.830132303687522 ], [ -88.070337832948198, 13.830132303687527 ], [ -88.070337832948198, 13.81665763606266 ], [ -88.05686316532335, 13.816657636062658 ], [ -88.05686316532335, 13.803182968437797 ], [ -88.043388497698473, 13.803182968437797 ], [ -88.043388497698473, 13.789708300812928 ], [ -88.02991383007361, 13.789708300812933 ], [ -88.02991383007361, 13.776233633188063 ], [ -88.05686316532335, 13.776233633188067 ], [ -88.05686316532335, 13.762758965563197 ], [ -88.070337832948198, 13.762758965563201 ], [ -88.070337832948198, 13.776233633188063 ], [ -88.08381250057306, 13.776233633188063 ], [ -88.08381250057306, 13.789708300812931 ], [ -88.097287168197937, 13.789708300812933 ], [ -88.097287168197937, 13.77623363318807 ], [ -88.1107618358228, 13.776233633188065 ], [ -88.1107618358228, 13.789708300812931 ], [ -88.124236503447662, 13.789708300812933 ], [ -88.124236503447662, 13.81665763606266 ], [ -88.1107618358228, 13.816657636062663 ], [ -88.1107618358228, 13.830132303687526 ], [ -88.124236503447662, 13.830132303687522 ], [ -88.124236503447662, 13.843606971312393 ], [ -88.137711171072525, 13.84360697131239 ], [ -88.137711171072525, 13.85708163893726 ], [ -88.151185838697387, 13.85708163893726 ], [ -88.151185838697387, 13.843606971312395 ], [ -88.164660506322264, 13.843606971312393 ], [ -88.164660506322264, 13.830132303687522 ], [ -88.17813517394714, 13.830132303687522 ], [ -88.17813517394714, 13.843606971312393 ], [ -88.191609841571989, 13.84360697131239 ], [ -88.191609841571989, 13.85708163893726 ], [ -88.164660506322264, 13.857081638937258 ], [ -88.164660506322264, 13.88403097418699 ], [ -88.137711171072525, 13.88403097418699 ], [ -88.137711171072525, 13.924454977061583 ], [ -88.124236503447662, 13.924454977061583 ], [ -88.124236503447662, 13.93792964468645 ] ], [ [ -88.05686316532335, 13.897505641811859 ], [ -88.070337832948198, 13.897505641811852 ], [ -88.070337832948198, 13.884030974186986 ], [ -88.05686316532335, 13.88403097418699 ], [ -88.05686316532335, 13.897505641811859 ] ], [ [ -88.08381250057306, 13.897505641811851 ], [ -88.1107618358228, 13.897505641811856 ], [ -88.1107618358228, 13.884030974186986 ], [ -88.097287168197937, 13.884030974186981 ], [ -88.097287168197937, 13.857081638937258 ], [ -88.08381250057306, 13.857081638937263 ], [ -88.08381250057306, 13.897505641811851 ] ], [ [ -88.097287168197937, 13.843606971312393 ], [ -88.097287168197937, 13.83013230368752 ], [ -88.08381250057306, 13.83013230368752 ], [ -88.08381250057306, 13.84360697131239 ], [ -88.097287168197937, 13.843606971312393 ] ], [ [ -88.070337832948198, 13.803182968437797 ], [ -88.070337832948198, 13.789708300812929 ], [ -88.05686316532335, 13.789708300812935 ], [ -88.05686316532335, 13.803182968437797 ], [ -88.070337832948198, 13.803182968437797 ] ], [ [ -88.1107618358228, 13.843606971312392 ], [ -88.1107618358228, 13.857081638937261 ], [ -88.124236503447662, 13.857081638937265 ], [ -88.124236503447662, 13.843606971312393 ], [ -88.1107618358228, 13.843606971312392 ] ] ] } },
{ "type": "Feature", "properties": { "class_id": 4, "area_m2": 67278798.381783113, "class_name": "Alto", "index": "NDVI", "min_value": null, "max_value": null }, "geometry": { "type": "Polygon", "coordinates": [ [ [ -87.895167153824957, 13.857081638937263 ], [ -87.90864182144982, 13.857081638937263 ], [ -87.90864182144982, 13.870556306562124 ], [ -87.949065824324421, 13.870556306562124 ], [ -87.949065824324421, 13.84360697131239 ], [ -87.989489827199009, 13.84360697131239 ], [ -87.989489827199009, 13.85708163893726 ], [ -88.002964494823871, 13.857081638937265 ], [ -88.002964494823871, 13.870556306562127 ], [ -87.989489827199009, 13.870556306562124 ], [ -87.989489827199009, 13.884030974186988 ], [ -87.976015159574146, 13.884030974186988 ], [ -87.976015159574146, 13.897505641811854 ], [ -87.935591156699559, 13.897505641811854 ], [ -87.935591156699559, 13.884030974186983 ], [ -87.90864182144982, 13.884030974186986 ], [ -87.90864182144982, 13.897505641811851 ], [ -87.895167153824957, 13.897505641811851 ], [ -87.895167153824957, 13.884030974186983 ], [ -87.868217818575218, 13.884030974186986 ], [ -87.868217818575218, 13.870556306562126 ], [ -87.881692486200095, 13.870556306562129 ], [ -87.881692486200095, 13.857081638937261 ], [ -87.841268483325493, 13.85708163893726 ], [ -87.841268483325493, 13.830132303687524 ], [ -87.854743150950355, 13.83013230368752 ], [ -87.854743150950355, 13.816657636062663 ], [ -87.881692486200095, 13.816657636062667 ], [ -87.881692486200095, 13.843606971312393 ], [ -87.895167153824957, 13.843606971312393 ], [ -87.895167153824957, 13.857081638937263 ] ] ] } },
{ "type": "Feature", "properties": { "class_id": 4, "area_m2": 2170415.5530685056, "class_name": "Alto", "index": "NDVI", "min_value": null, "max_value": null }, "geometry": { "type": "Polygon", "coordinates": [ [ [ -88.02991383007361, 13.85708163893726 ], [ -88.043388497698473, 13.85708163893726 ], [ -88.043388497698473, 13.870556306562127 ], [ -88.02991383007361, 13.870556306562127 ], [ -88.02991383007361, 13.85708163893726 ] ] ] } },
{ "type": "Feature", "properties": { "class_id": 4, "area_m2": 69443021.463373721, "class_name": "Alto", "index": "NDVI", "min_value": null, "max_value": null }, "geometry": { "type": "Polygon", "coordinates": [ [ [ -87.800844480450891, 13.843606971312386 ], [ -87.814319148075768, 13.84360697131239 ], [ -87.814319148075768, 13.870556306562124 ], [ -87.82779381570063, 13.870556306562124 ], [ -87.82779381570063, 13.857081638937258 ], [ -87.841268483325493, 13.85708163893726 ], [ -87.841268483325493, 13.870556306562124 ], [ -87.854743150950355, 13.870556306562127 ], [ -87.854743150950355, 13.884030974186985 ], [ -87.868217818575218, 13.884030974186986 ], [ -87.868217818575218, 13.897505641811851 ], [ -87.854743150950355, 13.897505641811851 ], [ -87.854743150950355, 13.924454977061579 ], [ -87.82779381570063, 13.924454977061583 ], [ -87.82779381570063, 13.91098030943672 ], [ -87.800844480450891, 13.910980309436722 ], [ -87.800844480450891, 13.884030974186986 ], [ -87.787369812826029, 13.884030974186986 ], [ -87.787369812826029, 13.87055630656212 ], [ -87.773895145201166, 13.870556306562127 ], [ -87.773895145201166, 13.85708163893726 ], [ -87.746945809951455, 13.857081638937258 ], [ -87.746945809951455, 13.830132303687522 ], [ -87.733471142326565, 13.830132303687524 ], [ -87.733471142326565, 13.816657636062656 ], [ -87.773895145201166, 13.816657636062661 ], [ -87.773895145201166, 13.830132303687524 ], [ -87.800844480450891, 13.830132303687527 ], [ -87.800844480450891, 13.843606971312386 ] ] ] } },
{ "type": "Feature", "properties": { "class_id": 4, "area_m2": 23875150.417121403, "class_name": "Alto", "index": "NDVI", "min_value": null, "max_value": null }, "geometry": { "type": "Polygon", "coordinates": [ [ [ -88.191609841571989, 13.85708163893726 ], [ -88.218559176821714, 13.857081638937263 ], [ -88.218559176821714, 13.884030974186993 ], [ -88.23203384444659, 13.88403097418699 ], [ -88.23203384444659, 13.910980309436722 ], [ -88.205084509196851, 13.91098030943672 ], [ -88.205084509196851, 13.897505641811854 ], [ -88.17813517394714, 13.897505641811851 ], [ -88.17813517394714, 13.870556306562113 ], [ -88.191609841571989, 13.870556306562124 ], [ -88.191609841571989, 13.85708163893726 ] ] ] } },
{ "type": "Feature", "properties": { "class_id": 4, "area_m2": 2169759.399470299, "class_name": "Alto", "index": "NDVI", "min_value": null, "max_value": null }, "geometry": { "type": "Polygon", "coordinates": [ [ [ -87.90864182144982, 13.924454977061584 ], [ -87.895167153824957, 13.924454977061579 ], [ -87.895167153824957, 13.91098030943672 ], [ -87.90864182144982, 13.91098030943672 ], [ -87.90864182144982, 13.924454977061584 ] ] ] } },
{ "type": "Feature", "properties": { "class_id": 4, "area_m2": 4340199.5803584019, "class_name": "Alto", "index": "NDVI", "min_value": null, "max_value": null }, "geometry": { "type": "Polygon", "coordinates": [ [ [ -88.151185838697387, 13.91098030943672 ], [ -88.17813517394714, 13.91098030943672 ], [ -88.17813517394714, 13.924454977061584 ], [ -88.151185838697387, 13.924454977061583 ], [ -88.151185838697387, 13.91098030943672 ] ] ] } },
{ "type": "Feature", "properties": { "class_id": 4, "area_m2": 2169548.7423146712, "class_name": "Alto", "index": "NDVI", "min_value": null, "max_value": null }, "geometry": { "type": "Polygon", "coordinates": [ [ [ -87.814319148075768, 13.924454977061581 ], [ -87.82779381570063, 13.924454977061583 ], [ -87.82779381570063, 13.937929644686443 ], [ -87.814319148075768, 13.937929644686449 ], [ -87.814319148075768, 13.924454977061581 ] ] ] } },
{ "type": "Feature", "properties": { "class_id": 4, "area_m2": 2169591.3585192785, "class_name": "Alto", "index": "NDVI", "min_value": null, "max_value": null }, "geometry": { "type": "Polygon", "coordinates": [ [ [ -87.868217818575218, 13.937929644686449 ], [ -87.854743150950355, 13.937929644686447 ], [ -87.854743150950355, 13.924454977061579 ], [ -87.868217818575218, 13.924454977061584 ], [ -87.868217818575218, 13.937929644686449 ] ] ] } },
{ "type": "Feature", "properties": { "class_id": 4, "area_m2": 2169620.9076049593, "class_name": "Alto", "index": "NDVI", "min_value": null, "max_value": null }, "geometry": { "type": "Polygon", "coordinates": [ [ [ -87.881692486200095, 13.924454977061584 ], [ -87.895167153824957, 13.924454977061579 ], [ -87.895167153824957, 13.937929644686454 ], [ -87.881692486200095, 13.93792964468645 ], [ -87.881692486200095, 13.924454977061584 ] ] ] } },
{ "type": "Feature", "properties": { "class_id": 4, "area_m2": 4339763.371422532, "class_name": "Alto", "index": "NDVI", "min_value": null, "max_value": null }, "geometry": { "type": "Polygon", "coordinates": [ [ [ -88.218559176821714, 13.93792964468645 ], [ -88.23203384444659, 13.937929644686447 ], [ -88.23203384444659, 13.964878979936186 ], [ -88.218559176821714, 13.964878979936181 ], [ -88.218559176821714, 13.93792964468645 ] ] ] } },
{ "type": "Feature", "properties": { "class_id": 4, "area_m2": 2169615.1492741555, "class_name": "Alto", "index": "NDVI", "min_value": null, "max_value": null }, "geometry": { "type": "Polygon", "coordinates": [ [ [ -88.17813517394714, 13.978353647561045 ], [ -88.164660506322264, 13.978353647561047 ], [ -88.164660506322264, 13.964878979936181 ], [ -88.17813517394714, 13.964878979936181 ], [ -88.17813517394714, 13.978353647561045 ] ] ] } },
{ "type": "Feature", "properties": { "class_id": 4, "area_m2": 4339227.0168646676, "class_name": "Alto", "index": "NDVI", "min_value": null, "max_value": null }, "geometry": { "type": "Polygon", "coordinates": [ [ [ -88.205084509196851, 13.964878979936184 ], [ -88.218559176821714, 13.964878979936181 ], [ -88.218559176821714, 13.991828315185911 ], [ -88.205084509196851, 13.991828315185908 ], [ -88.205084509196851, 13.964878979936184 ] ] ] } },
{ "type": "Feature", "properties": { "class_id": 4, "area_m2": 2169511.1267651129, "class_name": "Alto", "index": "NDVI", "min_value": null, "max_value": null }, "geometry": { "type": "Polygon", "coordinates": [ [ [ -88.17813517394714, 13.978353647561045 ], [ -88.191609841571989, 13.978353647561043 ], [ -88.191609841571989, 13.991828315185906 ], [ -88.17813517394714, 13.991828315185908 ], [ -88.17813517394714, 13.978353647561045 ] ] ] } },
{ "type": "Feature", "properties": { "class_id": 5, "area_m2": 6531676.4713834468, "class_name": "Muy Alto", "index": "NDVI", "min_value": null, "max_value": null }, "geometry": { "type": "Polygon", "coordinates": [ [ [ -89.768145953681227, 13.560638951190219 ], [ -89.781620621306104, 13.560638951190219 ], [ -89.781620621306104, 13.574113618815085 ], [ -89.795095288930952, 13.574113618815083 ], [ -89.795095288930952, 13.587588286439953 ], [ -89.768145953681227, 13.587588286439956 ], [ -89.768145953681227, 13.560638951190219 ] ] ] } },
{ "type": "Feature", "properties": { "class_id": 5, "area_m2": 2177045.7092762701, "class_name": "Muy Alto", "index": "NDVI", "min_value": null, "max_value": null }, "geometry": { "type": "Polygon", "coordinates": [ [ [ -89.808569956555814, 13.601062954064819 ], [ -89.822044624180691, 13.601062954064819 ], [ -89.822044624180691, 13.61453762168968 ], [ -89.808569956555814, 13.614537621689685 ], [ -89.808569956555814, 13.601062954064819 ] ] ] } },
{ "type": "Feature", "properties": { "class_id": 5, "area_m2": 21765220.675911043, "class_name": "Muy Alto", "index": "NDVI", "min_value": null, "max_value": null }, "geometry": { "type": "Polygon", "coordinates": [ [ [ -89.768145953681227, 13.641486956939413 ], [ -89.781620621306104, 13.641486956939413 ], [ -89.781620621306104, 13.654961624564278 ], [ -89.808569956555814, 13.654961624564276 ], [ -89.808569956555814, 13.628012289314542 ], [ -89.822044624180691, 13.628012289314549 ], [ -89.822044624180691, 13.681910959814006 ], [ -89.781620621306104, 13.681910959814008 ], [ -89.781620621306104, 13.668436292189138 ], [ -89.768145953681227, 13.66843629218914 ], [ -89.768145953681227, 13.641486956939413 ] ] ] } },
{ "type": "Feature", "properties": { "class_id": 5, "area_m2": 26112473.263767637, "class_name": "Muy Alto", "index": "NDVI", "min_value": null, "max_value": null }, "geometry": { "type": "Polygon", "coordinates": [ [ [ -89.808569956555814, 13.735809630313467 ], [ -89.795095288930952, 13.735809630313467 ], [ -89.795095288930952, 13.70886029506374 ], [ -89.822044624180691, 13.708860295063737 ], [ -89.822044624180691, 13.695385627438876 ], [ -89.835519291805554, 13.695385627438876 ], [ -89.835519291805554, 13.722334962688606 ], [ -89.848993959430416, 13.722334962688606 ], [ -89.848993959430416, 13.735809630313465 ], [ -89.862468627055279, 13.735809630313465 ], [ -89.862468627055279, 13.749284297938337 ], [ -89.808569956555814, 13.749284297938337 ], [ -89.808569956555814, 13.735809630313467 ] ] ] } },
{ "type": "Feature", "properties": { "class_id": 5, "area_m2": 2175665.9371152292, "class_name": "Muy Alto", "index": "NDVI", "min_value": null, "max_value": null }, "geometry": { "type": "Polygon", "coordinates": [ [ [ -89.727721950806625, 13.722334962688603 ], [ -89.741196618431488, 13.722334962688604 ], [ -89.741196618431488, 13.735809630313469 ], [ -89.727721950806625, 13.735809630313467 ], [ -89.727721950806625, 13.722334962688603 ] ] ] } },
{ "type": "Feature", "properties": { "class_id": 5, "area_m2": 2176338.237613264, "class_name": "Muy Alto", "index": "NDVI", "min_value": null, "max_value": null }, "geometry": { "type": "Polygon", "coordinates": [ [ [ -89.916367297554743, 13.72233496268861 ], [ -89.929841965179605, 13.722334962688604 ], [ -89.929841965179605, 13.735809630313467 ], [ -89.916367297554743, 13.73580963031347 ], [ -89.916367297554743, 13.72233496268861 ] ] ] } },
{ "type": "Feature", "properties": { "class_id": 5, "area_m2": 2175590.0047965595, "class_name": "Muy Alto", "index": "NDVI", "min_value": null, "max_value": null }, "geometry": { "type": "Polygon", "coordinates": [ [ [ -89.741196618431488, 13.735809630313469 ], [ -89.754671286056364, 13.735809630313472 ], [ -89.754671286056364, 13.749284297938329 ], [ -89.741196618431488, 13.749284297938337 ], [ -89.741196618431488, 13.735809630313469 ] ] ] } },
{ "type": "Feature", "properties": { "class_id": 5, "area_m2": 2176067.835228865, "class_name": "Muy Alto", "index": "NDVI", "min_value": null, "max_value": null }, "geometry": { "type": "Polygon", "coordinates": [ [ [ -89.875943294680141, 13.749284297938337 ], [ -89.875943294680141, 13.735809630313467 ], [ -89.889417962305018, 13.735809630313469 ], [ -89.889417962305018, 13.749284297938337 ], [ -89.875943294680141, 13.749284297938337 ] ] ] } },
{ "type": "Feature", "properties": { "class_id": 5, "area_m2": 2175896.3663004106, "class_name": "Muy Alto", "index": "NDVI", "min_value": null, "max_value": null }, "geometry": { "type": "Polygon", "coordinates": [ [ [ -89.875943294680141, 13.749284297938337 ], [ -89.875943294680141, 13.762758965563203 ], [ -89.862468627055279, 13.762758965563199 ], [ -89.862468627055279, 13.749284297938337 ], [ -89.875943294680141, 13.749284297938337 ] ] ] } },
{ "type": "Feature", "properties": { "class_id": 5, "area_m2": 4353182.416874961, "class_name": "Muy Alto", "index": "NDVI", "min_value": null, "max_value": null }, "geometry": { "type": "Polygon", "coordinates": [ [ [ -90.064588641428259, 13.74928429793834 ], [ -90.078063309053121, 13.749284297938337 ], [ -90.078063309053121, 13.776233633188063 ], [ -90.064588641428259, 13.776233633188069 ], [ -90.064588641428259, 13.74928429793834 ] ] ] } },
{ "type": "Feature", "properties": { "class_id": 5, "area_m2": 10879384.20989589, "class_name": "Muy Alto", "index": "NDVI", "min_value": null, "max_value": null }, "geometry": { "type": "Polygon", "coordinates": [ [ [ -89.889417962305018, 13.749284297938337 ], [ -89.916367297554743, 13.749284297938337 ], [ -89.916367297554743, 13.762758965563201 ], [ -89.902892629929894, 13.762758965563197 ], [ -89.902892629929894, 13.776233633188065 ], [ -89.889417962305018, 13.776233633188063 ], [ -89.889417962305018, 13.789708300812933 ], [ -89.875943294680141, 13.789708300812933 ], [ -89.875943294680141, 13.762758965563203 ], [ -89.889417962305018, 13.762758965563197 ], [ -89.889417962305018, 13.749284297938337 ] ] ] } },
{ "type": "Feature", "properties": { "class_id": 5, "area_m2": 6527661.9673372684, "class_name": "Muy Alto", "index": "NDVI", "min_value": null, "max_value": null }, "geometry": { "type": "Polygon", "coordinates": [ [ [ -89.902892629929894, 13.776233633188065 ], [ -89.916367297554743, 13.776233633188061 ], [ -89.916367297554743, 13.762758965563201 ], [ -89.929841965179605, 13.762758965563201 ], [ -89.929841965179605, 13.789708300812933 ], [ -89.902892629929894, 13.789708300812929 ], [ -89.902892629929894, 13.776233633188065 ] ] ] } },
{ "type": "Feature", "properties": { "class_id": 5, "area_m2": 2175477.7900147596, "class_name": "Muy Alto", "index": "NDVI", "min_value": null, "max_value": null }, "geometry": { "type": "Polygon", "coordinates": [ [ [ -89.916367297554743, 13.816657636062663 ], [ -89.929841965179605, 13.816657636062663 ], [ -89.929841965179605, 13.830132303687526 ], [ -89.916367297554743, 13.830132303687526 ], [ -89.916367297554743, 13.816657636062663 ] ] ] } },
{ "type": "Feature", "properties": { "class_id": 5, "area_m2": 2175013.0798780285, "class_name": "Muy Alto", "index": "NDVI", "min_value": null, "max_value": null }, "geometry": { "type": "Polygon", "coordinates": [ [ [ -89.822044624180691, 13.83013230368752 ], [ -89.835519291805554, 13.830132303687524 ], [ -89.835519291805554, 13.843606971312392 ], [ -89.822044624180691, 13.843606971312392 ], [ -89.822044624180691, 13.83013230368752 ] ] ] } },
{ "type": "Feature", "properties": { "class_id": 5, "area_m2": 2175404.0745962355, "class_name": "Muy Alto", "index": "NDVI", "min_value": null, "max_value": null }, "geometry": { "type": "Polygon", "coordinates": [ [ [ -89.929841965179605, 13.830132303687526 ], [ -89.943316632804468, 13.830132303687522 ], [ -89.943316632804468, 13.84360697131239 ], [ -89.929841965179605, 13.843606971312393 ], [ -89.929841965179605, 13.830132303687526 ] ] ] } },
{ "type": "Feature", "properties": { "class_id": 5, "area_m2": 2175504.122471083, "class_name": "Muy Alto", "index": "NDVI", "min_value": null, "max_value": null }, "geometry": { "type": "Polygon", "coordinates": [ [ [ -89.95679130042933, 13.830132303687527 ], [ -89.970265968054207, 13.830132303687527 ], [ -89.970265968054207, 13.843606971312392 ], [ -89.95679130042933, 13.843606971312393 ], [ -89.95679130042933, 13.830132303687527 ] ] ] } },
{ "type": "Feature", "properties": { "class_id": 5, "area_m2": 17401112.554697882, "class_name": "Muy Alto", "index": "NDVI", "min_value": null, "max_value": null }, "geometry": { "type": "Polygon", "coordinates": [ [ [ -89.875943294680141, 13.830132303687524 ], [ -89.889417962305018, 13.830132303687524 ], [ -89.889417962305018, 13.85708163893726 ], [ -89.902892629929894, 13.857081638937261 ], [ -89.902892629929894, 13.87055630656212 ], [ -89.875943294680141, 13.87055630656212 ], [ -89.875943294680141, 13.84360697131239 ], [ -89.848993959430416, 13.843606971312392 ], [ -89.848993959430416, 13.816657636062663 ], [ -89.875943294680141, 13.816657636062661 ], [ -89.875943294680141, 13.830132303687524 ] ] ] } },
{ "type": "Feature", "properties": { "class_id": 5, "area_m2": 119583172.67719804, "class_name": "Muy Alto", "index": "NDVI", "min_value": null, "max_value": null }, "geometry": { "type": "Polygon", "coordinates": [ [ [ -89.646873945057436, 13.843606971312393 ], [ -89.660348612682313, 13.84360697131239 ], [ -89.660348612682313, 13.803182968437797 ], [ -89.687297947932038, 13.803182968437797 ], [ -89.687297947932038, 13.83013230368752 ], [ -89.7007726155569, 13.830132303687522 ], [ -89.7007726155569, 13.81665763606266 ], [ -89.714247283181763, 13.816657636062665 ], [ -89.714247283181763, 13.843606971312393 ], [ -89.795095288930952, 13.843606971312386 ], [ -89.795095288930952, 13.857081638937258 ], [ -89.781620621306104, 13.857081638937261 ], [ -89.781620621306104, 13.87055630656212 ], [ -89.768145953681227, 13.870556306562127 ], [ -89.768145953681227, 13.88403097418699 ], [ -89.754671286056364, 13.884030974186988 ], [ -89.754671286056364, 13.870556306562115 ], [ -89.741196618431488, 13.870556306562122 ], [ -89.741196618431488, 13.85708163893726 ], [ -89.714247283181763, 13.85708163893726 ], [ -89.714247283181763, 13.870556306562127 ], [ -89.687297947932038, 13.870556306562117 ], [ -89.687297947932038, 13.85708163893726 ], [ -89.673823280307161, 13.85708163893726 ], [ -89.673823280307161, 13.870556306562124 ], [ -89.646873945057436, 13.870556306562124 ], [ -89.646873945057436, 13.857081638937258 ], [ -89.619924609807711, 13.857081638937258 ], [ -89.619924609807711, 13.870556306562122 ], [ -89.633399277432574, 13.870556306562124 ], [ -89.633399277432574, 13.897505641811854 ], [ -89.619924609807711, 13.897505641811854 ], [ -89.619924609807711, 13.910980309436722 ], [ -89.606449942182834, 13.91098030943672 ], [ -89.606449942182834, 13.870556306562124 ], [ -89.592975274557972, 13.870556306562127 ], [ -89.592975274557972, 13.88403097418699 ], [ -89.566025939308247, 13.88403097418699 ], [ -89.566025939308247, 13.870556306562127 ], [ -89.579500606933109, 13.870556306562124 ], [ -89.579500606933109, 13.84360697131239 ], [ -89.566025939308247, 13.84360697131239 ], [ -89.566025939308247, 13.830132303687527 ], [ -89.552551271683384, 13.830132303687524 ], [ -89.552551271683384, 13.81665763606266 ], [ -89.633399277432574, 13.816657636062663 ], [ -89.633399277432574, 13.830132303687522 ], [ -89.646873945057436, 13.830132303687524 ], [ -89.646873945057436, 13.843606971312393 ] ] ] } },
{ "type": "Feature", "properties": { "class_id": 5, "area_m2": 2175107.2518640361, "class_name": "Muy Alto", "index": "NDVI", "min_value": null, "max_value": null }, "geometry": { "type": "Polygon", "coordinates": [ [ [ -89.916367297554743, 13.857081638937263 ], [ -89.929841965179605, 13.857081638937258 ], [ -89.929841965179605, 13.870556306562124 ], [ -89.916367297554743, 13.870556306562118 ], [ -89.916367297554743, 13.857081638937263 ] ] ] } },
{ "type": "Feature", "properties": { "class_id": 5, "area_m2": 4350463.7821138166, "class_name": "Muy Alto", "index": "NDVI", "min_value": null, "max_value": null }, "geometry": { "type": "Polygon", "coordinates": [ [ [ -89.943316632804468, 13.857081638937261 ], [ -89.970265968054207, 13.85708163893726 ], [ -89.970265968054207, 13.87055630656212 ], [ -89.943316632804468, 13.870556306562124 ], [ -89.943316632804468, 13.857081638937261 ] ] ] } },
{ "type": "Feature", "properties": { "class_id": 5, "area_m2": 6524319.5041361731, "class_name": "Muy Alto", "index": "NDVI", "min_value": null, "max_value": null }, "geometry": { "type": "Polygon", "coordinates": [ [ [ -89.835519291805554, 13.85708163893726 ], [ -89.862468627055279, 13.857081638937261 ], [ -89.862468627055279, 13.870556306562118 ], [ -89.848993959430416, 13.870556306562122 ], [ -89.848993959430416, 13.884030974186986 ], [ -89.835519291805554, 13.884030974186985 ], [ -89.835519291805554, 13.85708163893726 ] ] ] } },
{ "type": "Feature", "properties": { "class_id": 5, "area_m2": 4349744.2393522533, "class_name": "Muy Alto", "index": "NDVI", "min_value": null, "max_value": null }, "geometry": { "type": "Polygon", "coordinates": [ [ [ -89.902892629929894, 13.87055630656212 ], [ -89.916367297554743, 13.870556306562118 ], [ -89.916367297554743, 13.897505641811851 ], [ -89.902892629929894, 13.897505641811854 ], [ -89.902892629929894, 13.87055630656212 ] ] ] } },
{ "type": "Feature", "properties": { "class_id": 5, "area_m2": 2173914.9735098416, "class_name": "Muy Alto", "index": "NDVI", "min_value": null, "max_value": null }, "geometry": { "type": "Polygon", "coordinates": [ [ [ -89.646873945057436, 13.884030974186983 ], [ -89.660348612682313, 13.88403097418699 ], [ -89.660348612682313, 13.897505641811851 ], [ -89.646873945057436, 13.897505641811851 ], [ -89.646873945057436, 13.884030974186983 ] ] ] } },
{ "type": "Feature", "properties": { "class_id": 5, "area_m2": 2175059.5914839813, "class_name": "Muy Alto", "index": "NDVI", "min_value": null, "max_value": null }, "geometry": { "type": "Polygon", "coordinates": [ [ [ -89.970265968054207, 13.884030974186986 ], [ -89.983740635679069, 13.884030974186985 ], [ -89.983740635679069, 13.897505641811859 ], [ -89.970265968054207, 13.897505641811856 ], [ -89.970265968054207, 13.884030974186986 ] ] ] } },
{ "type": "Feature", "properties": { "class_id": 5, "area_m2": 8700616.5681350045, "class_name": "Muy Alto", "index": "NDVI", "min_value": null, "max_value": null }, "geometry": { "type": "Polygon", "coordinates": [ [ [ -89.997215303303932, 13.88403097418699 ], [ -89.983740635679069, 13.884030974186985 ], [ -89.983740635679069, 13.87055630656212 ], [ -90.010689970928794, 13.870556306562122 ], [ -90.010689970928794, 13.91098030943672 ], [ -89.997215303303932, 13.91098030943672 ], [ -89.997215303303932, 13.88403097418699 ] ] ] } },
{ "type": "Feature", "properties": { "class_id": 5, "area_m2": 2173836.197035627, "class_name": "Muy Alto", "index": "NDVI", "min_value": null, "max_value": null }, "geometry": { "type": "Polygon", "coordinates": [ [ [ -89.673823280307161, 13.91098030943672 ], [ -89.660348612682313, 13.910980309436722 ], [ -89.660348612682313, 13.897505641811851 ], [ -89.673823280307161, 13.897505641811854 ], [ -89.673823280307161, 13.91098030943672 ] ] ] } },
{ "type": "Feature", "properties": { "class_id": 5, "area_m2": 8696362.1746783834, "class_name": "Muy Alto", "index": "NDVI", "min_value": null, "max_value": null }, "geometry": { "type": "Polygon", "coordinates": [ [ [ -89.741196618431488, 13.897505641811851 ], [ -89.781620621306104, 13.897505641811851 ], [ -89.781620621306104, 13.924454977061588 ], [ -89.768145953681227, 13.924454977061584 ], [ -89.768145953681227, 13.91098030943672 ], [ -89.741196618431488, 13.91098030943672 ], [ -89.741196618431488, 13.897505641811851 ] ] ] } },
{ "type": "Feature", "properties": { "class_id": 5, "area_m2": 26090785.287417632, "class_name": "Muy Alto", "index": "NDVI", "min_value": null, "max_value": null }, "geometry": { "type": "Polygon", "coordinates": [ [ [ -89.808569956555814, 13.937929644686449 ], [ -89.795095288930952, 13.937929644686443 ], [ -89.795095288930952, 13.884030974186985 ], [ -89.822044624180691, 13.884030974186983 ], [ -89.822044624180691, 13.91098030943672 ], [ -89.835519291805554, 13.91098030943672 ], [ -89.835519291805554, 13.924454977061579 ], [ -89.848993959430416, 13.924454977061583 ], [ -89.848993959430416, 13.93792964468645 ], [ -89.822044624180691, 13.937929644686449 ], [ -89.822044624180691, 13.951404312311315 ], [ -89.808569956555814, 13.951404312311311 ], [ -89.808569956555814, 13.937929644686449 ] ] ] } },
{ "type": "Feature", "properties": { "class_id": 5, "area_m2": 10873758.236591872, "class_name": "Muy Alto", "index": "NDVI", "min_value": null, "max_value": null }, "geometry": { "type": "Polygon", "coordinates": [ [ [ -89.943316632804468, 13.897505641811854 ], [ -89.970265968054207, 13.897505641811856 ], [ -89.970265968054207, 13.924454977061584 ], [ -89.95679130042933, 13.924454977061584 ], [ -89.95679130042933, 13.937929644686449 ], [ -89.943316632804468, 13.93792964468645 ], [ -89.943316632804468, 13.897505641811854 ] ] ] } },
{ "type": "Feature", "properties": { "class_id": 5, "area_m2": 23917946.295621179, "class_name": "Muy Alto", "index": "NDVI", "min_value": null, "max_value": null }, "geometry": { "type": "Polygon", "coordinates": [ [ [ -89.875943294680141, 13.964878979936181 ], [ -89.875943294680141, 13.937929644686445 ], [ -89.862468627055279, 13.93792964468645 ], [ -89.862468627055279, 13.924454977061584 ], [ -89.848993959430416, 13.924454977061583 ], [ -89.848993959430416, 13.91098030943672 ], [ -89.862468627055279, 13.910980309436724 ], [ -89.862468627055279, 13.897505641811854 ], [ -89.875943294680141, 13.897505641811854 ], [ -89.875943294680141, 13.91098030943672 ], [ -89.916367297554743, 13.91098030943672 ], [ -89.916367297554743, 13.924454977061588 ], [ -89.902892629929894, 13.924454977061583 ], [ -89.902892629929894, 13.937929644686447 ], [ -89.889417962305018, 13.93792964468645 ], [ -89.889417962305018, 13.964878979936181 ], [ -89.875943294680141, 13.964878979936181 ] ] ] } },
{ "type": "Feature", "properties": { "class_id": 5, "area_m2": 4348112.2769922493, "class_name": "Muy Alto", "index": "NDVI", "min_value": null, "max_value": null }, "geometry": { "type": "Polygon", "coordinates": [ [ [ -89.848993959430416, 13.964878979936181 ], [ -89.848993959430416, 13.93792964468645 ], [ -89.862468627055279, 13.93792964468645 ], [ -89.862468627055279, 13.964878979936184 ], [ -89.848993959430416, 13.964878979936181 ] ] ] } },
{ "type": "Feature", "properties": { "class_id": 5, "area_m2": 8697320.3970059957, "class_name": "Muy Alto", "index": "NDVI", "min_value": null, "max_value": null }, "geometry": { "type": "Polygon", "coordinates": [ [ [ -89.929841965179605, 13.951404312311313 ], [ -89.943316632804468, 13.951404312311315 ], [ -89.943316632804468, 13.964878979936186 ], [ -89.902892629929894, 13.964878979936181 ], [ -89.902892629929894, 13.951404312311309 ], [ -89.916367297554743, 13.951404312311315 ], [ -89.916367297554743, 13.937929644686447 ], [ -89.929841965179605, 13.937929644686447 ], [ -89.929841965179605, 13.951404312311313 ] ] ] } },
{ "type": "Feature", "properties": { "class_id": 5, "area_m2": 6523436.2898664046, "class_name": "Muy Alto", "index": "NDVI", "min_value": null, "max_value": null }, "geometry": { "type": "Polygon", "coordinates": [ [ [ -89.95679130042933, 13.951404312311311 ], [ -89.970265968054207, 13.951404312311309 ], [ -89.970265968054207, 13.937929644686449 ], [ -89.983740635679069, 13.937929644686445 ], [ -89.983740635679069, 13.964878979936181 ], [ -89.95679130042933, 13.964878979936183 ], [ -89.95679130042933, 13.951404312311311 ] ] ] } },
{ "type": "Feature", "properties": { "class_id": 5, "area_m2": 4347403.4586210623, "class_name": "Muy Alto", "index": "NDVI", "min_value": null, "max_value": null }, "geometry": { "type": "Polygon", "coordinates": [ [ [ -89.795095288930952, 13.964878979936181 ], [ -89.822044624180691, 13.964878979936181 ], [ -89.822044624180691, 13.978353647561041 ], [ -89.795095288930952, 13.978353647561043 ], [ -89.795095288930952, 13.964878979936181 ] ] ] } },
{ "type": "Feature", "properties": { "class_id": 5, "area_m2": 4346904.7293146886, "class_name": "Muy Alto", "index": "NDVI", "min_value": null, "max_value": null }, "geometry": { "type": "Polygon", "coordinates": [ [ [ -89.822044624180691, 14.005302982810772 ], [ -89.795095288930952, 14.00530298281077 ], [ -89.795095288930952, 13.991828315185913 ], [ -89.822044624180691, 13.991828315185913 ], [ -89.822044624180691, 14.005302982810772 ] ] ] } },
{ "type": "Feature", "properties": { "class_id": 5, "area_m2": 2173398.9626673027, "class_name": "Muy Alto", "index": "NDVI", "min_value": null, "max_value": null }, "geometry": { "type": "Polygon", "coordinates": [ [ [ -89.822044624180691, 14.005302982810772 ], [ -89.835519291805554, 14.005302982810772 ], [ -89.835519291805554, 14.018777650435641 ], [ -89.822044624180691, 14.018777650435641 ], [ -89.822044624180691, 14.005302982810772 ] ] ] } },
{ "type": "Feature", "properties": { "class_id": 5, "area_m2": 2173293.3830666011, "class_name": "Muy Alto", "index": "NDVI", "min_value": null, "max_value": null }, "geometry": { "type": "Polygon", "coordinates": [ [ [ -89.862468627055279, 14.032252318060504 ], [ -89.875943294680141, 14.032252318060504 ], [ -89.875943294680141, 14.045726985685366 ], [ -89.862468627055279, 14.045726985685372 ], [ -89.862468627055279, 14.032252318060504 ] ] ] } },
{ "type": "Feature", "properties": { "class_id": 5, "area_m2": 2177057.2445632555, "class_name": "Muy Alto", "index": "NDVI", "min_value": null, "max_value": null }, "geometry": { "type": "Polygon", "coordinates": [ [ [ -89.525601936433645, 13.493265613065901 ], [ -89.539076604058522, 13.493265613065899 ], [ -89.539076604058522, 13.506740280690762 ], [ -89.525601936433645, 13.50674028069076 ], [ -89.525601936433645, 13.493265613065901 ] ] ] } },
{ "type": "Feature", "properties": { "class_id": 5, "area_m2": 2176599.6426033699, "class_name": "Muy Alto", "index": "NDVI", "min_value": null, "max_value": null }, "geometry": { "type": "Polygon", "coordinates": [ [ [ -89.417804595434731, 13.50674028069076 ], [ -89.431279263059594, 13.506740280690762 ], [ -89.431279263059594, 13.520214948315632 ], [ -89.417804595434731, 13.520214948315623 ], [ -89.417804595434731, 13.50674028069076 ] ] ] } },
{ "type": "Feature", "properties": { "class_id": 5, "area_m2": 17405725.875443667, "class_name": "Muy Alto", "index": "NDVI", "min_value": null, "max_value": null }, "geometry": { "type": "Polygon", "coordinates": [ [ [ -89.256108583936339, 13.587588286439951 ], [ -89.242633916311476, 13.587588286439953 ], [ -89.242633916311476, 13.547164283565353 ], [ -89.256108583936339, 13.547164283565353 ], [ -89.256108583936339, 13.533689615940496 ], [ -89.269583251561215, 13.533689615940492 ], [ -89.269583251561215, 13.547164283565355 ], [ -89.283057919186078, 13.547164283565355 ], [ -89.283057919186078, 13.560638951190219 ], [ -89.29653258681094, 13.560638951190221 ], [ -89.29653258681094, 13.574113618815089 ], [ -89.269583251561215, 13.574113618815085 ], [ -89.269583251561215, 13.560638951190215 ], [ -89.256108583936339, 13.560638951190221 ], [ -89.256108583936339, 13.587588286439951 ] ] ] } },
{ "type": "Feature", "properties": { "class_id": 5, "area_m2": 2175635.0090137739, "class_name": "Muy Alto", "index": "NDVI", "min_value": null, "max_value": null }, "geometry": { "type": "Polygon", "coordinates": [ [ [ -89.29653258681094, 13.574113618815089 ], [ -89.310007254435803, 13.574113618815087 ], [ -89.310007254435803, 13.587588286439958 ], [ -89.29653258681094, 13.587588286439951 ], [ -89.29653258681094, 13.574113618815089 ] ] ] } },
{ "type": "Feature", "properties": { "class_id": 5, "area_m2": 8703951.5659568701, "class_name": "Muy Alto", "index": "NDVI", "min_value": null, "max_value": null }, "geometry": { "type": "Polygon", "coordinates": [ [ [ -89.458228598309319, 13.587588286439956 ], [ -89.471703265934181, 13.587588286439949 ], [ -89.471703265934181, 13.601062954064819 ], [ -89.49865260118392, 13.601062954064815 ], [ -89.49865260118392, 13.614537621689681 ], [ -89.458228598309319, 13.61453762168968 ], [ -89.458228598309319, 13.587588286439956 ] ] ] } },
{ "type": "Feature", "properties": { "class_id": 5, "area_m2": 4350825.4046944035, "class_name": "Muy Alto", "index": "NDVI", "min_value": null, "max_value": null }, "geometry": { "type": "Polygon", "coordinates": [ [ [ -89.323481922060665, 13.601062954064817 ], [ -89.323481922060665, 13.614537621689685 ], [ -89.29653258681094, 13.614537621689681 ], [ -89.29653258681094, 13.601062954064819 ], [ -89.323481922060665, 13.601062954064817 ] ] ] } },
{ "type": "Feature", "properties": { "class_id": 5, "area_m2": 4350427.0962774232, "class_name": "Muy Alto", "index": "NDVI", "min_value": null, "max_value": null }, "geometry": { "type": "Polygon", "coordinates": [ [ [ -89.29653258681094, 13.628012289314546 ], [ -89.269583251561215, 13.628012289314549 ], [ -89.269583251561215, 13.614537621689678 ], [ -89.29653258681094, 13.614537621689681 ], [ -89.29653258681094, 13.628012289314546 ] ] ] } },
{ "type": "Feature", "properties": { "class_id": 5, "area_m2": 4351235.3631708194, "class_name": "Muy Alto", "index": "NDVI", "min_value": null, "max_value": null }, "geometry": { "type": "Polygon", "coordinates": [ [ [ -89.485177933559058, 13.65496162456428 ], [ -89.471703265934181, 13.654961624564274 ], [ -89.471703265934181, 13.628012289314549 ], [ -89.485177933559058, 13.628012289314546 ], [ -89.485177933559058, 13.65496162456428 ] ] ] } },
{ "type": "Feature", "properties": { "class_id": 5, "area_m2": 13050853.030992553, "class_name": "Muy Alto", "index": "NDVI", "min_value": null, "max_value": null }, "geometry": { "type": "Polygon", "coordinates": [ [ [ -89.390855260184992, 13.654961624564283 ], [ -89.404329927809869, 13.65496162456428 ], [ -89.404329927809869, 13.681910959814008 ], [ -89.363905924935267, 13.681910959814013 ], [ -89.363905924935267, 13.64148695693941 ], [ -89.377380592560129, 13.641486956939412 ], [ -89.377380592560129, 13.668436292189144 ], [ -89.390855260184992, 13.668436292189142 ], [ -89.390855260184992, 13.654961624564283 ] ] ] } },
{ "type": "Feature", "properties": { "class_id": 5, "area_m2": 13053918.287649127, "class_name": "Muy Alto", "index": "NDVI", "min_value": null, "max_value": null }, "geometry": { "type": "Polygon", "coordinates": [ [ [ -89.592975274557972, 13.668436292189137 ], [ -89.579500606933109, 13.668436292189142 ], [ -89.579500606933109, 13.681910959814008 ], [ -89.539076604058522, 13.681910959814006 ], [ -89.539076604058522, 13.66843629218914 ], [ -89.552551271683384, 13.66843629218914 ], [ -89.552551271683384, 13.654961624564283 ], [ -89.592975274557972, 13.65496162456428 ], [ -89.592975274557972, 13.668436292189137 ] ] ] } },
{ "type": "Feature", "properties": { "class_id": 5, "area_m2": 26102446.907338507, "class_name": "Muy Alto", "index": "NDVI", "min_value": null, "max_value": null }, "geometry": { "type": "Polygon", "coordinates": [ [ [ -89.431279263059594, 13.681910959814006 ], [ -89.417804595434731, 13.681910959814008 ], [ -89.417804595434731, 13.654961624564283 ], [ -89.444753930684456, 13.654961624564278 ], [ -89.444753930684456, 13.641486956939413 ], [ -89.458228598309319, 13.641486956939412 ], [ -89.458228598309319, 13.65496162456428 ], [ -89.471703265934181, 13.654961624564274 ], [ -89.471703265934181, 13.66843629218914 ], [ -89.458228598309319, 13.668436292189144 ], [ -89.458228598309319, 13.70886029506374 ], [ -89.431279263059594, 13.708860295063744 ], [ -89.431279263059594, 13.681910959814006 ] ] ] } },
{ "type": "Feature", "properties": { "class_id": 5, "area_m2": 2175701.6309899534, "class_name": "Muy Alto", "index": "NDVI", "min_value": null, "max_value": null }, "geometry": { "type": "Polygon", "coordinates": [ [ [ -89.592975274557972, 13.668436292189137 ], [ -89.606449942182834, 13.668436292189138 ], [ -89.606449942182834, 13.681910959814008 ], [ -89.592975274557972, 13.681910959814013 ], [ -89.592975274557972, 13.668436292189137 ] ] ] } },
{ "type": "Feature", "properties": { "class_id": 5, "area_m2": 2175835.0929380045, "class_name": "Muy Alto", "index": "NDVI", "min_value": null, "max_value": null }, "geometry": { "type": "Polygon", "coordinates": [ [ [ -89.633399277432574, 13.668436292189146 ], [ -89.646873945057436, 13.66843629218914 ], [ -89.646873945057436, 13.681910959814006 ], [ -89.633399277432574, 13.681910959814006 ], [ -89.633399277432574, 13.668436292189146 ] ] ] } },
{ "type": "Feature", "properties": { "class_id": 5, "area_m2": 10876243.803902386, "class_name": "Muy Alto", "index": "NDVI", "min_value": null, "max_value": null }, "geometry": { "type": "Polygon", "coordinates": [ [ [ -89.471703265934181, 13.66843629218914 ], [ -89.49865260118392, 13.668436292189146 ], [ -89.49865260118392, 13.681910959814006 ], [ -89.512127268808783, 13.681910959814006 ], [ -89.512127268808783, 13.695385627438874 ], [ -89.49865260118392, 13.695385627438876 ], [ -89.49865260118392, 13.708860295063744 ], [ -89.485177933559058, 13.708860295063737 ], [ -89.485177933559058, 13.68191095981401 ], [ -89.471703265934181, 13.681910959814013 ], [ -89.471703265934181, 13.66843629218914 ] ] ] } },
{ "type": "Feature", "properties": { "class_id": 5, "area_m2": 2175668.4609163897, "class_name": "Muy Alto", "index": "NDVI", "min_value": null, "max_value": null }, "geometry": { "type": "Polygon", "coordinates": [ [ [ -89.619924609807711, 13.68191095981401 ], [ -89.633399277432574, 13.681910959814006 ], [ -89.633399277432574, 13.695385627438874 ], [ -89.619924609807711, 13.695385627438876 ], [ -89.619924609807711, 13.68191095981401 ] ] ] } },
{ "type": "Feature", "properties": { "class_id": 5, "area_m2": 4349853.7284710715, "class_name": "Muy Alto", "index": "NDVI", "min_value": null, "max_value": null }, "geometry": { "type": "Polygon", "coordinates": [ [ [ -89.485177933559058, 13.722334962688601 ], [ -89.458228598309319, 13.722334962688603 ], [ -89.458228598309319, 13.70886029506374 ], [ -89.485177933559058, 13.708860295063737 ], [ -89.485177933559058, 13.722334962688601 ] ] ] } },
{ "type": "Feature", "properties": { "class_id": 5, "area_m2": 19566449.875485968, "class_name": "Muy Alto", "index": "NDVI", "min_value": null, "max_value": null }, "geometry": { "type": "Polygon", "coordinates": [ [ [ -89.283057919186078, 13.735809630313472 ], [ -89.29653258681094, 13.735809630313467 ], [ -89.29653258681094, 13.749284297938337 ], [ -89.269583251561215, 13.749284297938337 ], [ -89.269583251561215, 13.776233633188063 ], [ -89.256108583936339, 13.776233633188063 ], [ -89.256108583936339, 13.749284297938337 ], [ -89.242633916311476, 13.749284297938337 ], [ -89.242633916311476, 13.722334962688599 ], [ -89.283057919186078, 13.722334962688603 ], [ -89.283057919186078, 13.735809630313472 ] ] ] } },
{ "type": "Feature", "properties": { "class_id": 5, "area_m2": 2174610.549411987, "class_name": "Muy Alto", "index": "NDVI", "min_value": null, "max_value": null }, "geometry": { "type": "Polygon", "coordinates": [ [ [ -89.633399277432574, 13.803182968437797 ], [ -89.646873945057436, 13.803182968437797 ], [ -89.646873945057436, 13.816657636062663 ], [ -89.633399277432574, 13.816657636062663 ], [ -89.633399277432574, 13.803182968437797 ] ] ] } },
{ "type": "Feature", "properties": { "class_id": 5, "area_m2": 19560361.054834068, "class_name": "Muy Alto", "index": "NDVI", "min_value": null, "max_value": null }, "geometry": { "type": "Polygon", "coordinates": [ [ [ -89.283057919186078, 13.816657636062663 ], [ -89.269583251561215, 13.816657636062661 ], [ -89.269583251561215, 13.803182968437794 ], [ -89.283057919186078, 13.803182968437797 ], [ -89.283057919186078, 13.789708300812933 ], [ -89.29653258681094, 13.789708300812929 ], [ -89.29653258681094, 13.830132303687522 ], [ -89.323481922060665, 13.830132303687522 ], [ -89.323481922060665, 13.843606971312392 ], [ -89.310007254435803, 13.843606971312393 ], [ -89.310007254435803, 13.85708163893726 ], [ -89.283057919186078, 13.85708163893726 ], [ -89.283057919186078, 13.816657636062663 ] ] ] } },
{ "type": "Feature", "properties": { "class_id": 5, "area_m2": 30430794.607019294, "class_name": "Muy Alto", "index": "NDVI", "min_value": null, "max_value": null }, "geometry": { "type": "Polygon", "coordinates": [ [ [ -89.512127268808783, 13.88403097418699 ], [ -89.485177933559058, 13.884030974186983 ], [ -89.485177933559058, 13.870556306562122 ], [ -89.458228598309319, 13.870556306562127 ], [ -89.458228598309319, 13.857081638937263 ], [ -89.49865260118392, 13.857081638937258 ], [ -89.49865260118392, 13.843606971312392 ], [ -89.471703265934181, 13.843606971312388 ], [ -89.471703265934181, 13.830132303687524 ], [ -89.552551271683384, 13.830132303687524 ], [ -89.552551271683384, 13.84360697131239 ], [ -89.525601936433645, 13.843606971312393 ], [ -89.525601936433645, 13.857081638937258 ], [ -89.512127268808783, 13.857081638937261 ], [ -89.512127268808783, 13.88403097418699 ] ] ] } },
{ "type": "Feature", "properties": { "class_id": 5, "area_m2": 2173525.6995896818, "class_name": "Muy Alto", "index": "NDVI", "min_value": null, "max_value": null }, "geometry": { "type": "Polygon", "coordinates": [ [ [ -89.566025939308247, 13.897505641811854 ], [ -89.579500606933109, 13.897505641811851 ], [ -89.579500606933109, 13.910980309436724 ], [ -89.566025939308247, 13.910980309436727 ], [ -89.566025939308247, 13.897505641811854 ] ] ] } },
{ "type": "Feature", "properties": { "class_id": 5, "area_m2": 71706988.989381328, "class_name": "Muy Alto", "index": "NDVI", "min_value": null, "max_value": null }, "geometry": { "type": "Polygon", "coordinates": [ [ [ -89.404329927809869, 13.870556306562124 ], [ -89.417804595434731, 13.870556306562124 ], [ -89.417804595434731, 13.884030974186988 ], [ -89.431279263059594, 13.884030974186986 ], [ -89.431279263059594, 13.870556306562129 ], [ -89.444753930684456, 13.870556306562124 ], [ -89.444753930684456, 13.884030974186985 ], [ -89.471703265934181, 13.88403097418699 ], [ -89.471703265934181, 13.924454977061584 ], [ -89.458228598309319, 13.924454977061584 ], [ -89.458228598309319, 13.937929644686447 ], [ -89.471703265934181, 13.937929644686449 ], [ -89.471703265934181, 13.964878979936181 ], [ -89.417804595434731, 13.964878979936181 ], [ -89.417804595434731, 13.978353647561047 ], [ -89.404329927809869, 13.978353647561045 ], [ -89.404329927809869, 13.964878979936183 ], [ -89.390855260184992, 13.964878979936181 ], [ -89.390855260184992, 13.937929644686443 ], [ -89.404329927809869, 13.937929644686449 ], [ -89.404329927809869, 13.951404312311315 ], [ -89.417804595434731, 13.951404312311315 ], [ -89.417804595434731, 13.910980309436718 ], [ -89.377380592560129, 13.91098030943672 ], [ -89.377380592560129, 13.897505641811852 ], [ -89.390855260184992, 13.897505641811854 ], [ -89.390855260184992, 13.884030974186988 ], [ -89.404329927809869, 13.88403097418699 ], [ -89.404329927809869, 13.870556306562124 ] ], [ [ -89.444753930684456, 13.897505641811849 ], [ -89.444753930684456, 13.910980309436718 ], [ -89.458228598309319, 13.91098030943672 ], [ -89.458228598309319, 13.897505641811854 ], [ -89.444753930684456, 13.897505641811849 ] ] ] } },
{ "type": "Feature", "properties": { "class_id": 5, "area_m2": 6519815.8478546217, "class_name": "Muy Alto", "index": "NDVI", "min_value": null, "max_value": null }, "geometry": { "type": "Polygon", "coordinates": [ [ [ -89.539076604058522, 13.910980309436722 ], [ -89.566025939308247, 13.910980309436727 ], [ -89.566025939308247, 13.924454977061583 ], [ -89.552551271683384, 13.924454977061584 ], [ -89.552551271683384, 13.937929644686443 ], [ -89.539076604058522, 13.937929644686449 ], [ -89.539076604058522, 13.910980309436722 ] ] ] } },
{ "type": "Feature", "properties": { "class_id": 5, "area_m2": 13034213.798830198, "class_name": "Muy Alto", "index": "NDVI", "min_value": null, "max_value": null }, "geometry": { "type": "Polygon", "coordinates": [ [ [ -89.283057919186078, 13.937929644686452 ], [ -89.29653258681094, 13.937929644686445 ], [ -89.29653258681094, 13.951404312311309 ], [ -89.269583251561215, 13.951404312311308 ], [ -89.269583251561215, 13.937929644686443 ], [ -89.256108583936339, 13.93792964468645 ], [ -89.256108583936339, 13.91098030943672 ], [ -89.283057919186078, 13.91098030943672 ], [ -89.283057919186078, 13.937929644686452 ] ] ] } },
{ "type": "Feature", "properties": { "class_id": 5, "area_m2": 2173073.0571989324, "class_name": "Muy Alto", "index": "NDVI", "min_value": null, "max_value": null }, "geometry": { "type": "Polygon", "coordinates": [ [ [ -89.592975274557972, 13.964878979936181 ], [ -89.579500606933109, 13.964878979936183 ], [ -89.579500606933109, 13.951404312311313 ], [ -89.592975274557972, 13.951404312311315 ], [ -89.592975274557972, 13.964878979936181 ] ] ] } },
{ "type": "Feature", "properties": { "class_id": 5, "area_m2": 2172158.8491888181, "class_name": "Muy Alto", "index": "NDVI", "min_value": null, "max_value": null }, "geometry": { "type": "Polygon", "coordinates": [ [ [ -89.336956589685542, 13.978353647561043 ], [ -89.323481922060665, 13.97835364756105 ], [ -89.323481922060665, 13.964878979936181 ], [ -89.336956589685542, 13.964878979936183 ], [ -89.336956589685542, 13.978353647561043 ] ] ] } },
{ "type": "Feature", "properties": { "class_id": 5, "area_m2": 4346029.2267830865, "class_name": "Muy Alto", "index": "NDVI", "min_value": null, "max_value": null }, "geometry": { "type": "Polygon", "coordinates": [ [ [ -89.592975274557972, 13.964878979936181 ], [ -89.619924609807711, 13.964878979936181 ], [ -89.619924609807711, 13.978353647561045 ], [ -89.592975274557972, 13.978353647561047 ], [ -89.592975274557972, 13.964878979936181 ] ] ] } },
{ "type": "Feature", "properties": { "class_id": 5, "area_m2": 2172113.7326095267, "class_name": "Muy Alto", "index": "NDVI", "min_value": null, "max_value": null }, "geometry": { "type": "Polygon", "coordinates": [ [ [ -89.350431257310419, 13.97835364756104 ], [ -89.363905924935267, 13.978353647561041 ], [ -89.363905924935267, 13.991828315185911 ], [ -89.350431257310419, 13.991828315185904 ], [ -89.350431257310419, 13.97835364756104 ] ] ] } },
{ "type": "Feature", "properties": { "class_id": 5, "area_m2": 2172273.730412927, "class_name": "Muy Alto", "index": "NDVI", "min_value": null, "max_value": null }, "geometry": { "type": "Polygon", "coordinates": [ [ [ -89.444753930684456, 13.991828315185913 ], [ -89.458228598309319, 13.991828315185911 ], [ -89.458228598309319, 14.005302982810772 ], [ -89.444753930684456, 14.005302982810766 ], [ -89.444753930684456, 13.991828315185913 ] ] ] } },
{ "type": "Feature", "properties": { "class_id": 5, "area_m2": 2172359.1065257513, "class_name": "Muy Alto", "index": "NDVI", "min_value": null, "max_value": null }, "geometry": { "type": "Polygon", "coordinates": [ [ [ -89.525601936433645, 14.018777650435641 ], [ -89.512127268808783, 14.018777650435645 ], [ -89.512127268808783, 14.005302982810772 ], [ -89.525601936433645, 14.005302982810772 ], [ -89.525601936433645, 14.018777650435641 ] ] ] } },
{ "type": "Feature", "properties": { "class_id": 5, "area_m2": 2170446.5914189657, "class_name": "Muy Alto", "index": "NDVI", "min_value": null, "max_value": null }, "geometry": { "type": "Polygon", "coordinates": [ [ [ -89.350431257310419, 14.166998994309155 ], [ -89.336956589685542, 14.166998994309159 ], [ -89.336956589685542, 14.153524326684298 ], [ -89.350431257310419, 14.153524326684295 ], [ -89.350431257310419, 14.166998994309155 ] ] ] } },
{ "type": "Feature", "properties": { "class_id": 5, "area_m2": 2169713.3704060507, "class_name": "Muy Alto", "index": "NDVI", "min_value": null, "max_value": null }, "geometry": { "type": "Polygon", "coordinates": [ [ [ -89.512127268808783, 14.288271002932946 ], [ -89.525601936433645, 14.28827100293295 ], [ -89.525601936433645, 14.301745670557809 ], [ -89.512127268808783, 14.301745670557811 ], [ -89.512127268808783, 14.288271002932946 ] ] ] } },
{ "type": "Feature", "properties": { "class_id": 5, "area_m2": 6506549.8593927044, "class_name": "Muy Alto", "index": "NDVI", "min_value": null, "max_value": null }, "geometry": { "type": "Polygon", "coordinates": [ [ [ -89.283057919186078, 14.301745670557811 ], [ -89.29653258681094, 14.301745670557812 ], [ -89.29653258681094, 14.315220338182677 ], [ -89.310007254435803, 14.315220338182677 ], [ -89.310007254435803, 14.328695005807539 ], [ -89.283057919186078, 14.328695005807541 ], [ -89.283057919186078, 14.301745670557811 ] ] ] } },
{ "type": "Feature", "properties": { "class_id": 5, "area_m2": 2168535.5416246327, "class_name": "Muy Alto", "index": "NDVI", "min_value": null, "max_value": null }, "geometry": { "type": "Polygon", "coordinates": [ [ [ -89.377380592560129, 14.369119008682137 ], [ -89.390855260184992, 14.369119008682144 ], [ -89.390855260184992, 14.382593676306998 ], [ -89.377380592560129, 14.382593676307 ], [ -89.377380592560129, 14.369119008682137 ] ] ] } },
{ "type": "Feature", "properties": { "class_id": 5, "area_m2": 36858720.029109329, "class_name": "Muy Alto", "index": "NDVI", "min_value": null, "max_value": null }, "geometry": { "type": "Polygon", "coordinates": [ [ [ -89.323481922060665, 14.369119008682141 ], [ -89.336956589685542, 14.369119008682134 ], [ -89.336956589685542, 14.382593676307007 ], [ -89.363905924935267, 14.382593676307003 ], [ -89.363905924935267, 14.396068343931857 ], [ -89.350431257310419, 14.396068343931864 ], [ -89.350431257310419, 14.409543011556734 ], [ -89.336956589685542, 14.409543011556734 ], [ -89.336956589685542, 14.4230176791816 ], [ -89.310007254435803, 14.423017679181603 ], [ -89.310007254435803, 14.396068343931857 ], [ -89.29653258681094, 14.396068343931869 ], [ -89.29653258681094, 14.409543011556734 ], [ -89.283057919186078, 14.409543011556739 ], [ -89.283057919186078, 14.396068343931869 ], [ -89.269583251561215, 14.396068343931868 ], [ -89.269583251561215, 14.369119008682141 ], [ -89.310007254435803, 14.369119008682137 ], [ -89.310007254435803, 14.382593676306998 ], [ -89.323481922060665, 14.382593676306998 ], [ -89.323481922060665, 14.369119008682141 ] ] ] } },
{ "type": "Feature", "properties": { "class_id": 5, "area_m2": 4336351.0324310036, "class_name": "Muy Alto", "index": "NDVI", "min_value": null, "max_value": null }, "geometry": { "type": "Polygon", "coordinates": [ [ [ -89.363905924935267, 14.396068343931857 ], [ -89.377380592560129, 14.396068343931869 ], [ -89.377380592560129, 14.423017679181607 ], [ -89.363905924935267, 14.423017679181607 ], [ -89.363905924935267, 14.396068343931857 ] ] ] } },
{ "type": "Feature", "properties": { "class_id": 5, "area_m2": 17345439.851110704, "class_name": "Muy Alto", "index": "NDVI", "min_value": null, "max_value": null }, "geometry": { "type": "Polygon", "coordinates": [ [ [ -89.390855260184992, 14.4230176791816 ], [ -89.404329927809869, 14.4230176791816 ], [ -89.404329927809869, 14.409543011556734 ], [ -89.390855260184992, 14.409543011556739 ], [ -89.390855260184992, 14.396068343931857 ], [ -89.431279263059594, 14.396068343931876 ], [ -89.431279263059594, 14.4230176791816 ], [ -89.417804595434731, 14.4230176791816 ], [ -89.417804595434731, 14.436492346806457 ], [ -89.404329927809869, 14.436492346806457 ], [ -89.404329927809869, 14.44996701443133 ], [ -89.390855260184992, 14.44996701443133 ], [ -89.390855260184992, 14.4230176791816 ] ] ] } },
{ "type": "Feature", "properties": { "class_id": 5, "area_m2": 2176659.3653103085, "class_name": "Muy Alto", "index": "NDVI", "min_value": null, "max_value": null }, "geometry": { "type": "Polygon", "coordinates": [ [ [ -89.148311242937424, 13.412417607316707 ], [ -89.161785910562287, 13.412417607316707 ], [ -89.161785910562287, 13.425892274941571 ], [ -89.148311242937424, 13.425892274941569 ], [ -89.148311242937424, 13.412417607316707 ] ] ] } },
{ "type": "Feature", "properties": { "class_id": 5, "area_m2": 4349551.695672662, "class_name": "Muy Alto", "index": "NDVI", "min_value": null, "max_value": null }, "geometry": { "type": "Polygon", "coordinates": [ [ [ -89.229159248686628, 13.641486956939412 ], [ -89.242633916311476, 13.641486956939412 ], [ -89.242633916311476, 13.668436292189142 ], [ -89.229159248686628, 13.66843629218914 ], [ -89.229159248686628, 13.641486956939412 ] ] ] } },
{ "type": "Feature", "properties": { "class_id": 5, "area_m2": 2174206.3813243168, "class_name": "Muy Alto", "index": "NDVI", "min_value": null, "max_value": null }, "geometry": { "type": "Polygon", "coordinates": [ [ [ -89.040513901938496, 13.65496162456428 ], [ -89.053988569563359, 13.654961624564278 ], [ -89.053988569563359, 13.66843629218914 ], [ -89.040513901938496, 13.668436292189138 ], [ -89.040513901938496, 13.65496162456428 ] ] ] } },
{ "type": "Feature", "properties": { "class_id": 5, "area_m2": 2174631.6041600541, "class_name": "Muy Alto", "index": "NDVI", "min_value": null, "max_value": null }, "geometry": { "type": "Polygon", "coordinates": [ [ [ -89.242633916311476, 13.668436292189142 ], [ -89.256108583936339, 13.66843629218914 ], [ -89.256108583936339, 13.68191095981401 ], [ -89.242633916311476, 13.68191095981401 ], [ -89.242633916311476, 13.668436292189142 ] ] ] } },
{ "type": "Feature", "properties": { "class_id": 5, "area_m2": 2173894.2684155735, "class_name": "Muy Alto", "index": "NDVI", "min_value": null, "max_value": null }, "geometry": { "type": "Polygon", "coordinates": [ [ [ -89.013564566688771, 13.68191095981401 ], [ -89.027039234313634, 13.68191095981401 ], [ -89.027039234313634, 13.695385627438874 ], [ -89.013564566688771, 13.695385627438874 ], [ -89.013564566688771, 13.68191095981401 ] ] ] } },
{ "type": "Feature", "properties": { "class_id": 5, "area_m2": 2173963.2544815098, "class_name": "Muy Alto", "index": "NDVI", "min_value": null, "max_value": null }, "geometry": { "type": "Polygon", "coordinates": [ [ [ -89.040513901938496, 13.681910959814006 ], [ -89.053988569563359, 13.681910959814013 ], [ -89.053988569563359, 13.695385627438879 ], [ -89.040513901938496, 13.695385627438874 ], [ -89.040513901938496, 13.681910959814006 ] ] ] } },
{ "type": "Feature", "properties": { "class_id": 5, "area_m2": 2173295.8516199007, "class_name": "Muy Alto", "index": "NDVI", "min_value": null, "max_value": null }, "geometry": { "type": "Polygon", "coordinates": [ [ [ -89.215684581061751, 13.81665763606266 ], [ -89.202209913436889, 13.816657636062663 ], [ -89.202209913436889, 13.803182968437795 ], [ -89.215684581061751, 13.803182968437797 ], [ -89.215684581061751, 13.81665763606266 ] ] ] } },
{ "type": "Feature", "properties": { "class_id": 5, "area_m2": 21728089.991057102, "class_name": "Muy Alto", "index": "NDVI", "min_value": null, "max_value": null }, "geometry": { "type": "Polygon", "coordinates": [ [ [ -89.161785910562287, 13.816657636062667 ], [ -89.175260578187149, 13.81665763606266 ], [ -89.175260578187149, 13.857081638937258 ], [ -89.161785910562287, 13.85708163893726 ], [ -89.161785910562287, 13.870556306562122 ], [ -89.148311242937424, 13.870556306562127 ], [ -89.148311242937424, 13.857081638937258 ], [ -89.121361907687685, 13.857081638937258 ], [ -89.121361907687685, 13.830132303687527 ], [ -89.161785910562287, 13.830132303687522 ], [ -89.161785910562287, 13.816657636062667 ] ] ] } },
{ "type": "Feature", "properties": { "class_id": 5, "area_m2": 2172889.5849553323, "class_name": "Muy Alto", "index": "NDVI", "min_value": null, "max_value": null }, "geometry": { "type": "Polygon", "coordinates": [ [ [ -89.188735245812012, 13.843606971312393 ], [ -89.202209913436889, 13.84360697131239 ], [ -89.202209913436889, 13.85708163893726 ], [ -89.188735245812012, 13.85708163893726 ], [ -89.188735245812012, 13.843606971312393 ] ] ] } },
{ "type": "Feature", "properties": { "class_id": 5, "area_m2": 6516988.0429398734, "class_name": "Muy Alto", "index": "NDVI", "min_value": null, "max_value": null }, "geometry": { "type": "Polygon", "coordinates": [ [ [ -89.040513901938496, 13.870556306562118 ], [ -89.053988569563359, 13.870556306562122 ], [ -89.053988569563359, 13.857081638937263 ], [ -89.067463237188235, 13.857081638937258 ], [ -89.067463237188235, 13.884030974186986 ], [ -89.040513901938496, 13.884030974186985 ], [ -89.040513901938496, 13.870556306562118 ] ] ] } },
{ "type": "Feature", "properties": { "class_id": 5, "area_m2": 8691146.9690660946, "class_name": "Muy Alto", "index": "NDVI", "min_value": null, "max_value": null }, "geometry": { "type": "Polygon", "coordinates": [ [ [ -89.202209913436889, 13.85708163893726 ], [ -89.215684581061751, 13.85708163893726 ], [ -89.215684581061751, 13.870556306562122 ], [ -89.242633916311476, 13.870556306562124 ], [ -89.242633916311476, 13.884030974186985 ], [ -89.202209913436889, 13.884030974186993 ], [ -89.202209913436889, 13.85708163893726 ] ] ] } },
{ "type": "Feature", "properties": { "class_id": 5, "area_m2": 4344812.7968784906, "class_name": "Muy Alto", "index": "NDVI", "min_value": null, "max_value": null }, "geometry": { "type": "Polygon", "coordinates": [ [ [ -89.09441257243796, 13.87055630656212 ], [ -89.121361907687685, 13.870556306562124 ], [ -89.121361907687685, 13.884030974186986 ], [ -89.09441257243796, 13.884030974186986 ], [ -89.09441257243796, 13.87055630656212 ] ] ] } },
{ "type": "Feature", "properties": { "class_id": 5, "area_m2": 2172194.4866598011, "class_name": "Muy Alto", "index": "NDVI", "min_value": null, "max_value": null }, "geometry": { "type": "Polygon", "coordinates": [ [ [ -89.067463237188235, 13.884030974186986 ], [ -89.080937904813098, 13.884030974186986 ], [ -89.080937904813098, 13.897505641811854 ], [ -89.067463237188235, 13.897505641811859 ], [ -89.067463237188235, 13.884030974186986 ] ] ] } },
{ "type": "Feature", "properties": { "class_id": 5, "area_m2": 2172336.6754705175, "class_name": "Muy Alto", "index": "NDVI", "min_value": null, "max_value": null }, "geometry": { "type": "Polygon", "coordinates": [ [ [ -89.121361907687685, 13.884030974186986 ], [ -89.134836575312562, 13.884030974186986 ], [ -89.134836575312562, 13.897505641811856 ], [ -89.121361907687685, 13.897505641811854 ], [ -89.121361907687685, 13.884030974186986 ] ] ] } },
{ "type": "Feature", "properties": { "class_id": 5, "area_m2": 4343631.6695744097, "class_name": "Muy Alto", "index": "NDVI", "min_value": null, "max_value": null }, "geometry": { "type": "Polygon", "coordinates": [ [ [ -89.134836575312562, 13.93792964468645 ], [ -89.148311242937424, 13.93792964468645 ], [ -89.148311242937424, 13.964878979936181 ], [ -89.134836575312562, 13.964878979936181 ], [ -89.134836575312562, 13.93792964468645 ] ] ] } },
{ "type": "Feature", "properties": { "class_id": 5, "area_m2": 2171211.814198032, "class_name": "Muy Alto", "index": "NDVI", "min_value": null, "max_value": null }, "geometry": { "type": "Polygon", "coordinates": [ [ [ -88.986615231439046, 13.978353647561047 ], [ -88.973140563814169, 13.97835364756104 ], [ -88.973140563814169, 13.964878979936181 ], [ -88.986615231439046, 13.964878979936181 ], [ -88.986615231439046, 13.978353647561047 ] ] ] } },
{ "type": "Feature", "properties": { "class_id": 5, "area_m2": 4342185.5853778766, "class_name": "Muy Alto", "index": "NDVI", "min_value": null, "max_value": null }, "geometry": { "type": "Polygon", "coordinates": [ [ [ -89.013564566688771, 14.005302982810774 ], [ -89.000089899063909, 14.005302982810777 ], [ -89.000089899063909, 13.978353647561045 ], [ -89.013564566688771, 13.978353647561041 ], [ -89.013564566688771, 14.005302982810774 ] ] ] } },
{ "type": "Feature", "properties": { "class_id": 5, "area_m2": 2170393.2587160268, "class_name": "Muy Alto", "index": "NDVI", "min_value": null, "max_value": null }, "geometry": { "type": "Polygon", "coordinates": [ [ [ -88.89229255806498, 14.032252318060502 ], [ -88.905767225689843, 14.032252318060507 ], [ -88.905767225689843, 14.045726985685365 ], [ -88.89229255806498, 14.045726985685366 ], [ -88.89229255806498, 14.032252318060502 ] ] ] } },
{ "type": "Feature", "properties": { "class_id": 5, "area_m2": 47754422.934361413, "class_name": "Muy Alto", "index": "NDVI", "min_value": null, "max_value": null }, "geometry": { "type": "Polygon", "coordinates": [ [ [ -89.040513901938496, 14.032252318060502 ], [ -89.027039234313634, 14.032252318060504 ], [ -89.027039234313634, 14.018777650435643 ], [ -89.053988569563359, 14.018777650435641 ], [ -89.053988569563359, 14.032252318060506 ], [ -89.121361907687685, 14.032252318060506 ], [ -89.121361907687685, 14.086150988559972 ], [ -89.107887240062837, 14.086150988559968 ], [ -89.107887240062837, 14.072676320935102 ], [ -89.09441257243796, 14.072676320935102 ], [ -89.09441257243796, 14.059201653310234 ], [ -89.080937904813098, 14.059201653310234 ], [ -89.080937904813098, 14.086150988559965 ], [ -89.067463237188235, 14.086150988559968 ], [ -89.067463237188235, 14.072676320935102 ], [ -89.040513901938496, 14.072676320935102 ], [ -89.040513901938496, 14.059201653310238 ], [ -89.027039234313634, 14.05920165331024 ], [ -89.027039234313634, 14.045726985685366 ], [ -89.040513901938496, 14.045726985685368 ], [ -89.040513901938496, 14.032252318060502 ] ] ] } },
{ "type": "Feature", "properties": { "class_id": 5, "area_m2": 10854149.080536723, "class_name": "Muy Alto", "index": "NDVI", "min_value": null, "max_value": null }, "geometry": { "type": "Polygon", "coordinates": [ [ [ -89.161785910562287, 14.032252318060507 ], [ -89.175260578187149, 14.032252318060502 ], [ -89.175260578187149, 14.099625656184827 ], [ -89.161785910562287, 14.099625656184834 ], [ -89.161785910562287, 14.032252318060507 ] ] ] } },
{ "type": "Feature", "properties": { "class_id": 5, "area_m2": 2170778.7341084401, "class_name": "Muy Alto", "index": "NDVI", "min_value": null, "max_value": null }, "geometry": { "type": "Polygon", "coordinates": [ [ [ -89.188735245812012, 14.072676320935098 ], [ -89.202209913436889, 14.072676320935102 ], [ -89.202209913436889, 14.086150988559965 ], [ -89.188735245812012, 14.086150988559968 ], [ -89.188735245812012, 14.072676320935098 ] ] ] } },
{ "type": "Feature", "properties": { "class_id": 5, "area_m2": 2170259.7485177238, "class_name": "Muy Alto", "index": "NDVI", "min_value": null, "max_value": null }, "geometry": { "type": "Polygon", "coordinates": [ [ [ -89.040513901938496, 14.086150988559963 ], [ -89.053988569563359, 14.086150988559968 ], [ -89.053988569563359, 14.099625656184832 ], [ -89.040513901938496, 14.099625656184825 ], [ -89.040513901938496, 14.086150988559963 ] ] ] } },
{ "type": "Feature", "properties": { "class_id": 5, "area_m2": 2170471.1028508367, "class_name": "Muy Alto", "index": "NDVI", "min_value": null, "max_value": null }, "geometry": { "type": "Polygon", "coordinates": [ [ [ -89.121361907687685, 14.086150988559972 ], [ -89.134836575312562, 14.086150988559965 ], [ -89.134836575312562, 14.099625656184834 ], [ -89.121361907687685, 14.099625656184834 ], [ -89.121361907687685, 14.086150988559972 ] ] ] } },
{ "type": "Feature", "properties": { "class_id": 5, "area_m2": 2170365.770245532, "class_name": "Muy Alto", "index": "NDVI", "min_value": null, "max_value": null }, "geometry": { "type": "Polygon", "coordinates": [ [ [ -89.175260578187149, 14.113100323809697 ], [ -89.188735245812012, 14.113100323809698 ], [ -89.188735245812012, 14.126574991434564 ], [ -89.175260578187149, 14.126574991434563 ], [ -89.175260578187149, 14.113100323809697 ] ] ] } },
{ "type": "Feature", "properties": { "class_id": 5, "area_m2": 4339038.5339033818, "class_name": "Muy Alto", "index": "NDVI", "min_value": null, "max_value": null }, "geometry": { "type": "Polygon", "coordinates": [ [ [ -88.932716560939582, 14.153524326684293 ], [ -88.91924189331472, 14.153524326684288 ], [ -88.91924189331472, 14.126574991434564 ], [ -88.932716560939582, 14.126574991434563 ], [ -88.932716560939582, 14.153524326684293 ] ] ] } },
{ "type": "Feature", "properties": { "class_id": 5, "area_m2": 6507677.6114830561, "class_name": "Muy Alto", "index": "NDVI", "min_value": null, "max_value": null }, "geometry": { "type": "Polygon", "coordinates": [ [ [ -88.959665896189307, 14.166998994309155 ], [ -88.973140563814169, 14.166998994309155 ], [ -88.973140563814169, 14.193948329558886 ], [ -88.946191228564444, 14.193948329558884 ], [ -88.946191228564444, 14.180473661934025 ], [ -88.959665896189307, 14.180473661934025 ], [ -88.959665896189307, 14.166998994309155 ] ] ] } },
{ "type": "Feature", "properties": { "class_id": 5, "area_m2": 26032475.297563639, "class_name": "Muy Alto", "index": "NDVI", "min_value": null, "max_value": null }, "geometry": { "type": "Polygon", "coordinates": [ [ [ -89.027039234313634, 14.22089766480862 ], [ -89.013564566688771, 14.220897664808616 ], [ -89.013564566688771, 14.193948329558882 ], [ -89.000089899063909, 14.193948329558889 ], [ -89.000089899063909, 14.180473661934027 ], [ -88.986615231439046, 14.180473661934025 ], [ -88.986615231439046, 14.153524326684291 ], [ -89.000089899063909, 14.153524326684288 ], [ -89.000089899063909, 14.140049659059432 ], [ -89.013564566688771, 14.140049659059429 ], [ -89.013564566688771, 14.166998994309155 ], [ -89.040513901938496, 14.166998994309155 ], [ -89.040513901938496, 14.19394832955888 ], [ -89.027039234313634, 14.193948329558891 ], [ -89.027039234313634, 14.22089766480862 ] ] ] } },
{ "type": "Feature", "properties": { "class_id": 5, "area_m2": 10846531.627398802, "class_name": "Muy Alto", "index": "NDVI", "min_value": null, "max_value": null }, "geometry": { "type": "Polygon", "coordinates": [ [ [ -89.053988569563359, 14.180473661934027 ], [ -89.067463237188235, 14.180473661934032 ], [ -89.067463237188235, 14.193948329558891 ], [ -89.09441257243796, 14.193948329558884 ], [ -89.09441257243796, 14.207422997183752 ], [ -89.080937904813098, 14.20742299718375 ], [ -89.080937904813098, 14.220897664808623 ], [ -89.067463237188235, 14.220897664808616 ], [ -89.067463237188235, 14.207422997183755 ], [ -89.053988569563359, 14.207422997183755 ], [ -89.053988569563359, 14.180473661934027 ] ] ] } },
{ "type": "Feature", "properties": { "class_id": 5, "area_m2": 2169267.7812632807, "class_name": "Muy Alto", "index": "NDVI", "min_value": null, "max_value": null }, "geometry": { "type": "Polygon", "coordinates": [ [ [ -89.09441257243796, 14.207422997183752 ], [ -89.107887240062837, 14.207422997183754 ], [ -89.107887240062837, 14.22089766480862 ], [ -89.09441257243796, 14.220897664808616 ], [ -89.09441257243796, 14.207422997183752 ] ] ] } },
{ "type": "Feature", "properties": { "class_id": 5, "area_m2": 2169708.9501107708, "class_name": "Muy Alto", "index": "NDVI", "min_value": null, "max_value": null }, "geometry": { "type": "Polygon", "coordinates": [ [ [ -89.269583251561215, 14.220897664808616 ], [ -89.256108583936339, 14.220897664808621 ], [ -89.256108583936339, 14.20742299718375 ], [ -89.269583251561215, 14.207422997183755 ], [ -89.269583251561215, 14.220897664808616 ] ] ] } },
{ "type": "Feature", "properties": { "class_id": 5, "area_m2": 28202868.86276849, "class_name": "Muy Alto", "index": "NDVI", "min_value": null, "max_value": null }, "geometry": { "type": "Polygon", "coordinates": [ [ [ -89.188735245812012, 14.193948329558884 ], [ -89.202209913436889, 14.193948329558886 ], [ -89.202209913436889, 14.220897664808623 ], [ -89.215684581061751, 14.220897664808618 ], [ -89.215684581061751, 14.247847000058346 ], [ -89.161785910562287, 14.247847000058357 ], [ -89.161785910562287, 14.193948329558886 ], [ -89.175260578187149, 14.193948329558886 ], [ -89.175260578187149, 14.207422997183752 ], [ -89.188735245812012, 14.20742299718375 ], [ -89.188735245812012, 14.193948329558884 ] ] ] } },
{ "type": "Feature", "properties": { "class_id": 5, "area_m2": 2168832.1214915612, "class_name": "Muy Alto", "index": "NDVI", "min_value": null, "max_value": null }, "geometry": { "type": "Polygon", "coordinates": [ [ [ -88.973140563814169, 14.220897664808621 ], [ -88.986615231439046, 14.220897664808616 ], [ -88.986615231439046, 14.234372332433487 ], [ -88.973140563814169, 14.234372332433486 ], [ -88.973140563814169, 14.220897664808621 ] ] ] } },
{ "type": "Feature", "properties": { "class_id": 5, "area_m2": 10843704.591866802, "class_name": "Muy Alto", "index": "NDVI", "min_value": null, "max_value": null }, "geometry": { "type": "Polygon", "coordinates": [ [ [ -89.000089899063909, 14.220897664808621 ], [ -89.013564566688771, 14.220897664808616 ], [ -89.013564566688771, 14.261321667683214 ], [ -88.986615231439046, 14.261321667683214 ], [ -88.986615231439046, 14.234372332433487 ], [ -89.000089899063909, 14.234372332433486 ], [ -89.000089899063909, 14.220897664808621 ] ] ] } },
{ "type": "Feature", "properties": { "class_id": 5, "area_m2": 125779124.82453705, "class_name": "Muy Alto", "index": "NDVI", "min_value": null, "max_value": null }, "geometry": { "type": "Polygon", "coordinates": [ [ [ -89.027039234313634, 14.274796335308078 ], [ -89.013564566688771, 14.274796335308082 ], [ -89.013564566688771, 14.261321667683214 ], [ -89.053988569563359, 14.261321667683214 ], [ -89.053988569563359, 14.220897664808627 ], [ -89.067463237188235, 14.220897664808616 ], [ -89.067463237188235, 14.234372332433489 ], [ -89.121361907687685, 14.234372332433486 ], [ -89.121361907687685, 14.207422997183752 ], [ -89.134836575312562, 14.207422997183752 ], [ -89.134836575312562, 14.22089766480862 ], [ -89.148311242937424, 14.220897664808621 ], [ -89.148311242937424, 14.234372332433486 ], [ -89.134836575312562, 14.234372332433486 ], [ -89.134836575312562, 14.247847000058348 ], [ -89.148311242937424, 14.247847000058357 ], [ -89.148311242937424, 14.301745670557821 ], [ -89.134836575312562, 14.301745670557816 ], [ -89.134836575312562, 14.342169673432405 ], [ -89.107887240062837, 14.342169673432409 ], [ -89.107887240062837, 14.355644341057275 ], [ -89.09441257243796, 14.355644341057271 ], [ -89.09441257243796, 14.342169673432409 ], [ -89.067463237188235, 14.342169673432409 ], [ -89.067463237188235, 14.315220338182673 ], [ -89.053988569563359, 14.315220338182671 ], [ -89.053988569563359, 14.301745670557816 ], [ -89.067463237188235, 14.301745670557811 ], [ -89.067463237188235, 14.288271002932946 ], [ -89.053988569563359, 14.288271002932946 ], [ -89.053988569563359, 14.274796335308082 ], [ -89.040513901938496, 14.274796335308078 ], [ -89.040513901938496, 14.315220338182669 ], [ -89.027039234313634, 14.315220338182671 ], [ -89.027039234313634, 14.274796335308078 ] ], [ [ -89.080937904813098, 14.315220338182669 ], [ -89.080937904813098, 14.328695005807541 ], [ -89.09441257243796, 14.328695005807541 ], [ -89.09441257243796, 14.315220338182673 ], [ -89.080937904813098, 14.315220338182669 ] ], [ [ -89.107887240062837, 14.27479633530808 ], [ -89.107887240062837, 14.288271002932944 ], [ -89.121361907687685, 14.28827100293295 ], [ -89.121361907687685, 14.274796335308082 ], [ -89.107887240062837, 14.27479633530808 ] ] ] } },
{ "type": "Feature", "properties": { "class_id": 5, "area_m2": 6505174.0968001811, "class_name": "Muy Alto", "index": "NDVI", "min_value": null, "max_value": null }, "geometry": { "type": "Polygon", "coordinates": [ [ [ -89.161785910562287, 14.315220338182677 ], [ -89.188735245812012, 14.315220338182669 ], [ -89.188735245812012, 14.342169673432402 ], [ -89.175260578187149, 14.342169673432402 ], [ -89.175260578187149, 14.328695005807541 ], [ -89.161785910562287, 14.328695005807536 ], [ -89.161785910562287, 14.315220338182677 ] ] ] } },
{ "type": "Feature", "properties": { "class_id": 5, "area_m2": 2168142.0157682379, "class_name": "Muy Alto", "index": "NDVI", "min_value": null, "max_value": null }, "geometry": { "type": "Polygon", "coordinates": [ [ [ -89.161785910562287, 14.355644341057275 ], [ -89.148311242937424, 14.355644341057268 ], [ -89.148311242937424, 14.342169673432409 ], [ -89.161785910562287, 14.342169673432409 ], [ -89.161785910562287, 14.355644341057275 ] ] ] } },
{ "type": "Feature", "properties": { "class_id": 5, "area_m2": 43368416.19925756, "class_name": "Muy Alto", "index": "NDVI", "min_value": null, "max_value": null }, "geometry": { "type": "Polygon", "coordinates": [ [ [ -89.283057919186078, 14.342169673432405 ], [ -89.323481922060665, 14.342169673432409 ], [ -89.323481922060665, 14.355644341057275 ], [ -89.269583251561215, 14.355644341057271 ], [ -89.269583251561215, 14.369119008682141 ], [ -89.242633916311476, 14.369119008682134 ], [ -89.242633916311476, 14.382593676306994 ], [ -89.229159248686628, 14.382593676307 ], [ -89.229159248686628, 14.369119008682141 ], [ -89.202209913436889, 14.369119008682137 ], [ -89.202209913436889, 14.342169673432405 ], [ -89.215684581061751, 14.342169673432402 ], [ -89.215684581061751, 14.328695005807536 ], [ -89.229159248686628, 14.328695005807539 ], [ -89.229159248686628, 14.315220338182669 ], [ -89.242633916311476, 14.315220338182677 ], [ -89.242633916311476, 14.342169673432405 ], [ -89.256108583936339, 14.342169673432405 ], [ -89.256108583936339, 14.328695005807536 ], [ -89.283057919186078, 14.328695005807541 ], [ -89.283057919186078, 14.342169673432405 ] ] ] } },
{ "type": "Feature", "properties": { "class_id": 5, "area_m2": 4354134.5763281249, "class_name": "Muy Alto", "index": "NDVI", "min_value": null, "max_value": null }, "geometry": { "type": "Polygon", "coordinates": [ [ [ -88.501527196943883, 13.196822925318855 ], [ -88.528476532193622, 13.196822925318859 ], [ -88.528476532193622, 13.210297592943723 ], [ -88.501527196943883, 13.210297592943725 ], [ -88.501527196943883, 13.196822925318855 ] ] ] } },
{ "type": "Feature", "properties": { "class_id": 5, "area_m2": 2176988.9434983782, "class_name": "Muy Alto", "index": "NDVI", "min_value": null, "max_value": null }, "geometry": { "type": "Polygon", "coordinates": [ [ [ -88.528476532193622, 13.210297592943723 ], [ -88.541951199818484, 13.210297592943729 ], [ -88.541951199818484, 13.223772260568587 ], [ -88.528476532193622, 13.223772260568591 ], [ -88.528476532193622, 13.210297592943723 ] ] ] } },
{ "type": "Feature", "properties": { "class_id": 5, "area_m2": 2176645.3212634306, "class_name": "Muy Alto", "index": "NDVI", "min_value": null, "max_value": null }, "geometry": { "type": "Polygon", "coordinates": [ [ [ -88.407204523569831, 13.223772260568591 ], [ -88.420679191194694, 13.223772260568587 ], [ -88.420679191194694, 13.237246928193455 ], [ -88.407204523569831, 13.237246928193448 ], [ -88.407204523569831, 13.223772260568591 ] ] ] } },
{ "type": "Feature", "properties": { "class_id": 5, "area_m2": 2176845.4729822986, "class_name": "Muy Alto", "index": "NDVI", "min_value": null, "max_value": null }, "geometry": { "type": "Polygon", "coordinates": [ [ [ -88.51500186456876, 13.223772260568586 ], [ -88.528476532193622, 13.223772260568591 ], [ -88.528476532193622, 13.237246928193457 ], [ -88.51500186456876, 13.237246928193452 ], [ -88.51500186456876, 13.223772260568586 ] ] ] } },
{ "type": "Feature", "properties": { "class_id": 5, "area_m2": 2175526.4786292948, "class_name": "Muy Alto", "index": "NDVI", "min_value": null, "max_value": null }, "geometry": { "type": "Polygon", "coordinates": [ [ [ -88.070337832948198, 13.291145598692918 ], [ -88.08381250057306, 13.291145598692916 ], [ -88.08381250057306, 13.30462026631778 ], [ -88.070337832948198, 13.304620266317787 ], [ -88.070337832948198, 13.291145598692918 ] ] ] } },
{ "type": "Feature", "properties": { "class_id": 5, "area_m2": 2175426.9283487531, "class_name": "Muy Alto", "index": "NDVI", "min_value": null, "max_value": null }, "geometry": { "type": "Polygon", "coordinates": [ [ [ -88.08381250057306, 13.30462026631778 ], [ -88.097287168197937, 13.30462026631778 ], [ -88.097287168197937, 13.318094933942648 ], [ -88.08381250057306, 13.318094933942646 ], [ -88.08381250057306, 13.30462026631778 ] ] ] } },
{ "type": "Feature", "properties": { "class_id": 5, "area_m2": 6526793.3265687237, "class_name": "Muy Alto", "index": "NDVI", "min_value": null, "max_value": null }, "geometry": { "type": "Polygon", "coordinates": [ [ [ -88.245508512071453, 13.304620266317784 ], [ -88.258983179696315, 13.304620266317782 ], [ -88.258983179696315, 13.331569601567514 ], [ -88.23203384444659, 13.331569601567512 ], [ -88.23203384444659, 13.318094933942648 ], [ -88.245508512071453, 13.318094933942644 ], [ -88.245508512071453, 13.304620266317784 ] ] ] } },
{ "type": "Feature", "properties": { "class_id": 5, "area_m2": 2176072.5639824048, "class_name": "Muy Alto", "index": "NDVI", "min_value": null, "max_value": null }, "geometry": { "type": "Polygon", "coordinates": [ [ [ -88.555425867443347, 13.331569601567514 ], [ -88.541951199818484, 13.331569601567514 ], [ -88.541951199818484, 13.318094933942646 ], [ -88.555425867443347, 13.318094933942648 ], [ -88.555425867443347, 13.331569601567514 ] ] ] } },
{ "type": "Feature", "properties": { "class_id": 5, "area_m2": 2175118.1809926298, "class_name": "Muy Alto", "index": "NDVI", "min_value": null, "max_value": null }, "geometry": { "type": "Polygon", "coordinates": [ [ [ -88.02991383007361, 13.331569601567512 ], [ -88.043388497698473, 13.33156960156751 ], [ -88.043388497698473, 13.345044269192378 ], [ -88.02991383007361, 13.345044269192382 ], [ -88.02991383007361, 13.331569601567512 ] ] ] } },
{ "type": "Feature", "properties": { "class_id": 5, "area_m2": 2175153.9175159764, "class_name": "Muy Alto", "index": "NDVI", "min_value": null, "max_value": null }, "geometry": { "type": "Polygon", "coordinates": [ [ [ -88.05686316532335, 13.331569601567509 ], [ -88.070337832948198, 13.331569601567509 ], [ -88.070337832948198, 13.34504426919238 ], [ -88.05686316532335, 13.345044269192377 ], [ -88.05686316532335, 13.331569601567509 ] ] ] } },
{ "type": "Feature", "properties": { "class_id": 5, "area_m2": 4352950.3328903206, "class_name": "Muy Alto", "index": "NDVI", "min_value": null, "max_value": null }, "geometry": { "type": "Polygon", "coordinates": [ [ [ -88.865343222815255, 13.345044269192378 ], [ -88.878817890440118, 13.345044269192382 ], [ -88.878817890440118, 13.37199360444211 ], [ -88.865343222815255, 13.371993604442109 ], [ -88.865343222815255, 13.345044269192378 ] ] ] } },
{ "type": "Feature", "properties": { "class_id": 5, "area_m2": 2174113.6024280894, "class_name": "Muy Alto", "index": "NDVI", "min_value": null, "max_value": null }, "geometry": { "type": "Polygon", "coordinates": [ [ [ -88.636273873192536, 13.560638951190226 ], [ -88.649748540817413, 13.560638951190219 ], [ -88.649748540817413, 13.57411361881509 ], [ -88.636273873192536, 13.574113618815083 ], [ -88.636273873192536, 13.560638951190226 ] ] ] } },
{ "type": "Feature", "properties": { "class_id": 5, "area_m2": 2174373.9276504726, "class_name": "Muy Alto", "index": "NDVI", "min_value": null, "max_value": null }, "geometry": { "type": "Polygon", "coordinates": [ [ [ -88.757545881816327, 13.560638951190223 ], [ -88.771020549441189, 13.560638951190223 ], [ -88.771020549441189, 13.574113618815085 ], [ -88.757545881816327, 13.574113618815089 ], [ -88.757545881816327, 13.560638951190223 ] ] ] } },
{ "type": "Feature", "properties": { "class_id": 5, "area_m2": 2173910.4490559865, "class_name": "Muy Alto", "index": "NDVI", "min_value": null, "max_value": null }, "geometry": { "type": "Polygon", "coordinates": [ [ [ -88.595849870317949, 13.574113618815089 ], [ -88.609324537942811, 13.574113618815089 ], [ -88.609324537942811, 13.587588286439955 ], [ -88.595849870317949, 13.587588286439955 ], [ -88.595849870317949, 13.574113618815089 ] ] ] } },
{ "type": "Feature", "properties": { "class_id": 5, "area_m2": 2174077.7809150876, "class_name": "Muy Alto", "index": "NDVI", "min_value": null, "max_value": null }, "geometry": { "type": "Polygon", "coordinates": [ [ [ -88.676697876067138, 13.574113618815087 ], [ -88.690172543692, 13.574113618815087 ], [ -88.690172543692, 13.587588286439953 ], [ -88.676697876067138, 13.587588286439953 ], [ -88.676697876067138, 13.574113618815087 ] ] ] } },
{ "type": "Feature", "properties": { "class_id": 5, "area_m2": 2173900.4454656295, "class_name": "Muy Alto", "index": "NDVI", "min_value": null, "max_value": null }, "geometry": { "type": "Polygon", "coordinates": [ [ [ -88.663223208442275, 13.601062954064815 ], [ -88.649748540817413, 13.601062954064819 ], [ -88.649748540817413, 13.587588286439953 ], [ -88.663223208442275, 13.587588286439953 ], [ -88.663223208442275, 13.601062954064815 ] ] ] } },
{ "type": "Feature", "properties": { "class_id": 5, "area_m2": 2172535.6898190631, "class_name": "Muy Alto", "index": "NDVI", "min_value": null, "max_value": null }, "geometry": { "type": "Polygon", "coordinates": [ [ [ -88.461103194069295, 13.708860295063738 ], [ -88.447628526444433, 13.70886029506374 ], [ -88.447628526444433, 13.695385627438876 ], [ -88.461103194069295, 13.695385627438872 ], [ -88.461103194069295, 13.708860295063738 ] ] ] } },
{ "type": "Feature", "properties": { "class_id": 5, "area_m2": 2171662.8124544406, "class_name": "Muy Alto", "index": "NDVI", "min_value": null, "max_value": null }, "geometry": { "type": "Polygon", "coordinates": [ [ [ -88.218559176821714, 13.749284297938337 ], [ -88.23203384444659, 13.749284297938337 ], [ -88.23203384444659, 13.762758965563199 ], [ -88.218559176821714, 13.762758965563197 ], [ -88.218559176821714, 13.749284297938337 ] ] ] } },
{ "type": "Feature", "properties": { "class_id": 5, "area_m2": 2170888.6922172327, "class_name": "Muy Alto", "index": "NDVI", "min_value": null, "max_value": null }, "geometry": { "type": "Polygon", "coordinates": [ [ [ -88.016439162448734, 13.803182968437794 ], [ -88.02991383007361, 13.803182968437797 ], [ -88.02991383007361, 13.816657636062663 ], [ -88.016439162448734, 13.81665763606266 ], [ -88.016439162448734, 13.803182968437794 ] ] ] } },
{ "type": "Feature", "properties": { "class_id": 5, "area_m2": 2170733.0054019648, "class_name": "Muy Alto", "index": "NDVI", "min_value": null, "max_value": null }, "geometry": { "type": "Polygon", "coordinates": [ [ [ -88.08381250057306, 13.83013230368752 ], [ -88.097287168197937, 13.83013230368752 ], [ -88.097287168197937, 13.843606971312393 ], [ -88.08381250057306, 13.84360697131239 ], [ -88.08381250057306, 13.83013230368752 ] ] ] } },
{ "type": "Feature", "properties": { "class_id": 5, "area_m2": 4340884.2926671822, "class_name": "Muy Alto", "index": "NDVI", "min_value": null, "max_value": null }, "geometry": { "type": "Polygon", "coordinates": [ [ [ -88.043388497698473, 13.85708163893726 ], [ -88.070337832948198, 13.85708163893726 ], [ -88.070337832948198, 13.870556306562124 ], [ -88.043388497698473, 13.870556306562127 ], [ -88.043388497698473, 13.85708163893726 ] ] ] } },
{ "type": "Feature", "properties": { "class_id": 5, "area_m2": 8680466.4960719254, "class_name": "Muy Alto", "index": "NDVI", "min_value": null, "max_value": null }, "geometry": { "type": "Polygon", "coordinates": [ [ [ -87.881692486200095, 13.870556306562129 ], [ -87.868217818575218, 13.870556306562126 ], [ -87.868217818575218, 13.884030974186986 ], [ -87.854743150950355, 13.884030974186985 ], [ -87.854743150950355, 13.870556306562127 ], [ -87.841268483325493, 13.870556306562124 ], [ -87.841268483325493, 13.85708163893726 ], [ -87.881692486200095, 13.857081638937261 ], [ -87.881692486200095, 13.870556306562129 ] ] ] } },
{ "type": "Feature", "properties": { "class_id": 5, "area_m2": 8681427.6668088324, "class_name": "Muy Alto", "index": "NDVI", "min_value": null, "max_value": null }, "geometry": { "type": "Polygon", "coordinates": [ [ [ -88.08381250057306, 13.857081638937263 ], [ -88.097287168197937, 13.857081638937258 ], [ -88.097287168197937, 13.884030974186981 ], [ -88.1107618358228, 13.884030974186986 ], [ -88.1107618358228, 13.897505641811856 ], [ -88.08381250057306, 13.897505641811851 ], [ -88.08381250057306, 13.857081638937263 ] ] ] } },
{ "type": "Feature", "properties": { "class_id": 5, "area_m2": 2170205.0555813122, "class_name": "Muy Alto", "index": "NDVI", "min_value": null, "max_value": null }, "geometry": { "type": "Polygon", "coordinates": [ [ [ -88.05686316532335, 13.88403097418699 ], [ -88.070337832948198, 13.884030974186986 ], [ -88.070337832948198, 13.897505641811852 ], [ -88.05686316532335, 13.897505641811859 ], [ -88.05686316532335, 13.88403097418699 ] ] ] } },
{ "type": "Feature", "properties": { "class_id": 5, "area_m2": 8679506.492814919, "class_name": "Muy Alto", "index": "NDVI", "min_value": null, "max_value": null }, "geometry": { "type": "Polygon", "coordinates": [ [ [ -87.868217818575218, 13.884030974186986 ], [ -87.895167153824957, 13.884030974186983 ], [ -87.895167153824957, 13.924454977061579 ], [ -87.881692486200095, 13.924454977061584 ], [ -87.881692486200095, 13.897505641811851 ], [ -87.868217818575218, 13.897505641811851 ], [ -87.868217818575218, 13.884030974186986 ] ] ] } },
{ "type": "Feature", "properties": { "class_id": 5, "area_m2": 4339330.5033033788, "class_name": "Muy Alto", "index": "NDVI", "min_value": null, "max_value": null }, "geometry": { "type": "Polygon", "coordinates": [ [ [ -87.82779381570063, 13.924454977061583 ], [ -87.800844480450891, 13.924454977061584 ], [ -87.800844480450891, 13.910980309436722 ], [ -87.82779381570063, 13.91098030943672 ], [ -87.82779381570063, 13.924454977061583 ] ] ] } },
{ "type": "Feature", "properties": { "class_id": 5, "area_m2": 2170640.3087320104, "class_name": "Muy Alto", "index": "NDVI", "min_value": null, "max_value": null }, "geometry": { "type": "Polygon", "coordinates": [ [ [ -88.838393887565516, 13.991828315185906 ], [ -88.851868555190393, 13.991828315185909 ], [ -88.851868555190393, 14.005302982810777 ], [ -88.838393887565516, 14.005302982810774 ], [ -88.838393887565516, 13.991828315185906 ] ] ] } },
{ "type": "Feature", "properties": { "class_id": 5, "area_m2": 2170393.147509099, "class_name": "Muy Alto", "index": "NDVI", "min_value": null, "max_value": null }, "geometry": { "type": "Polygon", "coordinates": [ [ [ -88.784495217066066, 14.005302982810772 ], [ -88.797969884690929, 14.005302982810775 ], [ -88.797969884690929, 14.018777650435641 ], [ -88.784495217066066, 14.018777650435645 ], [ -88.784495217066066, 14.005302982810772 ] ] ] } },
{ "type": "Feature", "properties": { "class_id": 5, "area_m2": 2169746.3341713524, "class_name": "Muy Alto", "index": "NDVI", "min_value": null, "max_value": null }, "geometry": { "type": "Polygon", "coordinates": [ [ [ -88.71712187894174, 14.059201653310234 ], [ -88.730596546566602, 14.059201653310238 ], [ -88.730596546566602, 14.072676320935102 ], [ -88.71712187894174, 14.072676320935106 ], [ -88.71712187894174, 14.059201653310234 ] ] ] } },
{ "type": "Feature", "properties": { "class_id": 5, "area_m2": 8679944.6007540468, "class_name": "Muy Alto", "index": "NDVI", "min_value": null, "max_value": null }, "geometry": { "type": "Polygon", "coordinates": [ [ [ -88.878817890440118, 14.086150988559965 ], [ -88.851868555190393, 14.086150988559972 ], [ -88.851868555190393, 14.072676320935102 ], [ -88.838393887565516, 14.072676320935102 ], [ -88.838393887565516, 14.059201653310234 ], [ -88.865343222815255, 14.059201653310238 ], [ -88.865343222815255, 14.072676320935102 ], [ -88.878817890440118, 14.072676320935102 ], [ -88.878817890440118, 14.086150988559965 ] ] ] } },
{ "type": "Feature", "properties": { "class_id": 5, "area_m2": 2169739.5579928714, "class_name": "Muy Alto", "index": "NDVI", "min_value": null, "max_value": null }, "geometry": { "type": "Polygon", "coordinates": [ [ [ -88.784495217066066, 14.086150988559963 ], [ -88.771020549441189, 14.086150988559968 ], [ -88.771020549441189, 14.072676320935102 ], [ -88.784495217066066, 14.072676320935102 ], [ -88.784495217066066, 14.086150988559963 ] ] ] } },
{ "type": "Feature", "properties": { "class_id": 5, "area_m2": 4339176.1472164178, "class_name": "Muy Alto", "index": "NDVI", "min_value": null, "max_value": null }, "geometry": { "type": "Polygon", "coordinates": [ [ [ -88.730596546566602, 14.072676320935102 ], [ -88.744071214191464, 14.072676320935106 ], [ -88.744071214191464, 14.099625656184834 ], [ -88.730596546566602, 14.099625656184834 ], [ -88.730596546566602, 14.072676320935102 ] ] ] } },
{ "type": "Feature", "properties": { "class_id": 5, "area_m2": 2169705.4867704143, "class_name": "Muy Alto", "index": "NDVI", "min_value": null, "max_value": null }, "geometry": { "type": "Polygon", "coordinates": [ [ [ -88.811444552315791, 14.086150988559966 ], [ -88.824919219940654, 14.086150988559972 ], [ -88.824919219940654, 14.099625656184829 ], [ -88.811444552315791, 14.099625656184834 ], [ -88.811444552315791, 14.086150988559966 ] ] ] } },
{ "type": "Feature", "properties": { "class_id": 5, "area_m2": 2169673.3158143903, "class_name": "Muy Alto", "index": "NDVI", "min_value": null, "max_value": null }, "geometry": { "type": "Polygon", "coordinates": [ [ [ -88.851868555190393, 14.099625656184838 ], [ -88.865343222815255, 14.099625656184831 ], [ -88.865343222815255, 14.113100323809698 ], [ -88.851868555190393, 14.113100323809697 ], [ -88.851868555190393, 14.099625656184838 ] ] ] } },
{ "type": "Feature", "properties": { "class_id": 5, "area_m2": 2169579.4553017677, "class_name": "Muy Alto", "index": "NDVI", "min_value": null, "max_value": null }, "geometry": { "type": "Polygon", "coordinates": [ [ [ -88.878817890440118, 14.126574991434564 ], [ -88.865343222815255, 14.126574991434564 ], [ -88.865343222815255, 14.113100323809698 ], [ -88.878817890440118, 14.113100323809698 ], [ -88.878817890440118, 14.126574991434564 ] ] ] } },
{ "type": "Feature", "properties": { "class_id": 5, "area_m2": 2169392.0308381133, "class_name": "Muy Alto", "index": "NDVI", "min_value": null, "max_value": null }, "geometry": { "type": "Polygon", "coordinates": [ [ [ -88.905767225689843, 14.153524326684291 ], [ -88.89229255806498, 14.153524326684288 ], [ -88.89229255806498, 14.140049659059423 ], [ -88.905767225689843, 14.140049659059425 ], [ -88.905767225689843, 14.153524326684291 ] ] ] } }
]
}
