{
"type": "FeatureCollection",
"name": "anomaly_2026_Q1_May_Jul_NMDI",
"crs": { "type": "name", "properties": { "name": "urn:ogc:def:crs:OGC:1.3:CRS84" } },
"features": [
{ "type": "Feature", "properties": { "class_id": 1, "area_m2": 102313273.07583095, "class_name": "Muy bajo", "index": "NMDI", "min_value": null, "max_value": null }, "geometry": { "type": "Polygon", "coordinates": [ [ [ -89.566025939308247, 13.547164283565357 ], [ -89.579500606933109, 13.54716428356536 ], [ -89.579500606933109, 13.533689615940494 ], [ -89.606449942182834, 13.533689615940492 ], [ -89.606449942182834, 13.520214948315623 ], [ -89.646873945057436, 13.520214948315626 ], [ -89.646873945057436, 13.547164283565358 ], [ -89.660348612682313, 13.547164283565353 ], [ -89.660348612682313, 13.533689615940492 ], [ -89.741196618431488, 13.533689615940492 ], [ -89.741196618431488, 13.547164283565351 ], [ -89.714247283181763, 13.547164283565357 ], [ -89.714247283181763, 13.560638951190223 ], [ -89.687297947932038, 13.560638951190219 ], [ -89.687297947932038, 13.587588286439949 ], [ -89.673823280307161, 13.587588286439956 ], [ -89.673823280307161, 13.601062954064819 ], [ -89.646873945057436, 13.601062954064821 ], [ -89.646873945057436, 13.587588286439953 ], [ -89.619924609807711, 13.587588286439953 ], [ -89.619924609807711, 13.574113618815087 ], [ -89.606449942182834, 13.574113618815087 ], [ -89.606449942182834, 13.560638951190221 ], [ -89.539076604058522, 13.560638951190215 ], [ -89.539076604058522, 13.547164283565358 ], [ -89.49865260118392, 13.547164283565358 ], [ -89.49865260118392, 13.533689615940492 ], [ -89.539076604058522, 13.533689615940492 ], [ -89.539076604058522, 13.520214948315623 ], [ -89.566025939308247, 13.520214948315626 ], [ -89.566025939308247, 13.547164283565357 ] ] ] } },
{ "type": "Feature", "properties": { "class_id": 1, "area_m2": 2176457.2249125987, "class_name": "Muy bajo", "index": "NMDI", "min_value": null, "max_value": null }, "geometry": { "type": "Polygon", "coordinates": [ [ [ -89.673823280307161, 13.61453762168968 ], [ -89.687297947932038, 13.614537621689685 ], [ -89.687297947932038, 13.628012289314546 ], [ -89.673823280307161, 13.628012289314549 ], [ -89.673823280307161, 13.61453762168968 ] ] ] } },
{ "type": "Feature", "properties": { "class_id": 1, "area_m2": 2176245.121068886, "class_name": "Muy bajo", "index": "NMDI", "min_value": null, "max_value": null }, "geometry": { "type": "Polygon", "coordinates": [ [ [ -89.646873945057436, 13.628012289314546 ], [ -89.660348612682313, 13.628012289314549 ], [ -89.660348612682313, 13.641486956939413 ], [ -89.646873945057436, 13.641486956939415 ], [ -89.646873945057436, 13.628012289314546 ] ] ] } },
{ "type": "Feature", "properties": { "class_id": 1, "area_m2": 2176899.7323651719, "class_name": "Muy bajo", "index": "NMDI", "min_value": null, "max_value": null }, "geometry": { "type": "Polygon", "coordinates": [ [ [ -89.916367297554743, 13.668436292189146 ], [ -89.902892629929894, 13.66843629218914 ], [ -89.902892629929894, 13.654961624564283 ], [ -89.916367297554743, 13.654961624564276 ], [ -89.916367297554743, 13.668436292189146 ] ] ] } },
{ "type": "Feature", "properties": { "class_id": 1, "area_m2": 2176877.100180272, "class_name": "Muy bajo", "index": "NMDI", "min_value": null, "max_value": null }, "geometry": { "type": "Polygon", "coordinates": [ [ [ -89.943316632804468, 13.681910959814008 ], [ -89.929841965179605, 13.68191095981401 ], [ -89.929841965179605, 13.66843629218914 ], [ -89.943316632804468, 13.668436292189146 ], [ -89.943316632804468, 13.681910959814008 ] ] ] } },
{ "type": "Feature", "properties": { "class_id": 1, "area_m2": 6527130.4666694906, "class_name": "Muy bajo", "index": "NMDI", "min_value": null, "max_value": null }, "geometry": { "type": "Polygon", "coordinates": [ [ [ -89.606449942182834, 13.681910959814008 ], [ -89.619924609807711, 13.68191095981401 ], [ -89.619924609807711, 13.66843629218914 ], [ -89.633399277432574, 13.668436292189146 ], [ -89.633399277432574, 13.695385627438874 ], [ -89.606449942182834, 13.695385627438874 ], [ -89.606449942182834, 13.681910959814008 ] ] ] } },
{ "type": "Feature", "properties": { "class_id": 1, "area_m2": 2176125.908271051, "class_name": "Muy bajo", "index": "NMDI", "min_value": null, "max_value": null }, "geometry": { "type": "Polygon", "coordinates": [ [ [ -89.754671286056364, 13.681910959814006 ], [ -89.768145953681227, 13.68191095981401 ], [ -89.768145953681227, 13.695385627438874 ], [ -89.754671286056364, 13.695385627438876 ], [ -89.754671286056364, 13.681910959814006 ] ] ] } },
{ "type": "Feature", "properties": { "class_id": 1, "area_m2": 2176805.0028767544, "class_name": "Muy bajo", "index": "NMDI", "min_value": null, "max_value": null }, "geometry": { "type": "Polygon", "coordinates": [ [ [ -89.943316632804468, 13.681910959814008 ], [ -89.95679130042933, 13.681910959814013 ], [ -89.95679130042933, 13.695385627438879 ], [ -89.943316632804468, 13.695385627438872 ], [ -89.943316632804468, 13.681910959814008 ] ] ] } },
{ "type": "Feature", "properties": { "class_id": 1, "area_m2": 13060029.02556677, "class_name": "Muy bajo", "index": "NMDI", "min_value": null, "max_value": null }, "geometry": { "type": "Polygon", "coordinates": [ [ [ -89.929841965179605, 13.708860295063738 ], [ -89.862468627055279, 13.708860295063737 ], [ -89.862468627055279, 13.695385627438874 ], [ -89.902892629929894, 13.695385627438876 ], [ -89.902892629929894, 13.681910959814008 ], [ -89.916367297554743, 13.681910959814006 ], [ -89.916367297554743, 13.695385627438876 ], [ -89.929841965179605, 13.695385627438874 ], [ -89.929841965179605, 13.708860295063738 ] ] ] } },
{ "type": "Feature", "properties": { "class_id": 1, "area_m2": 2176610.6452716249, "class_name": "Muy bajo", "index": "NMDI", "min_value": null, "max_value": null }, "geometry": { "type": "Polygon", "coordinates": [ [ [ -89.970265968054207, 13.722334962688606 ], [ -89.95679130042933, 13.722334962688604 ], [ -89.95679130042933, 13.70886029506374 ], [ -89.970265968054207, 13.708860295063745 ], [ -89.970265968054207, 13.722334962688606 ] ] ] } },
{ "type": "Feature", "properties": { "class_id": 1, "area_m2": 2176538.6104190736, "class_name": "Muy bajo", "index": "NMDI", "min_value": null, "max_value": null }, "geometry": { "type": "Polygon", "coordinates": [ [ [ -89.970265968054207, 13.722334962688606 ], [ -89.983740635679069, 13.722334962688603 ], [ -89.983740635679069, 13.735809630313467 ], [ -89.970265968054207, 13.735809630313472 ], [ -89.970265968054207, 13.722334962688606 ] ] ] } },
{ "type": "Feature", "properties": { "class_id": 1, "area_m2": 2176950.4137807107, "class_name": "Muy bajo", "index": "NMDI", "min_value": null, "max_value": null }, "geometry": { "type": "Polygon", "coordinates": [ [ [ -90.078063309053121, 13.722334962688604 ], [ -90.091537976677984, 13.722334962688606 ], [ -90.091537976677984, 13.735809630313469 ], [ -90.078063309053121, 13.735809630313472 ], [ -90.078063309053121, 13.722334962688604 ] ] ] } },
{ "type": "Feature", "properties": { "class_id": 1, "area_m2": 36991387.980541706, "class_name": "Muy bajo", "index": "NMDI", "min_value": null, "max_value": null }, "geometry": { "type": "Polygon", "coordinates": [ [ [ -89.889417962305018, 13.722334962688606 ], [ -89.902892629929894, 13.72233496268861 ], [ -89.902892629929894, 13.749284297938337 ], [ -89.916367297554743, 13.749284297938337 ], [ -89.916367297554743, 13.762758965563201 ], [ -89.929841965179605, 13.762758965563201 ], [ -89.929841965179605, 13.789708300812933 ], [ -89.902892629929894, 13.789708300812929 ], [ -89.902892629929894, 13.776233633188065 ], [ -89.862468627055279, 13.776233633188069 ], [ -89.862468627055279, 13.749284297938337 ], [ -89.835519291805554, 13.749284297938337 ], [ -89.835519291805554, 13.722334962688606 ], [ -89.848993959430416, 13.722334962688606 ], [ -89.848993959430416, 13.735809630313465 ], [ -89.889417962305018, 13.735809630313469 ], [ -89.889417962305018, 13.722334962688606 ] ], [ [ -89.889417962305018, 13.749284297938337 ], [ -89.889417962305018, 13.762758965563197 ], [ -89.902892629929894, 13.762758965563197 ], [ -89.902892629929894, 13.749284297938337 ], [ -89.889417962305018, 13.749284297938337 ] ] ] } },
{ "type": "Feature", "properties": { "class_id": 1, "area_m2": 2176192.6785696647, "class_name": "Muy bajo", "index": "NMDI", "min_value": null, "max_value": null }, "geometry": { "type": "Polygon", "coordinates": [ [ [ -89.95679130042933, 13.762758965563199 ], [ -89.943316632804468, 13.762758965563203 ], [ -89.943316632804468, 13.749284297938337 ], [ -89.95679130042933, 13.749284297938337 ], [ -89.95679130042933, 13.762758965563199 ] ] ] } },
{ "type": "Feature", "properties": { "class_id": 1, "area_m2": 2176497.2787934807, "class_name": "Muy bajo", "index": "NMDI", "min_value": null, "max_value": null }, "geometry": { "type": "Polygon", "coordinates": [ [ [ -90.037639306178534, 13.762758965563203 ], [ -90.024164638553657, 13.762758965563194 ], [ -90.024164638553657, 13.749284297938337 ], [ -90.037639306178534, 13.749284297938337 ], [ -90.037639306178534, 13.762758965563203 ] ] ] } },
{ "type": "Feature", "properties": { "class_id": 1, "area_m2": 8704580.7581344806, "class_name": "Muy bajo", "index": "NMDI", "min_value": null, "max_value": null }, "geometry": { "type": "Polygon", "coordinates": [ [ [ -89.970265968054207, 13.749284297938337 ], [ -89.983740635679069, 13.749284297938335 ], [ -89.983740635679069, 13.776233633188061 ], [ -89.970265968054207, 13.776233633188063 ], [ -89.970265968054207, 13.789708300812936 ], [ -89.95679130042933, 13.789708300812933 ], [ -89.95679130042933, 13.762758965563199 ], [ -89.970265968054207, 13.762758965563203 ], [ -89.970265968054207, 13.749284297938337 ] ] ] } },
{ "type": "Feature", "properties": { "class_id": 1, "area_m2": 4352247.1783453431, "class_name": "Muy bajo", "index": "NMDI", "min_value": null, "max_value": null }, "geometry": { "type": "Polygon", "coordinates": [ [ [ -90.010689970928794, 13.789708300812931 ], [ -89.983740635679069, 13.789708300812933 ], [ -89.983740635679069, 13.776233633188061 ], [ -90.010689970928794, 13.77623363318806 ], [ -90.010689970928794, 13.789708300812931 ] ] ] } },
{ "type": "Feature", "properties": { "class_id": 1, "area_m2": 10872895.891555987, "class_name": "Muy bajo", "index": "NMDI", "min_value": null, "max_value": null }, "geometry": { "type": "Polygon", "coordinates": [ [ [ -89.687297947932038, 13.85708163893726 ], [ -89.673823280307161, 13.85708163893726 ], [ -89.673823280307161, 13.803182968437797 ], [ -89.687297947932038, 13.803182968437797 ], [ -89.687297947932038, 13.83013230368752 ], [ -89.7007726155569, 13.830132303687522 ], [ -89.7007726155569, 13.843606971312393 ], [ -89.687297947932038, 13.84360697131239 ], [ -89.687297947932038, 13.85708163893726 ] ] ] } },
{ "type": "Feature", "properties": { "class_id": 1, "area_m2": 2174606.081792824, "class_name": "Muy bajo", "index": "NMDI", "min_value": null, "max_value": null }, "geometry": { "type": "Polygon", "coordinates": [ [ [ -89.741196618431488, 13.84360697131239 ], [ -89.754671286056364, 13.84360697131239 ], [ -89.754671286056364, 13.857081638937258 ], [ -89.741196618431488, 13.85708163893726 ], [ -89.741196618431488, 13.84360697131239 ] ] ] } },
{ "type": "Feature", "properties": { "class_id": 1, "area_m2": 2175083.2511366955, "class_name": "Muy bajo", "index": "NMDI", "min_value": null, "max_value": null }, "geometry": { "type": "Polygon", "coordinates": [ [ [ -89.889417962305018, 13.85708163893726 ], [ -89.875943294680141, 13.857081638937258 ], [ -89.875943294680141, 13.84360697131239 ], [ -89.889417962305018, 13.84360697131239 ], [ -89.889417962305018, 13.85708163893726 ] ] ] } },
{ "type": "Feature", "properties": { "class_id": 1, "area_m2": 6522727.0648494819, "class_name": "Muy bajo", "index": "NMDI", "min_value": null, "max_value": null }, "geometry": { "type": "Polygon", "coordinates": [ [ [ -89.660348612682313, 13.85708163893726 ], [ -89.673823280307161, 13.85708163893726 ], [ -89.673823280307161, 13.870556306562124 ], [ -89.646873945057436, 13.870556306562124 ], [ -89.646873945057436, 13.843606971312393 ], [ -89.660348612682313, 13.84360697131239 ], [ -89.660348612682313, 13.85708163893726 ] ] ] } },
{ "type": "Feature", "properties": { "class_id": 1, "area_m2": 2174298.1547935773, "class_name": "Muy bajo", "index": "NMDI", "min_value": null, "max_value": null }, "geometry": { "type": "Polygon", "coordinates": [ [ [ -89.687297947932038, 13.85708163893726 ], [ -89.7007726155569, 13.857081638937261 ], [ -89.7007726155569, 13.870556306562127 ], [ -89.687297947932038, 13.870556306562117 ], [ -89.687297947932038, 13.85708163893726 ] ] ] } },
{ "type": "Feature", "properties": { "class_id": 1, "area_m2": 4350289.7835028814, "class_name": "Muy bajo", "index": "NMDI", "min_value": null, "max_value": null }, "geometry": { "type": "Polygon", "coordinates": [ [ [ -89.943316632804468, 13.857081638937261 ], [ -89.95679130042933, 13.85708163893726 ], [ -89.95679130042933, 13.884030974186986 ], [ -89.943316632804468, 13.884030974186986 ], [ -89.943316632804468, 13.857081638937261 ] ] ] } },
{ "type": "Feature", "properties": { "class_id": 1, "area_m2": 2175284.8689827742, "class_name": "Muy bajo", "index": "NMDI", "min_value": null, "max_value": null }, "geometry": { "type": "Polygon", "coordinates": [ [ [ -89.997215303303932, 13.870556306562124 ], [ -90.010689970928794, 13.870556306562122 ], [ -90.010689970928794, 13.884030974186985 ], [ -89.997215303303932, 13.88403097418699 ], [ -89.997215303303932, 13.870556306562124 ] ] ] } },
{ "type": "Feature", "properties": { "class_id": 1, "area_m2": 2175438.6561413403, "class_name": "Muy bajo", "index": "NMDI", "min_value": null, "max_value": null }, "geometry": { "type": "Polygon", "coordinates": [ [ [ -90.051113973803396, 13.884030974186985 ], [ -90.037639306178534, 13.88403097418699 ], [ -90.037639306178534, 13.870556306562124 ], [ -90.051113973803396, 13.870556306562122 ], [ -90.051113973803396, 13.884030974186985 ] ] ] } },
{ "type": "Feature", "properties": { "class_id": 1, "area_m2": 6523164.5028752768, "class_name": "Muy bajo", "index": "NMDI", "min_value": null, "max_value": null }, "geometry": { "type": "Polygon", "coordinates": [ [ [ -89.808569956555814, 13.884030974186981 ], [ -89.822044624180691, 13.884030974186983 ], [ -89.822044624180691, 13.91098030943672 ], [ -89.795095288930952, 13.91098030943672 ], [ -89.795095288930952, 13.897505641811852 ], [ -89.808569956555814, 13.897505641811854 ], [ -89.808569956555814, 13.884030974186981 ] ] ] } },
{ "type": "Feature", "properties": { "class_id": 1, "area_m2": 2174157.9336361294, "class_name": "Muy bajo", "index": "NMDI", "min_value": null, "max_value": null }, "geometry": { "type": "Polygon", "coordinates": [ [ [ -89.754671286056364, 13.897505641811854 ], [ -89.768145953681227, 13.897505641811851 ], [ -89.768145953681227, 13.91098030943672 ], [ -89.754671286056364, 13.91098030943672 ], [ -89.754671286056364, 13.897505641811854 ] ] ] } },
{ "type": "Feature", "properties": { "class_id": 1, "area_m2": 2174270.5854919115, "class_name": "Muy bajo", "index": "NMDI", "min_value": null, "max_value": null }, "geometry": { "type": "Polygon", "coordinates": [ [ [ -89.835519291805554, 13.924454977061579 ], [ -89.822044624180691, 13.924454977061577 ], [ -89.822044624180691, 13.91098030943672 ], [ -89.835519291805554, 13.91098030943672 ], [ -89.835519291805554, 13.924454977061579 ] ] ] } },
{ "type": "Feature", "properties": { "class_id": 1, "area_m2": 2174366.854348843, "class_name": "Muy bajo", "index": "NMDI", "min_value": null, "max_value": null }, "geometry": { "type": "Polygon", "coordinates": [ [ [ -89.862468627055279, 13.924454977061584 ], [ -89.848993959430416, 13.924454977061583 ], [ -89.848993959430416, 13.91098030943672 ], [ -89.862468627055279, 13.910980309436724 ], [ -89.862468627055279, 13.924454977061584 ] ] ] } },
{ "type": "Feature", "properties": { "class_id": 1, "area_m2": 2173498.3556918348, "class_name": "Muy bajo", "index": "NMDI", "min_value": null, "max_value": null }, "geometry": { "type": "Polygon", "coordinates": [ [ [ -89.633399277432574, 13.924454977061584 ], [ -89.646873945057436, 13.924454977061584 ], [ -89.646873945057436, 13.93792964468645 ], [ -89.633399277432574, 13.937929644686454 ], [ -89.633399277432574, 13.924454977061584 ] ] ] } },
{ "type": "Feature", "properties": { "class_id": 1, "area_m2": 2174194.4338430245, "class_name": "Muy bajo", "index": "NMDI", "min_value": null, "max_value": null }, "geometry": { "type": "Polygon", "coordinates": [ [ [ -89.848993959430416, 13.93792964468645 ], [ -89.835519291805554, 13.93792964468645 ], [ -89.835519291805554, 13.924454977061579 ], [ -89.848993959430416, 13.924454977061583 ], [ -89.848993959430416, 13.93792964468645 ] ] ] } },
{ "type": "Feature", "properties": { "class_id": 1, "area_m2": 4348285.2652943414, "class_name": "Muy bajo", "index": "NMDI", "min_value": null, "max_value": null }, "geometry": { "type": "Polygon", "coordinates": [ [ [ -89.848993959430416, 13.93792964468645 ], [ -89.875943294680141, 13.937929644686445 ], [ -89.875943294680141, 13.951404312311309 ], [ -89.848993959430416, 13.951404312311311 ], [ -89.848993959430416, 13.93792964468645 ] ] ] } },
{ "type": "Feature", "properties": { "class_id": 1, "area_m2": 2173116.0121862879, "class_name": "Muy bajo", "index": "NMDI", "min_value": null, "max_value": null }, "geometry": { "type": "Polygon", "coordinates": [ [ [ -89.741196618431488, 14.005302982810772 ], [ -89.754671286056364, 14.005302982810772 ], [ -89.754671286056364, 14.018777650435645 ], [ -89.741196618431488, 14.018777650435641 ], [ -89.741196618431488, 14.005302982810772 ] ] ] } },
{ "type": "Feature", "properties": { "class_id": 1, "area_m2": 2172376.5934331706, "class_name": "Muy bajo", "index": "NMDI", "min_value": null, "max_value": null }, "geometry": { "type": "Polygon", "coordinates": [ [ [ -89.633399277432574, 14.045726985685368 ], [ -89.646873945057436, 14.045726985685366 ], [ -89.646873945057436, 14.059201653310234 ], [ -89.633399277432574, 14.059201653310234 ], [ -89.633399277432574, 14.045726985685368 ] ] ] } },
{ "type": "Feature", "properties": { "class_id": 1, "area_m2": 4342861.9411699688, "class_name": "Muy bajo", "index": "NMDI", "min_value": null, "max_value": null }, "geometry": { "type": "Polygon", "coordinates": [ [ [ -89.606449942182834, 14.140049659059427 ], [ -89.633399277432574, 14.140049659059423 ], [ -89.633399277432574, 14.153524326684295 ], [ -89.606449942182834, 14.153524326684291 ], [ -89.606449942182834, 14.140049659059427 ] ] ] } },
{ "type": "Feature", "properties": { "class_id": 1, "area_m2": 2176568.9069592133, "class_name": "Muy bajo", "index": "NMDI", "min_value": null, "max_value": null }, "geometry": { "type": "Polygon", "coordinates": [ [ [ -89.215684581061751, 13.452841610191301 ], [ -89.202209913436889, 13.452841610191301 ], [ -89.202209913436889, 13.439366942566432 ], [ -89.215684581061751, 13.439366942566435 ], [ -89.215684581061751, 13.452841610191301 ] ] ] } },
{ "type": "Feature", "properties": { "class_id": 1, "area_m2": 4353994.10364471, "class_name": "Muy bajo", "index": "NMDI", "min_value": null, "max_value": null }, "geometry": { "type": "Polygon", "coordinates": [ [ [ -89.539076604058522, 13.520214948315623 ], [ -89.525601936433645, 13.520214948315626 ], [ -89.525601936433645, 13.493265613065901 ], [ -89.539076604058522, 13.493265613065899 ], [ -89.539076604058522, 13.520214948315623 ] ] ] } },
{ "type": "Feature", "properties": { "class_id": 1, "area_m2": 2175963.2777501792, "class_name": "Muy bajo", "index": "NMDI", "min_value": null, "max_value": null }, "geometry": { "type": "Polygon", "coordinates": [ [ [ -89.485177933559058, 13.601062954064819 ], [ -89.49865260118392, 13.601062954064815 ], [ -89.49865260118392, 13.614537621689681 ], [ -89.485177933559058, 13.61453762168968 ], [ -89.485177933559058, 13.601062954064819 ] ] ] } },
{ "type": "Feature", "properties": { "class_id": 1, "area_m2": 4351076.6864091, "class_name": "Muy bajo", "index": "NMDI", "min_value": null, "max_value": null }, "geometry": { "type": "Polygon", "coordinates": [ [ [ -89.49865260118392, 13.668436292189146 ], [ -89.485177933559058, 13.66843629218914 ], [ -89.485177933559058, 13.641486956939413 ], [ -89.49865260118392, 13.641486956939415 ], [ -89.49865260118392, 13.668436292189146 ] ] ] } },
{ "type": "Feature", "properties": { "class_id": 1, "area_m2": 2175310.1679201475, "class_name": "Muy bajo", "index": "NMDI", "min_value": null, "max_value": null }, "geometry": { "type": "Polygon", "coordinates": [ [ [ -89.444753930684456, 13.668436292189138 ], [ -89.431279263059594, 13.668436292189146 ], [ -89.431279263059594, 13.65496162456428 ], [ -89.444753930684456, 13.654961624564278 ], [ -89.444753930684456, 13.668436292189138 ] ] ] } },
{ "type": "Feature", "properties": { "class_id": 1, "area_m2": 2175393.4099745369, "class_name": "Muy bajo", "index": "NMDI", "min_value": null, "max_value": null }, "geometry": { "type": "Polygon", "coordinates": [ [ [ -89.458228598309319, 13.65496162456428 ], [ -89.471703265934181, 13.654961624564274 ], [ -89.471703265934181, 13.66843629218914 ], [ -89.458228598309319, 13.668436292189144 ], [ -89.458228598309319, 13.65496162456428 ] ] ] } },
{ "type": "Feature", "properties": { "class_id": 1, "area_m2": 4351524.9831348853, "class_name": "Muy bajo", "index": "NMDI", "min_value": null, "max_value": null }, "geometry": { "type": "Polygon", "coordinates": [ [ [ -89.606449942182834, 13.681910959814008 ], [ -89.592975274557972, 13.681910959814013 ], [ -89.592975274557972, 13.65496162456428 ], [ -89.606449942182834, 13.65496162456428 ], [ -89.606449942182834, 13.681910959814008 ] ] ] } },
{ "type": "Feature", "properties": { "class_id": 1, "area_m2": 8696317.1070238929, "class_name": "Muy bajo", "index": "NMDI", "min_value": null, "max_value": null }, "geometry": { "type": "Polygon", "coordinates": [ [ [ -89.269583251561215, 13.762758965563195 ], [ -89.256108583936339, 13.762758965563199 ], [ -89.256108583936339, 13.735809630313467 ], [ -89.269583251561215, 13.735809630313465 ], [ -89.269583251561215, 13.722334962688604 ], [ -89.283057919186078, 13.722334962688603 ], [ -89.283057919186078, 13.74928429793834 ], [ -89.269583251561215, 13.749284297938337 ], [ -89.269583251561215, 13.762758965563195 ] ] ] } },
{ "type": "Feature", "properties": { "class_id": 1, "area_m2": 2173887.3974427413, "class_name": "Muy bajo", "index": "NMDI", "min_value": null, "max_value": null }, "geometry": { "type": "Polygon", "coordinates": [ [ [ -89.323481922060665, 13.776233633188063 ], [ -89.336956589685542, 13.776233633188067 ], [ -89.336956589685542, 13.789708300812935 ], [ -89.323481922060665, 13.789708300812933 ], [ -89.323481922060665, 13.776233633188063 ] ] ] } },
{ "type": "Feature", "properties": { "class_id": 1, "area_m2": 2174259.8544587665, "class_name": "Muy bajo", "index": "NMDI", "min_value": null, "max_value": null }, "geometry": { "type": "Polygon", "coordinates": [ [ [ -89.525601936433645, 13.803182968437797 ], [ -89.539076604058522, 13.803182968437797 ], [ -89.539076604058522, 13.816657636062661 ], [ -89.525601936433645, 13.81665763606266 ], [ -89.525601936433645, 13.803182968437797 ] ] ] } },
{ "type": "Feature", "properties": { "class_id": 1, "area_m2": 19560027.231537569, "class_name": "Muy bajo", "index": "NMDI", "min_value": null, "max_value": null }, "geometry": { "type": "Polygon", "coordinates": [ [ [ -89.269583251561215, 13.803182968437794 ], [ -89.29653258681094, 13.803182968437797 ], [ -89.29653258681094, 13.830132303687522 ], [ -89.323481922060665, 13.830132303687522 ], [ -89.323481922060665, 13.843606971312392 ], [ -89.310007254435803, 13.843606971312393 ], [ -89.310007254435803, 13.85708163893726 ], [ -89.283057919186078, 13.85708163893726 ], [ -89.283057919186078, 13.830132303687522 ], [ -89.269583251561215, 13.83013230368752 ], [ -89.269583251561215, 13.803182968437794 ] ] ] } },
{ "type": "Feature", "properties": { "class_id": 1, "area_m2": 126089259.7223433, "class_name": "Muy bajo", "index": "NMDI", "min_value": null, "max_value": null }, "geometry": { "type": "Polygon", "coordinates": [ [ [ -89.633399277432574, 13.870556306562124 ], [ -89.633399277432574, 13.897505641811854 ], [ -89.606449942182834, 13.897505641811852 ], [ -89.606449942182834, 13.870556306562124 ], [ -89.592975274557972, 13.870556306562127 ], [ -89.592975274557972, 13.91098030943672 ], [ -89.606449942182834, 13.91098030943672 ], [ -89.606449942182834, 13.924454977061584 ], [ -89.579500606933109, 13.924454977061581 ], [ -89.579500606933109, 13.910980309436724 ], [ -89.566025939308247, 13.910980309436727 ], [ -89.566025939308247, 13.924454977061583 ], [ -89.539076604058522, 13.924454977061583 ], [ -89.539076604058522, 13.910980309436722 ], [ -89.552551271683384, 13.91098030943672 ], [ -89.552551271683384, 13.897505641811852 ], [ -89.525601936433645, 13.897505641811854 ], [ -89.525601936433645, 13.87055630656212 ], [ -89.512127268808783, 13.870556306562124 ], [ -89.512127268808783, 13.857081638937261 ], [ -89.49865260118392, 13.857081638937258 ], [ -89.49865260118392, 13.843606971312392 ], [ -89.458228598309319, 13.843606971312393 ], [ -89.458228598309319, 13.830132303687524 ], [ -89.49865260118392, 13.830132303687527 ], [ -89.49865260118392, 13.816657636062663 ], [ -89.512127268808783, 13.816657636062667 ], [ -89.512127268808783, 13.830132303687524 ], [ -89.539076604058522, 13.830132303687524 ], [ -89.539076604058522, 13.84360697131239 ], [ -89.552551271683384, 13.84360697131239 ], [ -89.552551271683384, 13.830132303687524 ], [ -89.566025939308247, 13.830132303687527 ], [ -89.566025939308247, 13.816657636062663 ], [ -89.552551271683384, 13.81665763606266 ], [ -89.552551271683384, 13.803182968437797 ], [ -89.592975274557972, 13.803182968437797 ], [ -89.592975274557972, 13.81665763606266 ], [ -89.606449942182834, 13.81665763606266 ], [ -89.606449942182834, 13.803182968437797 ], [ -89.646873945057436, 13.803182968437797 ], [ -89.646873945057436, 13.816657636062663 ], [ -89.633399277432574, 13.816657636062663 ], [ -89.633399277432574, 13.857081638937256 ], [ -89.619924609807711, 13.857081638937258 ], [ -89.619924609807711, 13.870556306562122 ], [ -89.633399277432574, 13.870556306562124 ] ], [ [ -89.579500606933109, 13.897505641811851 ], [ -89.579500606933109, 13.884030974186985 ], [ -89.552551271683384, 13.884030974186985 ], [ -89.552551271683384, 13.897505641811852 ], [ -89.579500606933109, 13.897505641811851 ] ], [ [ -89.552551271683384, 13.85708163893726 ], [ -89.566025939308247, 13.857081638937261 ], [ -89.566025939308247, 13.870556306562127 ], [ -89.579500606933109, 13.870556306562124 ], [ -89.579500606933109, 13.84360697131239 ], [ -89.552551271683384, 13.84360697131239 ], [ -89.552551271683384, 13.85708163893726 ] ] ] } },
{ "type": "Feature", "properties": { "class_id": 1, "area_m2": 97785885.34812288, "class_name": "Muy bajo", "index": "NMDI", "min_value": null, "max_value": null }, "geometry": { "type": "Polygon", "coordinates": [ [ [ -89.404329927809869, 13.951404312311315 ], [ -89.404329927809869, 13.964878979936183 ], [ -89.390855260184992, 13.964878979936181 ], [ -89.390855260184992, 13.951404312311311 ], [ -89.377380592560129, 13.951404312311311 ], [ -89.377380592560129, 13.937929644686447 ], [ -89.404329927809869, 13.937929644686449 ], [ -89.404329927809869, 13.924454977061584 ], [ -89.377380592560129, 13.924454977061588 ], [ -89.377380592560129, 13.91098030943672 ], [ -89.363905924935267, 13.910980309436717 ], [ -89.363905924935267, 13.897505641811854 ], [ -89.377380592560129, 13.897505641811852 ], [ -89.377380592560129, 13.884030974186986 ], [ -89.431279263059594, 13.884030974186986 ], [ -89.431279263059594, 13.870556306562129 ], [ -89.444753930684456, 13.870556306562124 ], [ -89.444753930684456, 13.85708163893726 ], [ -89.49865260118392, 13.857081638937258 ], [ -89.49865260118392, 13.87055630656212 ], [ -89.512127268808783, 13.870556306562124 ], [ -89.512127268808783, 13.88403097418699 ], [ -89.485177933559058, 13.884030974186983 ], [ -89.485177933559058, 13.870556306562122 ], [ -89.471703265934181, 13.87055630656212 ], [ -89.471703265934181, 13.897505641811852 ], [ -89.485177933559058, 13.897505641811851 ], [ -89.485177933559058, 13.91098030943672 ], [ -89.471703265934181, 13.91098030943672 ], [ -89.471703265934181, 13.937929644686449 ], [ -89.444753930684456, 13.93792964468645 ], [ -89.444753930684456, 13.951404312311315 ], [ -89.458228598309319, 13.951404312311308 ], [ -89.458228598309319, 13.964878979936181 ], [ -89.417804595434731, 13.964878979936181 ], [ -89.417804595434731, 13.951404312311315 ], [ -89.404329927809869, 13.951404312311315 ] ], [ [ -89.417804595434731, 13.910980309436718 ], [ -89.417804595434731, 13.897505641811852 ], [ -89.404329927809869, 13.897505641811854 ], [ -89.404329927809869, 13.910980309436722 ], [ -89.417804595434731, 13.910980309436718 ] ] ] } },
{ "type": "Feature", "properties": { "class_id": 1, "area_m2": 13034439.977527699, "class_name": "Muy bajo", "index": "NMDI", "min_value": null, "max_value": null }, "geometry": { "type": "Polygon", "coordinates": [ [ [ -89.29653258681094, 13.937929644686445 ], [ -89.310007254435803, 13.93792964468645 ], [ -89.310007254435803, 13.951404312311315 ], [ -89.269583251561215, 13.951404312311308 ], [ -89.269583251561215, 13.91098030943672 ], [ -89.283057919186078, 13.91098030943672 ], [ -89.283057919186078, 13.924454977061583 ], [ -89.29653258681094, 13.924454977061584 ], [ -89.29653258681094, 13.937929644686445 ] ] ] } },
{ "type": "Feature", "properties": { "class_id": 1, "area_m2": 6516592.7933789436, "class_name": "Muy bajo", "index": "NMDI", "min_value": null, "max_value": null }, "geometry": { "type": "Polygon", "coordinates": [ [ [ -89.323481922060665, 13.964878979936181 ], [ -89.336956589685542, 13.964878979936183 ], [ -89.336956589685542, 13.978353647561043 ], [ -89.310007254435803, 13.978353647561045 ], [ -89.310007254435803, 13.951404312311315 ], [ -89.323481922060665, 13.951404312311315 ], [ -89.323481922060665, 13.964878979936181 ] ] ] } },
{ "type": "Feature", "properties": { "class_id": 1, "area_m2": 2172359.1065257513, "class_name": "Muy bajo", "index": "NMDI", "min_value": null, "max_value": null }, "geometry": { "type": "Polygon", "coordinates": [ [ [ -89.512127268808783, 14.005302982810772 ], [ -89.525601936433645, 14.005302982810772 ], [ -89.525601936433645, 14.018777650435641 ], [ -89.512127268808783, 14.018777650435645 ], [ -89.512127268808783, 14.005302982810772 ] ] ] } },
{ "type": "Feature", "properties": { "class_id": 1, "area_m2": 2172325.0475679799, "class_name": "Muy bajo", "index": "NMDI", "min_value": null, "max_value": null }, "geometry": { "type": "Polygon", "coordinates": [ [ [ -89.592975274557972, 14.045726985685366 ], [ -89.579500606933109, 14.04572698568537 ], [ -89.579500606933109, 14.032252318060507 ], [ -89.592975274557972, 14.032252318060507 ], [ -89.592975274557972, 14.045726985685366 ] ] ] } },
{ "type": "Feature", "properties": { "class_id": 1, "area_m2": 2172287.8220407274, "class_name": "Muy bajo", "index": "NMDI", "min_value": null, "max_value": null }, "geometry": { "type": "Polygon", "coordinates": [ [ [ -89.619924609807711, 14.059201653310234 ], [ -89.606449942182834, 14.059201653310232 ], [ -89.606449942182834, 14.045726985685373 ], [ -89.619924609807711, 14.045726985685365 ], [ -89.619924609807711, 14.059201653310234 ] ] ] } },
{ "type": "Feature", "properties": { "class_id": 1, "area_m2": 13029991.077582212, "class_name": "Muy bajo", "index": "NMDI", "min_value": null, "max_value": null }, "geometry": { "type": "Polygon", "coordinates": [ [ [ -89.512127268808783, 14.072676320935102 ], [ -89.566025939308247, 14.072676320935106 ], [ -89.566025939308247, 14.086150988559972 ], [ -89.552551271683384, 14.086150988559965 ], [ -89.552551271683384, 14.099625656184836 ], [ -89.525601936433645, 14.099625656184834 ], [ -89.525601936433645, 14.086150988559972 ], [ -89.512127268808783, 14.086150988559968 ], [ -89.512127268808783, 14.072676320935102 ] ] ] } },
{ "type": "Feature", "properties": { "class_id": 1, "area_m2": 6515096.3908230448, "class_name": "Muy bajo", "index": "NMDI", "min_value": null, "max_value": null }, "geometry": { "type": "Polygon", "coordinates": [ [ [ -89.579500606933109, 14.113100323809698 ], [ -89.552551271683384, 14.113100323809693 ], [ -89.552551271683384, 14.099625656184836 ], [ -89.566025939308247, 14.099625656184834 ], [ -89.566025939308247, 14.086150988559972 ], [ -89.579500606933109, 14.086150988559972 ], [ -89.579500606933109, 14.113100323809698 ] ] ] } },
{ "type": "Feature", "properties": { "class_id": 1, "area_m2": 10859332.886858867, "class_name": "Muy bajo", "index": "NMDI", "min_value": null, "max_value": null }, "geometry": { "type": "Polygon", "coordinates": [ [ [ -89.592975274557972, 14.086150988559968 ], [ -89.619924609807711, 14.086150988559966 ], [ -89.619924609807711, 14.099625656184839 ], [ -89.633399277432574, 14.099625656184836 ], [ -89.633399277432574, 14.113100323809697 ], [ -89.592975274557972, 14.113100323809695 ], [ -89.592975274557972, 14.086150988559968 ] ] ] } },
{ "type": "Feature", "properties": { "class_id": 1, "area_m2": 4341668.6650977302, "class_name": "Muy bajo", "index": "NMDI", "min_value": null, "max_value": null }, "geometry": { "type": "Polygon", "coordinates": [ [ [ -89.444753930684456, 14.153524326684289 ], [ -89.417804595434731, 14.153524326684293 ], [ -89.417804595434731, 14.140049659059422 ], [ -89.444753930684456, 14.140049659059425 ], [ -89.444753930684456, 14.153524326684289 ] ] ] } },
{ "type": "Feature", "properties": { "class_id": 1, "area_m2": 2169759.4527814509, "class_name": "Muy bajo", "index": "NMDI", "min_value": null, "max_value": null }, "geometry": { "type": "Polygon", "coordinates": [ [ [ -89.242633916311476, 14.207422997183752 ], [ -89.229159248686628, 14.207422997183752 ], [ -89.229159248686628, 14.193948329558889 ], [ -89.242633916311476, 14.193948329558884 ], [ -89.242633916311476, 14.207422997183752 ] ] ] } },
{ "type": "Feature", "properties": { "class_id": 1, "area_m2": 2170021.2953921133, "class_name": "Muy bajo", "index": "NMDI", "min_value": null, "max_value": null }, "geometry": { "type": "Polygon", "coordinates": [ [ [ -89.363905924935267, 14.207422997183748 ], [ -89.377380592560129, 14.207422997183754 ], [ -89.377380592560129, 14.220897664808625 ], [ -89.363905924935267, 14.220897664808625 ], [ -89.363905924935267, 14.207422997183748 ] ] ] } },
{ "type": "Feature", "properties": { "class_id": 1, "area_m2": 2170095.0087140705, "class_name": "Muy bajo", "index": "NMDI", "min_value": null, "max_value": null }, "geometry": { "type": "Polygon", "coordinates": [ [ [ -89.485177933559058, 14.247847000058352 ], [ -89.471703265934181, 14.247847000058346 ], [ -89.471703265934181, 14.234372332433486 ], [ -89.485177933559058, 14.234372332433486 ], [ -89.485177933559058, 14.247847000058352 ] ] ] } },
{ "type": "Feature", "properties": { "class_id": 1, "area_m2": 2169514.6022029719, "class_name": "Muy bajo", "index": "NMDI", "min_value": null, "max_value": null }, "geometry": { "type": "Polygon", "coordinates": [ [ [ -89.377380592560129, 14.274796335308082 ], [ -89.363905924935267, 14.274796335308078 ], [ -89.363905924935267, 14.261321667683207 ], [ -89.377380592560129, 14.261321667683216 ], [ -89.377380592560129, 14.274796335308082 ] ] ] } },
{ "type": "Feature", "properties": { "class_id": 1, "area_m2": 2169883.1737805647, "class_name": "Muy bajo", "index": "NMDI", "min_value": null, "max_value": null }, "geometry": { "type": "Polygon", "coordinates": [ [ [ -89.485177933559058, 14.261321667683216 ], [ -89.49865260118392, 14.261321667683211 ], [ -89.49865260118392, 14.274796335308082 ], [ -89.485177933559058, 14.274796335308078 ], [ -89.485177933559058, 14.261321667683216 ] ] ] } },
{ "type": "Feature", "properties": { "class_id": 1, "area_m2": 2169925.847309852, "class_name": "Muy bajo", "index": "NMDI", "min_value": null, "max_value": null }, "geometry": { "type": "Polygon", "coordinates": [ [ [ -89.539076604058522, 14.288271002932948 ], [ -89.539076604058522, 14.274796335308084 ], [ -89.552551271683384, 14.274796335308078 ], [ -89.552551271683384, 14.288271002932946 ], [ -89.539076604058522, 14.288271002932948 ] ] ] } },
{ "type": "Feature", "properties": { "class_id": 1, "area_m2": 10848474.189140188, "class_name": "Muy bajo", "index": "NMDI", "min_value": null, "max_value": null }, "geometry": { "type": "Polygon", "coordinates": [ [ [ -89.49865260118392, 14.301745670557809 ], [ -89.49865260118392, 14.274796335308082 ], [ -89.512127268808783, 14.274796335308078 ], [ -89.512127268808783, 14.288271002932946 ], [ -89.539076604058522, 14.288271002932948 ], [ -89.539076604058522, 14.301745670557809 ], [ -89.525601936433645, 14.301745670557809 ], [ -89.525601936433645, 14.315220338182677 ], [ -89.512127268808783, 14.315220338182673 ], [ -89.512127268808783, 14.301745670557811 ], [ -89.49865260118392, 14.301745670557809 ] ] ] } },
{ "type": "Feature", "properties": { "class_id": 1, "area_m2": 2168821.3904304723, "class_name": "Muy bajo", "index": "NMDI", "min_value": null, "max_value": null }, "geometry": { "type": "Polygon", "coordinates": [ [ [ -89.256108583936339, 14.301745670557812 ], [ -89.269583251561215, 14.301745670557812 ], [ -89.269583251561215, 14.315220338182668 ], [ -89.256108583936339, 14.315220338182675 ], [ -89.256108583936339, 14.301745670557812 ] ] ] } },
{ "type": "Feature", "properties": { "class_id": 1, "area_m2": 2169459.8761934745, "class_name": "Muy bajo", "index": "NMDI", "min_value": null, "max_value": null }, "geometry": { "type": "Polygon", "coordinates": [ [ [ -89.471703265934181, 14.301745670557812 ], [ -89.485177933559058, 14.301745670557816 ], [ -89.485177933559058, 14.315220338182675 ], [ -89.471703265934181, 14.315220338182669 ], [ -89.471703265934181, 14.301745670557812 ] ] ] } },
{ "type": "Feature", "properties": { "class_id": 1, "area_m2": 2169416.3924505087, "class_name": "Muy bajo", "index": "NMDI", "min_value": null, "max_value": null }, "geometry": { "type": "Polygon", "coordinates": [ [ [ -89.49865260118392, 14.315220338182671 ], [ -89.512127268808783, 14.315220338182673 ], [ -89.512127268808783, 14.328695005807541 ], [ -89.49865260118392, 14.328695005807539 ], [ -89.49865260118392, 14.315220338182671 ] ] ] } },
{ "type": "Feature", "properties": { "class_id": 1, "area_m2": 10840514.769556504, "class_name": "Muy bajo", "index": "NMDI", "min_value": null, "max_value": null }, "geometry": { "type": "Polygon", "coordinates": [ [ [ -89.323481922060665, 14.396068343931869 ], [ -89.350431257310419, 14.396068343931864 ], [ -89.350431257310419, 14.409543011556734 ], [ -89.336956589685542, 14.409543011556734 ], [ -89.336956589685542, 14.4230176791816 ], [ -89.323481922060665, 14.4230176791816 ], [ -89.323481922060665, 14.409543011556742 ], [ -89.310007254435803, 14.409543011556734 ], [ -89.310007254435803, 14.382593676306998 ], [ -89.323481922060665, 14.382593676306998 ], [ -89.323481922060665, 14.396068343931869 ] ] ] } },
{ "type": "Feature", "properties": { "class_id": 1, "area_m2": 4336599.4212436816, "class_name": "Muy bajo", "index": "NMDI", "min_value": null, "max_value": null }, "geometry": { "type": "Polygon", "coordinates": [ [ [ -89.404329927809869, 14.409543011556734 ], [ -89.377380592560129, 14.409543011556739 ], [ -89.377380592560129, 14.396068343931869 ], [ -89.404329927809869, 14.396068343931869 ], [ -89.404329927809869, 14.409543011556734 ] ] ] } },
{ "type": "Feature", "properties": { "class_id": 1, "area_m2": 2167934.9480906976, "class_name": "Muy bajo", "index": "NMDI", "min_value": null, "max_value": null }, "geometry": { "type": "Polygon", "coordinates": [ [ [ -89.390855260184992, 14.43649234680646 ], [ -89.404329927809869, 14.436492346806457 ], [ -89.404329927809869, 14.44996701443133 ], [ -89.390855260184992, 14.44996701443133 ], [ -89.390855260184992, 14.43649234680646 ] ] ] } },
{ "type": "Feature", "properties": { "class_id": 1, "area_m2": 2176915.581664768, "class_name": "Muy bajo", "index": "NMDI", "min_value": null, "max_value": null }, "geometry": { "type": "Polygon", "coordinates": [ [ [ -88.986615231439046, 13.345044269192378 ], [ -88.973140563814169, 13.345044269192378 ], [ -88.973140563814169, 13.331569601567509 ], [ -88.986615231439046, 13.331569601567516 ], [ -88.986615231439046, 13.345044269192378 ] ] ] } },
{ "type": "Feature", "properties": { "class_id": 1, "area_m2": 2176884.5980392941, "class_name": "Muy bajo", "index": "NMDI", "min_value": null, "max_value": null }, "geometry": { "type": "Polygon", "coordinates": [ [ [ -89.067463237188235, 13.371993604442109 ], [ -89.053988569563359, 13.37199360444211 ], [ -89.053988569563359, 13.358518936817246 ], [ -89.067463237188235, 13.358518936817241 ], [ -89.067463237188235, 13.371993604442109 ] ] ] } },
{ "type": "Feature", "properties": { "class_id": 1, "area_m2": 2176613.7473912272, "class_name": "Muy bajo", "index": "NMDI", "min_value": null, "max_value": null }, "geometry": { "type": "Polygon", "coordinates": [ [ [ -89.175260578187149, 13.425892274941569 ], [ -89.188735245812012, 13.425892274941567 ], [ -89.188735245812012, 13.439366942566433 ], [ -89.175260578187149, 13.439366942566432 ], [ -89.175260578187149, 13.425892274941569 ] ] ] } },
{ "type": "Feature", "properties": { "class_id": 1, "area_m2": 4348863.4916326981, "class_name": "Muy bajo", "index": "NMDI", "min_value": null, "max_value": null }, "geometry": { "type": "Polygon", "coordinates": [ [ [ -89.053988569563359, 13.641486956939415 ], [ -89.027039234313634, 13.641486956939413 ], [ -89.027039234313634, 13.628012289314549 ], [ -89.053988569563359, 13.628012289314546 ], [ -89.053988569563359, 13.641486956939415 ] ] ] } },
{ "type": "Feature", "properties": { "class_id": 1, "area_m2": 6523417.987153626, "class_name": "Muy bajo", "index": "NMDI", "min_value": null, "max_value": null }, "geometry": { "type": "Polygon", "coordinates": [ [ [ -89.080937904813098, 13.641486956939415 ], [ -89.09441257243796, 13.641486956939415 ], [ -89.09441257243796, 13.654961624564276 ], [ -89.067463237188235, 13.654961624564276 ], [ -89.067463237188235, 13.628012289314549 ], [ -89.080937904813098, 13.628012289314547 ], [ -89.080937904813098, 13.641486956939415 ] ] ] } },
{ "type": "Feature", "properties": { "class_id": 1, "area_m2": 2174224.57955964, "class_name": "Muy bajo", "index": "NMDI", "min_value": null, "max_value": null }, "geometry": { "type": "Polygon", "coordinates": [ [ [ -89.000089899063909, 13.641486956939415 ], [ -89.013564566688771, 13.641486956939413 ], [ -89.013564566688771, 13.654961624564283 ], [ -89.000089899063909, 13.654961624564276 ], [ -89.000089899063909, 13.641486956939415 ] ] ] } },
{ "type": "Feature", "properties": { "class_id": 1, "area_m2": 2173981.7239744831, "class_name": "Muy bajo", "index": "NMDI", "min_value": null, "max_value": null }, "geometry": { "type": "Polygon", "coordinates": [ [ [ -89.000089899063909, 13.668436292189137 ], [ -89.013564566688771, 13.668436292189142 ], [ -89.013564566688771, 13.68191095981401 ], [ -89.000089899063909, 13.681910959814006 ], [ -89.000089899063909, 13.668436292189137 ] ] ] } },
{ "type": "Feature", "properties": { "class_id": 1, "area_m2": 4348258.4865264455, "class_name": "Muy bajo", "index": "NMDI", "min_value": null, "max_value": null }, "geometry": { "type": "Polygon", "coordinates": [ [ [ -89.080937904813098, 13.668436292189142 ], [ -89.09441257243796, 13.66843629218914 ], [ -89.09441257243796, 13.695385627438878 ], [ -89.080937904813098, 13.695385627438874 ], [ -89.080937904813098, 13.668436292189142 ] ] ] } },
{ "type": "Feature", "properties": { "class_id": 1, "area_m2": 2173826.1992608388, "class_name": "Muy bajo", "index": "NMDI", "min_value": null, "max_value": null }, "geometry": { "type": "Polygon", "coordinates": [ [ [ -89.000089899063909, 13.695385627438876 ], [ -88.986615231439046, 13.695385627438872 ], [ -88.986615231439046, 13.68191095981401 ], [ -89.000089899063909, 13.681910959814006 ], [ -89.000089899063909, 13.695385627438876 ] ] ] } },
{ "type": "Feature", "properties": { "class_id": 1, "area_m2": 6521318.0503654284, "class_name": "Muy bajo", "index": "NMDI", "min_value": null, "max_value": null }, "geometry": { "type": "Polygon", "coordinates": [ [ [ -89.000089899063909, 13.695385627438876 ], [ -89.040513901938496, 13.695385627438874 ], [ -89.040513901938496, 13.708860295063738 ], [ -89.000089899063909, 13.708860295063744 ], [ -89.000089899063909, 13.695385627438876 ] ] ] } },
{ "type": "Feature", "properties": { "class_id": 1, "area_m2": 2174053.9384436738, "class_name": "Muy bajo", "index": "NMDI", "min_value": null, "max_value": null }, "geometry": { "type": "Polygon", "coordinates": [ [ [ -89.121361907687685, 13.695385627438874 ], [ -89.134836575312562, 13.695385627438874 ], [ -89.134836575312562, 13.708860295063744 ], [ -89.121361907687685, 13.708860295063742 ], [ -89.121361907687685, 13.695385627438874 ] ] ] } },
{ "type": "Feature", "properties": { "class_id": 1, "area_m2": 2174274.6177055505, "class_name": "Muy bajo", "index": "NMDI", "min_value": null, "max_value": null }, "geometry": { "type": "Polygon", "coordinates": [ [ [ -89.215684581061751, 13.70886029506374 ], [ -89.202209913436889, 13.708860295063737 ], [ -89.202209913436889, 13.695385627438874 ], [ -89.215684581061751, 13.695385627438874 ], [ -89.215684581061751, 13.70886029506374 ] ] ] } },
{ "type": "Feature", "properties": { "class_id": 1, "area_m2": 6514852.1892932141, "class_name": "Muy bajo", "index": "NMDI", "min_value": null, "max_value": null }, "geometry": { "type": "Polygon", "coordinates": [ [ [ -89.013564566688771, 13.93792964468645 ], [ -88.973140563814169, 13.937929644686445 ], [ -88.973140563814169, 13.924454977061583 ], [ -89.013564566688771, 13.924454977061579 ], [ -89.013564566688771, 13.93792964468645 ] ] ] } },
{ "type": "Feature", "properties": { "class_id": 1, "area_m2": 23884283.494300351, "class_name": "Muy bajo", "index": "NMDI", "min_value": null, "max_value": null }, "geometry": { "type": "Polygon", "coordinates": [ [ [ -88.959665896189307, 13.964878979936181 ], [ -88.946191228564444, 13.964878979936184 ], [ -88.946191228564444, 13.951404312311315 ], [ -88.932716560939582, 13.951404312311315 ], [ -88.932716560939582, 13.964878979936181 ], [ -88.89229255806498, 13.964878979936181 ], [ -88.89229255806498, 13.937929644686452 ], [ -88.932716560939582, 13.937929644686452 ], [ -88.932716560939582, 13.924454977061579 ], [ -88.946191228564444, 13.924454977061584 ], [ -88.946191228564444, 13.93792964468645 ], [ -88.973140563814169, 13.937929644686445 ], [ -88.973140563814169, 13.951404312311315 ], [ -88.959665896189307, 13.951404312311311 ], [ -88.959665896189307, 13.964878979936181 ] ] ] } },
{ "type": "Feature", "properties": { "class_id": 1, "area_m2": 2171133.3891148488, "class_name": "Muy bajo", "index": "NMDI", "min_value": null, "max_value": null }, "geometry": { "type": "Polygon", "coordinates": [ [ [ -89.053988569563359, 14.005302982810772 ], [ -89.040513901938496, 14.005302982810772 ], [ -89.040513901938496, 13.991828315185908 ], [ -89.053988569563359, 13.991828315185911 ], [ -89.053988569563359, 14.005302982810772 ] ] ] } },
{ "type": "Feature", "properties": { "class_id": 1, "area_m2": 4341936.8346820744, "class_name": "Muy bajo", "index": "NMDI", "min_value": null, "max_value": null }, "geometry": { "type": "Polygon", "coordinates": [ [ [ -89.013564566688771, 14.018777650435641 ], [ -89.000089899063909, 14.018777650435641 ], [ -89.000089899063909, 13.991828315185911 ], [ -89.013564566688771, 13.991828315185908 ], [ -89.013564566688771, 14.018777650435641 ] ] ] } },
{ "type": "Feature", "properties": { "class_id": 1, "area_m2": 2170884.3666795273, "class_name": "Muy bajo", "index": "NMDI", "min_value": null, "max_value": null }, "geometry": { "type": "Polygon", "coordinates": [ [ [ -89.040513901938496, 14.018777650435641 ], [ -89.053988569563359, 14.018777650435641 ], [ -89.053988569563359, 14.032252318060506 ], [ -89.040513901938496, 14.032252318060502 ], [ -89.040513901938496, 14.018777650435641 ] ] ] } },
{ "type": "Feature", "properties": { "class_id": 1, "area_m2": 2170657.0081208074, "class_name": "Muy bajo", "index": "NMDI", "min_value": null, "max_value": null }, "geometry": { "type": "Polygon", "coordinates": [ [ [ -89.000089899063909, 14.032252318060511 ], [ -89.013564566688771, 14.032252318060504 ], [ -89.013564566688771, 14.045726985685366 ], [ -89.000089899063909, 14.045726985685366 ], [ -89.000089899063909, 14.032252318060511 ] ] ] } },
{ "type": "Feature", "properties": { "class_id": 1, "area_m2": 23879011.217442274, "class_name": "Muy bajo", "index": "NMDI", "min_value": null, "max_value": null }, "geometry": { "type": "Polygon", "coordinates": [ [ [ -89.067463237188235, 14.045726985685373 ], [ -89.080937904813098, 14.04572698568537 ], [ -89.080937904813098, 14.032252318060504 ], [ -89.107887240062837, 14.032252318060509 ], [ -89.107887240062837, 14.045726985685365 ], [ -89.121361907687685, 14.045726985685372 ], [ -89.121361907687685, 14.072676320935102 ], [ -89.053988569563359, 14.072676320935102 ], [ -89.053988569563359, 14.059201653310234 ], [ -89.067463237188235, 14.059201653310234 ], [ -89.067463237188235, 14.045726985685373 ] ] ] } },
{ "type": "Feature", "properties": { "class_id": 1, "area_m2": 2170793.6801703088, "class_name": "Muy bajo", "index": "NMDI", "min_value": null, "max_value": null }, "geometry": { "type": "Polygon", "coordinates": [ [ [ -89.161785910562287, 14.072676320935102 ], [ -89.148311242937424, 14.072676320935102 ], [ -89.148311242937424, 14.059201653310234 ], [ -89.161785910562287, 14.059201653310234 ], [ -89.161785910562287, 14.072676320935102 ] ] ] } },
{ "type": "Feature", "properties": { "class_id": 1, "area_m2": 2170596.2994541381, "class_name": "Muy bajo", "index": "NMDI", "min_value": null, "max_value": null }, "geometry": { "type": "Polygon", "coordinates": [ [ [ -89.134836575312562, 14.086150988559965 ], [ -89.121361907687685, 14.086150988559972 ], [ -89.121361907687685, 14.072676320935102 ], [ -89.134836575312562, 14.0726763209351 ], [ -89.134836575312562, 14.086150988559965 ] ] ] } },
{ "type": "Feature", "properties": { "class_id": 1, "area_m2": 2169839.2797157201, "class_name": "Muy bajo", "index": "NMDI", "min_value": null, "max_value": null }, "geometry": { "type": "Polygon", "coordinates": [ [ [ -88.973140563814169, 14.113100323809698 ], [ -88.986615231439046, 14.113100323809697 ], [ -88.986615231439046, 14.126574991434564 ], [ -88.973140563814169, 14.126574991434564 ], [ -88.973140563814169, 14.113100323809698 ] ] ] } },
{ "type": "Feature", "properties": { "class_id": 1, "area_m2": 8677251.1256970428, "class_name": "Muy bajo", "index": "NMDI", "min_value": null, "max_value": null }, "geometry": { "type": "Polygon", "coordinates": [ [ [ -89.013564566688771, 14.180473661934025 ], [ -89.000089899063909, 14.180473661934027 ], [ -89.000089899063909, 14.166998994309159 ], [ -89.027039234313634, 14.166998994309155 ], [ -89.027039234313634, 14.20742299718375 ], [ -89.013564566688771, 14.207422997183754 ], [ -89.013564566688771, 14.180473661934025 ] ] ] } },
{ "type": "Feature", "properties": { "class_id": 1, "area_m2": 4339584.3756682454, "class_name": "Muy bajo", "index": "NMDI", "min_value": null, "max_value": null }, "geometry": { "type": "Polygon", "coordinates": [ [ [ -89.188735245812012, 14.180473661934025 ], [ -89.215684581061751, 14.180473661934027 ], [ -89.215684581061751, 14.193948329558886 ], [ -89.188735245812012, 14.193948329558884 ], [ -89.188735245812012, 14.180473661934025 ] ] ] } },
{ "type": "Feature", "properties": { "class_id": 1, "area_m2": 4338682.4594999291, "class_name": "Muy bajo", "index": "NMDI", "min_value": null, "max_value": null }, "geometry": { "type": "Polygon", "coordinates": [ [ [ -89.09441257243796, 14.207422997183752 ], [ -89.067463237188235, 14.207422997183755 ], [ -89.067463237188235, 14.193948329558891 ], [ -89.09441257243796, 14.193948329558884 ], [ -89.09441257243796, 14.207422997183752 ] ] ] } },
{ "type": "Feature", "properties": { "class_id": 1, "area_m2": 52061648.289174274, "class_name": "Muy bajo", "index": "NMDI", "min_value": null, "max_value": null }, "geometry": { "type": "Polygon", "coordinates": [ [ [ -89.161785910562287, 14.234372332433486 ], [ -89.148311242937424, 14.234372332433486 ], [ -89.148311242937424, 14.274796335308082 ], [ -89.134836575312562, 14.274796335308078 ], [ -89.134836575312562, 14.288271002932946 ], [ -89.121361907687685, 14.28827100293295 ], [ -89.121361907687685, 14.247847000058348 ], [ -89.107887240062837, 14.24784700005835 ], [ -89.107887240062837, 14.234372332433486 ], [ -89.121361907687685, 14.234372332433486 ], [ -89.121361907687685, 14.220897664808625 ], [ -89.134836575312562, 14.22089766480862 ], [ -89.134836575312562, 14.207422997183752 ], [ -89.161785910562287, 14.207422997183748 ], [ -89.161785910562287, 14.180473661934029 ], [ -89.175260578187149, 14.180473661934021 ], [ -89.175260578187149, 14.220897664808618 ], [ -89.215684581061751, 14.220897664808618 ], [ -89.215684581061751, 14.247847000058346 ], [ -89.161785910562287, 14.247847000058357 ], [ -89.161785910562287, 14.234372332433486 ] ] ] } },
{ "type": "Feature", "properties": { "class_id": 1, "area_m2": 2168944.6254962469, "class_name": "Muy bajo", "index": "NMDI", "min_value": null, "max_value": null }, "geometry": { "type": "Polygon", "coordinates": [ [ [ -89.067463237188235, 14.234372332433489 ], [ -89.080937904813098, 14.234372332433489 ], [ -89.080937904813098, 14.247847000058348 ], [ -89.067463237188235, 14.247847000058353 ], [ -89.067463237188235, 14.234372332433489 ] ] ] } },
{ "type": "Feature", "properties": { "class_id": 1, "area_m2": 2168612.5984621136, "class_name": "Muy bajo", "index": "NMDI", "min_value": null, "max_value": null }, "geometry": { "type": "Polygon", "coordinates": [ [ [ -88.986615231439046, 14.247847000058348 ], [ -89.000089899063909, 14.247847000058352 ], [ -89.000089899063909, 14.261321667683218 ], [ -88.986615231439046, 14.261321667683214 ], [ -88.986615231439046, 14.247847000058348 ] ] ] } },
{ "type": "Feature", "properties": { "class_id": 1, "area_m2": 10843528.179277718, "class_name": "Muy bajo", "index": "NMDI", "min_value": null, "max_value": null }, "geometry": { "type": "Polygon", "coordinates": [ [ [ -89.09441257243796, 14.261321667683216 ], [ -89.080937904813098, 14.261321667683216 ], [ -89.080937904813098, 14.247847000058348 ], [ -89.107887240062837, 14.24784700005835 ], [ -89.107887240062837, 14.301745670557807 ], [ -89.09441257243796, 14.301745670557809 ], [ -89.09441257243796, 14.261321667683216 ] ] ] } },
{ "type": "Feature", "properties": { "class_id": 1, "area_m2": 4336705.2282665623, "class_name": "Muy bajo", "index": "NMDI", "min_value": null, "max_value": null }, "geometry": { "type": "Polygon", "coordinates": [ [ [ -89.121361907687685, 14.328695005807536 ], [ -89.107887240062837, 14.328695005807539 ], [ -89.107887240062837, 14.301745670557807 ], [ -89.121361907687685, 14.301745670557818 ], [ -89.121361907687685, 14.328695005807536 ] ] ] } },
{ "type": "Feature", "properties": { "class_id": 1, "area_m2": 2168183.3490521112, "class_name": "Muy bajo", "index": "NMDI", "min_value": null, "max_value": null }, "geometry": { "type": "Polygon", "coordinates": [ [ [ -89.080937904813098, 14.328695005807541 ], [ -89.067463237188235, 14.328695005807532 ], [ -89.067463237188235, 14.315220338182673 ], [ -89.080937904813098, 14.315220338182669 ], [ -89.080937904813098, 14.328695005807541 ] ] ] } },
{ "type": "Feature", "properties": { "class_id": 1, "area_m2": 2168433.1633456037, "class_name": "Muy bajo", "index": "NMDI", "min_value": null, "max_value": null }, "geometry": { "type": "Polygon", "coordinates": [ [ [ -89.161785910562287, 14.315220338182677 ], [ -89.175260578187149, 14.315220338182671 ], [ -89.175260578187149, 14.328695005807541 ], [ -89.161785910562287, 14.328695005807536 ], [ -89.161785910562287, 14.315220338182677 ] ] ] } },
{ "type": "Feature", "properties": { "class_id": 1, "area_m2": 2168197.418502972, "class_name": "Muy bajo", "index": "NMDI", "min_value": null, "max_value": null }, "geometry": { "type": "Polygon", "coordinates": [ [ [ -89.134836575312562, 14.342169673432405 ], [ -89.121361907687685, 14.342169673432402 ], [ -89.121361907687685, 14.328695005807536 ], [ -89.134836575312562, 14.328695005807536 ], [ -89.134836575312562, 14.342169673432405 ] ] ] } },
{ "type": "Feature", "properties": { "class_id": 1, "area_m2": 2168342.4179960345, "class_name": "Muy bajo", "index": "NMDI", "min_value": null, "max_value": null }, "geometry": { "type": "Polygon", "coordinates": [ [ [ -89.188735245812012, 14.342169673432402 ], [ -89.175260578187149, 14.342169673432402 ], [ -89.175260578187149, 14.328695005807541 ], [ -89.188735245812012, 14.328695005807536 ], [ -89.188735245812012, 14.342169673432402 ] ] ] } },
{ "type": "Feature", "properties": { "class_id": 1, "area_m2": 2168142.0157682379, "class_name": "Muy bajo", "index": "NMDI", "min_value": null, "max_value": null }, "geometry": { "type": "Polygon", "coordinates": [ [ [ -89.148311242937424, 14.342169673432409 ], [ -89.161785910562287, 14.342169673432409 ], [ -89.161785910562287, 14.355644341057275 ], [ -89.148311242937424, 14.355644341057268 ], [ -89.148311242937424, 14.342169673432409 ] ] ] } },
{ "type": "Feature", "properties": { "class_id": 1, "area_m2": 2176936.940860759, "class_name": "Muy bajo", "index": "NMDI", "min_value": null, "max_value": null }, "geometry": { "type": "Polygon", "coordinates": [ [ [ -88.245508512071453, 13.169873590069127 ], [ -88.23203384444659, 13.169873590069129 ], [ -88.23203384444659, 13.156398922444264 ], [ -88.245508512071453, 13.156398922444264 ], [ -88.245508512071453, 13.169873590069127 ] ] ] } },
{ "type": "Feature", "properties": { "class_id": 1, "area_m2": 2177095.3882074375, "class_name": "Muy bajo", "index": "NMDI", "min_value": null, "max_value": null }, "geometry": { "type": "Polygon", "coordinates": [ [ [ -88.474577861694158, 13.196822925318861 ], [ -88.461103194069295, 13.196822925318854 ], [ -88.461103194069295, 13.183348257693991 ], [ -88.474577861694158, 13.183348257693996 ], [ -88.474577861694158, 13.196822925318861 ] ] ] } },
{ "type": "Feature", "properties": { "class_id": 1, "area_m2": 2177319.6961823199, "class_name": "Muy bajo", "index": "NMDI", "min_value": null, "max_value": null }, "geometry": { "type": "Polygon", "coordinates": [ [ [ -88.744071214191464, 13.223772260568591 ], [ -88.757545881816327, 13.223772260568591 ], [ -88.757545881816327, 13.237246928193453 ], [ -88.744071214191464, 13.237246928193452 ], [ -88.744071214191464, 13.223772260568591 ] ] ] } },
{ "type": "Feature", "properties": { "class_id": 1, "area_m2": 4352211.9712529387, "class_name": "Muy bajo", "index": "NMDI", "min_value": null, "max_value": null }, "geometry": { "type": "Polygon", "coordinates": [ [ [ -88.218559176821714, 13.250721595818325 ], [ -88.245508512071453, 13.25072159581832 ], [ -88.245508512071453, 13.264196263443184 ], [ -88.218559176821714, 13.264196263443186 ], [ -88.218559176821714, 13.250721595818325 ] ] ] } },
{ "type": "Feature", "properties": { "class_id": 1, "area_m2": 2177236.4513613144, "class_name": "Muy bajo", "index": "NMDI", "min_value": null, "max_value": null }, "geometry": { "type": "Polygon", "coordinates": [ [ [ -88.824919219940654, 13.250721595818321 ], [ -88.824919219940654, 13.264196263443189 ], [ -88.811444552315791, 13.264196263443186 ], [ -88.811444552315791, 13.25072159581832 ], [ -88.824919219940654, 13.250721595818321 ] ] ] } },
{ "type": "Feature", "properties": { "class_id": 1, "area_m2": 2177087.7083074097, "class_name": "Muy bajo", "index": "NMDI", "min_value": null, "max_value": null }, "geometry": { "type": "Polygon", "coordinates": [ [ [ -88.811444552315791, 13.277670931068053 ], [ -88.797969884690929, 13.277670931068055 ], [ -88.797969884690929, 13.264196263443187 ], [ -88.811444552315791, 13.264196263443186 ], [ -88.811444552315791, 13.277670931068053 ] ] ] } },
{ "type": "Feature", "properties": { "class_id": 1, "area_m2": 2177008.2422642293, "class_name": "Muy bajo", "index": "NMDI", "min_value": null, "max_value": null }, "geometry": { "type": "Polygon", "coordinates": [ [ [ -88.878817890440118, 13.30462026631778 ], [ -88.865343222815255, 13.304620266317784 ], [ -88.865343222815255, 13.291145598692921 ], [ -88.878817890440118, 13.291145598692916 ], [ -88.878817890440118, 13.30462026631778 ] ] ] } },
{ "type": "Feature", "properties": { "class_id": 1, "area_m2": 2176612.2753078355, "class_name": "Muy bajo", "index": "NMDI", "min_value": null, "max_value": null }, "geometry": { "type": "Polygon", "coordinates": [ [ [ -88.744071214191464, 13.304620266317784 ], [ -88.757545881816327, 13.304620266317787 ], [ -88.757545881816327, 13.318094933942644 ], [ -88.744071214191464, 13.318094933942648 ], [ -88.744071214191464, 13.304620266317784 ] ] ] } },
{ "type": "Feature", "properties": { "class_id": 1, "area_m2": 2175444.3514370415, "class_name": "Muy bajo", "index": "NMDI", "min_value": null, "max_value": null }, "geometry": { "type": "Polygon", "coordinates": [ [ [ -88.191609841571989, 13.331569601567509 ], [ -88.17813517394714, 13.33156960156751 ], [ -88.17813517394714, 13.318094933942648 ], [ -88.191609841571989, 13.318094933942648 ], [ -88.191609841571989, 13.331569601567509 ] ] ] } },
{ "type": "Feature", "properties": { "class_id": 1, "area_m2": 4351032.7904602308, "class_name": "Muy bajo", "index": "NMDI", "min_value": null, "max_value": null }, "geometry": { "type": "Polygon", "coordinates": [ [ [ -88.245508512071453, 13.331569601567507 ], [ -88.218559176821714, 13.331569601567509 ], [ -88.218559176821714, 13.318094933942648 ], [ -88.245508512071453, 13.318094933942644 ], [ -88.245508512071453, 13.331569601567507 ] ] ] } },
{ "type": "Feature", "properties": { "class_id": 1, "area_m2": 2174930.7579664681, "class_name": "Muy bajo", "index": "NMDI", "min_value": null, "max_value": null }, "geometry": { "type": "Polygon", "coordinates": [ [ [ -88.151185838697387, 13.37199360444211 ], [ -88.164660506322264, 13.371993604442109 ], [ -88.164660506322264, 13.385468272066975 ], [ -88.151185838697387, 13.385468272066975 ], [ -88.151185838697387, 13.37199360444211 ] ] ] } },
{ "type": "Feature", "properties": { "class_id": 1, "area_m2": 2174804.6349666552, "class_name": "Muy bajo", "index": "NMDI", "min_value": null, "max_value": null }, "geometry": { "type": "Polygon", "coordinates": [ [ [ -88.31288185019578, 13.425892274941571 ], [ -88.299407182570931, 13.425892274941569 ], [ -88.299407182570931, 13.412417607316709 ], [ -88.31288185019578, 13.412417607316705 ], [ -88.31288185019578, 13.425892274941571 ] ] ] } },
{ "type": "Feature", "properties": { "class_id": 1, "area_m2": 2173882.1877572909, "class_name": "Muy bajo", "index": "NMDI", "min_value": null, "max_value": null }, "geometry": { "type": "Polygon", "coordinates": [ [ [ -88.097287168197937, 13.493265613065899 ], [ -88.08381250057306, 13.493265613065899 ], [ -88.08381250057306, 13.47979094544103 ], [ -88.097287168197937, 13.47979094544103 ], [ -88.097287168197937, 13.493265613065899 ] ] ] } },
{ "type": "Feature", "properties": { "class_id": 1, "area_m2": 4346697.9720802158, "class_name": "Muy bajo", "index": "NMDI", "min_value": null, "max_value": null }, "geometry": { "type": "Polygon", "coordinates": [ [ [ -88.124236503447662, 13.54716428356536 ], [ -88.151185838697387, 13.547164283565358 ], [ -88.151185838697387, 13.560638951190219 ], [ -88.124236503447662, 13.560638951190219 ], [ -88.124236503447662, 13.54716428356536 ] ] ] } },
{ "type": "Feature", "properties": { "class_id": 1, "area_m2": 2173257.8958590538, "class_name": "Muy bajo", "index": "NMDI", "min_value": null, "max_value": null }, "geometry": { "type": "Polygon", "coordinates": [ [ [ -88.164660506322264, 13.574113618815089 ], [ -88.151185838697387, 13.574113618815085 ], [ -88.151185838697387, 13.560638951190219 ], [ -88.164660506322264, 13.560638951190219 ], [ -88.164660506322264, 13.574113618815089 ] ] ] } },
{ "type": "Feature", "properties": { "class_id": 1, "area_m2": 15209278.191519001, "class_name": "Muy bajo", "index": "NMDI", "min_value": null, "max_value": null }, "geometry": { "type": "Polygon", "coordinates": [ [ [ -88.17813517394714, 13.614537621689685 ], [ -88.17813517394714, 13.641486956939413 ], [ -88.164660506322264, 13.641486956939415 ], [ -88.164660506322264, 13.628012289314549 ], [ -88.151185838697387, 13.628012289314549 ], [ -88.151185838697387, 13.614537621689683 ], [ -88.137711171072525, 13.614537621689685 ], [ -88.137711171072525, 13.601062954064817 ], [ -88.191609841571989, 13.601062954064815 ], [ -88.191609841571989, 13.614537621689683 ], [ -88.17813517394714, 13.614537621689685 ] ] ] } },
{ "type": "Feature", "properties": { "class_id": 1, "area_m2": 4345352.8692299901, "class_name": "Muy bajo", "index": "NMDI", "min_value": null, "max_value": null }, "geometry": { "type": "Polygon", "coordinates": [ [ [ -88.137711171072525, 13.641486956939415 ], [ -88.124236503447662, 13.641486956939412 ], [ -88.124236503447662, 13.614537621689681 ], [ -88.137711171072525, 13.614537621689685 ], [ -88.137711171072525, 13.641486956939415 ] ] ] } },
{ "type": "Feature", "properties": { "class_id": 1, "area_m2": 4346761.6038996652, "class_name": "Muy bajo", "index": "NMDI", "min_value": null, "max_value": null }, "geometry": { "type": "Polygon", "coordinates": [ [ [ -88.555425867443347, 13.641486956939412 ], [ -88.541951199818484, 13.641486956939415 ], [ -88.541951199818484, 13.614537621689685 ], [ -88.555425867443347, 13.614537621689689 ], [ -88.555425867443347, 13.641486956939412 ] ] ] } },
{ "type": "Feature", "properties": { "class_id": 1, "area_m2": 2173173.129336989, "class_name": "Muy bajo", "index": "NMDI", "min_value": null, "max_value": null }, "geometry": { "type": "Polygon", "coordinates": [ [ [ -88.541951199818484, 13.641486956939415 ], [ -88.541951199818484, 13.654961624564285 ], [ -88.528476532193622, 13.654961624564278 ], [ -88.528476532193622, 13.641486956939421 ], [ -88.541951199818484, 13.641486956939415 ] ] ] } },
{ "type": "Feature", "properties": { "class_id": 1, "area_m2": 2173026.0257479679, "class_name": "Muy bajo", "index": "NMDI", "min_value": null, "max_value": null }, "geometry": { "type": "Polygon", "coordinates": [ [ [ -88.51500186456876, 13.668436292189146 ], [ -88.51500186456876, 13.654961624564278 ], [ -88.528476532193622, 13.654961624564278 ], [ -88.528476532193622, 13.668436292189138 ], [ -88.51500186456876, 13.668436292189146 ] ] ] } },
{ "type": "Feature", "properties": { "class_id": 1, "area_m2": 17381660.327869281, "class_name": "Muy bajo", "index": "NMDI", "min_value": null, "max_value": null }, "geometry": { "type": "Polygon", "coordinates": [ [ [ -88.474577861694158, 13.695385627438876 ], [ -88.474577861694158, 13.708860295063738 ], [ -88.447628526444433, 13.70886029506374 ], [ -88.447628526444433, 13.695385627438876 ], [ -88.461103194069295, 13.695385627438872 ], [ -88.461103194069295, 13.68191095981401 ], [ -88.474577861694158, 13.681910959814005 ], [ -88.474577861694158, 13.66843629218914 ], [ -88.51500186456876, 13.668436292189146 ], [ -88.51500186456876, 13.68191095981401 ], [ -88.501527196943883, 13.681910959814005 ], [ -88.501527196943883, 13.695385627438874 ], [ -88.474577861694158, 13.695385627438876 ] ] ] } },
{ "type": "Feature", "properties": { "class_id": 1, "area_m2": 28241429.421730593, "class_name": "Muy bajo", "index": "NMDI", "min_value": null, "max_value": null }, "geometry": { "type": "Polygon", "coordinates": [ [ [ -88.51500186456876, 13.735809630313467 ], [ -88.461103194069295, 13.735809630313469 ], [ -88.461103194069295, 13.722334962688603 ], [ -88.474577861694158, 13.722334962688603 ], [ -88.474577861694158, 13.708860295063738 ], [ -88.501527196943883, 13.708860295063737 ], [ -88.501527196943883, 13.695385627438874 ], [ -88.51500186456876, 13.695385627438879 ], [ -88.51500186456876, 13.70886029506374 ], [ -88.528476532193622, 13.708860295063744 ], [ -88.528476532193622, 13.776233633188063 ], [ -88.51500186456876, 13.776233633188065 ], [ -88.51500186456876, 13.735809630313467 ] ] ] } },
{ "type": "Feature", "properties": { "class_id": 1, "area_m2": 4343441.5809903014, "class_name": "Muy bajo", "index": "NMDI", "min_value": null, "max_value": null }, "geometry": { "type": "Polygon", "coordinates": [ [ [ -88.501527196943883, 13.816657636062663 ], [ -88.501527196943883, 13.789708300812929 ], [ -88.51500186456876, 13.789708300812933 ], [ -88.51500186456876, 13.816657636062667 ], [ -88.501527196943883, 13.816657636062663 ] ] ] } },
{ "type": "Feature", "properties": { "class_id": 1, "area_m2": 2171511.5844731587, "class_name": "Muy bajo", "index": "NMDI", "min_value": null, "max_value": null }, "geometry": { "type": "Polygon", "coordinates": [ [ [ -88.501527196943883, 13.816657636062663 ], [ -88.501527196943883, 13.830132303687524 ], [ -88.48805252931902, 13.83013230368752 ], [ -88.48805252931902, 13.81665763606266 ], [ -88.501527196943883, 13.816657636062663 ] ] ] } },
{ "type": "Feature", "properties": { "class_id": 1, "area_m2": 10854490.584786855, "class_name": "Muy bajo", "index": "NMDI", "min_value": null, "max_value": null }, "geometry": { "type": "Polygon", "coordinates": [ [ [ -88.31288185019578, 13.84360697131239 ], [ -88.339831185445505, 13.84360697131239 ], [ -88.339831185445505, 13.85708163893726 ], [ -88.326356517820642, 13.85708163893726 ], [ -88.326356517820642, 13.870556306562129 ], [ -88.28593251494604, 13.870556306562127 ], [ -88.28593251494604, 13.857081638937261 ], [ -88.31288185019578, 13.857081638937263 ], [ -88.31288185019578, 13.84360697131239 ] ] ] } },
{ "type": "Feature", "properties": { "class_id": 1, "area_m2": 2170878.8698624042, "class_name": "Muy bajo", "index": "NMDI", "min_value": null, "max_value": null }, "geometry": { "type": "Polygon", "coordinates": [ [ [ -88.353305853070367, 13.870556306562124 ], [ -88.339831185445505, 13.870556306562122 ], [ -88.339831185445505, 13.85708163893726 ], [ -88.353305853070367, 13.85708163893726 ], [ -88.353305853070367, 13.870556306562124 ] ] ] } },
{ "type": "Feature", "properties": { "class_id": 1, "area_m2": 2171323.2030145484, "class_name": "Muy bajo", "index": "NMDI", "min_value": null, "max_value": null }, "geometry": { "type": "Polygon", "coordinates": [ [ [ -88.878817890440118, 13.924454977061579 ], [ -88.878817890440118, 13.937929644686447 ], [ -88.865343222815255, 13.937929644686447 ], [ -88.865343222815255, 13.924454977061584 ], [ -88.878817890440118, 13.924454977061579 ] ] ] } },
{ "type": "Feature", "properties": { "class_id": 1, "area_m2": 2171167.8904402331, "class_name": "Muy bajo", "index": "NMDI", "min_value": null, "max_value": null }, "geometry": { "type": "Polygon", "coordinates": [ [ [ -88.865343222815255, 13.951404312311315 ], [ -88.851868555190393, 13.951404312311315 ], [ -88.851868555190393, 13.937929644686454 ], [ -88.865343222815255, 13.937929644686447 ], [ -88.865343222815255, 13.951404312311315 ] ] ] } },
{ "type": "Feature", "properties": { "class_id": 1, "area_m2": 2170981.636601822, "class_name": "Muy bajo", "index": "NMDI", "min_value": null, "max_value": null }, "geometry": { "type": "Polygon", "coordinates": [ [ [ -88.838393887565516, 13.964878979936181 ], [ -88.824919219940654, 13.964878979936181 ], [ -88.824919219940654, 13.951404312311309 ], [ -88.838393887565516, 13.951404312311309 ], [ -88.838393887565516, 13.964878979936181 ] ] ] } },
{ "type": "Feature", "properties": { "class_id": 1, "area_m2": 21705609.506193958, "class_name": "Muy bajo", "index": "NMDI", "min_value": null, "max_value": null }, "geometry": { "type": "Polygon", "coordinates": [ [ [ -88.824919219940654, 13.964878979936181 ], [ -88.824919219940654, 13.978353647561043 ], [ -88.784495217066066, 13.97835364756104 ], [ -88.784495217066066, 14.005302982810772 ], [ -88.757545881816327, 14.005302982810777 ], [ -88.757545881816327, 13.991828315185911 ], [ -88.744071214191464, 13.991828315185911 ], [ -88.744071214191464, 13.97835364756105 ], [ -88.757545881816327, 13.978353647561047 ], [ -88.757545881816327, 13.964878979936181 ], [ -88.824919219940654, 13.964878979936181 ] ] ] } },
{ "type": "Feature", "properties": { "class_id": 1, "area_m2": 2170398.3241445152, "class_name": "Muy bajo", "index": "NMDI", "min_value": null, "max_value": null }, "geometry": { "type": "Polygon", "coordinates": [ [ [ -88.744071214191464, 14.005302982810777 ], [ -88.730596546566602, 14.005302982810774 ], [ -88.730596546566602, 13.991828315185908 ], [ -88.744071214191464, 13.991828315185911 ], [ -88.744071214191464, 14.005302982810777 ] ] ] } },
{ "type": "Feature", "properties": { "class_id": 1, "area_m2": 2169966.8161613317, "class_name": "Muy bajo", "index": "NMDI", "min_value": null, "max_value": null }, "geometry": { "type": "Polygon", "coordinates": [ [ [ -88.71712187894174, 14.045726985685366 ], [ -88.703647211316863, 14.04572698568537 ], [ -88.703647211316863, 14.032252318060511 ], [ -88.71712187894174, 14.032252318060507 ], [ -88.71712187894174, 14.045726985685366 ] ] ] } },
{ "type": "Feature", "properties": { "class_id": 1, "area_m2": 21697182.595224407, "class_name": "Muy bajo", "index": "NMDI", "min_value": null, "max_value": null }, "geometry": { "type": "Polygon", "coordinates": [ [ [ -88.71712187894174, 14.045726985685366 ], [ -88.744071214191464, 14.045726985685366 ], [ -88.744071214191464, 14.072676320935106 ], [ -88.784495217066066, 14.072676320935102 ], [ -88.784495217066066, 14.086150988559963 ], [ -88.744071214191464, 14.086150988559968 ], [ -88.744071214191464, 14.099625656184834 ], [ -88.730596546566602, 14.099625656184834 ], [ -88.730596546566602, 14.086150988559966 ], [ -88.71712187894174, 14.086150988559966 ], [ -88.71712187894174, 14.045726985685366 ] ] ] } },
{ "type": "Feature", "properties": { "class_id": 1, "area_m2": 2169830.5481815939, "class_name": "Muy bajo", "index": "NMDI", "min_value": null, "max_value": null }, "geometry": { "type": "Polygon", "coordinates": [ [ [ -88.824919219940654, 14.086150988559972 ], [ -88.811444552315791, 14.086150988559966 ], [ -88.811444552315791, 14.072676320935102 ], [ -88.824919219940654, 14.072676320935102 ], [ -88.824919219940654, 14.086150988559972 ] ] ] } },
{ "type": "Feature", "properties": { "class_id": 1, "area_m2": 8678785.1434054766, "class_name": "Muy bajo", "index": "NMDI", "min_value": null, "max_value": null }, "geometry": { "type": "Polygon", "coordinates": [ [ [ -88.851868555190393, 14.099625656184838 ], [ -88.824919219940654, 14.099625656184829 ], [ -88.824919219940654, 14.086150988559972 ], [ -88.865343222815255, 14.086150988559968 ], [ -88.865343222815255, 14.113100323809698 ], [ -88.851868555190393, 14.113100323809697 ], [ -88.851868555190393, 14.099625656184838 ] ] ] } },
{ "type": "Feature", "properties": { "class_id": 1, "area_m2": 10877332.541786131, "class_name": "Muy bajo", "index": "NMDI", "min_value": null, "max_value": null }, "geometry": { "type": "Polygon", "coordinates": [ [ [ -87.949065824324421, 13.277670931068055 ], [ -87.976015159574146, 13.277670931068052 ], [ -87.976015159574146, 13.291145598692918 ], [ -87.989489827199009, 13.291145598692921 ], [ -87.989489827199009, 13.304620266317787 ], [ -87.949065824324421, 13.304620266317784 ], [ -87.949065824324421, 13.277670931068055 ] ] ] } },
{ "type": "Feature", "properties": { "class_id": 1, "area_m2": 2175338.6676389221, "class_name": "Muy bajo", "index": "NMDI", "min_value": null, "max_value": null }, "geometry": { "type": "Polygon", "coordinates": [ [ [ -87.922116489074682, 13.291145598692918 ], [ -87.935591156699559, 13.291145598692919 ], [ -87.935591156699559, 13.304620266317785 ], [ -87.922116489074682, 13.304620266317784 ], [ -87.922116489074682, 13.291145598692918 ] ] ] } },
{ "type": "Feature", "properties": { "class_id": 1, "area_m2": 4350187.031349197, "class_name": "Muy bajo", "index": "NMDI", "min_value": null, "max_value": null }, "geometry": { "type": "Polygon", "coordinates": [ [ [ -87.746945809951455, 13.291145598692918 ], [ -87.760420477576304, 13.291145598692918 ], [ -87.760420477576304, 13.318094933942648 ], [ -87.746945809951455, 13.318094933942646 ], [ -87.746945809951455, 13.291145598692918 ] ] ] } },
{ "type": "Feature", "properties": { "class_id": 1, "area_m2": 2175319.6830119258, "class_name": "Muy bajo", "index": "NMDI", "min_value": null, "max_value": null }, "geometry": { "type": "Polygon", "coordinates": [ [ [ -88.016439162448734, 13.318094933942646 ], [ -88.002964494823871, 13.318094933942648 ], [ -88.002964494823871, 13.304620266317785 ], [ -88.016439162448734, 13.304620266317784 ], [ -88.016439162448734, 13.318094933942646 ] ] ] } },
{ "type": "Feature", "properties": { "class_id": 1, "area_m2": 2174923.0345036429, "class_name": "Muy bajo", "index": "NMDI", "min_value": null, "max_value": null }, "geometry": { "type": "Polygon", "coordinates": [ [ [ -87.881692486200095, 13.345044269192378 ], [ -87.868217818575218, 13.345044269192378 ], [ -87.868217818575218, 13.331569601567516 ], [ -87.881692486200095, 13.331569601567514 ], [ -87.881692486200095, 13.345044269192378 ] ] ] } },
{ "type": "Feature", "properties": { "class_id": 1, "area_m2": 2175049.4614001163, "class_name": "Muy bajo", "index": "NMDI", "min_value": null, "max_value": null }, "geometry": { "type": "Polygon", "coordinates": [ [ [ -87.976015159574146, 13.33156960156751 ], [ -87.989489827199009, 13.33156960156751 ], [ -87.989489827199009, 13.345044269192377 ], [ -87.976015159574146, 13.345044269192373 ], [ -87.976015159574146, 13.33156960156751 ] ] ] } },
{ "type": "Feature", "properties": { "class_id": 1, "area_m2": 2174430.4290604675, "class_name": "Muy bajo", "index": "NMDI", "min_value": null, "max_value": null }, "geometry": { "type": "Polygon", "coordinates": [ [ [ -87.746945809951455, 13.385468272066973 ], [ -87.733471142326565, 13.385468272066975 ], [ -87.733471142326565, 13.371993604442112 ], [ -87.746945809951455, 13.371993604442107 ], [ -87.746945809951455, 13.385468272066973 ] ] ] } },
{ "type": "Feature", "properties": { "class_id": 1, "area_m2": 2174762.7988872761, "class_name": "Muy bajo", "index": "NMDI", "min_value": null, "max_value": null }, "geometry": { "type": "Polygon", "coordinates": [ [ [ -88.043388497698473, 13.385468272066975 ], [ -88.02991383007361, 13.385468272066973 ], [ -88.02991383007361, 13.37199360444211 ], [ -88.043388497698473, 13.371993604442109 ], [ -88.043388497698473, 13.385468272066975 ] ] ] } },
{ "type": "Feature", "properties": { "class_id": 1, "area_m2": 15222439.304007247, "class_name": "Muy bajo", "index": "NMDI", "min_value": null, "max_value": null }, "geometry": { "type": "Polygon", "coordinates": [ [ [ -87.935591156699559, 13.358518936817244 ], [ -87.962540491949284, 13.358518936817244 ], [ -87.962540491949284, 13.371993604442107 ], [ -87.976015159574146, 13.371993604442105 ], [ -87.976015159574146, 13.385468272066969 ], [ -87.962540491949284, 13.385468272066975 ], [ -87.962540491949284, 13.412417607316705 ], [ -87.949065824324421, 13.4124176073167 ], [ -87.949065824324421, 13.385468272066969 ], [ -87.935591156699559, 13.385468272066969 ], [ -87.935591156699559, 13.358518936817244 ] ] ] } },
{ "type": "Feature", "properties": { "class_id": 1, "area_m2": 2174324.4867633325, "class_name": "Muy bajo", "index": "NMDI", "min_value": null, "max_value": null }, "geometry": { "type": "Polygon", "coordinates": [ [ [ -87.760420477576304, 13.398942939691834 ], [ -87.746945809951455, 13.398942939691839 ], [ -87.746945809951455, 13.385468272066973 ], [ -87.760420477576304, 13.385468272066971 ], [ -87.760420477576304, 13.398942939691834 ] ] ] } },
{ "type": "Feature", "properties": { "class_id": 1, "area_m2": 4348582.3176382333, "class_name": "Muy bajo", "index": "NMDI", "min_value": null, "max_value": null }, "geometry": { "type": "Polygon", "coordinates": [ [ [ -87.787369812826029, 13.4124176073167 ], [ -87.773895145201166, 13.4124176073167 ], [ -87.773895145201166, 13.385468272066969 ], [ -87.787369812826029, 13.385468272066968 ], [ -87.787369812826029, 13.4124176073167 ] ] ] } },
{ "type": "Feature", "properties": { "class_id": 1, "area_m2": 4348658.8727692114, "class_name": "Muy bajo", "index": "NMDI", "min_value": null, "max_value": null }, "geometry": { "type": "Polygon", "coordinates": [ [ [ -87.962540491949284, 13.412417607316705 ], [ -87.989489827199009, 13.412417607316705 ], [ -87.989489827199009, 13.425892274941571 ], [ -87.962540491949284, 13.425892274941569 ], [ -87.962540491949284, 13.412417607316705 ] ] ] } },
{ "type": "Feature", "properties": { "class_id": 1, "area_m2": 2173915.6229305686, "class_name": "Muy bajo", "index": "NMDI", "min_value": null, "max_value": null }, "geometry": { "type": "Polygon", "coordinates": [ [ [ -87.814319148075768, 13.439366942566435 ], [ -87.82779381570063, 13.439366942566433 ], [ -87.82779381570063, 13.452841610191303 ], [ -87.814319148075768, 13.4528416101913 ], [ -87.814319148075768, 13.439366942566435 ] ] ] } },
{ "type": "Feature", "properties": { "class_id": 1, "area_m2": 73910007.578622624, "class_name": "Muy bajo", "index": "NMDI", "min_value": null, "max_value": null }, "geometry": { "type": "Polygon", "coordinates": [ [ [ -87.881692486200095, 13.493265613065899 ], [ -87.881692486200095, 13.479790945441035 ], [ -87.895167153824957, 13.47979094544103 ], [ -87.895167153824957, 13.466316277816164 ], [ -87.881692486200095, 13.466316277816166 ], [ -87.881692486200095, 13.452841610191301 ], [ -87.895167153824957, 13.452841610191301 ], [ -87.895167153824957, 13.439366942566435 ], [ -87.881692486200095, 13.43936694256643 ], [ -87.881692486200095, 13.425892274941571 ], [ -87.895167153824957, 13.425892274941571 ], [ -87.895167153824957, 13.398942939691842 ], [ -87.90864182144982, 13.398942939691837 ], [ -87.90864182144982, 13.425892274941571 ], [ -87.922116489074682, 13.425892274941571 ], [ -87.922116489074682, 13.439366942566439 ], [ -87.962540491949284, 13.439366942566433 ], [ -87.962540491949284, 13.452841610191301 ], [ -87.976015159574146, 13.452841610191305 ], [ -87.976015159574146, 13.466316277816167 ], [ -88.016439162448734, 13.466316277816167 ], [ -88.016439162448734, 13.47979094544103 ], [ -88.002964494823871, 13.479790945441032 ], [ -88.002964494823871, 13.493265613065899 ], [ -87.989489827199009, 13.493265613065901 ], [ -87.989489827199009, 13.520214948315626 ], [ -88.002964494823871, 13.520214948315628 ], [ -88.002964494823871, 13.533689615940492 ], [ -87.962540491949284, 13.533689615940492 ], [ -87.962540491949284, 13.520214948315623 ], [ -87.949065824324421, 13.520214948315621 ], [ -87.949065824324421, 13.50674028069076 ], [ -87.962540491949284, 13.506740280690764 ], [ -87.962540491949284, 13.47979094544103 ], [ -87.949065824324421, 13.47979094544103 ], [ -87.949065824324421, 13.466316277816162 ], [ -87.935591156699559, 13.466316277816166 ], [ -87.935591156699559, 13.452841610191301 ], [ -87.90864182144982, 13.4528416101913 ], [ -87.90864182144982, 13.493265613065899 ], [ -87.881692486200095, 13.493265613065899 ] ] ] } },
{ "type": "Feature", "properties": { "class_id": 1, "area_m2": 6520875.9870793475, "class_name": "Muy bajo", "index": "NMDI", "min_value": null, "max_value": null }, "geometry": { "type": "Polygon", "coordinates": [ [ [ -87.935591156699559, 13.479790945441032 ], [ -87.949065824324421, 13.47979094544103 ], [ -87.949065824324421, 13.50674028069076 ], [ -87.922116489074682, 13.506740280690758 ], [ -87.922116489074682, 13.493265613065899 ], [ -87.935591156699559, 13.493265613065899 ], [ -87.935591156699559, 13.479790945441032 ] ] ] } },
{ "type": "Feature", "properties": { "class_id": 1, "area_m2": 2173535.792379031, "class_name": "Muy bajo", "index": "NMDI", "min_value": null, "max_value": null }, "geometry": { "type": "Polygon", "coordinates": [ [ [ -88.016439162448734, 13.520214948315626 ], [ -88.002964494823871, 13.520214948315628 ], [ -88.002964494823871, 13.506740280690758 ], [ -88.016439162448734, 13.50674028069076 ], [ -88.016439162448734, 13.520214948315626 ] ] ] } },
{ "type": "Feature", "properties": { "class_id": 1, "area_m2": 58683581.288808897, "class_name": "Muy bajo", "index": "NMDI", "min_value": null, "max_value": null }, "geometry": { "type": "Polygon", "coordinates": [ [ [ -88.043388497698473, 13.533689615940496 ], [ -88.016439162448734, 13.533689615940496 ], [ -88.016439162448734, 13.520214948315626 ], [ -88.02991383007361, 13.520214948315626 ], [ -88.02991383007361, 13.506740280690762 ], [ -88.070337832948198, 13.506740280690757 ], [ -88.070337832948198, 13.520214948315626 ], [ -88.08381250057306, 13.520214948315623 ], [ -88.08381250057306, 13.506740280690758 ], [ -88.097287168197937, 13.506740280690758 ], [ -88.097287168197937, 13.493265613065899 ], [ -88.124236503447662, 13.493265613065899 ], [ -88.124236503447662, 13.520214948315628 ], [ -88.1107618358228, 13.520214948315626 ], [ -88.1107618358228, 13.560638951190223 ], [ -88.043388497698473, 13.560638951190217 ], [ -88.043388497698473, 13.574113618815085 ], [ -88.016439162448734, 13.574113618815087 ], [ -88.016439162448734, 13.547164283565358 ], [ -88.043388497698473, 13.547164283565358 ], [ -88.043388497698473, 13.533689615940496 ] ], [ [ -88.05686316532335, 13.520214948315626 ], [ -88.05686316532335, 13.533689615940492 ], [ -88.070337832948198, 13.533689615940489 ], [ -88.070337832948198, 13.520214948315626 ], [ -88.05686316532335, 13.520214948315626 ] ], [ [ -88.08381250057306, 13.533689615940489 ], [ -88.08381250057306, 13.547164283565353 ], [ -88.097287168197937, 13.547164283565358 ], [ -88.097287168197937, 13.533689615940492 ], [ -88.08381250057306, 13.533689615940489 ] ] ] } },
{ "type": "Feature", "properties": { "class_id": 1, "area_m2": 2173046.0862481538, "class_name": "Muy bajo", "index": "NMDI", "min_value": null, "max_value": null }, "geometry": { "type": "Polygon", "coordinates": [ [ [ -87.90864182144982, 13.560638951190221 ], [ -87.895167153824957, 13.560638951190223 ], [ -87.895167153824957, 13.547164283565358 ], [ -87.90864182144982, 13.547164283565358 ], [ -87.90864182144982, 13.560638951190221 ] ] ] } },
{ "type": "Feature", "properties": { "class_id": 1, "area_m2": 4346060.455885984, "class_name": "Muy bajo", "index": "NMDI", "min_value": null, "max_value": null }, "geometry": { "type": "Polygon", "coordinates": [ [ [ -88.002964494823871, 13.574113618815089 ], [ -87.976015159574146, 13.574113618815083 ], [ -87.976015159574146, 13.560638951190215 ], [ -88.002964494823871, 13.560638951190223 ], [ -88.002964494823871, 13.574113618815089 ] ] ] } },
{ "type": "Feature", "properties": { "class_id": 1, "area_m2": 2172539.7687269058, "class_name": "Muy bajo", "index": "NMDI", "min_value": null, "max_value": null }, "geometry": { "type": "Polygon", "coordinates": [ [ [ -87.989489827199009, 13.61453762168968 ], [ -87.989489827199009, 13.628012289314549 ], [ -87.976015159574146, 13.628012289314546 ], [ -87.976015159574146, 13.61453762168968 ], [ -87.989489827199009, 13.61453762168968 ] ] ] } },
{ "type": "Feature", "properties": { "class_id": 1, "area_m2": 2172402.4195927959, "class_name": "Muy bajo", "index": "NMDI", "min_value": null, "max_value": null }, "geometry": { "type": "Polygon", "coordinates": [ [ [ -87.976015159574146, 13.641486956939413 ], [ -87.962540491949284, 13.641486956939412 ], [ -87.962540491949284, 13.628012289314549 ], [ -87.976015159574146, 13.628012289314546 ], [ -87.976015159574146, 13.641486956939413 ] ] ] } },
{ "type": "Feature", "properties": { "class_id": 1, "area_m2": 2172402.0941489688, "class_name": "Muy bajo", "index": "NMDI", "min_value": null, "max_value": null }, "geometry": { "type": "Polygon", "coordinates": [ [ [ -88.070337832948198, 13.654961624564278 ], [ -88.05686316532335, 13.65496162456428 ], [ -88.05686316532335, 13.641486956939412 ], [ -88.070337832948198, 13.641486956939413 ], [ -88.070337832948198, 13.654961624564278 ] ] ] } },
{ "type": "Feature", "properties": { "class_id": 1, "area_m2": 2172263.1263823379, "class_name": "Muy bajo", "index": "NMDI", "min_value": null, "max_value": null }, "geometry": { "type": "Polygon", "coordinates": [ [ [ -88.043388497698473, 13.654961624564283 ], [ -88.05686316532335, 13.65496162456428 ], [ -88.05686316532335, 13.668436292189138 ], [ -88.043388497698473, 13.668436292189137 ], [ -88.043388497698473, 13.654961624564283 ] ] ] } },
{ "type": "Feature", "properties": { "class_id": 1, "area_m2": 2171565.8373592445, "class_name": "Muy bajo", "index": "NMDI", "min_value": null, "max_value": null }, "geometry": { "type": "Polygon", "coordinates": [ [ [ -87.868217818575218, 13.708860295063744 ], [ -87.881692486200095, 13.708860295063744 ], [ -87.881692486200095, 13.722334962688606 ], [ -87.868217818575218, 13.722334962688606 ], [ -87.868217818575218, 13.708860295063744 ] ] ] } },
{ "type": "Feature", "properties": { "class_id": 1, "area_m2": 2171795.6298864619, "class_name": "Muy bajo", "index": "NMDI", "min_value": null, "max_value": null }, "geometry": { "type": "Polygon", "coordinates": [ [ [ -88.05686316532335, 13.708860295063738 ], [ -88.070337832948198, 13.708860295063735 ], [ -88.070337832948198, 13.722334962688604 ], [ -88.05686316532335, 13.722334962688603 ], [ -88.05686316532335, 13.708860295063738 ] ] ] } },
{ "type": "Feature", "properties": { "class_id": 1, "area_m2": 2170888.6922172327, "class_name": "Muy bajo", "index": "NMDI", "min_value": null, "max_value": null }, "geometry": { "type": "Polygon", "coordinates": [ [ [ -88.02991383007361, 13.816657636062663 ], [ -88.016439162448734, 13.81665763606266 ], [ -88.016439162448734, 13.803182968437794 ], [ -88.02991383007361, 13.803182968437797 ], [ -88.02991383007361, 13.816657636062663 ] ] ] } },
{ "type": "Feature", "properties": { "class_id": 1, "area_m2": 2170643.6537825149, "class_name": "Muy bajo", "index": "NMDI", "min_value": null, "max_value": null }, "geometry": { "type": "Polygon", "coordinates": [ [ [ -88.02991383007361, 13.84360697131239 ], [ -88.016439162448734, 13.84360697131239 ], [ -88.016439162448734, 13.830132303687522 ], [ -88.02991383007361, 13.830132303687522 ], [ -88.02991383007361, 13.84360697131239 ] ] ] } },
{ "type": "Feature", "properties": { "class_id": 1, "area_m2": 2170207.0229809121, "class_name": "Muy bajo", "index": "NMDI", "min_value": null, "max_value": null }, "geometry": { "type": "Polygon", "coordinates": [ [ [ -87.854743150950355, 13.85708163893726 ], [ -87.868217818575218, 13.85708163893726 ], [ -87.868217818575218, 13.870556306562126 ], [ -87.854743150950355, 13.870556306562127 ], [ -87.854743150950355, 13.85708163893726 ] ] ] } },
{ "type": "Feature", "properties": { "class_id": 1, "area_m2": 2170487.4654918676, "class_name": "Muy bajo", "index": "NMDI", "min_value": null, "max_value": null }, "geometry": { "type": "Polygon", "coordinates": [ [ [ -88.097287168197937, 13.870556306562122 ], [ -88.08381250057306, 13.870556306562124 ], [ -88.08381250057306, 13.857081638937263 ], [ -88.097287168197937, 13.857081638937258 ], [ -88.097287168197937, 13.870556306562122 ] ] ] } },
{ "type": "Feature", "properties": { "class_id": 1, "area_m2": 2170098.796165044, "class_name": "Muy bajo", "index": "NMDI", "min_value": null, "max_value": null }, "geometry": { "type": "Polygon", "coordinates": [ [ [ -87.881692486200095, 13.884030974186986 ], [ -87.868217818575218, 13.884030974186986 ], [ -87.868217818575218, 13.870556306562126 ], [ -87.881692486200095, 13.870556306562129 ], [ -87.881692486200095, 13.884030974186986 ] ] ] } },
{ "type": "Feature", "properties": { "class_id": 1, "area_m2": 13018575.643360713, "class_name": "Muy bajo", "index": "NMDI", "min_value": null, "max_value": null }, "geometry": { "type": "Polygon", "coordinates": [ [ [ -87.814319148075768, 13.870556306562124 ], [ -87.82779381570063, 13.870556306562124 ], [ -87.82779381570063, 13.937929644686443 ], [ -87.814319148075768, 13.937929644686449 ], [ -87.814319148075768, 13.924454977061581 ], [ -87.800844480450891, 13.924454977061584 ], [ -87.800844480450891, 13.910980309436722 ], [ -87.814319148075768, 13.91098030943672 ], [ -87.814319148075768, 13.870556306562124 ] ] ] } },
{ "type": "Feature", "properties": { "class_id": 1, "area_m2": 15189147.65318037, "class_name": "Muy bajo", "index": "NMDI", "min_value": null, "max_value": null }, "geometry": { "type": "Polygon", "coordinates": [ [ [ -87.90864182144982, 13.884030974186986 ], [ -87.90864182144982, 13.924454977061584 ], [ -87.868217818575218, 13.924454977061584 ], [ -87.868217818575218, 13.910980309436724 ], [ -87.881692486200095, 13.91098030943672 ], [ -87.881692486200095, 13.884030974186986 ], [ -87.90864182144982, 13.884030974186986 ] ] ] } },
{ "type": "Feature", "properties": { "class_id": 1, "area_m2": 2169591.3585192785, "class_name": "Muy bajo", "index": "NMDI", "min_value": null, "max_value": null }, "geometry": { "type": "Polygon", "coordinates": [ [ [ -87.868217818575218, 13.924454977061584 ], [ -87.868217818575218, 13.937929644686449 ], [ -87.854743150950355, 13.937929644686447 ], [ -87.854743150950355, 13.924454977061579 ], [ -87.868217818575218, 13.924454977061584 ] ] ] } },
{ "type": "Feature", "properties": { "class_id": 2, "area_m2": 36994465.111734733, "class_name": "Bajo", "index": "NMDI", "min_value": null, "max_value": null }, "geometry": { "type": "Polygon", "coordinates": [ [ [ -89.175260578187149, 13.452841610191301 ], [ -89.215684581061751, 13.452841610191301 ], [ -89.215684581061751, 13.466316277816166 ], [ -89.175260578187149, 13.466316277816162 ], [ -89.175260578187149, 13.506740280690758 ], [ -89.134836575312562, 13.506740280690757 ], [ -89.134836575312562, 13.520214948315621 ], [ -89.107887240062837, 13.520214948315621 ], [ -89.107887240062837, 13.506740280690764 ], [ -89.121361907687685, 13.506740280690764 ], [ -89.121361907687685, 13.493265613065899 ], [ -89.134836575312562, 13.493265613065899 ], [ -89.134836575312562, 13.452841610191301 ], [ -89.161785910562287, 13.452841610191301 ], [ -89.161785910562287, 13.439366942566433 ], [ -89.175260578187149, 13.439366942566432 ], [ -89.175260578187149, 13.452841610191301 ] ], [ [ -89.148311242937424, 13.466316277816164 ], [ -89.148311242937424, 13.493265613065899 ], [ -89.161785910562287, 13.493265613065899 ], [ -89.161785910562287, 13.466316277816166 ], [ -89.148311242937424, 13.466316277816164 ] ] ] } },
{ "type": "Feature", "properties": { "class_id": 2, "area_m2": 89222596.418783143, "class_name": "Bajo", "index": "NMDI", "min_value": null, "max_value": null }, "geometry": { "type": "Polygon", "coordinates": [ [ [ -89.29653258681094, 13.547164283565358 ], [ -89.269583251561215, 13.547164283565355 ], [ -89.269583251561215, 13.533689615940492 ], [ -89.256108583936339, 13.533689615940496 ], [ -89.256108583936339, 13.574113618815089 ], [ -89.242633916311476, 13.574113618815087 ], [ -89.242633916311476, 13.493265613065898 ], [ -89.229159248686628, 13.493265613065899 ], [ -89.229159248686628, 13.47979094544103 ], [ -89.215684581061751, 13.479790945441032 ], [ -89.215684581061751, 13.466316277816166 ], [ -89.256108583936339, 13.466316277816162 ], [ -89.256108583936339, 13.47979094544103 ], [ -89.323481922060665, 13.479790945441032 ], [ -89.323481922060665, 13.493265613065898 ], [ -89.350431257310419, 13.493265613065899 ], [ -89.350431257310419, 13.506740280690762 ], [ -89.336956589685542, 13.506740280690758 ], [ -89.336956589685542, 13.533689615940492 ], [ -89.310007254435803, 13.533689615940494 ], [ -89.310007254435803, 13.547164283565358 ], [ -89.336956589685542, 13.547164283565358 ], [ -89.336956589685542, 13.560638951190221 ], [ -89.29653258681094, 13.560638951190221 ], [ -89.29653258681094, 13.547164283565358 ] ] ] } },
{ "type": "Feature", "properties": { "class_id": 2, "area_m2": 2175811.5638873749, "class_name": "Bajo", "index": "NMDI", "min_value": null, "max_value": null }, "geometry": { "type": "Polygon", "coordinates": [ [ [ -89.188735245812012, 13.520214948315623 ], [ -89.202209913436889, 13.520214948315626 ], [ -89.202209913436889, 13.533689615940492 ], [ -89.188735245812012, 13.533689615940492 ], [ -89.188735245812012, 13.520214948315623 ] ] ] } },
{ "type": "Feature", "properties": { "class_id": 2, "area_m2": 15238704.705699926, "class_name": "Bajo", "index": "NMDI", "min_value": null, "max_value": null }, "geometry": { "type": "Polygon", "coordinates": [ [ [ -89.579500606933109, 13.520214948315623 ], [ -89.606449942182834, 13.520214948315623 ], [ -89.606449942182834, 13.533689615940492 ], [ -89.579500606933109, 13.533689615940494 ], [ -89.579500606933109, 13.54716428356536 ], [ -89.566025939308247, 13.547164283565357 ], [ -89.566025939308247, 13.520214948315626 ], [ -89.539076604058522, 13.520214948315623 ], [ -89.539076604058522, 13.506740280690762 ], [ -89.579500606933109, 13.506740280690762 ], [ -89.579500606933109, 13.520214948315623 ] ] ] } },
{ "type": "Feature", "properties": { "class_id": 2, "area_m2": 2177092.8370092525, "class_name": "Bajo", "index": "NMDI", "min_value": null, "max_value": null }, "geometry": { "type": "Polygon", "coordinates": [ [ [ -89.660348612682313, 13.547164283565353 ], [ -89.646873945057436, 13.547164283565358 ], [ -89.646873945057436, 13.533689615940494 ], [ -89.660348612682313, 13.533689615940492 ], [ -89.660348612682313, 13.547164283565353 ] ] ] } },
{ "type": "Feature", "properties": { "class_id": 2, "area_m2": 4350757.2163461531, "class_name": "Bajo", "index": "NMDI", "min_value": null, "max_value": null }, "geometry": { "type": "Polygon", "coordinates": [ [ [ -89.242633916311476, 13.587588286439953 ], [ -89.269583251561215, 13.587588286439953 ], [ -89.269583251561215, 13.601062954064812 ], [ -89.242633916311476, 13.601062954064814 ], [ -89.242633916311476, 13.587588286439953 ] ] ] } },
{ "type": "Feature", "properties": { "class_id": 2, "area_m2": 2175633.2416594131, "class_name": "Bajo", "index": "NMDI", "min_value": null, "max_value": null }, "geometry": { "type": "Polygon", "coordinates": [ [ [ -89.431279263059594, 13.628012289314549 ], [ -89.417804595434731, 13.628012289314546 ], [ -89.417804595434731, 13.614537621689681 ], [ -89.431279263059594, 13.614537621689683 ], [ -89.431279263059594, 13.628012289314549 ] ] ] } },
{ "type": "Feature", "properties": { "class_id": 2, "area_m2": 2174554.3067788817, "class_name": "Bajo", "index": "NMDI", "min_value": null, "max_value": null }, "geometry": { "type": "Polygon", "coordinates": [ [ [ -89.09441257243796, 13.641486956939415 ], [ -89.080937904813098, 13.641486956939415 ], [ -89.080937904813098, 13.628012289314547 ], [ -89.09441257243796, 13.628012289314549 ], [ -89.09441257243796, 13.641486956939415 ] ] ] } },
{ "type": "Feature", "properties": { "class_id": 2, "area_m2": 2174540.337669563, "class_name": "Bajo", "index": "NMDI", "min_value": null, "max_value": null }, "geometry": { "type": "Polygon", "coordinates": [ [ [ -89.121361907687685, 13.641486956939413 ], [ -89.134836575312562, 13.641486956939417 ], [ -89.134836575312562, 13.654961624564281 ], [ -89.121361907687685, 13.654961624564283 ], [ -89.121361907687685, 13.641486956939413 ] ] ] } },
{ "type": "Feature", "properties": { "class_id": 2, "area_m2": 2174565.1921485094, "class_name": "Bajo", "index": "NMDI", "min_value": null, "max_value": null }, "geometry": { "type": "Polygon", "coordinates": [ [ [ -89.188735245812012, 13.668436292189137 ], [ -89.175260578187149, 13.668436292189146 ], [ -89.175260578187149, 13.65496162456428 ], [ -89.188735245812012, 13.654961624564278 ], [ -89.188735245812012, 13.668436292189137 ] ] ] } },
{ "type": "Feature", "properties": { "class_id": 2, "area_m2": 2174175.7152621993, "class_name": "Bajo", "index": "NMDI", "min_value": null, "max_value": null }, "geometry": { "type": "Polygon", "coordinates": [ [ [ -89.134836575312562, 13.695385627438874 ], [ -89.121361907687685, 13.695385627438874 ], [ -89.121361907687685, 13.68191095981401 ], [ -89.134836575312562, 13.681910959814013 ], [ -89.134836575312562, 13.695385627438874 ] ] ] } },
{ "type": "Feature", "properties": { "class_id": 2, "area_m2": 2174017.9612090103, "class_name": "Bajo", "index": "NMDI", "min_value": null, "max_value": null }, "geometry": { "type": "Polygon", "coordinates": [ [ [ -89.107887240062837, 13.695385627438874 ], [ -89.121361907687685, 13.695385627438874 ], [ -89.121361907687685, 13.708860295063742 ], [ -89.107887240062837, 13.708860295063735 ], [ -89.107887240062837, 13.695385627438874 ] ] ] } },
{ "type": "Feature", "properties": { "class_id": 2, "area_m2": 6522490.1690373998, "class_name": "Bajo", "index": "NMDI", "min_value": null, "max_value": null }, "geometry": { "type": "Polygon", "coordinates": [ [ [ -89.148311242937424, 13.695385627438876 ], [ -89.188735245812012, 13.695385627438874 ], [ -89.188735245812012, 13.70886029506374 ], [ -89.148311242937424, 13.70886029506374 ], [ -89.148311242937424, 13.695385627438876 ] ] ] } },
{ "type": "Feature", "properties": { "class_id": 2, "area_m2": 2173774.0659349309, "class_name": "Bajo", "index": "NMDI", "min_value": null, "max_value": null }, "geometry": { "type": "Polygon", "coordinates": [ [ [ -89.107887240062837, 13.722334962688603 ], [ -89.121361907687685, 13.722334962688606 ], [ -89.121361907687685, 13.735809630313472 ], [ -89.107887240062837, 13.735809630313467 ], [ -89.107887240062837, 13.722334962688603 ] ] ] } },
{ "type": "Feature", "properties": { "class_id": 2, "area_m2": 4353708.0383747956, "class_name": "Bajo", "index": "NMDI", "min_value": null, "max_value": null }, "geometry": { "type": "Polygon", "coordinates": [ [ [ -90.10501264430286, 13.749284297938337 ], [ -90.078063309053121, 13.749284297938337 ], [ -90.078063309053121, 13.735809630313472 ], [ -90.10501264430286, 13.735809630313472 ], [ -90.10501264430286, 13.749284297938337 ] ] ] } },
{ "type": "Feature", "properties": { "class_id": 2, "area_m2": 2175994.2164493836, "class_name": "Bajo", "index": "NMDI", "min_value": null, "max_value": null }, "geometry": { "type": "Polygon", "coordinates": [ [ [ -89.902892629929894, 13.762758965563197 ], [ -89.889417962305018, 13.762758965563197 ], [ -89.889417962305018, 13.749284297938337 ], [ -89.902892629929894, 13.749284297938337 ], [ -89.902892629929894, 13.762758965563197 ] ] ] } },
{ "type": "Feature", "properties": { "class_id": 2, "area_m2": 58674356.566506915, "class_name": "Bajo", "index": "NMDI", "min_value": null, "max_value": null }, "geometry": { "type": "Polygon", "coordinates": [ [ [ -89.09441257243796, 13.749284297938337 ], [ -89.148311242937424, 13.749284297938337 ], [ -89.148311242937424, 13.762758965563203 ], [ -89.134836575312562, 13.762758965563199 ], [ -89.134836575312562, 13.77623363318807 ], [ -89.09441257243796, 13.776233633188063 ], [ -89.09441257243796, 13.803182968437794 ], [ -89.080937904813098, 13.803182968437797 ], [ -89.080937904813098, 13.843606971312392 ], [ -89.053988569563359, 13.84360697131239 ], [ -89.053988569563359, 13.830132303687522 ], [ -89.040513901938496, 13.83013230368752 ], [ -89.040513901938496, 13.803182968437797 ], [ -89.027039234313634, 13.803182968437797 ], [ -89.027039234313634, 13.789708300812933 ], [ -89.053988569563359, 13.789708300812931 ], [ -89.053988569563359, 13.762758965563199 ], [ -89.067463237188235, 13.762758965563197 ], [ -89.067463237188235, 13.749284297938337 ], [ -89.080937904813098, 13.749284297938331 ], [ -89.080937904813098, 13.762758965563199 ], [ -89.09441257243796, 13.762758965563197 ], [ -89.09441257243796, 13.749284297938337 ] ] ] } },
{ "type": "Feature", "properties": { "class_id": 2, "area_m2": 6521822.0539858928, "class_name": "Bajo", "index": "NMDI", "min_value": null, "max_value": null }, "geometry": { "type": "Polygon", "coordinates": [ [ [ -89.552551271683384, 13.84360697131239 ], [ -89.579500606933109, 13.84360697131239 ], [ -89.579500606933109, 13.870556306562124 ], [ -89.566025939308247, 13.870556306562127 ], [ -89.566025939308247, 13.857081638937261 ], [ -89.552551271683384, 13.85708163893726 ], [ -89.552551271683384, 13.84360697131239 ] ] ] } },
{ "type": "Feature", "properties": { "class_id": 2, "area_m2": 2173681.651541586, "class_name": "Bajo", "index": "NMDI", "min_value": null, "max_value": null }, "geometry": { "type": "Polygon", "coordinates": [ [ [ -89.512127268808783, 13.870556306562124 ], [ -89.49865260118392, 13.87055630656212 ], [ -89.49865260118392, 13.857081638937258 ], [ -89.512127268808783, 13.857081638937261 ], [ -89.512127268808783, 13.870556306562124 ] ] ] } },
{ "type": "Feature", "properties": { "class_id": 2, "area_m2": 2174072.813296956, "class_name": "Bajo", "index": "NMDI", "min_value": null, "max_value": null }, "geometry": { "type": "Polygon", "coordinates": [ [ [ -89.619924609807711, 13.857081638937258 ], [ -89.633399277432574, 13.857081638937256 ], [ -89.633399277432574, 13.870556306562124 ], [ -89.619924609807711, 13.870556306562122 ], [ -89.619924609807711, 13.857081638937258 ] ] ] } },
{ "type": "Feature", "properties": { "class_id": 2, "area_m2": 2172265.123633259, "class_name": "Bajo", "index": "NMDI", "min_value": null, "max_value": null }, "geometry": { "type": "Polygon", "coordinates": [ [ [ -89.107887240062837, 13.897505641811856 ], [ -89.09441257243796, 13.897505641811854 ], [ -89.09441257243796, 13.884030974186986 ], [ -89.107887240062837, 13.884030974186986 ], [ -89.107887240062837, 13.897505641811856 ] ] ] } },
{ "type": "Feature", "properties": { "class_id": 2, "area_m2": 4347255.5519647049, "class_name": "Bajo", "index": "NMDI", "min_value": null, "max_value": null }, "geometry": { "type": "Polygon", "coordinates": [ [ [ -89.579500606933109, 13.897505641811851 ], [ -89.552551271683384, 13.897505641811852 ], [ -89.552551271683384, 13.884030974186985 ], [ -89.579500606933109, 13.884030974186985 ], [ -89.579500606933109, 13.897505641811851 ] ] ] } },
{ "type": "Feature", "properties": { "class_id": 2, "area_m2": 2174423.1726993676, "class_name": "Bajo", "index": "NMDI", "min_value": null, "max_value": null }, "geometry": { "type": "Polygon", "coordinates": [ [ [ -89.795095288930952, 13.884030974186985 ], [ -89.808569956555814, 13.884030974186981 ], [ -89.808569956555814, 13.897505641811854 ], [ -89.795095288930952, 13.897505641811852 ], [ -89.795095288930952, 13.884030974186985 ] ] ] } },
{ "type": "Feature", "properties": { "class_id": 2, "area_m2": 2173019.5486791646, "class_name": "Bajo", "index": "NMDI", "min_value": null, "max_value": null }, "geometry": { "type": "Polygon", "coordinates": [ [ [ -89.404329927809869, 13.897505641811854 ], [ -89.417804595434731, 13.897505641811852 ], [ -89.417804595434731, 13.910980309436718 ], [ -89.404329927809869, 13.910980309436722 ], [ -89.404329927809869, 13.897505641811854 ] ] ] } },
{ "type": "Feature", "properties": { "class_id": 2, "area_m2": 2174318.6051336643, "class_name": "Bajo", "index": "NMDI", "min_value": null, "max_value": null }, "geometry": { "type": "Polygon", "coordinates": [ [ [ -89.848993959430416, 13.924454977061583 ], [ -89.835519291805554, 13.924454977061579 ], [ -89.835519291805554, 13.91098030943672 ], [ -89.848993959430416, 13.91098030943672 ], [ -89.848993959430416, 13.924454977061583 ] ] ] } },
{ "type": "Feature", "properties": { "class_id": 2, "area_m2": 2173770.5936028529, "class_name": "Bajo", "index": "NMDI", "min_value": null, "max_value": null }, "geometry": { "type": "Polygon", "coordinates": [ [ [ -89.727721950806625, 13.924454977061584 ], [ -89.727721950806625, 13.93792964468645 ], [ -89.714247283181763, 13.93792964468645 ], [ -89.714247283181763, 13.924454977061584 ], [ -89.727721950806625, 13.924454977061584 ] ] ] } },
{ "type": "Feature", "properties": { "class_id": 2, "area_m2": 6411256541.2049112, "class_name": "Bajo", "index": "NMDI", "min_value": null, "max_value": null }, "geometry": { "type": "Polygon", "coordinates": [ [ [ -89.269583251561215, 14.396068343931868 ], [ -89.269583251561215, 14.382593676306998 ], [ -89.256108583936339, 14.382593676307 ], [ -89.256108583936339, 14.396068343931857 ], [ -89.242633916311476, 14.396068343931869 ], [ -89.242633916311476, 14.369119008682134 ], [ -89.269583251561215, 14.369119008682141 ], [ -89.269583251561215, 14.342169673432405 ], [ -89.215684581061751, 14.342169673432402 ], [ -89.215684581061751, 14.369119008682141 ], [ -89.188735245812012, 14.369119008682137 ], [ -89.188735245812012, 14.355644341057275 ], [ -89.175260578187149, 14.355644341057275 ], [ -89.175260578187149, 14.369119008682141 ], [ -89.134836575312562, 14.369119008682137 ], [ -89.134836575312562, 14.355644341057275 ], [ -89.107887240062837, 14.355644341057275 ], [ -89.107887240062837, 14.369119008682141 ], [ -89.121361907687685, 14.369119008682141 ], [ -89.121361907687685, 14.396068343931869 ], [ -89.107887240062837, 14.396068343931869 ], [ -89.107887240062837, 14.382593676306998 ], [ -89.09441257243796, 14.382593676307003 ], [ -89.09441257243796, 14.355644341057271 ], [ -89.080937904813098, 14.355644341057275 ], [ -89.080937904813098, 14.342169673432409 ], [ -89.067463237188235, 14.342169673432409 ], [ -89.067463237188235, 14.328695005807532 ], [ -89.040513901938496, 14.328695005807536 ], [ -89.040513901938496, 14.315220338182669 ], [ -89.027039234313634, 14.315220338182671 ], [ -89.027039234313634, 14.274796335308078 ], [ -89.013564566688771, 14.274796335308082 ], [ -89.013564566688771, 14.261321667683214 ], [ -89.000089899063909, 14.261321667683218 ], [ -89.000089899063909, 14.247847000058352 ], [ -88.986615231439046, 14.247847000058348 ], [ -88.986615231439046, 14.234372332433487 ], [ -88.973140563814169, 14.234372332433486 ], [ -88.973140563814169, 14.207422997183748 ], [ -88.905767225689843, 14.207422997183755 ], [ -88.905767225689843, 14.180473661934025 ], [ -88.932716560939582, 14.180473661934027 ], [ -88.932716560939582, 14.153524326684293 ], [ -88.905767225689843, 14.153524326684291 ], [ -88.905767225689843, 14.166998994309155 ], [ -88.89229255806498, 14.166998994309155 ], [ -88.89229255806498, 14.193948329558889 ], [ -88.878817890440118, 14.193948329558882 ], [ -88.878817890440118, 14.180473661934025 ], [ -88.865343222815255, 14.180473661934029 ], [ -88.865343222815255, 14.153524326684289 ], [ -88.851868555190393, 14.153524326684295 ], [ -88.851868555190393, 14.126574991434564 ], [ -88.838393887565516, 14.126574991434564 ], [ -88.838393887565516, 14.113100323809695 ], [ -88.811444552315791, 14.1131003238097 ], [ -88.811444552315791, 14.126574991434564 ], [ -88.797969884690929, 14.126574991434568 ], [ -88.797969884690929, 14.153524326684291 ], [ -88.784495217066066, 14.153524326684289 ], [ -88.784495217066066, 14.140049659059425 ], [ -88.744071214191464, 14.140049659059432 ], [ -88.744071214191464, 14.113100323809695 ], [ -88.730596546566602, 14.113100323809698 ], [ -88.730596546566602, 14.099625656184834 ], [ -88.744071214191464, 14.099625656184834 ], [ -88.744071214191464, 14.086150988559968 ], [ -88.784495217066066, 14.086150988559963 ], [ -88.784495217066066, 14.072676320935102 ], [ -88.744071214191464, 14.072676320935106 ], [ -88.744071214191464, 14.045726985685366 ], [ -88.71712187894174, 14.045726985685366 ], [ -88.71712187894174, 14.032252318060507 ], [ -88.703647211316863, 14.032252318060511 ], [ -88.703647211316863, 14.04572698568537 ], [ -88.690172543692, 14.04572698568537 ], [ -88.690172543692, 14.005302982810772 ], [ -88.663223208442275, 14.005302982810772 ], [ -88.663223208442275, 14.018777650435641 ], [ -88.622799205567674, 14.018777650435643 ], [ -88.622799205567674, 14.005302982810779 ], [ -88.582375202693086, 14.005302982810772 ], [ -88.582375202693086, 13.991828315185906 ], [ -88.568900535068209, 13.991828315185911 ], [ -88.568900535068209, 13.978353647561047 ], [ -88.501527196943883, 13.978353647561045 ], [ -88.501527196943883, 13.924454977061583 ], [ -88.541951199818484, 13.924454977061584 ], [ -88.541951199818484, 13.937929644686447 ], [ -88.528476532193622, 13.937929644686449 ], [ -88.528476532193622, 13.951404312311311 ], [ -88.555425867443347, 13.951404312311318 ], [ -88.555425867443347, 13.964878979936183 ], [ -88.582375202693086, 13.964878979936181 ], [ -88.582375202693086, 13.951404312311309 ], [ -88.595849870317949, 13.951404312311311 ], [ -88.595849870317949, 13.924454977061584 ], [ -88.609324537942811, 13.924454977061583 ], [ -88.609324537942811, 13.964878979936181 ], [ -88.622799205567674, 13.964878979936181 ], [ -88.622799205567674, 13.991828315185911 ], [ -88.636273873192536, 13.991828315185911 ], [ -88.636273873192536, 13.978353647561041 ], [ -88.649748540817413, 13.978353647561045 ], [ -88.649748540817413, 13.991828315185911 ], [ -88.663223208442275, 13.991828315185911 ], [ -88.663223208442275, 13.964878979936181 ], [ -88.676697876067138, 13.964878979936181 ], [ -88.676697876067138, 13.937929644686445 ], [ -88.690172543692, 13.937929644686447 ], [ -88.690172543692, 13.964878979936183 ], [ -88.71712187894174, 13.964878979936177 ], [ -88.71712187894174, 13.951404312311311 ], [ -88.771020549441189, 13.951404312311315 ], [ -88.771020549441189, 13.964878979936181 ], [ -88.757545881816327, 13.964878979936181 ], [ -88.757545881816327, 13.978353647561047 ], [ -88.744071214191464, 13.97835364756105 ], [ -88.744071214191464, 13.991828315185911 ], [ -88.757545881816327, 13.991828315185911 ], [ -88.757545881816327, 14.005302982810777 ], [ -88.784495217066066, 14.005302982810772 ], [ -88.784495217066066, 13.97835364756104 ], [ -88.811444552315791, 13.978353647561045 ], [ -88.811444552315791, 14.005302982810774 ], [ -88.824919219940654, 14.005302982810774 ], [ -88.824919219940654, 13.991828315185911 ], [ -88.838393887565516, 13.991828315185906 ], [ -88.838393887565516, 13.978353647561047 ], [ -88.865343222815255, 13.978353647561047 ], [ -88.865343222815255, 14.005302982810774 ], [ -88.89229255806498, 14.005302982810772 ], [ -88.89229255806498, 14.018777650435641 ], [ -88.91924189331472, 14.018777650435641 ], [ -88.91924189331472, 14.005302982810777 ], [ -88.905767225689843, 14.005302982810775 ], [ -88.905767225689843, 13.978353647561045 ], [ -88.89229255806498, 13.97835364756105 ], [ -88.89229255806498, 13.964878979936181 ], [ -88.932716560939582, 13.964878979936181 ], [ -88.932716560939582, 13.951404312311315 ], [ -88.946191228564444, 13.951404312311315 ], [ -88.946191228564444, 13.964878979936184 ], [ -88.973140563814169, 13.964878979936181 ], [ -88.973140563814169, 13.991828315185911 ], [ -89.000089899063909, 13.991828315185911 ], [ -89.000089899063909, 14.045726985685366 ], [ -89.013564566688771, 14.045726985685366 ], [ -89.013564566688771, 14.059201653310234 ], [ -89.027039234313634, 14.05920165331024 ], [ -89.027039234313634, 14.072676320935102 ], [ -89.053988569563359, 14.072676320935102 ], [ -89.053988569563359, 14.086150988559968 ], [ -89.067463237188235, 14.086150988559968 ], [ -89.067463237188235, 14.1131003238097 ], [ -89.080937904813098, 14.113100323809698 ], [ -89.080937904813098, 14.099625656184829 ], [ -89.148311242937424, 14.099625656184829 ], [ -89.148311242937424, 14.113100323809698 ], [ -89.107887240062837, 14.1131003238097 ], [ -89.107887240062837, 14.126574991434564 ], [ -89.148311242937424, 14.126574991434564 ], [ -89.148311242937424, 14.140049659059423 ], [ -89.161785910562287, 14.140049659059425 ], [ -89.161785910562287, 14.126574991434563 ], [ -89.175260578187149, 14.126574991434563 ], [ -89.175260578187149, 14.140049659059422 ], [ -89.202209913436889, 14.140049659059429 ], [ -89.202209913436889, 14.113100323809698 ], [ -89.188735245812012, 14.113100323809698 ], [ -89.188735245812012, 14.099625656184834 ], [ -89.175260578187149, 14.099625656184827 ], [ -89.175260578187149, 14.072676320935102 ], [ -89.161785910562287, 14.072676320935102 ], [ -89.161785910562287, 14.059201653310234 ], [ -89.175260578187149, 14.059201653310234 ], [ -89.175260578187149, 14.032252318060502 ], [ -89.148311242937424, 14.0322523180605 ], [ -89.148311242937424, 14.045726985685372 ], [ -89.134836575312562, 14.045726985685368 ], [ -89.134836575312562, 14.018777650435641 ], [ -89.121361907687685, 14.018777650435647 ], [ -89.121361907687685, 13.964878979936183 ], [ -89.107887240062837, 13.964878979936179 ], [ -89.107887240062837, 13.951404312311309 ], [ -89.134836575312562, 13.951404312311309 ], [ -89.134836575312562, 13.924454977061584 ], [ -89.148311242937424, 13.924454977061581 ], [ -89.148311242937424, 13.93792964468645 ], [ -89.175260578187149, 13.937929644686447 ], [ -89.175260578187149, 13.91098030943672 ], [ -89.161785910562287, 13.91098030943672 ], [ -89.161785910562287, 13.870556306562122 ], [ -89.175260578187149, 13.870556306562124 ], [ -89.175260578187149, 13.857081638937258 ], [ -89.161785910562287, 13.85708163893726 ], [ -89.161785910562287, 13.843606971312393 ], [ -89.175260578187149, 13.843606971312392 ], [ -89.175260578187149, 13.830132303687524 ], [ -89.215684581061751, 13.83013230368752 ], [ -89.215684581061751, 13.81665763606266 ], [ -89.202209913436889, 13.816657636062663 ], [ -89.202209913436889, 13.803182968437795 ], [ -89.188735245812012, 13.803182968437797 ], [ -89.188735245812012, 13.776233633188063 ], [ -89.202209913436889, 13.776233633188067 ], [ -89.202209913436889, 13.789708300812931 ], [ -89.242633916311476, 13.789708300812933 ], [ -89.242633916311476, 13.762758965563203 ], [ -89.229159248686628, 13.762758965563195 ], [ -89.229159248686628, 13.749284297938338 ], [ -89.215684581061751, 13.749284297938337 ], [ -89.215684581061751, 13.735809630313472 ], [ -89.202209913436889, 13.73580963031347 ], [ -89.202209913436889, 13.708860295063737 ], [ -89.215684581061751, 13.70886029506374 ], [ -89.215684581061751, 13.654961624564283 ], [ -89.202209913436889, 13.654961624564276 ], [ -89.202209913436889, 13.641486956939412 ], [ -89.215684581061751, 13.641486956939413 ], [ -89.215684581061751, 13.628012289314549 ], [ -89.202209913436889, 13.628012289314546 ], [ -89.202209913436889, 13.614537621689683 ], [ -89.229159248686628, 13.61453762168968 ], [ -89.229159248686628, 13.628012289314546 ], [ -89.242633916311476, 13.628012289314546 ], [ -89.242633916311476, 13.61453762168968 ], [ -89.269583251561215, 13.614537621689678 ], [ -89.269583251561215, 13.601062954064812 ], [ -89.29653258681094, 13.601062954064819 ], [ -89.29653258681094, 13.587588286439951 ], [ -89.310007254435803, 13.587588286439958 ], [ -89.310007254435803, 13.574113618815087 ], [ -89.323481922060665, 13.574113618815089 ], [ -89.323481922060665, 13.587588286439953 ], [ -89.336956589685542, 13.587588286439953 ], [ -89.336956589685542, 13.560638951190221 ], [ -89.363905924935267, 13.560638951190215 ], [ -89.363905924935267, 13.547164283565349 ], [ -89.390855260184992, 13.547164283565358 ], [ -89.390855260184992, 13.520214948315623 ], [ -89.404329927809869, 13.520214948315628 ], [ -89.404329927809869, 13.533689615940492 ], [ -89.417804595434731, 13.533689615940492 ], [ -89.417804595434731, 13.520214948315623 ], [ -89.458228598309319, 13.520214948315628 ], [ -89.458228598309319, 13.506740280690762 ], [ -89.444753930684456, 13.506740280690757 ], [ -89.444753930684456, 13.493265613065898 ], [ -89.485177933559058, 13.493265613065899 ], [ -89.485177933559058, 13.506740280690755 ], [ -89.512127268808783, 13.506740280690757 ], [ -89.512127268808783, 13.493265613065899 ], [ -89.525601936433645, 13.493265613065901 ], [ -89.525601936433645, 13.520214948315626 ], [ -89.539076604058522, 13.520214948315623 ], [ -89.539076604058522, 13.533689615940492 ], [ -89.49865260118392, 13.533689615940492 ], [ -89.49865260118392, 13.547164283565358 ], [ -89.539076604058522, 13.547164283565358 ], [ -89.539076604058522, 13.560638951190215 ], [ -89.606449942182834, 13.560638951190221 ], [ -89.606449942182834, 13.574113618815087 ], [ -89.619924609807711, 13.574113618815087 ], [ -89.619924609807711, 13.587588286439953 ], [ -89.646873945057436, 13.587588286439953 ], [ -89.646873945057436, 13.601062954064821 ], [ -89.673823280307161, 13.601062954064819 ], [ -89.673823280307161, 13.587588286439956 ], [ -89.687297947932038, 13.587588286439949 ], [ -89.687297947932038, 13.560638951190219 ], [ -89.714247283181763, 13.560638951190223 ], [ -89.714247283181763, 13.547164283565357 ], [ -89.741196618431488, 13.547164283565351 ], [ -89.741196618431488, 13.533689615940492 ], [ -89.795095288930952, 13.533689615940492 ], [ -89.795095288930952, 13.520214948315628 ], [ -89.808569956555814, 13.520214948315628 ], [ -89.808569956555814, 13.533689615940492 ], [ -89.822044624180691, 13.533689615940496 ], [ -89.822044624180691, 13.547164283565353 ], [ -89.808569956555814, 13.547164283565358 ], [ -89.808569956555814, 13.560638951190219 ], [ -89.795095288930952, 13.560638951190219 ], [ -89.795095288930952, 13.587588286439953 ], [ -89.781620621306104, 13.587588286439956 ], [ -89.781620621306104, 13.574113618815085 ], [ -89.768145953681227, 13.574113618815089 ], [ -89.768145953681227, 13.601062954064822 ], [ -89.795095288930952, 13.601062954064817 ], [ -89.795095288930952, 13.614537621689676 ], [ -89.822044624180691, 13.61453762168968 ], [ -89.822044624180691, 13.560638951190215 ], [ -89.835519291805554, 13.560638951190219 ], [ -89.835519291805554, 13.601062954064819 ], [ -89.848993959430416, 13.601062954064815 ], [ -89.848993959430416, 13.614537621689683 ], [ -89.875943294680141, 13.61453762168968 ], [ -89.875943294680141, 13.628012289314549 ], [ -89.902892629929894, 13.628012289314549 ], [ -89.902892629929894, 13.641486956939413 ], [ -89.929841965179605, 13.641486956939415 ], [ -89.929841965179605, 13.65496162456428 ], [ -89.943316632804468, 13.65496162456428 ], [ -89.943316632804468, 13.668436292189146 ], [ -89.970265968054207, 13.668436292189142 ], [ -89.970265968054207, 13.681910959814006 ], [ -90.010689970928794, 13.68191095981401 ], [ -90.010689970928794, 13.695385627438876 ], [ -90.037639306178534, 13.695385627438876 ], [ -90.037639306178534, 13.708860295063737 ], [ -90.064588641428259, 13.70886029506374 ], [ -90.064588641428259, 13.735809630313469 ], [ -90.051113973803396, 13.735809630313467 ], [ -90.051113973803396, 13.749284297938335 ], [ -90.064588641428259, 13.74928429793834 ], [ -90.064588641428259, 13.762758965563204 ], [ -90.078063309053121, 13.762758965563199 ], [ -90.078063309053121, 13.789708300812935 ], [ -90.091537976677984, 13.789708300812928 ], [ -90.091537976677984, 13.77623363318806 ], [ -90.118487311927723, 13.776233633188061 ], [ -90.118487311927723, 13.789708300812936 ], [ -90.10501264430286, 13.789708300812931 ], [ -90.10501264430286, 13.843606971312392 ], [ -90.091537976677984, 13.84360697131239 ], [ -90.091537976677984, 13.870556306562127 ], [ -90.078063309053121, 13.87055630656212 ], [ -90.078063309053121, 13.884030974186985 ], [ -90.051113973803396, 13.884030974186985 ], [ -90.051113973803396, 13.897505641811849 ], [ -90.037639306178534, 13.897505641811851 ], [ -90.037639306178534, 13.91098030943672 ], [ -90.024164638553657, 13.91098030943672 ], [ -90.024164638553657, 13.937929644686447 ], [ -89.983740635679069, 13.937929644686445 ], [ -89.983740635679069, 13.951404312311315 ], [ -89.970265968054207, 13.951404312311309 ], [ -89.970265968054207, 13.964878979936183 ], [ -89.95679130042933, 13.964878979936183 ], [ -89.95679130042933, 13.978353647561052 ], [ -89.943316632804468, 13.978353647561045 ], [ -89.943316632804468, 13.951404312311315 ], [ -89.929841965179605, 13.951404312311313 ], [ -89.929841965179605, 14.005302982810772 ], [ -89.902892629929894, 14.005302982810772 ], [ -89.902892629929894, 14.04572698568537 ], [ -89.875943294680141, 14.045726985685366 ], [ -89.875943294680141, 14.032252318060504 ], [ -89.862468627055279, 14.032252318060504 ], [ -89.862468627055279, 14.018777650435641 ], [ -89.848993959430416, 14.018777650435641 ], [ -89.848993959430416, 14.032252318060506 ], [ -89.835519291805554, 14.032252318060507 ], [ -89.835519291805554, 14.045726985685366 ], [ -89.848993959430416, 14.045726985685372 ], [ -89.848993959430416, 14.059201653310234 ], [ -89.808569956555814, 14.059201653310234 ], [ -89.808569956555814, 14.032252318060506 ], [ -89.741196618431488, 14.032252318060507 ], [ -89.741196618431488, 14.045726985685366 ], [ -89.727721950806625, 14.045726985685366 ], [ -89.727721950806625, 14.059201653310234 ], [ -89.7007726155569, 14.059201653310234 ], [ -89.7007726155569, 14.072676320935102 ], [ -89.741196618431488, 14.072676320935102 ], [ -89.741196618431488, 14.086150988559965 ], [ -89.714247283181763, 14.086150988559968 ], [ -89.714247283181763, 14.113100323809698 ], [ -89.7007726155569, 14.113100323809698 ], [ -89.7007726155569, 14.140049659059429 ], [ -89.660348612682313, 14.140049659059429 ], [ -89.660348612682313, 14.153524326684295 ], [ -89.673823280307161, 14.153524326684289 ], [ -89.673823280307161, 14.180473661934023 ], [ -89.660348612682313, 14.180473661934025 ], [ -89.660348612682313, 14.193948329558886 ], [ -89.633399277432574, 14.193948329558889 ], [ -89.633399277432574, 14.207422997183757 ], [ -89.552551271683384, 14.207422997183754 ], [ -89.552551271683384, 14.220897664808616 ], [ -89.525601936433645, 14.220897664808621 ], [ -89.525601936433645, 14.247847000058346 ], [ -89.539076604058522, 14.24784700005835 ], [ -89.539076604058522, 14.261321667683216 ], [ -89.525601936433645, 14.261321667683216 ], [ -89.525601936433645, 14.28827100293295 ], [ -89.512127268808783, 14.288271002932946 ], [ -89.512127268808783, 14.274796335308078 ], [ -89.49865260118392, 14.274796335308082 ], [ -89.49865260118392, 14.301745670557809 ], [ -89.512127268808783, 14.301745670557811 ], [ -89.512127268808783, 14.315220338182673 ], [ -89.525601936433645, 14.315220338182677 ], [ -89.525601936433645, 14.301745670557809 ], [ -89.552551271683384, 14.301745670557816 ], [ -89.552551271683384, 14.315220338182669 ], [ -89.592975274557972, 14.315220338182677 ], [ -89.592975274557972, 14.342169673432402 ], [ -89.579500606933109, 14.34216967343241 ], [ -89.579500606933109, 14.355644341057268 ], [ -89.566025939308247, 14.355644341057275 ], [ -89.566025939308247, 14.369119008682137 ], [ -89.579500606933109, 14.369119008682137 ], [ -89.579500606933109, 14.409543011556734 ], [ -89.539076604058522, 14.409543011556739 ], [ -89.539076604058522, 14.382593676307 ], [ -89.525601936433645, 14.382593676306998 ], [ -89.525601936433645, 14.369119008682141 ], [ -89.49865260118392, 14.369119008682141 ], [ -89.49865260118392, 14.409543011556726 ], [ -89.485177933559058, 14.409543011556734 ], [ -89.485177933559058, 14.423017679181596 ], [ -89.444753930684456, 14.4230176791816 ], [ -89.444753930684456, 14.40954301155673 ], [ -89.404329927809869, 14.409543011556734 ], [ -89.404329927809869, 14.4230176791816 ], [ -89.417804595434731, 14.4230176791816 ], [ -89.417804595434731, 14.436492346806457 ], [ -89.390855260184992, 14.43649234680646 ], [ -89.390855260184992, 14.4230176791816 ], [ -89.336956589685542, 14.4230176791816 ], [ -89.336956589685542, 14.409543011556734 ], [ -89.350431257310419, 14.409543011556734 ], [ -89.350431257310419, 14.396068343931864 ], [ -89.323481922060665, 14.396068343931869 ], [ -89.323481922060665, 14.382593676306998 ], [ -89.310007254435803, 14.382593676306998 ], [ -89.310007254435803, 14.409543011556734 ], [ -89.283057919186078, 14.409543011556739 ], [ -89.283057919186078, 14.396068343931869 ], [ -89.269583251561215, 14.396068343931868 ] ], [ [ -89.080937904813098, 14.328695005807541 ], [ -89.080937904813098, 14.315220338182669 ], [ -89.067463237188235, 14.315220338182673 ], [ -89.067463237188235, 14.328695005807532 ], [ -89.080937904813098, 14.328695005807541 ] ], [ [ -89.000089899063909, 14.234372332433486 ], [ -89.000089899063909, 14.220897664808621 ], [ -88.986615231439046, 14.220897664808616 ], [ -88.986615231439046, 14.234372332433487 ], [ -89.000089899063909, 14.234372332433486 ] ], [ [ -88.797969884690929, 14.113100323809698 ], [ -88.784495217066066, 14.113100323809695 ], [ -88.784495217066066, 14.126574991434564 ], [ -88.797969884690929, 14.126574991434568 ], [ -88.797969884690929, 14.113100323809698 ] ], [ [ -88.730596546566602, 13.991828315185908 ], [ -88.730596546566602, 14.005302982810774 ], [ -88.744071214191464, 14.005302982810777 ], [ -88.744071214191464, 13.991828315185911 ], [ -88.730596546566602, 13.991828315185908 ] ], [ [ -88.851868555190393, 14.005302982810777 ], [ -88.851868555190393, 14.018777650435643 ], [ -88.865343222815255, 14.018777650435643 ], [ -88.865343222815255, 14.005302982810774 ], [ -88.851868555190393, 14.005302982810777 ] ], [ [ -89.000089899063909, 14.059201653310234 ], [ -89.000089899063909, 14.072676320935104 ], [ -89.013564566688771, 14.072676320935104 ], [ -89.013564566688771, 14.059201653310234 ], [ -89.000089899063909, 14.059201653310234 ] ], [ [ -89.027039234313634, 14.086150988559968 ], [ -89.027039234313634, 14.099625656184834 ], [ -89.053988569563359, 14.099625656184832 ], [ -89.053988569563359, 14.086150988559968 ], [ -89.027039234313634, 14.086150988559968 ] ], [ [ -89.202209913436889, 14.099625656184831 ], [ -89.202209913436889, 14.072676320935102 ], [ -89.188735245812012, 14.072676320935098 ], [ -89.188735245812012, 14.099625656184834 ], [ -89.202209913436889, 14.099625656184831 ] ], [ [ -89.229159248686628, 13.735809630313467 ], [ -89.229159248686628, 13.722334962688606 ], [ -89.215684581061751, 13.722334962688603 ], [ -89.215684581061751, 13.735809630313472 ], [ -89.229159248686628, 13.735809630313467 ] ], [ [ -89.781620621306104, 13.61453762168968 ], [ -89.781620621306104, 13.628012289314553 ], [ -89.795095288930952, 13.628012289314546 ], [ -89.795095288930952, 13.614537621689676 ], [ -89.781620621306104, 13.61453762168968 ] ], [ [ -89.795095288930952, 13.641486956939415 ], [ -89.781620621306104, 13.641486956939413 ], [ -89.781620621306104, 13.708860295063744 ], [ -89.795095288930952, 13.70886029506374 ], [ -89.795095288930952, 13.722334962688606 ], [ -89.808569956555814, 13.72233496268861 ], [ -89.808569956555814, 13.70886029506374 ], [ -89.822044624180691, 13.708860295063737 ], [ -89.822044624180691, 13.681910959814006 ], [ -89.808569956555814, 13.68191095981401 ], [ -89.808569956555814, 13.654961624564276 ], [ -89.822044624180691, 13.654961624564278 ], [ -89.822044624180691, 13.641486956939415 ], [ -89.808569956555814, 13.641486956939412 ], [ -89.808569956555814, 13.628012289314542 ], [ -89.795095288930952, 13.628012289314546 ], [ -89.795095288930952, 13.641486956939415 ] ], [ [ -89.929841965179605, 13.66843629218914 ], [ -89.929841965179605, 13.68191095981401 ], [ -89.943316632804468, 13.681910959814008 ], [ -89.943316632804468, 13.668436292189146 ], [ -89.929841965179605, 13.66843629218914 ] ], [ [ -89.943316632804468, 13.695385627438872 ], [ -89.95679130042933, 13.695385627438879 ], [ -89.95679130042933, 13.681910959814013 ], [ -89.943316632804468, 13.681910959814008 ], [ -89.943316632804468, 13.695385627438872 ] ], [ [ -90.051113973803396, 13.870556306562122 ], [ -90.037639306178534, 13.870556306562124 ], [ -90.037639306178534, 13.88403097418699 ], [ -90.051113973803396, 13.884030974186985 ], [ -90.051113973803396, 13.870556306562122 ] ], [ [ -90.024164638553657, 13.897505641811851 ], [ -90.010689970928794, 13.897505641811854 ], [ -90.010689970928794, 13.91098030943672 ], [ -90.024164638553657, 13.91098030943672 ], [ -90.024164638553657, 13.897505641811851 ] ], [ [ -89.889417962305018, 14.032252318060506 ], [ -89.889417962305018, 14.018777650435645 ], [ -89.875943294680141, 14.018777650435641 ], [ -89.875943294680141, 14.032252318060504 ], [ -89.889417962305018, 14.032252318060506 ] ], [ [ -89.848993959430416, 14.00530298281077 ], [ -89.808569956555814, 14.00530298281077 ], [ -89.808569956555814, 14.018777650435641 ], [ -89.848993959430416, 14.018777650435641 ], [ -89.848993959430416, 14.00530298281077 ] ], [ [ -89.808569956555814, 13.97835364756104 ], [ -89.795095288930952, 13.978353647561043 ], [ -89.795095288930952, 13.964878979936181 ], [ -89.781620621306104, 13.964878979936181 ], [ -89.781620621306104, 13.991828315185908 ], [ -89.795095288930952, 13.991828315185913 ], [ -89.795095288930952, 14.00530298281077 ], [ -89.808569956555814, 14.00530298281077 ], [ -89.808569956555814, 13.97835364756104 ] ], [ [ -89.808569956555814, 13.964878979936183 ], [ -89.808569956555814, 13.937929644686449 ], [ -89.795095288930952, 13.937929644686443 ], [ -89.795095288930952, 13.964878979936181 ], [ -89.808569956555814, 13.964878979936183 ] ], [ [ -89.822044624180691, 13.937929644686449 ], [ -89.822044624180691, 13.924454977061577 ], [ -89.835519291805554, 13.924454977061579 ], [ -89.835519291805554, 13.93792964468645 ], [ -89.848993959430416, 13.93792964468645 ], [ -89.848993959430416, 13.924454977061583 ], [ -89.862468627055279, 13.924454977061584 ], [ -89.862468627055279, 13.897505641811854 ], [ -89.889417962305018, 13.897505641811852 ], [ -89.889417962305018, 13.924454977061584 ], [ -89.902892629929894, 13.924454977061583 ], [ -89.902892629929894, 13.897505641811854 ], [ -89.916367297554743, 13.897505641811851 ], [ -89.916367297554743, 13.857081638937263 ], [ -89.902892629929894, 13.857081638937261 ], [ -89.902892629929894, 13.87055630656212 ], [ -89.862468627055279, 13.870556306562118 ], [ -89.862468627055279, 13.884030974186986 ], [ -89.848993959430416, 13.884030974186986 ], [ -89.848993959430416, 13.897505641811854 ], [ -89.835519291805554, 13.897505641811851 ], [ -89.835519291805554, 13.91098030943672 ], [ -89.822044624180691, 13.91098030943672 ], [ -89.822044624180691, 13.884030974186983 ], [ -89.835519291805554, 13.884030974186985 ], [ -89.835519291805554, 13.870556306562117 ], [ -89.822044624180691, 13.870556306562124 ], [ -89.822044624180691, 13.843606971312392 ], [ -89.808569956555814, 13.84360697131239 ], [ -89.808569956555814, 13.870556306562124 ], [ -89.781620621306104, 13.87055630656212 ], [ -89.781620621306104, 13.897505641811851 ], [ -89.795095288930952, 13.897505641811852 ], [ -89.795095288930952, 13.91098030943672 ], [ -89.808569956555814, 13.91098030943672 ], [ -89.808569956555814, 13.937929644686449 ], [ -89.822044624180691, 13.937929644686449 ] ], [ [ -89.848993959430416, 13.964878979936181 ], [ -89.862468627055279, 13.964878979936184 ], [ -89.862468627055279, 13.951404312311317 ], [ -89.875943294680141, 13.951404312311309 ], [ -89.875943294680141, 13.937929644686445 ], [ -89.848993959430416, 13.93792964468645 ], [ -89.848993959430416, 13.964878979936181 ] ], [ [ -89.795095288930952, 13.924454977061584 ], [ -89.768145953681227, 13.924454977061584 ], [ -89.768145953681227, 13.937929644686443 ], [ -89.795095288930952, 13.937929644686443 ], [ -89.795095288930952, 13.924454977061584 ] ], [ [ -89.768145953681227, 13.897505641811851 ], [ -89.754671286056364, 13.897505641811854 ], [ -89.754671286056364, 13.924454977061583 ], [ -89.768145953681227, 13.924454977061584 ], [ -89.768145953681227, 13.897505641811851 ] ], [ [ -89.754671286056364, 13.93792964468645 ], [ -89.754671286056364, 13.951404312311309 ], [ -89.768145953681227, 13.951404312311311 ], [ -89.768145953681227, 13.937929644686443 ], [ -89.754671286056364, 13.93792964468645 ] ], [ [ -89.49865260118392, 14.234372332433486 ], [ -89.471703265934181, 14.234372332433486 ], [ -89.471703265934181, 14.247847000058346 ], [ -89.485177933559058, 14.247847000058352 ], [ -89.485177933559058, 14.274796335308078 ], [ -89.49865260118392, 14.274796335308082 ], [ -89.49865260118392, 14.234372332433486 ] ], [ [ -89.49865260118392, 14.315220338182671 ], [ -89.49865260118392, 14.328695005807539 ], [ -89.512127268808783, 14.328695005807541 ], [ -89.512127268808783, 14.315220338182673 ], [ -89.49865260118392, 14.315220338182671 ] ], [ [ -89.471703265934181, 14.409543011556734 ], [ -89.471703265934181, 14.396068343931857 ], [ -89.485177933559058, 14.396068343931868 ], [ -89.485177933559058, 14.342169673432409 ], [ -89.431279263059594, 14.342169673432409 ], [ -89.431279263059594, 14.355644341057275 ], [ -89.471703265934181, 14.355644341057275 ], [ -89.471703265934181, 14.382593676307003 ], [ -89.458228598309319, 14.382593676306991 ], [ -89.458228598309319, 14.396068343931864 ], [ -89.444753930684456, 14.396068343931869 ], [ -89.444753930684456, 14.40954301155673 ], [ -89.471703265934181, 14.409543011556734 ] ], [ [ -89.404329927809869, 14.396068343931869 ], [ -89.377380592560129, 14.396068343931869 ], [ -89.377380592560129, 14.409543011556739 ], [ -89.404329927809869, 14.409543011556734 ], [ -89.404329927809869, 14.396068343931869 ] ], [ [ -89.404329927809869, 14.355644341057275 ], [ -89.404329927809869, 14.342169673432409 ], [ -89.390855260184992, 14.342169673432409 ], [ -89.390855260184992, 14.355644341057268 ], [ -89.404329927809869, 14.355644341057275 ] ], [ [ -89.161785910562287, 14.355644341057275 ], [ -89.161785910562287, 14.342169673432409 ], [ -89.148311242937424, 14.342169673432409 ], [ -89.148311242937424, 14.355644341057268 ], [ -89.161785910562287, 14.355644341057275 ] ], [ [ -89.175260578187149, 14.328695005807541 ], [ -89.175260578187149, 14.342169673432402 ], [ -89.188735245812012, 14.342169673432402 ], [ -89.188735245812012, 14.328695005807536 ], [ -89.175260578187149, 14.328695005807541 ] ], [ [ -89.175260578187149, 14.315220338182671 ], [ -89.161785910562287, 14.315220338182677 ], [ -89.161785910562287, 14.328695005807536 ], [ -89.175260578187149, 14.328695005807541 ], [ -89.175260578187149, 14.315220338182671 ] ], [ [ -89.121361907687685, 14.328695005807536 ], [ -89.121361907687685, 14.342169673432402 ], [ -89.134836575312562, 14.342169673432405 ], [ -89.134836575312562, 14.328695005807536 ], [ -89.121361907687685, 14.328695005807536 ] ], [ [ -89.121361907687685, 14.301745670557818 ], [ -89.107887240062837, 14.301745670557807 ], [ -89.107887240062837, 14.328695005807539 ], [ -89.121361907687685, 14.328695005807536 ], [ -89.121361907687685, 14.301745670557818 ] ], [ [ -89.107887240062837, 14.24784700005835 ], [ -89.080937904813098, 14.247847000058348 ], [ -89.080937904813098, 14.261321667683216 ], [ -89.09441257243796, 14.261321667683216 ], [ -89.09441257243796, 14.301745670557809 ], [ -89.107887240062837, 14.301745670557807 ], [ -89.107887240062837, 14.24784700005835 ] ], [ [ -89.121361907687685, 14.247847000058348 ], [ -89.121361907687685, 14.28827100293295 ], [ -89.134836575312562, 14.288271002932946 ], [ -89.134836575312562, 14.274796335308078 ], [ -89.148311242937424, 14.274796335308082 ], [ -89.148311242937424, 14.234372332433486 ], [ -89.161785910562287, 14.234372332433486 ], [ -89.161785910562287, 14.247847000058357 ], [ -89.215684581061751, 14.247847000058346 ], [ -89.215684581061751, 14.220897664808618 ], [ -89.175260578187149, 14.220897664808618 ], [ -89.175260578187149, 14.180473661934021 ], [ -89.161785910562287, 14.180473661934029 ], [ -89.161785910562287, 14.207422997183748 ], [ -89.134836575312562, 14.207422997183752 ], [ -89.134836575312562, 14.22089766480862 ], [ -89.121361907687685, 14.220897664808625 ], [ -89.121361907687685, 14.234372332433486 ], [ -89.107887240062837, 14.234372332433486 ], [ -89.107887240062837, 14.24784700005835 ], [ -89.121361907687685, 14.247847000058348 ] ], [ [ -89.080937904813098, 14.234372332433489 ], [ -89.067463237188235, 14.234372332433489 ], [ -89.067463237188235, 14.247847000058353 ], [ -89.080937904813098, 14.247847000058348 ], [ -89.080937904813098, 14.234372332433489 ] ], [ [ -89.485177933559058, 14.315220338182675 ], [ -89.485177933559058, 14.301745670557816 ], [ -89.471703265934181, 14.301745670557812 ], [ -89.471703265934181, 14.315220338182669 ], [ -89.485177933559058, 14.315220338182675 ] ], [ [ -89.269583251561215, 14.315220338182668 ], [ -89.269583251561215, 14.301745670557812 ], [ -89.256108583936339, 14.301745670557812 ], [ -89.256108583936339, 14.315220338182675 ], [ -89.269583251561215, 14.315220338182668 ] ], [ [ -89.363905924935267, 14.301745670557807 ], [ -89.363905924935267, 14.288271002932941 ], [ -89.350431257310419, 14.288271002932946 ], [ -89.350431257310419, 14.301745670557812 ], [ -89.363905924935267, 14.301745670557807 ] ], [ [ -89.040513901938496, 14.274796335308078 ], [ -89.040513901938496, 14.301745670557812 ], [ -89.067463237188235, 14.301745670557811 ], [ -89.067463237188235, 14.288271002932946 ], [ -89.053988569563359, 14.288271002932946 ], [ -89.053988569563359, 14.274796335308082 ], [ -89.040513901938496, 14.274796335308078 ] ], [ [ -89.377380592560129, 14.274796335308082 ], [ -89.377380592560129, 14.261321667683216 ], [ -89.363905924935267, 14.261321667683207 ], [ -89.363905924935267, 14.274796335308078 ], [ -89.377380592560129, 14.274796335308082 ] ], [ [ -89.040513901938496, 14.247847000058348 ], [ -89.040513901938496, 14.234372332433486 ], [ -89.013564566688771, 14.234372332433486 ], [ -89.013564566688771, 14.247847000058348 ], [ -89.040513901938496, 14.247847000058348 ] ], [ [ -89.377380592560129, 14.220897664808625 ], [ -89.377380592560129, 14.207422997183754 ], [ -89.363905924935267, 14.207422997183748 ], [ -89.363905924935267, 14.220897664808625 ], [ -89.377380592560129, 14.220897664808625 ] ], [ [ -89.242633916311476, 14.207422997183752 ], [ -89.242633916311476, 14.193948329558884 ], [ -89.229159248686628, 14.193948329558889 ], [ -89.229159248686628, 14.207422997183752 ], [ -89.242633916311476, 14.207422997183752 ] ], [ [ -89.09441257243796, 14.207422997183752 ], [ -89.09441257243796, 14.193948329558884 ], [ -89.067463237188235, 14.193948329558891 ], [ -89.067463237188235, 14.207422997183755 ], [ -89.09441257243796, 14.207422997183752 ] ], [ [ -89.013564566688771, 14.180473661934025 ], [ -89.013564566688771, 14.207422997183754 ], [ -89.027039234313634, 14.20742299718375 ], [ -89.027039234313634, 14.166998994309155 ], [ -89.000089899063909, 14.166998994309159 ], [ -89.000089899063909, 14.180473661934027 ], [ -89.013564566688771, 14.180473661934025 ] ], [ [ -89.215684581061751, 14.193948329558886 ], [ -89.215684581061751, 14.180473661934027 ], [ -89.188735245812012, 14.180473661934025 ], [ -89.188735245812012, 14.193948329558884 ], [ -89.215684581061751, 14.193948329558886 ] ], [ [ -89.633399277432574, 14.153524326684295 ], [ -89.633399277432574, 14.140049659059423 ], [ -89.606449942182834, 14.140049659059427 ], [ -89.606449942182834, 14.153524326684291 ], [ -89.633399277432574, 14.153524326684295 ] ], [ [ -89.444753930684456, 14.153524326684289 ], [ -89.444753930684456, 14.140049659059425 ], [ -89.417804595434731, 14.140049659059422 ], [ -89.417804595434731, 14.153524326684293 ], [ -89.444753930684456, 14.153524326684289 ] ], [ [ -89.053988569563359, 14.153524326684289 ], [ -89.053988569563359, 14.126574991434564 ], [ -89.040513901938496, 14.126574991434564 ], [ -89.040513901938496, 14.153524326684288 ], [ -89.053988569563359, 14.153524326684289 ] ], [ [ -89.027039234313634, 14.140049659059425 ], [ -89.027039234313634, 14.126574991434564 ], [ -89.013564566688771, 14.126574991434561 ], [ -89.013564566688771, 14.140049659059429 ], [ -89.027039234313634, 14.140049659059425 ] ], [ [ -89.660348612682313, 14.099625656184834 ], [ -89.646873945057436, 14.099625656184831 ], [ -89.646873945057436, 14.126574991434564 ], [ -89.660348612682313, 14.126574991434564 ], [ -89.660348612682313, 14.099625656184834 ] ], [ [ -89.673823280307161, 14.099625656184834 ], [ -89.673823280307161, 14.086150988559966 ], [ -89.660348612682313, 14.086150988559968 ], [ -89.660348612682313, 14.099625656184834 ], [ -89.673823280307161, 14.099625656184834 ] ], [ [ -89.673823280307161, 14.113100323809698 ], [ -89.687297947932038, 14.1131003238097 ], [ -89.687297947932038, 14.099625656184829 ], [ -89.673823280307161, 14.099625656184834 ], [ -89.673823280307161, 14.113100323809698 ] ], [ [ -89.579500606933109, 14.113100323809698 ], [ -89.579500606933109, 14.126574991434564 ], [ -89.592975274557972, 14.126574991434564 ], [ -89.592975274557972, 14.113100323809695 ], [ -89.579500606933109, 14.113100323809698 ] ], [ [ -89.579500606933109, 14.086150988559972 ], [ -89.566025939308247, 14.086150988559972 ], [ -89.566025939308247, 14.072676320935106 ], [ -89.512127268808783, 14.072676320935102 ], [ -89.512127268808783, 14.086150988559968 ], [ -89.525601936433645, 14.086150988559972 ], [ -89.525601936433645, 14.099625656184834 ], [ -89.552551271683384, 14.099625656184836 ], [ -89.552551271683384, 14.113100323809693 ], [ -89.579500606933109, 14.113100323809698 ], [ -89.579500606933109, 14.086150988559972 ] ], [ [ -89.633399277432574, 14.113100323809697 ], [ -89.633399277432574, 14.086150988559966 ], [ -89.592975274557972, 14.086150988559968 ], [ -89.592975274557972, 14.113100323809695 ], [ -89.633399277432574, 14.113100323809697 ] ], [ [ -88.986615231439046, 14.126574991434564 ], [ -88.986615231439046, 14.113100323809697 ], [ -88.973140563814169, 14.113100323809698 ], [ -88.973140563814169, 14.126574991434564 ], [ -88.986615231439046, 14.126574991434564 ] ], [ [ -88.91924189331472, 14.113100323809695 ], [ -88.91924189331472, 14.086150988559965 ], [ -88.932716560939582, 14.086150988559968 ], [ -88.932716560939582, 14.072676320935104 ], [ -88.905767225689843, 14.072676320935102 ], [ -88.905767225689843, 14.086150988559966 ], [ -88.89229255806498, 14.086150988559965 ], [ -88.89229255806498, 14.126574991434559 ], [ -88.946191228564444, 14.126574991434564 ], [ -88.946191228564444, 14.1131003238097 ], [ -88.91924189331472, 14.113100323809695 ] ], [ [ -88.932716560939582, 14.099625656184834 ], [ -88.946191228564444, 14.099625656184839 ], [ -88.946191228564444, 14.086150988559972 ], [ -88.932716560939582, 14.086150988559968 ], [ -88.932716560939582, 14.099625656184834 ] ], [ [ -88.905767225689843, 14.032252318060507 ], [ -88.89229255806498, 14.032252318060502 ], [ -88.89229255806498, 14.072676320935102 ], [ -88.905767225689843, 14.072676320935102 ], [ -88.905767225689843, 14.032252318060507 ] ], [ [ -88.865343222815255, 14.113100323809698 ], [ -88.865343222815255, 14.086150988559968 ], [ -88.824919219940654, 14.086150988559972 ], [ -88.824919219940654, 14.099625656184829 ], [ -88.851868555190393, 14.099625656184838 ], [ -88.851868555190393, 14.113100323809697 ], [ -88.865343222815255, 14.113100323809698 ] ], [ [ -88.824919219940654, 14.072676320935102 ], [ -88.811444552315791, 14.072676320935102 ], [ -88.811444552315791, 14.086150988559966 ], [ -88.824919219940654, 14.086150988559972 ], [ -88.824919219940654, 14.072676320935102 ] ], [ [ -89.673823280307161, 14.045726985685366 ], [ -89.673823280307161, 14.059201653310234 ], [ -89.687297947932038, 14.059201653310238 ], [ -89.687297947932038, 14.045726985685372 ], [ -89.673823280307161, 14.045726985685366 ] ], [ [ -89.673823280307161, 14.018777650435641 ], [ -89.646873945057436, 14.018777650435641 ], [ -89.646873945057436, 14.005302982810772 ], [ -89.619924609807711, 14.005302982810772 ], [ -89.619924609807711, 14.018777650435641 ], [ -89.606449942182834, 14.018777650435641 ], [ -89.606449942182834, 14.032252318060507 ], [ -89.619924609807711, 14.032252318060504 ], [ -89.619924609807711, 14.045726985685365 ], [ -89.633399277432574, 14.045726985685368 ], [ -89.633399277432574, 14.059201653310234 ], [ -89.646873945057436, 14.059201653310234 ], [ -89.646873945057436, 14.045726985685366 ], [ -89.673823280307161, 14.045726985685366 ], [ -89.673823280307161, 14.018777650435641 ] ], [ [ -89.673823280307161, 14.005302982810775 ], [ -89.673823280307161, 13.991828315185911 ], [ -89.660348612682313, 13.991828315185911 ], [ -89.660348612682313, 13.978353647561041 ], [ -89.646873945057436, 13.978353647561047 ], [ -89.646873945057436, 14.005302982810772 ], [ -89.673823280307161, 14.005302982810775 ] ], [ [ -89.606449942182834, 14.045726985685373 ], [ -89.606449942182834, 14.059201653310232 ], [ -89.619924609807711, 14.059201653310234 ], [ -89.619924609807711, 14.045726985685365 ], [ -89.606449942182834, 14.045726985685373 ] ], [ [ -89.471703265934181, 14.059201653310234 ], [ -89.471703265934181, 14.045726985685366 ], [ -89.444753930684456, 14.045726985685368 ], [ -89.444753930684456, 14.059201653310234 ], [ -89.471703265934181, 14.059201653310234 ] ], [ [ -89.202209913436889, 14.059201653310234 ], [ -89.202209913436889, 14.032252318060502 ], [ -89.188735245812012, 14.032252318060509 ], [ -89.188735245812012, 14.059201653310232 ], [ -89.202209913436889, 14.059201653310234 ] ], [ [ -88.946191228564444, 14.032252318060511 ], [ -88.946191228564444, 14.018777650435643 ], [ -88.932716560939582, 14.018777650435645 ], [ -88.932716560939582, 14.032252318060507 ], [ -88.91924189331472, 14.032252318060506 ], [ -88.91924189331472, 14.045726985685365 ], [ -88.932716560939582, 14.04572698568537 ], [ -88.932716560939582, 14.059201653310234 ], [ -88.946191228564444, 14.059201653310234 ], [ -88.946191228564444, 14.045726985685365 ], [ -88.959665896189307, 14.045726985685365 ], [ -88.959665896189307, 14.0322523180605 ], [ -88.946191228564444, 14.032252318060511 ] ], [ [ -89.592975274557972, 14.045726985685366 ], [ -89.592975274557972, 14.032252318060507 ], [ -89.579500606933109, 14.032252318060507 ], [ -89.579500606933109, 14.04572698568537 ], [ -89.592975274557972, 14.045726985685366 ] ], [ [ -89.525601936433645, 14.045726985685366 ], [ -89.525601936433645, 14.032252318060502 ], [ -89.539076604058522, 14.032252318060506 ], [ -89.539076604058522, 14.01877765043564 ], [ -89.525601936433645, 14.018777650435641 ], [ -89.525601936433645, 14.005302982810772 ], [ -89.512127268808783, 14.005302982810772 ], [ -89.512127268808783, 14.045726985685372 ], [ -89.525601936433645, 14.045726985685366 ] ], [ [ -89.458228598309319, 14.032252318060507 ], [ -89.458228598309319, 14.018777650435641 ], [ -89.471703265934181, 14.018777650435641 ], [ -89.471703265934181, 14.00530298281077 ], [ -89.431279263059594, 14.005302982810772 ], [ -89.431279263059594, 14.018777650435641 ], [ -89.444753930684456, 14.018777650435641 ], [ -89.444753930684456, 14.032252318060502 ], [ -89.458228598309319, 14.032252318060507 ] ], [ [ -89.754671286056364, 14.018777650435645 ], [ -89.754671286056364, 14.005302982810772 ], [ -89.741196618431488, 14.005302982810772 ], [ -89.741196618431488, 14.018777650435641 ], [ -89.754671286056364, 14.018777650435645 ] ], [ [ -89.215684581061751, 14.005302982810774 ], [ -89.215684581061751, 13.991828315185904 ], [ -89.202209913436889, 13.991828315185909 ], [ -89.202209913436889, 14.005302982810777 ], [ -89.215684581061751, 14.005302982810774 ] ], [ [ -89.768145953681227, 13.870556306562127 ], [ -89.741196618431488, 13.870556306562122 ], [ -89.741196618431488, 13.85708163893726 ], [ -89.714247283181763, 13.85708163893726 ], [ -89.714247283181763, 13.870556306562127 ], [ -89.7007726155569, 13.870556306562127 ], [ -89.7007726155569, 13.884030974186995 ], [ -89.660348612682313, 13.88403097418699 ], [ -89.660348612682313, 13.897505641811851 ], [ -89.687297947932038, 13.897505641811852 ], [ -89.687297947932038, 13.91098030943672 ], [ -89.7007726155569, 13.91098030943672 ], [ -89.7007726155569, 13.924454977061588 ], [ -89.687297947932038, 13.924454977061579 ], [ -89.687297947932038, 13.937929644686447 ], [ -89.673823280307161, 13.937929644686447 ], [ -89.673823280307161, 13.951404312311315 ], [ -89.7007726155569, 13.951404312311309 ], [ -89.7007726155569, 13.978353647561047 ], [ -89.714247283181763, 13.978353647561047 ], [ -89.714247283181763, 13.951404312311315 ], [ -89.727721950806625, 13.951404312311311 ], [ -89.727721950806625, 13.964878979936181 ], [ -89.741196618431488, 13.964878979936181 ], [ -89.741196618431488, 13.924454977061584 ], [ -89.727721950806625, 13.924454977061584 ], [ -89.727721950806625, 13.91098030943672 ], [ -89.741196618431488, 13.91098030943672 ], [ -89.741196618431488, 13.897505641811851 ], [ -89.727721950806625, 13.897505641811851 ], [ -89.727721950806625, 13.88403097418699 ], [ -89.768145953681227, 13.88403097418699 ], [ -89.768145953681227, 13.870556306562127 ] ], [ [ -89.754671286056364, 13.857081638937258 ], [ -89.754671286056364, 13.803182968437797 ], [ -89.768145953681227, 13.803182968437799 ], [ -89.768145953681227, 13.789708300812929 ], [ -89.754671286056364, 13.789708300812933 ], [ -89.754671286056364, 13.776233633188067 ], [ -89.741196618431488, 13.776233633188067 ], [ -89.741196618431488, 13.762758965563197 ], [ -89.727721950806625, 13.762758965563203 ], [ -89.727721950806625, 13.816657636062663 ], [ -89.741196618431488, 13.816657636062663 ], [ -89.741196618431488, 13.85708163893726 ], [ -89.754671286056364, 13.857081638937258 ] ], [ [ -89.781620621306104, 13.789708300812931 ], [ -89.781620621306104, 13.776233633188069 ], [ -89.768145953681227, 13.77623363318807 ], [ -89.768145953681227, 13.789708300812929 ], [ -89.781620621306104, 13.789708300812931 ] ], [ [ -89.754671286056364, 13.762758965563195 ], [ -89.754671286056364, 13.749284297938329 ], [ -89.741196618431488, 13.749284297938337 ], [ -89.741196618431488, 13.762758965563197 ], [ -89.754671286056364, 13.762758965563195 ] ], [ [ -89.741196618431488, 13.735809630313469 ], [ -89.727721950806625, 13.735809630313467 ], [ -89.727721950806625, 13.749284297938335 ], [ -89.741196618431488, 13.749284297938337 ], [ -89.741196618431488, 13.735809630313469 ] ], [ [ -89.7007726155569, 13.830132303687522 ], [ -89.687297947932038, 13.83013230368752 ], [ -89.687297947932038, 13.803182968437797 ], [ -89.673823280307161, 13.803182968437797 ], [ -89.673823280307161, 13.85708163893726 ], [ -89.687297947932038, 13.85708163893726 ], [ -89.687297947932038, 13.870556306562117 ], [ -89.7007726155569, 13.870556306562127 ], [ -89.7007726155569, 13.830132303687522 ] ], [ [ -89.660348612682313, 13.85708163893726 ], [ -89.660348612682313, 13.84360697131239 ], [ -89.646873945057436, 13.843606971312393 ], [ -89.646873945057436, 13.857081638937258 ], [ -89.633399277432574, 13.857081638937256 ], [ -89.633399277432574, 13.816657636062663 ], [ -89.646873945057436, 13.816657636062663 ], [ -89.646873945057436, 13.803182968437797 ], [ -89.606449942182834, 13.803182968437797 ], [ -89.606449942182834, 13.81665763606266 ], [ -89.592975274557972, 13.81665763606266 ], [ -89.592975274557972, 13.803182968437797 ], [ -89.552551271683384, 13.803182968437797 ], [ -89.552551271683384, 13.81665763606266 ], [ -89.566025939308247, 13.816657636062663 ], [ -89.566025939308247, 13.830132303687527 ], [ -89.552551271683384, 13.830132303687524 ], [ -89.552551271683384, 13.84360697131239 ], [ -89.539076604058522, 13.84360697131239 ], [ -89.539076604058522, 13.830132303687524 ], [ -89.512127268808783, 13.830132303687524 ], [ -89.512127268808783, 13.816657636062667 ], [ -89.49865260118392, 13.816657636062663 ], [ -89.49865260118392, 13.830132303687527 ], [ -89.458228598309319, 13.830132303687524 ], [ -89.458228598309319, 13.843606971312393 ], [ -89.49865260118392, 13.843606971312392 ], [ -89.49865260118392, 13.857081638937258 ], [ -89.444753930684456, 13.85708163893726 ], [ -89.444753930684456, 13.870556306562124 ], [ -89.431279263059594, 13.870556306562129 ], [ -89.431279263059594, 13.884030974186986 ], [ -89.377380592560129, 13.884030974186986 ], [ -89.377380592560129, 13.897505641811852 ], [ -89.363905924935267, 13.897505641811854 ], [ -89.363905924935267, 13.910980309436717 ], [ -89.377380592560129, 13.91098030943672 ], [ -89.377380592560129, 13.924454977061588 ], [ -89.404329927809869, 13.924454977061584 ], [ -89.404329927809869, 13.937929644686449 ], [ -89.377380592560129, 13.937929644686447 ], [ -89.377380592560129, 13.951404312311311 ], [ -89.390855260184992, 13.951404312311311 ], [ -89.390855260184992, 13.964878979936181 ], [ -89.404329927809869, 13.964878979936183 ], [ -89.404329927809869, 13.951404312311315 ], [ -89.417804595434731, 13.951404312311315 ], [ -89.417804595434731, 13.964878979936181 ], [ -89.458228598309319, 13.964878979936181 ], [ -89.458228598309319, 13.951404312311308 ], [ -89.444753930684456, 13.951404312311315 ], [ -89.444753930684456, 13.93792964468645 ], [ -89.471703265934181, 13.937929644686449 ], [ -89.471703265934181, 13.91098030943672 ], [ -89.485177933559058, 13.91098030943672 ], [ -89.485177933559058, 13.897505641811851 ], [ -89.471703265934181, 13.897505641811852 ], [ -89.471703265934181, 13.87055630656212 ], [ -89.485177933559058, 13.870556306562122 ], [ -89.485177933559058, 13.884030974186983 ], [ -89.512127268808783, 13.88403097418699 ], [ -89.512127268808783, 13.870556306562124 ], [ -89.525601936433645, 13.87055630656212 ], [ -89.525601936433645, 13.897505641811854 ], [ -89.552551271683384, 13.897505641811852 ], [ -89.552551271683384, 13.91098030943672 ], [ -89.539076604058522, 13.910980309436722 ], [ -89.539076604058522, 13.924454977061583 ], [ -89.566025939308247, 13.924454977061583 ], [ -89.566025939308247, 13.910980309436727 ], [ -89.579500606933109, 13.910980309436724 ], [ -89.579500606933109, 13.924454977061581 ], [ -89.606449942182834, 13.924454977061584 ], [ -89.606449942182834, 13.91098030943672 ], [ -89.592975274557972, 13.91098030943672 ], [ -89.592975274557972, 13.870556306562127 ], [ -89.606449942182834, 13.870556306562124 ], [ -89.606449942182834, 13.897505641811852 ], [ -89.646873945057436, 13.897505641811851 ], [ -89.646873945057436, 13.870556306562124 ], [ -89.673823280307161, 13.870556306562124 ], [ -89.673823280307161, 13.85708163893726 ], [ -89.660348612682313, 13.85708163893726 ] ], [ [ -89.660348612682313, 13.951404312311309 ], [ -89.660348612682313, 13.964878979936181 ], [ -89.673823280307161, 13.964878979936181 ], [ -89.673823280307161, 13.951404312311315 ], [ -89.660348612682313, 13.951404312311309 ] ], [ [ -89.323481922060665, 13.964878979936181 ], [ -89.323481922060665, 13.951404312311315 ], [ -89.310007254435803, 13.951404312311315 ], [ -89.310007254435803, 13.978353647561045 ], [ -89.336956589685542, 13.978353647561043 ], [ -89.336956589685542, 13.964878979936183 ], [ -89.323481922060665, 13.964878979936181 ] ], [ [ -89.310007254435803, 13.93792964468645 ], [ -89.29653258681094, 13.937929644686445 ], [ -89.29653258681094, 13.924454977061584 ], [ -89.283057919186078, 13.924454977061583 ], [ -89.283057919186078, 13.91098030943672 ], [ -89.269583251561215, 13.91098030943672 ], [ -89.269583251561215, 13.951404312311308 ], [ -89.310007254435803, 13.951404312311315 ], [ -89.310007254435803, 13.93792964468645 ] ], [ [ -89.660348612682313, 13.937929644686449 ], [ -89.660348612682313, 13.924454977061583 ], [ -89.646873945057436, 13.924454977061584 ], [ -89.646873945057436, 13.910980309436724 ], [ -89.619924609807711, 13.910980309436722 ], [ -89.619924609807711, 13.951404312311315 ], [ -89.606449942182834, 13.951404312311315 ], [ -89.606449942182834, 13.937929644686454 ], [ -89.579500606933109, 13.93792964468645 ], [ -89.579500606933109, 13.951404312311313 ], [ -89.592975274557972, 13.951404312311315 ], [ -89.592975274557972, 13.964878979936181 ], [ -89.633399277432574, 13.964878979936181 ], [ -89.633399277432574, 13.937929644686454 ], [ -89.660348612682313, 13.937929644686449 ] ], [ [ -89.902892629929894, 13.951404312311309 ], [ -89.902892629929894, 13.937929644686447 ], [ -89.889417962305018, 13.93792964468645 ], [ -89.889417962305018, 13.951404312311315 ], [ -89.902892629929894, 13.951404312311309 ] ], [ [ -89.202209913436889, 13.91098030943672 ], [ -89.202209913436889, 13.951404312311311 ], [ -89.215684581061751, 13.951404312311313 ], [ -89.215684581061751, 13.924454977061586 ], [ -89.229159248686628, 13.924454977061579 ], [ -89.229159248686628, 13.91098030943672 ], [ -89.202209913436889, 13.91098030943672 ] ], [ [ -89.970265968054207, 13.91098030943672 ], [ -89.970265968054207, 13.924454977061584 ], [ -89.997215303303932, 13.92445497706159 ], [ -89.997215303303932, 13.897505641811854 ], [ -89.983740635679069, 13.897505641811859 ], [ -89.983740635679069, 13.910980309436717 ], [ -89.970265968054207, 13.91098030943672 ] ], [ [ -89.970265968054207, 13.897505641811856 ], [ -89.970265968054207, 13.87055630656212 ], [ -89.95679130042933, 13.870556306562124 ], [ -89.95679130042933, 13.85708163893726 ], [ -89.943316632804468, 13.857081638937261 ], [ -89.943316632804468, 13.884030974186986 ], [ -89.95679130042933, 13.884030974186986 ], [ -89.95679130042933, 13.897505641811859 ], [ -89.970265968054207, 13.897505641811856 ] ], [ [ -89.242633916311476, 13.884030974186985 ], [ -89.242633916311476, 13.897505641811854 ], [ -89.269583251561215, 13.897505641811854 ], [ -89.269583251561215, 13.870556306562118 ], [ -89.215684581061751, 13.870556306562122 ], [ -89.215684581061751, 13.884030974186986 ], [ -89.242633916311476, 13.884030974186985 ] ], [ [ -90.010689970928794, 13.884030974186985 ], [ -90.010689970928794, 13.870556306562122 ], [ -89.997215303303932, 13.870556306562124 ], [ -89.997215303303932, 13.88403097418699 ], [ -90.010689970928794, 13.884030974186985 ] ], [ [ -89.889417962305018, 13.85708163893726 ], [ -89.889417962305018, 13.84360697131239 ], [ -89.875943294680141, 13.84360697131239 ], [ -89.875943294680141, 13.857081638937258 ], [ -89.889417962305018, 13.85708163893726 ] ], [ [ -89.848993959430416, 13.857081638937258 ], [ -89.848993959430416, 13.843606971312392 ], [ -89.835519291805554, 13.843606971312392 ], [ -89.835519291805554, 13.85708163893726 ], [ -89.848993959430416, 13.857081638937258 ] ], [ [ -89.269583251561215, 13.803182968437794 ], [ -89.269583251561215, 13.83013230368752 ], [ -89.283057919186078, 13.830132303687522 ], [ -89.283057919186078, 13.85708163893726 ], [ -89.310007254435803, 13.85708163893726 ], [ -89.310007254435803, 13.843606971312393 ], [ -89.323481922060665, 13.843606971312392 ], [ -89.323481922060665, 13.830132303687522 ], [ -89.29653258681094, 13.830132303687522 ], [ -89.29653258681094, 13.803182968437797 ], [ -89.269583251561215, 13.803182968437794 ] ], [ [ -89.862468627055279, 13.776233633188069 ], [ -89.902892629929894, 13.776233633188065 ], [ -89.902892629929894, 13.789708300812929 ], [ -89.862468627055279, 13.789708300812928 ], [ -89.862468627055279, 13.803182968437797 ], [ -89.889417962305018, 13.803182968437797 ], [ -89.889417962305018, 13.816657636062658 ], [ -89.943316632804468, 13.816657636062667 ], [ -89.943316632804468, 13.830132303687522 ], [ -89.970265968054207, 13.830132303687527 ], [ -89.970265968054207, 13.843606971312392 ], [ -89.997215303303932, 13.84360697131239 ], [ -89.997215303303932, 13.830132303687527 ], [ -89.983740635679069, 13.830132303687526 ], [ -89.983740635679069, 13.803182968437797 ], [ -89.943316632804468, 13.803182968437795 ], [ -89.943316632804468, 13.776233633188061 ], [ -89.929841965179605, 13.776233633188067 ], [ -89.929841965179605, 13.762758965563201 ], [ -89.916367297554743, 13.762758965563201 ], [ -89.916367297554743, 13.749284297938337 ], [ -89.902892629929894, 13.749284297938337 ], [ -89.902892629929894, 13.72233496268861 ], [ -89.889417962305018, 13.722334962688606 ], [ -89.889417962305018, 13.735809630313469 ], [ -89.848993959430416, 13.735809630313465 ], [ -89.848993959430416, 13.722334962688606 ], [ -89.835519291805554, 13.722334962688606 ], [ -89.835519291805554, 13.735809630313472 ], [ -89.822044624180691, 13.735809630313467 ], [ -89.822044624180691, 13.776233633188061 ], [ -89.835519291805554, 13.776233633188061 ], [ -89.835519291805554, 13.762758965563204 ], [ -89.848993959430416, 13.762758965563197 ], [ -89.848993959430416, 13.749284297938337 ], [ -89.862468627055279, 13.749284297938337 ], [ -89.862468627055279, 13.776233633188069 ] ], [ [ -89.929841965179605, 13.74928429793834 ], [ -89.929841965179605, 13.735809630313467 ], [ -89.916367297554743, 13.73580963031347 ], [ -89.916367297554743, 13.749284297938337 ], [ -89.929841965179605, 13.74928429793834 ] ], [ [ -89.916367297554743, 13.843606971312392 ], [ -89.916367297554743, 13.830132303687526 ], [ -89.902892629929894, 13.83013230368752 ], [ -89.902892629929894, 13.843606971312388 ], [ -89.916367297554743, 13.843606971312392 ] ], [ [ -90.091537976677984, 13.816657636062663 ], [ -90.091537976677984, 13.803182968437797 ], [ -90.078063309053121, 13.803182968437799 ], [ -90.078063309053121, 13.816657636062661 ], [ -90.091537976677984, 13.816657636062663 ] ], [ [ -89.539076604058522, 13.816657636062661 ], [ -89.539076604058522, 13.803182968437797 ], [ -89.525601936433645, 13.803182968437797 ], [ -89.525601936433645, 13.81665763606266 ], [ -89.539076604058522, 13.816657636062661 ] ], [ [ -89.363905924935267, 13.789708300812928 ], [ -89.363905924935267, 13.803182968437794 ], [ -89.390855260184992, 13.803182968437797 ], [ -89.390855260184992, 13.789708300812931 ], [ -89.363905924935267, 13.789708300812928 ] ], [ [ -89.363905924935267, 13.776233633188061 ], [ -89.377380592560129, 13.776233633188065 ], [ -89.377380592560129, 13.749284297938337 ], [ -89.363905924935267, 13.749284297938335 ], [ -89.363905924935267, 13.762758965563195 ], [ -89.350431257310419, 13.762758965563199 ], [ -89.350431257310419, 13.789708300812933 ], [ -89.363905924935267, 13.789708300812928 ], [ -89.363905924935267, 13.776233633188061 ] ], [ [ -89.363905924935267, 13.735809630313467 ], [ -89.323481922060665, 13.735809630313472 ], [ -89.323481922060665, 13.749284297938338 ], [ -89.363905924935267, 13.749284297938335 ], [ -89.363905924935267, 13.735809630313467 ] ], [ [ -89.310007254435803, 13.789708300812931 ], [ -89.310007254435803, 13.803182968437797 ], [ -89.336956589685542, 13.803182968437799 ], [ -89.336956589685542, 13.776233633188067 ], [ -89.323481922060665, 13.776233633188063 ], [ -89.323481922060665, 13.789708300812933 ], [ -89.310007254435803, 13.789708300812931 ] ], [ [ -89.983740635679069, 13.776233633188061 ], [ -89.983740635679069, 13.789708300812933 ], [ -90.010689970928794, 13.789708300812931 ], [ -90.010689970928794, 13.77623363318806 ], [ -89.983740635679069, 13.776233633188061 ] ], [ [ -89.983740635679069, 13.749284297938335 ], [ -89.970265968054207, 13.749284297938337 ], [ -89.970265968054207, 13.762758965563203 ], [ -89.95679130042933, 13.762758965563199 ], [ -89.95679130042933, 13.789708300812933 ], [ -89.970265968054207, 13.789708300812936 ], [ -89.970265968054207, 13.776233633188063 ], [ -89.983740635679069, 13.776233633188061 ], [ -89.983740635679069, 13.749284297938335 ] ], [ [ -89.95679130042933, 13.749284297938337 ], [ -89.943316632804468, 13.749284297938337 ], [ -89.943316632804468, 13.762758965563203 ], [ -89.95679130042933, 13.762758965563199 ], [ -89.95679130042933, 13.749284297938337 ] ], [ [ -90.037639306178534, 13.762758965563203 ], [ -90.037639306178534, 13.749284297938337 ], [ -90.024164638553657, 13.749284297938337 ], [ -90.024164638553657, 13.762758965563194 ], [ -90.037639306178534, 13.762758965563203 ] ], [ [ -89.269583251561215, 13.762758965563195 ], [ -89.269583251561215, 13.749284297938337 ], [ -89.283057919186078, 13.74928429793834 ], [ -89.283057919186078, 13.722334962688603 ], [ -89.269583251561215, 13.722334962688604 ], [ -89.269583251561215, 13.735809630313465 ], [ -89.256108583936339, 13.735809630313467 ], [ -89.256108583936339, 13.762758965563199 ], [ -89.269583251561215, 13.762758965563195 ] ], [ [ -89.970265968054207, 13.722334962688606 ], [ -89.970265968054207, 13.735809630313472 ], [ -89.983740635679069, 13.735809630313467 ], [ -89.983740635679069, 13.722334962688603 ], [ -89.970265968054207, 13.722334962688606 ] ], [ [ -89.970265968054207, 13.708860295063745 ], [ -89.95679130042933, 13.70886029506374 ], [ -89.95679130042933, 13.722334962688604 ], [ -89.970265968054207, 13.722334962688606 ], [ -89.970265968054207, 13.708860295063745 ] ], [ [ -89.714247283181763, 13.73580963031347 ], [ -89.714247283181763, 13.722334962688603 ], [ -89.7007726155569, 13.722334962688603 ], [ -89.7007726155569, 13.735809630313469 ], [ -89.714247283181763, 13.73580963031347 ] ], [ [ -89.377380592560129, 13.708860295063744 ], [ -89.363905924935267, 13.708860295063744 ], [ -89.363905924935267, 13.722334962688606 ], [ -89.377380592560129, 13.722334962688604 ], [ -89.377380592560129, 13.708860295063744 ] ], [ [ -89.390855260184992, 13.70886029506374 ], [ -89.390855260184992, 13.695385627438879 ], [ -89.377380592560129, 13.695385627438879 ], [ -89.377380592560129, 13.708860295063744 ], [ -89.390855260184992, 13.70886029506374 ] ], [ [ -89.377380592560129, 13.681910959814008 ], [ -89.363905924935267, 13.681910959814013 ], [ -89.363905924935267, 13.668436292189137 ], [ -89.350431257310419, 13.668436292189138 ], [ -89.350431257310419, 13.695385627438874 ], [ -89.377380592560129, 13.695385627438879 ], [ -89.377380592560129, 13.681910959814008 ] ], [ [ -89.336956589685542, 13.695385627438874 ], [ -89.336956589685542, 13.68191095981401 ], [ -89.323481922060665, 13.681910959814012 ], [ -89.323481922060665, 13.70886029506374 ], [ -89.350431257310419, 13.708860295063737 ], [ -89.350431257310419, 13.695385627438874 ], [ -89.336956589685542, 13.695385627438874 ] ], [ [ -89.323481922060665, 13.66843629218914 ], [ -89.29653258681094, 13.668436292189144 ], [ -89.29653258681094, 13.68191095981401 ], [ -89.323481922060665, 13.681910959814012 ], [ -89.323481922060665, 13.66843629218914 ] ], [ [ -89.929841965179605, 13.708860295063738 ], [ -89.929841965179605, 13.695385627438874 ], [ -89.916367297554743, 13.695385627438876 ], [ -89.916367297554743, 13.681910959814006 ], [ -89.902892629929894, 13.681910959814008 ], [ -89.902892629929894, 13.695385627438876 ], [ -89.862468627055279, 13.695385627438874 ], [ -89.862468627055279, 13.708860295063737 ], [ -89.929841965179605, 13.708860295063738 ] ], [ [ -89.848993959430416, 13.708860295063745 ], [ -89.848993959430416, 13.695385627438871 ], [ -89.835519291805554, 13.695385627438876 ], [ -89.835519291805554, 13.708860295063737 ], [ -89.848993959430416, 13.708860295063745 ] ], [ [ -89.754671286056364, 13.681910959814006 ], [ -89.754671286056364, 13.695385627438876 ], [ -89.768145953681227, 13.695385627438874 ], [ -89.768145953681227, 13.68191095981401 ], [ -89.754671286056364, 13.681910959814006 ] ], [ [ -89.754671286056364, 13.668436292189146 ], [ -89.741196618431488, 13.66843629218914 ], [ -89.741196618431488, 13.681910959814006 ], [ -89.754671286056364, 13.681910959814006 ], [ -89.754671286056364, 13.668436292189146 ] ], [ [ -89.727721950806625, 13.68191095981401 ], [ -89.727721950806625, 13.695385627438874 ], [ -89.741196618431488, 13.695385627438876 ], [ -89.741196618431488, 13.681910959814006 ], [ -89.727721950806625, 13.68191095981401 ] ], [ [ -89.619924609807711, 13.66843629218914 ], [ -89.619924609807711, 13.68191095981401 ], [ -89.606449942182834, 13.681910959814008 ], [ -89.606449942182834, 13.695385627438874 ], [ -89.633399277432574, 13.695385627438874 ], [ -89.633399277432574, 13.668436292189146 ], [ -89.619924609807711, 13.66843629218914 ] ], [ [ -89.606449942182834, 13.65496162456428 ], [ -89.592975274557972, 13.65496162456428 ], [ -89.592975274557972, 13.641486956939413 ], [ -89.566025939308247, 13.641486956939415 ], [ -89.566025939308247, 13.628012289314555 ], [ -89.539076604058522, 13.628012289314551 ], [ -89.539076604058522, 13.641486956939413 ], [ -89.525601936433645, 13.641486956939413 ], [ -89.525601936433645, 13.668436292189138 ], [ -89.552551271683384, 13.66843629218914 ], [ -89.552551271683384, 13.681910959814008 ], [ -89.606449942182834, 13.681910959814008 ], [ -89.606449942182834, 13.65496162456428 ] ], [ [ -89.592975274557972, 13.628012289314547 ], [ -89.592975274557972, 13.614537621689685 ], [ -89.566025939308247, 13.614537621689683 ], [ -89.566025939308247, 13.628012289314555 ], [ -89.592975274557972, 13.628012289314547 ] ], [ [ -89.606449942182834, 13.614537621689685 ], [ -89.606449942182834, 13.601062954064819 ], [ -89.592975274557972, 13.601062954064815 ], [ -89.592975274557972, 13.614537621689685 ], [ -89.606449942182834, 13.614537621689685 ] ], [ [ -89.525601936433645, 13.628012289314551 ], [ -89.512127268808783, 13.628012289314546 ], [ -89.512127268808783, 13.641486956939413 ], [ -89.525601936433645, 13.641486956939413 ], [ -89.525601936433645, 13.628012289314551 ] ], [ [ -89.458228598309319, 13.695385627438879 ], [ -89.458228598309319, 13.68191095981401 ], [ -89.444753930684456, 13.681910959814006 ], [ -89.444753930684456, 13.695385627438876 ], [ -89.458228598309319, 13.695385627438879 ] ], [ [ -89.256108583936339, 13.68191095981401 ], [ -89.256108583936339, 13.66843629218914 ], [ -89.229159248686628, 13.66843629218914 ], [ -89.229159248686628, 13.681910959814006 ], [ -89.256108583936339, 13.68191095981401 ] ], [ [ -89.916367297554743, 13.668436292189146 ], [ -89.916367297554743, 13.654961624564276 ], [ -89.902892629929894, 13.654961624564283 ], [ -89.902892629929894, 13.66843629218914 ], [ -89.916367297554743, 13.668436292189146 ] ], [ [ -89.49865260118392, 13.668436292189146 ], [ -89.49865260118392, 13.641486956939415 ], [ -89.485177933559058, 13.641486956939413 ], [ -89.485177933559058, 13.66843629218914 ], [ -89.49865260118392, 13.668436292189146 ] ], [ [ -89.471703265934181, 13.66843629218914 ], [ -89.471703265934181, 13.654961624564274 ], [ -89.458228598309319, 13.65496162456428 ], [ -89.458228598309319, 13.668436292189144 ], [ -89.471703265934181, 13.66843629218914 ] ], [ [ -89.431279263059594, 13.65496162456428 ], [ -89.431279263059594, 13.668436292189146 ], [ -89.444753930684456, 13.668436292189138 ], [ -89.444753930684456, 13.654961624564278 ], [ -89.431279263059594, 13.65496162456428 ] ], [ [ -89.431279263059594, 13.628012289314549 ], [ -89.444753930684456, 13.628012289314544 ], [ -89.444753930684456, 13.641486956939413 ], [ -89.471703265934181, 13.641486956939417 ], [ -89.471703265934181, 13.61453762168968 ], [ -89.431279263059594, 13.614537621689683 ], [ -89.431279263059594, 13.601062954064819 ], [ -89.390855260184992, 13.601062954064819 ], [ -89.390855260184992, 13.614537621689685 ], [ -89.363905924935267, 13.614537621689685 ], [ -89.363905924935267, 13.628012289314547 ], [ -89.377380592560129, 13.628012289314546 ], [ -89.377380592560129, 13.641486956939412 ], [ -89.390855260184992, 13.641486956939413 ], [ -89.390855260184992, 13.628012289314549 ], [ -89.404329927809869, 13.628012289314546 ], [ -89.404329927809869, 13.641486956939415 ], [ -89.417804595434731, 13.641486956939413 ], [ -89.417804595434731, 13.654961624564283 ], [ -89.431279263059594, 13.65496162456428 ], [ -89.431279263059594, 13.628012289314549 ] ], [ [ -89.29653258681094, 13.654961624564283 ], [ -89.29653258681094, 13.641486956939413 ], [ -89.283057919186078, 13.641486956939415 ], [ -89.283057919186078, 13.654961624564283 ], [ -89.29653258681094, 13.654961624564283 ] ], [ [ -89.862468627055279, 13.641486956939415 ], [ -89.862468627055279, 13.628012289314549 ], [ -89.848993959430416, 13.628012289314546 ], [ -89.848993959430416, 13.641486956939415 ], [ -89.862468627055279, 13.641486956939415 ] ], [ [ -89.660348612682313, 13.641486956939413 ], [ -89.660348612682313, 13.628012289314549 ], [ -89.646873945057436, 13.628012289314546 ], [ -89.646873945057436, 13.641486956939415 ], [ -89.660348612682313, 13.641486956939413 ] ], [ [ -89.336956589685542, 13.641486956939412 ], [ -89.336956589685542, 13.628012289314549 ], [ -89.323481922060665, 13.628012289314549 ], [ -89.323481922060665, 13.614537621689685 ], [ -89.29653258681094, 13.614537621689681 ], [ -89.29653258681094, 13.628012289314546 ], [ -89.310007254435803, 13.628012289314547 ], [ -89.310007254435803, 13.641486956939412 ], [ -89.336956589685542, 13.641486956939412 ] ], [ [ -89.269583251561215, 13.641486956939412 ], [ -89.269583251561215, 13.628012289314549 ], [ -89.256108583936339, 13.628012289314549 ], [ -89.256108583936339, 13.641486956939412 ], [ -89.269583251561215, 13.641486956939412 ] ], [ [ -89.687297947932038, 13.628012289314546 ], [ -89.687297947932038, 13.614537621689685 ], [ -89.673823280307161, 13.61453762168968 ], [ -89.673823280307161, 13.628012289314549 ], [ -89.687297947932038, 13.628012289314546 ] ], [ [ -89.49865260118392, 13.614537621689681 ], [ -89.49865260118392, 13.601062954064815 ], [ -89.485177933559058, 13.601062954064819 ], [ -89.485177933559058, 13.61453762168968 ], [ -89.49865260118392, 13.614537621689681 ] ], [ [ -89.417804595434731, 13.587588286439953 ], [ -89.417804595434731, 13.574113618815089 ], [ -89.431279263059594, 13.574113618815083 ], [ -89.431279263059594, 13.560638951190219 ], [ -89.390855260184992, 13.560638951190219 ], [ -89.390855260184992, 13.574113618815089 ], [ -89.377380592560129, 13.574113618815085 ], [ -89.377380592560129, 13.587588286439953 ], [ -89.417804595434731, 13.587588286439953 ] ] ] } },
{ "type": "Feature", "properties": { "class_id": 2, "area_m2": 4341995.3808028614, "class_name": "Bajo", "index": "NMDI", "min_value": null, "max_value": null }, "geometry": { "type": "Polygon", "coordinates": [ [ [ -89.107887240062837, 14.018777650435638 ], [ -89.121361907687685, 14.018777650435647 ], [ -89.121361907687685, 14.045726985685372 ], [ -89.107887240062837, 14.045726985685365 ], [ -89.107887240062837, 14.018777650435638 ] ] ] } },
{ "type": "Feature", "properties": { "class_id": 2, "area_m2": 2170918.6538186828, "class_name": "Bajo", "index": "NMDI", "min_value": null, "max_value": null }, "geometry": { "type": "Polygon", "coordinates": [ [ [ -89.148311242937424, 14.059201653310234 ], [ -89.148311242937424, 14.045726985685372 ], [ -89.161785910562287, 14.045726985685368 ], [ -89.161785910562287, 14.059201653310234 ], [ -89.148311242937424, 14.059201653310234 ] ] ] } },
{ "type": "Feature", "properties": { "class_id": 2, "area_m2": 4341478.8430786096, "class_name": "Bajo", "index": "NMDI", "min_value": null, "max_value": null }, "geometry": { "type": "Polygon", "coordinates": [ [ [ -89.148311242937424, 14.059201653310234 ], [ -89.148311242937424, 14.072676320935102 ], [ -89.121361907687685, 14.072676320935102 ], [ -89.121361907687685, 14.059201653310234 ], [ -89.148311242937424, 14.059201653310234 ] ] ] } },
{ "type": "Feature", "properties": { "class_id": 2, "area_m2": 2170560.4971305118, "class_name": "Bajo", "index": "NMDI", "min_value": null, "max_value": null }, "geometry": { "type": "Polygon", "coordinates": [ [ [ -89.107887240062837, 14.072676320935102 ], [ -89.121361907687685, 14.072676320935102 ], [ -89.121361907687685, 14.086150988559972 ], [ -89.107887240062837, 14.086150988559968 ], [ -89.107887240062837, 14.072676320935102 ] ] ] } },
{ "type": "Feature", "properties": { "class_id": 2, "area_m2": 2170668.5886578057, "class_name": "Bajo", "index": "NMDI", "min_value": null, "max_value": null }, "geometry": { "type": "Polygon", "coordinates": [ [ [ -89.161785910562287, 14.086150988559966 ], [ -89.148311242937424, 14.086150988559965 ], [ -89.148311242937424, 14.072676320935102 ], [ -89.161785910562287, 14.072676320935102 ], [ -89.161785910562287, 14.086150988559966 ] ] ] } },
{ "type": "Feature", "properties": { "class_id": 2, "area_m2": 2171737.1185389371, "class_name": "Bajo", "index": "NMDI", "min_value": null, "max_value": null }, "geometry": { "type": "Polygon", "coordinates": [ [ [ -89.566025939308247, 14.099625656184834 ], [ -89.552551271683384, 14.099625656184836 ], [ -89.552551271683384, 14.086150988559965 ], [ -89.566025939308247, 14.086150988559972 ], [ -89.566025939308247, 14.099625656184834 ] ] ] } },
{ "type": "Feature", "properties": { "class_id": 2, "area_m2": 2172020.8270723238, "class_name": "Bajo", "index": "NMDI", "min_value": null, "max_value": null }, "geometry": { "type": "Polygon", "coordinates": [ [ [ -89.714247283181763, 14.113100323809698 ], [ -89.727721950806625, 14.113100323809698 ], [ -89.727721950806625, 14.126574991434564 ], [ -89.714247283181763, 14.126574991434564 ], [ -89.714247283181763, 14.113100323809698 ] ] ] } },
{ "type": "Feature", "properties": { "class_id": 2, "area_m2": 2167953.9016344906, "class_name": "Bajo", "index": "NMDI", "min_value": null, "max_value": null }, "geometry": { "type": "Polygon", "coordinates": [ [ [ -89.310007254435803, 14.409543011556734 ], [ -89.323481922060665, 14.409543011556742 ], [ -89.323481922060665, 14.4230176791816 ], [ -89.310007254435803, 14.423017679181603 ], [ -89.310007254435803, 14.409543011556734 ] ] ] } },
{ "type": "Feature", "properties": { "class_id": 2, "area_m2": 2167864.7106830426, "class_name": "Bajo", "index": "NMDI", "min_value": null, "max_value": null }, "geometry": { "type": "Polygon", "coordinates": [ [ [ -89.323481922060665, 14.4230176791816 ], [ -89.336956589685542, 14.4230176791816 ], [ -89.336956589685542, 14.436492346806462 ], [ -89.323481922060665, 14.436492346806462 ], [ -89.323481922060665, 14.4230176791816 ] ] ] } },
{ "type": "Feature", "properties": { "class_id": 2, "area_m2": 4353730.6174100861, "class_name": "Bajo", "index": "NMDI", "min_value": null, "max_value": null }, "geometry": { "type": "Polygon", "coordinates": [ [ [ -88.973140563814169, 13.345044269192378 ], [ -88.946191228564444, 13.34504426919238 ], [ -88.946191228564444, 13.331569601567512 ], [ -88.973140563814169, 13.331569601567509 ], [ -88.973140563814169, 13.345044269192378 ] ] ] } },
{ "type": "Feature", "properties": { "class_id": 2, "area_m2": 26120180.434749663, "class_name": "Bajo", "index": "NMDI", "min_value": null, "max_value": null }, "geometry": { "type": "Polygon", "coordinates": [ [ [ -88.878817890440118, 13.318094933942648 ], [ -88.91924189331472, 13.318094933942643 ], [ -88.91924189331472, 13.331569601567514 ], [ -88.932716560939582, 13.33156960156751 ], [ -88.932716560939582, 13.37199360444211 ], [ -88.905767225689843, 13.371993604442109 ], [ -88.905767225689843, 13.358518936817243 ], [ -88.89229255806498, 13.358518936817243 ], [ -88.89229255806498, 13.345044269192373 ], [ -88.865343222815255, 13.345044269192378 ], [ -88.865343222815255, 13.331569601567512 ], [ -88.878817890440118, 13.331569601567512 ], [ -88.878817890440118, 13.318094933942648 ] ], [ [ -88.905767225689843, 13.345044269192377 ], [ -88.905767225689843, 13.331569601567509 ], [ -88.89229255806498, 13.33156960156751 ], [ -88.89229255806498, 13.345044269192373 ], [ -88.905767225689843, 13.345044269192377 ] ] ] } },
{ "type": "Feature", "properties": { "class_id": 2, "area_m2": 4353510.7797221513, "class_name": "Bajo", "index": "NMDI", "min_value": null, "max_value": null }, "geometry": { "type": "Polygon", "coordinates": [ [ [ -89.027039234313634, 13.358518936817244 ], [ -89.040513901938496, 13.358518936817241 ], [ -89.040513901938496, 13.385468272066969 ], [ -89.027039234313634, 13.385468272066975 ], [ -89.027039234313634, 13.358518936817244 ] ] ] } },
{ "type": "Feature", "properties": { "class_id": 2, "area_m2": 6529120.511412764, "class_name": "Bajo", "index": "NMDI", "min_value": null, "max_value": null }, "geometry": { "type": "Polygon", "coordinates": [ [ [ -88.932716560939582, 13.398942939691835 ], [ -88.932716560939582, 13.385468272066971 ], [ -88.973140563814169, 13.385468272066969 ], [ -88.973140563814169, 13.398942939691839 ], [ -88.932716560939582, 13.398942939691835 ] ] ] } },
{ "type": "Feature", "properties": { "class_id": 2, "area_m2": 2176188.2435103203, "class_name": "Bajo", "index": "NMDI", "min_value": null, "max_value": null }, "geometry": { "type": "Polygon", "coordinates": [ [ [ -88.932716560939582, 13.398942939691835 ], [ -88.932716560939582, 13.4124176073167 ], [ -88.91924189331472, 13.412417607316705 ], [ -88.91924189331472, 13.398942939691835 ], [ -88.932716560939582, 13.398942939691835 ] ] ] } },
{ "type": "Feature", "properties": { "class_id": 2, "area_m2": 2176036.3771852762, "class_name": "Bajo", "index": "NMDI", "min_value": null, "max_value": null }, "geometry": { "type": "Polygon", "coordinates": [ [ [ -88.905767225689843, 13.412417607316703 ], [ -88.91924189331472, 13.412417607316705 ], [ -88.91924189331472, 13.425892274941571 ], [ -88.905767225689843, 13.425892274941569 ], [ -88.905767225689843, 13.412417607316703 ] ] ] } },
{ "type": "Feature", "properties": { "class_id": 2, "area_m2": 2176201.954289902, "class_name": "Bajo", "index": "NMDI", "min_value": null, "max_value": null }, "geometry": { "type": "Polygon", "coordinates": [ [ [ -88.973140563814169, 13.425892274941567 ], [ -88.973140563814169, 13.412417607316707 ], [ -88.986615231439046, 13.412417607316703 ], [ -88.986615231439046, 13.425892274941571 ], [ -88.973140563814169, 13.425892274941567 ] ] ] } },
{ "type": "Feature", "properties": { "class_id": 2, "area_m2": 8703705.2557490729, "class_name": "Bajo", "index": "NMDI", "min_value": null, "max_value": null }, "geometry": { "type": "Polygon", "coordinates": [ [ [ -88.946191228564444, 13.466316277816166 ], [ -88.946191228564444, 13.425892274941569 ], [ -88.973140563814169, 13.425892274941567 ], [ -88.973140563814169, 13.439366942566428 ], [ -88.959665896189307, 13.439366942566432 ], [ -88.959665896189307, 13.466316277816162 ], [ -88.946191228564444, 13.466316277816166 ] ] ] } },
{ "type": "Feature", "properties": { "class_id": 2, "area_m2": 2175996.9279060881, "class_name": "Bajo", "index": "NMDI", "min_value": null, "max_value": null }, "geometry": { "type": "Polygon", "coordinates": [ [ [ -88.986615231439046, 13.439366942566435 ], [ -89.000089899063909, 13.439366942566428 ], [ -89.000089899063909, 13.4528416101913 ], [ -88.986615231439046, 13.452841610191305 ], [ -88.986615231439046, 13.439366942566435 ] ] ] } },
{ "type": "Feature", "properties": { "class_id": 2, "area_m2": 2175645.6438570819, "class_name": "Bajo", "index": "NMDI", "min_value": null, "max_value": null }, "geometry": { "type": "Polygon", "coordinates": [ [ [ -88.89229255806498, 13.452841610191301 ], [ -88.905767225689843, 13.452841610191301 ], [ -88.905767225689843, 13.466316277816166 ], [ -88.89229255806498, 13.46631627781616 ], [ -88.89229255806498, 13.452841610191301 ] ] ] } },
{ "type": "Feature", "properties": { "class_id": 2, "area_m2": 2175843.54679034, "class_name": "Bajo", "index": "NMDI", "min_value": null, "max_value": null }, "geometry": { "type": "Polygon", "coordinates": [ [ [ -88.973140563814169, 13.452841610191301 ], [ -88.986615231439046, 13.452841610191305 ], [ -88.986615231439046, 13.466316277816166 ], [ -88.973140563814169, 13.466316277816164 ], [ -88.973140563814169, 13.452841610191301 ] ] ] } },
{ "type": "Feature", "properties": { "class_id": 2, "area_m2": 158841472.07979241, "class_name": "Bajo", "index": "NMDI", "min_value": null, "max_value": null }, "geometry": { "type": "Polygon", "coordinates": [ [ [ -89.013564566688771, 13.520214948315623 ], [ -89.013564566688771, 13.506740280690757 ], [ -89.027039234313634, 13.506740280690758 ], [ -89.027039234313634, 13.493265613065899 ], [ -89.013564566688771, 13.493265613065898 ], [ -89.013564566688771, 13.466316277816166 ], [ -89.027039234313634, 13.466316277816162 ], [ -89.027039234313634, 13.479790945441037 ], [ -89.053988569563359, 13.479790945441032 ], [ -89.053988569563359, 13.466316277816166 ], [ -89.040513901938496, 13.466316277816166 ], [ -89.040513901938496, 13.412417607316701 ], [ -89.013564566688771, 13.412417607316701 ], [ -89.013564566688771, 13.398942939691841 ], [ -89.053988569563359, 13.398942939691841 ], [ -89.053988569563359, 13.37199360444211 ], [ -89.067463237188235, 13.371993604442109 ], [ -89.067463237188235, 13.385468272066969 ], [ -89.09441257243796, 13.385468272066969 ], [ -89.09441257243796, 13.398942939691834 ], [ -89.107887240062837, 13.398942939691841 ], [ -89.107887240062837, 13.412417607316705 ], [ -89.134836575312562, 13.412417607316701 ], [ -89.134836575312562, 13.425892274941569 ], [ -89.148311242937424, 13.425892274941569 ], [ -89.148311242937424, 13.439366942566435 ], [ -89.134836575312562, 13.43936694256643 ], [ -89.134836575312562, 13.452841610191301 ], [ -89.121361907687685, 13.452841610191305 ], [ -89.121361907687685, 13.425892274941571 ], [ -89.107887240062837, 13.425892274941569 ], [ -89.107887240062837, 13.47979094544103 ], [ -89.121361907687685, 13.479790945441035 ], [ -89.121361907687685, 13.493265613065899 ], [ -89.107887240062837, 13.493265613065901 ], [ -89.107887240062837, 13.506740280690764 ], [ -89.080937904813098, 13.506740280690758 ], [ -89.080937904813098, 13.520214948315623 ], [ -89.040513901938496, 13.520214948315623 ], [ -89.040513901938496, 13.533689615940492 ], [ -89.027039234313634, 13.533689615940492 ], [ -89.027039234313634, 13.547164283565353 ], [ -89.013564566688771, 13.547164283565358 ], [ -89.013564566688771, 13.574113618815087 ], [ -89.000089899063909, 13.574113618815089 ], [ -89.000089899063909, 13.601062954064824 ], [ -88.986615231439046, 13.601062954064822 ], [ -88.986615231439046, 13.587588286439953 ], [ -88.973140563814169, 13.587588286439953 ], [ -88.973140563814169, 13.533689615940496 ], [ -89.000089899063909, 13.533689615940492 ], [ -89.000089899063909, 13.520214948315623 ], [ -89.013564566688771, 13.520214948315623 ] ], [ [ -89.080937904813098, 13.493265613065899 ], [ -89.067463237188235, 13.493265613065899 ], [ -89.067463237188235, 13.506740280690762 ], [ -89.080937904813098, 13.506740280690758 ], [ -89.080937904813098, 13.493265613065899 ] ], [ [ -89.09441257243796, 13.47979094544103 ], [ -89.09441257243796, 13.466316277816162 ], [ -89.080937904813098, 13.466316277816166 ], [ -89.080937904813098, 13.47979094544103 ], [ -89.09441257243796, 13.47979094544103 ] ], [ [ -89.067463237188235, 13.452841610191301 ], [ -89.067463237188235, 13.439366942566433 ], [ -89.053988569563359, 13.439366942566432 ], [ -89.053988569563359, 13.452841610191301 ], [ -89.067463237188235, 13.452841610191301 ] ] ] } },
{ "type": "Feature", "properties": { "class_id": 2, "area_m2": 4350387.3706623008, "class_name": "Bajo", "index": "NMDI", "min_value": null, "max_value": null }, "geometry": { "type": "Polygon", "coordinates": [ [ [ -88.973140563814169, 13.533689615940496 ], [ -88.946191228564444, 13.533689615940492 ], [ -88.946191228564444, 13.52021494831563 ], [ -88.973140563814169, 13.520214948315623 ], [ -88.973140563814169, 13.533689615940496 ] ] ] } },
{ "type": "Feature", "properties": { "class_id": 2, "area_m2": 2174990.8249517111, "class_name": "Bajo", "index": "NMDI", "min_value": null, "max_value": null }, "geometry": { "type": "Polygon", "coordinates": [ [ [ -88.91924189331472, 13.533689615940494 ], [ -88.932716560939582, 13.533689615940492 ], [ -88.932716560939582, 13.547164283565355 ], [ -88.91924189331472, 13.547164283565358 ], [ -88.91924189331472, 13.533689615940494 ] ] ] } },
{ "type": "Feature", "properties": { "class_id": 2, "area_m2": 4350227.7173861088, "class_name": "Bajo", "index": "NMDI", "min_value": null, "max_value": null }, "geometry": { "type": "Polygon", "coordinates": [ [ [ -89.053988569563359, 13.574113618815087 ], [ -89.040513901938496, 13.574113618815083 ], [ -89.040513901938496, 13.547164283565353 ], [ -89.053988569563359, 13.547164283565353 ], [ -89.053988569563359, 13.574113618815087 ] ] ] } },
{ "type": "Feature", "properties": { "class_id": 2, "area_m2": 10875174.561982663, "class_name": "Bajo", "index": "NMDI", "min_value": null, "max_value": null }, "geometry": { "type": "Polygon", "coordinates": [ [ [ -89.09441257243796, 13.587588286439953 ], [ -89.080937904813098, 13.587588286439953 ], [ -89.080937904813098, 13.601062954064815 ], [ -89.067463237188235, 13.601062954064817 ], [ -89.067463237188235, 13.560638951190219 ], [ -89.09441257243796, 13.560638951190217 ], [ -89.09441257243796, 13.587588286439953 ] ] ] } },
{ "type": "Feature", "properties": { "class_id": 2, "area_m2": 6523861.1292717839, "class_name": "Bajo", "index": "NMDI", "min_value": null, "max_value": null }, "geometry": { "type": "Polygon", "coordinates": [ [ [ -88.932716560939582, 13.587588286439953 ], [ -88.946191228564444, 13.587588286439955 ], [ -88.946191228564444, 13.574113618815089 ], [ -88.959665896189307, 13.574113618815085 ], [ -88.959665896189307, 13.601062954064814 ], [ -88.932716560939582, 13.601062954064815 ], [ -88.932716560939582, 13.587588286439953 ] ] ] } },
{ "type": "Feature", "properties": { "class_id": 2, "area_m2": 2174483.8969810796, "class_name": "Bajo", "index": "NMDI", "min_value": null, "max_value": null }, "geometry": { "type": "Polygon", "coordinates": [ [ [ -89.067463237188235, 13.641486956939413 ], [ -89.053988569563359, 13.641486956939415 ], [ -89.053988569563359, 13.628012289314546 ], [ -89.067463237188235, 13.628012289314549 ], [ -89.067463237188235, 13.641486956939413 ] ] ] } },
{ "type": "Feature", "properties": { "class_id": 2, "area_m2": 2173991.8330267724, "class_name": "Bajo", "index": "NMDI", "min_value": null, "max_value": null }, "geometry": { "type": "Polygon", "coordinates": [ [ [ -88.91924189331472, 13.654961624564283 ], [ -88.905767225689843, 13.65496162456428 ], [ -88.905767225689843, 13.641486956939415 ], [ -88.91924189331472, 13.641486956939413 ], [ -88.91924189331472, 13.654961624564283 ] ] ] } },
{ "type": "Feature", "properties": { "class_id": 2, "area_m2": 2173947.7981930226, "class_name": "Bajo", "index": "NMDI", "min_value": null, "max_value": null }, "geometry": { "type": "Polygon", "coordinates": [ [ [ -88.986615231439046, 13.668436292189142 ], [ -89.000089899063909, 13.668436292189137 ], [ -89.000089899063909, 13.681910959814006 ], [ -88.986615231439046, 13.68191095981401 ], [ -88.986615231439046, 13.668436292189142 ] ] ] } },
{ "type": "Feature", "properties": { "class_id": 2, "area_m2": 2172971.7043336891, "class_name": "Bajo", "index": "NMDI", "min_value": null, "max_value": null }, "geometry": { "type": "Polygon", "coordinates": [ [ [ -88.986615231439046, 13.776233633188061 ], [ -89.000089899063909, 13.776233633188069 ], [ -89.000089899063909, 13.789708300812933 ], [ -88.986615231439046, 13.789708300812931 ], [ -88.986615231439046, 13.776233633188061 ] ] ] } },
{ "type": "Feature", "properties": { "class_id": 2, "area_m2": 4345423.9045784641, "class_name": "Bajo", "index": "NMDI", "min_value": null, "max_value": null }, "geometry": { "type": "Polygon", "coordinates": [ [ [ -88.905767225689843, 13.776233633188067 ], [ -88.91924189331472, 13.776233633188067 ], [ -88.91924189331472, 13.803182968437797 ], [ -88.905767225689843, 13.803182968437797 ], [ -88.905767225689843, 13.776233633188067 ] ] ] } },
{ "type": "Feature", "properties": { "class_id": 2, "area_m2": 8690883.4356969893, "class_name": "Bajo", "index": "NMDI", "min_value": null, "max_value": null }, "geometry": { "type": "Polygon", "coordinates": [ [ [ -88.986615231439046, 13.816657636062661 ], [ -88.959665896189307, 13.816657636062656 ], [ -88.959665896189307, 13.803182968437797 ], [ -88.946191228564444, 13.803182968437801 ], [ -88.946191228564444, 13.789708300812933 ], [ -88.973140563814169, 13.789708300812933 ], [ -88.973140563814169, 13.803182968437797 ], [ -88.986615231439046, 13.803182968437799 ], [ -88.986615231439046, 13.816657636062661 ] ] ] } },
{ "type": "Feature", "properties": { "class_id": 2, "area_m2": 2172794.4653527485, "class_name": "Bajo", "index": "NMDI", "min_value": null, "max_value": null }, "geometry": { "type": "Polygon", "coordinates": [ [ [ -89.027039234313634, 13.816657636062663 ], [ -89.013564566688771, 13.816657636062661 ], [ -89.013564566688771, 13.803182968437799 ], [ -89.027039234313634, 13.803182968437797 ], [ -89.027039234313634, 13.816657636062663 ] ] ] } },
{ "type": "Feature", "properties": { "class_id": 2, "area_m2": 8689390.0133919697, "class_name": "Bajo", "index": "NMDI", "min_value": null, "max_value": null }, "geometry": { "type": "Polygon", "coordinates": [ [ [ -88.946191228564444, 13.83013230368752 ], [ -88.932716560939582, 13.83013230368752 ], [ -88.932716560939582, 13.84360697131239 ], [ -88.91924189331472, 13.843606971312388 ], [ -88.91924189331472, 13.830132303687527 ], [ -88.905767225689843, 13.830132303687522 ], [ -88.905767225689843, 13.816657636062663 ], [ -88.946191228564444, 13.816657636062663 ], [ -88.946191228564444, 13.83013230368752 ] ] ] } },
{ "type": "Feature", "properties": { "class_id": 2, "area_m2": 2172413.8020706135, "class_name": "Bajo", "index": "NMDI", "min_value": null, "max_value": null }, "geometry": { "type": "Polygon", "coordinates": [ [ [ -88.973140563814169, 13.843606971312392 ], [ -88.959665896189307, 13.84360697131239 ], [ -88.959665896189307, 13.830132303687522 ], [ -88.973140563814169, 13.830132303687522 ], [ -88.973140563814169, 13.843606971312392 ] ] ] } },
{ "type": "Feature", "properties": { "class_id": 2, "area_m2": 2172391.6630688556, "class_name": "Bajo", "index": "NMDI", "min_value": null, "max_value": null }, "geometry": { "type": "Polygon", "coordinates": [ [ [ -89.013564566688771, 13.85708163893726 ], [ -89.000089899063909, 13.85708163893726 ], [ -89.000089899063909, 13.84360697131239 ], [ -89.013564566688771, 13.843606971312392 ], [ -89.013564566688771, 13.85708163893726 ] ] ] } },
{ "type": "Feature", "properties": { "class_id": 2, "area_m2": 6517567.7578246379, "class_name": "Bajo", "index": "NMDI", "min_value": null, "max_value": null }, "geometry": { "type": "Polygon", "coordinates": [ [ [ -89.067463237188235, 13.857081638937258 ], [ -89.080937904813098, 13.857081638937261 ], [ -89.080937904813098, 13.843606971312392 ], [ -89.09441257243796, 13.843606971312388 ], [ -89.09441257243796, 13.87055630656212 ], [ -89.067463237188235, 13.870556306562122 ], [ -89.067463237188235, 13.857081638937258 ] ] ] } },
{ "type": "Feature", "properties": { "class_id": 2, "area_m2": 2172036.4193303632, "class_name": "Bajo", "index": "NMDI", "min_value": null, "max_value": null }, "geometry": { "type": "Polygon", "coordinates": [ [ [ -88.91924189331472, 13.870556306562129 ], [ -88.905767225689843, 13.870556306562122 ], [ -88.905767225689843, 13.857081638937258 ], [ -88.91924189331472, 13.85708163893726 ], [ -88.91924189331472, 13.870556306562129 ] ] ] } },
{ "type": "Feature", "properties": { "class_id": 2, "area_m2": 2172371.4294589376, "class_name": "Bajo", "index": "NMDI", "min_value": null, "max_value": null }, "geometry": { "type": "Polygon", "coordinates": [ [ [ -89.053988569563359, 13.870556306562122 ], [ -89.040513901938496, 13.870556306562118 ], [ -89.040513901938496, 13.857081638937258 ], [ -89.053988569563359, 13.857081638937263 ], [ -89.053988569563359, 13.870556306562122 ] ] ] } },
{ "type": "Feature", "properties": { "class_id": 2, "area_m2": 2172070.9651715062, "class_name": "Bajo", "index": "NMDI", "min_value": null, "max_value": null }, "geometry": { "type": "Polygon", "coordinates": [ [ [ -89.067463237188235, 13.897505641811859 ], [ -89.080937904813098, 13.897505641811854 ], [ -89.080937904813098, 13.91098030943672 ], [ -89.067463237188235, 13.91098030943672 ], [ -89.067463237188235, 13.897505641811859 ] ] ] } },
{ "type": "Feature", "properties": { "class_id": 2, "area_m2": 104240469.44513069, "class_name": "Bajo", "index": "NMDI", "min_value": null, "max_value": null }, "geometry": { "type": "Polygon", "coordinates": [ [ [ -89.000089899063909, 13.924454977061584 ], [ -89.000089899063909, 13.910980309436725 ], [ -88.986615231439046, 13.91098030943672 ], [ -88.986615231439046, 13.924454977061588 ], [ -88.973140563814169, 13.924454977061583 ], [ -88.973140563814169, 13.937929644686445 ], [ -88.946191228564444, 13.93792964468645 ], [ -88.946191228564444, 13.91098030943672 ], [ -88.932716560939582, 13.910980309436725 ], [ -88.932716560939582, 13.937929644686452 ], [ -88.89229255806498, 13.937929644686452 ], [ -88.89229255806498, 13.951404312311315 ], [ -88.878817890440118, 13.951404312311311 ], [ -88.878817890440118, 13.924454977061579 ], [ -88.865343222815255, 13.924454977061584 ], [ -88.865343222815255, 13.937929644686447 ], [ -88.851868555190393, 13.937929644686454 ], [ -88.851868555190393, 13.951404312311315 ], [ -88.865343222815255, 13.951404312311315 ], [ -88.865343222815255, 13.964878979936183 ], [ -88.838393887565516, 13.964878979936181 ], [ -88.838393887565516, 13.951404312311309 ], [ -88.824919219940654, 13.951404312311309 ], [ -88.824919219940654, 13.93792964468645 ], [ -88.811444552315791, 13.937929644686447 ], [ -88.811444552315791, 13.924454977061584 ], [ -88.851868555190393, 13.924454977061584 ], [ -88.851868555190393, 13.91098030943672 ], [ -88.89229255806498, 13.910980309436722 ], [ -88.89229255806498, 13.924454977061581 ], [ -88.91924189331472, 13.924454977061588 ], [ -88.91924189331472, 13.91098030943672 ], [ -88.905767225689843, 13.91098030943672 ], [ -88.905767225689843, 13.884030974186985 ], [ -88.946191228564444, 13.884030974186985 ], [ -88.946191228564444, 13.857081638937265 ], [ -88.986615231439046, 13.85708163893726 ], [ -88.986615231439046, 13.870556306562118 ], [ -89.000089899063909, 13.870556306562124 ], [ -89.000089899063909, 13.884030974186995 ], [ -89.013564566688771, 13.884030974186986 ], [ -89.013564566688771, 13.85708163893726 ], [ -89.027039234313634, 13.85708163893726 ], [ -89.027039234313634, 13.897505641811854 ], [ -89.040513901938496, 13.897505641811851 ], [ -89.040513901938496, 13.91098030943672 ], [ -89.027039234313634, 13.910980309436725 ], [ -89.027039234313634, 13.924454977061584 ], [ -89.000089899063909, 13.924454977061584 ] ], [ [ -88.946191228564444, 13.897505641811854 ], [ -88.959665896189307, 13.897505641811852 ], [ -88.959665896189307, 13.91098030943672 ], [ -88.973140563814169, 13.91098030943672 ], [ -88.973140563814169, 13.897505641811851 ], [ -88.986615231439046, 13.897505641811859 ], [ -88.986615231439046, 13.884030974186985 ], [ -88.946191228564444, 13.884030974186985 ], [ -88.946191228564444, 13.897505641811854 ] ] ] } },
{ "type": "Feature", "properties": { "class_id": 2, "area_m2": 8685474.069130525, "class_name": "Bajo", "index": "NMDI", "min_value": null, "max_value": null }, "geometry": { "type": "Polygon", "coordinates": [ [ [ -88.986615231439046, 13.937929644686445 ], [ -89.000089899063909, 13.937929644686452 ], [ -89.000089899063909, 13.964878979936181 ], [ -89.013564566688771, 13.964878979936181 ], [ -89.013564566688771, 13.978353647561041 ], [ -88.986615231439046, 13.978353647561047 ], [ -88.986615231439046, 13.937929644686445 ] ] ] } },
{ "type": "Feature", "properties": { "class_id": 2, "area_m2": 43428846.715548009, "class_name": "Bajo", "index": "NMDI", "min_value": null, "max_value": null }, "geometry": { "type": "Polygon", "coordinates": [ [ [ -89.080937904813098, 14.018777650435641 ], [ -89.067463237188235, 14.018777650435641 ], [ -89.067463237188235, 13.97835364756105 ], [ -89.053988569563359, 13.978353647561045 ], [ -89.053988569563359, 13.964878979936181 ], [ -89.027039234313634, 13.964878979936181 ], [ -89.027039234313634, 13.937929644686445 ], [ -89.040513901938496, 13.937929644686447 ], [ -89.040513901938496, 13.924454977061583 ], [ -89.080937904813098, 13.924454977061584 ], [ -89.080937904813098, 13.964878979936181 ], [ -89.09441257243796, 13.964878979936181 ], [ -89.09441257243796, 13.978353647561045 ], [ -89.080937904813098, 13.978353647561045 ], [ -89.080937904813098, 13.991828315185909 ], [ -89.107887240062837, 13.991828315185906 ], [ -89.107887240062837, 14.005302982810772 ], [ -89.09441257243796, 14.005302982810772 ], [ -89.09441257243796, 14.032252318060507 ], [ -89.080937904813098, 14.032252318060504 ], [ -89.080937904813098, 14.018777650435641 ] ], [ [ -89.067463237188235, 13.964878979936181 ], [ -89.067463237188235, 13.951404312311311 ], [ -89.053988569563359, 13.951404312311311 ], [ -89.053988569563359, 13.964878979936181 ], [ -89.067463237188235, 13.964878979936181 ] ] ] } },
{ "type": "Feature", "properties": { "class_id": 2, "area_m2": 2171064.6776564955, "class_name": "Bajo", "index": "NMDI", "min_value": null, "max_value": null }, "geometry": { "type": "Polygon", "coordinates": [ [ [ -89.027039234313634, 14.005302982810774 ], [ -89.013564566688771, 14.005302982810774 ], [ -89.013564566688771, 13.991828315185908 ], [ -89.027039234313634, 13.991828315185913 ], [ -89.027039234313634, 14.005302982810774 ] ] ] } },
{ "type": "Feature", "properties": { "class_id": 2, "area_m2": 2170489.5769879357, "class_name": "Bajo", "index": "NMDI", "min_value": null, "max_value": null }, "geometry": { "type": "Polygon", "coordinates": [ [ [ -89.080937904813098, 14.072676320935102 ], [ -89.09441257243796, 14.072676320935102 ], [ -89.09441257243796, 14.086150988559965 ], [ -89.080937904813098, 14.086150988559965 ], [ -89.080937904813098, 14.072676320935102 ] ] ] } },
{ "type": "Feature", "properties": { "class_id": 2, "area_m2": 2177142.8535173433, "class_name": "Bajo", "index": "NMDI", "min_value": null, "max_value": null }, "geometry": { "type": "Polygon", "coordinates": [ [ [ -88.730596546566602, 13.250721595818323 ], [ -88.71712187894174, 13.250721595818328 ], [ -88.71712187894174, 13.237246928193453 ], [ -88.730596546566602, 13.237246928193453 ], [ -88.730596546566602, 13.250721595818323 ] ] ] } },
{ "type": "Feature", "properties": { "class_id": 2, "area_m2": 2176849.0081726671, "class_name": "Bajo", "index": "NMDI", "min_value": null, "max_value": null }, "geometry": { "type": "Polygon", "coordinates": [ [ [ -88.703647211316863, 13.277670931068055 ], [ -88.690172543692, 13.277670931068053 ], [ -88.690172543692, 13.264196263443187 ], [ -88.703647211316863, 13.264196263443186 ], [ -88.703647211316863, 13.277670931068055 ] ] ] } },
{ "type": "Feature", "properties": { "class_id": 2, "area_m2": 17413251.319846898, "class_name": "Bajo", "index": "NMDI", "min_value": null, "max_value": null }, "geometry": { "type": "Polygon", "coordinates": [ [ [ -88.730596546566602, 13.318094933942648 ], [ -88.71712187894174, 13.318094933942648 ], [ -88.71712187894174, 13.331569601567512 ], [ -88.703647211316863, 13.331569601567512 ], [ -88.703647211316863, 13.277670931068055 ], [ -88.71712187894174, 13.277670931068053 ], [ -88.71712187894174, 13.264196263443186 ], [ -88.730596546566602, 13.264196263443186 ], [ -88.730596546566602, 13.318094933942648 ] ] ] } },
{ "type": "Feature", "properties": { "class_id": 2, "area_m2": 10883991.14904134, "class_name": "Bajo", "index": "NMDI", "min_value": null, "max_value": null }, "geometry": { "type": "Polygon", "coordinates": [ [ [ -88.797969884690929, 13.291145598692918 ], [ -88.784495217066066, 13.291145598692918 ], [ -88.784495217066066, 13.304620266317784 ], [ -88.771020549441189, 13.304620266317778 ], [ -88.771020549441189, 13.318094933942644 ], [ -88.757545881816327, 13.318094933942644 ], [ -88.757545881816327, 13.291145598692918 ], [ -88.771020549441189, 13.291145598692916 ], [ -88.771020549441189, 13.277670931068055 ], [ -88.797969884690929, 13.277670931068055 ], [ -88.797969884690929, 13.291145598692918 ] ] ] } },
{ "type": "Feature", "properties": { "class_id": 2, "area_m2": 2176976.4584592558, "class_name": "Bajo", "index": "NMDI", "min_value": null, "max_value": null }, "geometry": { "type": "Polygon", "coordinates": [ [ [ -88.865343222815255, 13.304620266317784 ], [ -88.851868555190393, 13.304620266317789 ], [ -88.851868555190393, 13.291145598692921 ], [ -88.865343222815255, 13.291145598692921 ], [ -88.865343222815255, 13.304620266317784 ] ] ] } },
{ "type": "Feature", "properties": { "class_id": 2, "area_m2": 30475707.824228242, "class_name": "Bajo", "index": "NMDI", "min_value": null, "max_value": null }, "geometry": { "type": "Polygon", "coordinates": [ [ [ -88.851868555190393, 13.291145598692921 ], [ -88.838393887565516, 13.291145598692918 ], [ -88.838393887565516, 13.304620266317778 ], [ -88.851868555190393, 13.304620266317789 ], [ -88.851868555190393, 13.318094933942648 ], [ -88.865343222815255, 13.318094933942648 ], [ -88.865343222815255, 13.331569601567512 ], [ -88.851868555190393, 13.331569601567509 ], [ -88.851868555190393, 13.345044269192377 ], [ -88.838393887565516, 13.345044269192378 ], [ -88.838393887565516, 13.33156960156751 ], [ -88.811444552315791, 13.331569601567509 ], [ -88.811444552315791, 13.318094933942644 ], [ -88.797969884690929, 13.318094933942644 ], [ -88.797969884690929, 13.304620266317787 ], [ -88.824919219940654, 13.304620266317784 ], [ -88.824919219940654, 13.277670931068053 ], [ -88.811444552315791, 13.277670931068053 ], [ -88.811444552315791, 13.264196263443186 ], [ -88.838393887565516, 13.264196263443186 ], [ -88.838393887565516, 13.277670931068053 ], [ -88.851868555190393, 13.277670931068055 ], [ -88.851868555190393, 13.291145598692921 ] ] ] } },
{ "type": "Feature", "properties": { "class_id": 2, "area_m2": 2176347.7454289035, "class_name": "Bajo", "index": "NMDI", "min_value": null, "max_value": null }, "geometry": { "type": "Polygon", "coordinates": [ [ [ -88.690172543692, 13.331569601567518 ], [ -88.676697876067138, 13.331569601567514 ], [ -88.676697876067138, 13.318094933942648 ], [ -88.690172543692, 13.318094933942648 ], [ -88.690172543692, 13.331569601567518 ] ] ] } },
{ "type": "Feature", "properties": { "class_id": 2, "area_m2": 6529268.1472236626, "class_name": "Bajo", "index": "NMDI", "min_value": null, "max_value": null }, "geometry": { "type": "Polygon", "coordinates": [ [ [ -88.730596546566602, 13.318094933942648 ], [ -88.757545881816327, 13.318094933942644 ], [ -88.757545881816327, 13.345044269192375 ], [ -88.744071214191464, 13.345044269192378 ], [ -88.744071214191464, 13.331569601567516 ], [ -88.730596546566602, 13.331569601567509 ], [ -88.730596546566602, 13.318094933942648 ] ] ] } },
{ "type": "Feature", "properties": { "class_id": 2, "area_m2": 4352699.0132183842, "class_name": "Bajo", "index": "NMDI", "min_value": null, "max_value": null }, "geometry": { "type": "Polygon", "coordinates": [ [ [ -88.811444552315791, 13.345044269192384 ], [ -88.824919219940654, 13.34504426919238 ], [ -88.824919219940654, 13.37199360444211 ], [ -88.811444552315791, 13.371993604442109 ], [ -88.811444552315791, 13.345044269192384 ] ] ] } },
{ "type": "Feature", "properties": { "class_id": 2, "area_m2": 4352246.9651121804, "class_name": "Bajo", "index": "NMDI", "min_value": null, "max_value": null }, "geometry": { "type": "Polygon", "coordinates": [ [ [ -88.757545881816327, 13.371993604442107 ], [ -88.730596546566602, 13.371993604442109 ], [ -88.730596546566602, 13.358518936817244 ], [ -88.757545881816327, 13.358518936817244 ], [ -88.757545881816327, 13.371993604442107 ] ] ] } },
{ "type": "Feature", "properties": { "class_id": 2, "area_m2": 2176352.553312473, "class_name": "Bajo", "index": "NMDI", "min_value": null, "max_value": null }, "geometry": { "type": "Polygon", "coordinates": [ [ [ -88.851868555190393, 13.371993604442114 ], [ -88.838393887565516, 13.371993604442109 ], [ -88.838393887565516, 13.358518936817243 ], [ -88.851868555190393, 13.35851893681725 ], [ -88.851868555190393, 13.371993604442114 ] ] ] } },
{ "type": "Feature", "properties": { "class_id": 2, "area_m2": 10880227.17448953, "class_name": "Bajo", "index": "NMDI", "min_value": null, "max_value": null }, "geometry": { "type": "Polygon", "coordinates": [ [ [ -88.797969884690929, 13.385468272066975 ], [ -88.824919219940654, 13.385468272066975 ], [ -88.824919219940654, 13.37199360444211 ], [ -88.838393887565516, 13.371993604442109 ], [ -88.838393887565516, 13.398942939691841 ], [ -88.824919219940654, 13.398942939691839 ], [ -88.824919219940654, 13.412417607316707 ], [ -88.811444552315791, 13.412417607316707 ], [ -88.811444552315791, 13.398942939691839 ], [ -88.797969884690929, 13.398942939691839 ], [ -88.797969884690929, 13.385468272066975 ] ] ] } },
{ "type": "Feature", "properties": { "class_id": 2, "area_m2": 10878554.846042467, "class_name": "Bajo", "index": "NMDI", "min_value": null, "max_value": null }, "geometry": { "type": "Polygon", "coordinates": [ [ [ -88.730596546566602, 13.425892274941569 ], [ -88.703647211316863, 13.425892274941571 ], [ -88.703647211316863, 13.385468272066975 ], [ -88.730596546566602, 13.385468272066975 ], [ -88.730596546566602, 13.398942939691835 ], [ -88.71712187894174, 13.398942939691837 ], [ -88.71712187894174, 13.412417607316701 ], [ -88.730596546566602, 13.412417607316701 ], [ -88.730596546566602, 13.425892274941569 ] ] ] } },
{ "type": "Feature", "properties": { "class_id": 2, "area_m2": 2175781.5812521568, "class_name": "Bajo", "index": "NMDI", "min_value": null, "max_value": null }, "geometry": { "type": "Polygon", "coordinates": [ [ [ -88.757545881816327, 13.412417607316701 ], [ -88.744071214191464, 13.412417607316707 ], [ -88.744071214191464, 13.398942939691842 ], [ -88.757545881816327, 13.398942939691841 ], [ -88.757545881816327, 13.412417607316701 ] ] ] } },
{ "type": "Feature", "properties": { "class_id": 2, "area_m2": 2176058.9788865987, "class_name": "Bajo", "index": "NMDI", "min_value": null, "max_value": null }, "geometry": { "type": "Polygon", "coordinates": [ [ [ -88.865343222815255, 13.398942939691841 ], [ -88.878817890440118, 13.398942939691837 ], [ -88.878817890440118, 13.412417607316705 ], [ -88.865343222815255, 13.412417607316705 ], [ -88.865343222815255, 13.398942939691841 ] ] ] } },
{ "type": "Feature", "properties": { "class_id": 2, "area_m2": 2175783.407873306, "class_name": "Bajo", "index": "NMDI", "min_value": null, "max_value": null }, "geometry": { "type": "Polygon", "coordinates": [ [ [ -88.811444552315791, 13.425892274941571 ], [ -88.797969884690929, 13.425892274941573 ], [ -88.797969884690929, 13.412417607316703 ], [ -88.811444552315791, 13.412417607316707 ], [ -88.811444552315791, 13.425892274941571 ] ] ] } },
{ "type": "Feature", "properties": { "class_id": 2, "area_m2": 2175425.904636879, "class_name": "Bajo", "index": "NMDI", "min_value": null, "max_value": null }, "geometry": { "type": "Polygon", "coordinates": [ [ [ -88.703647211316863, 13.439366942566432 ], [ -88.690172543692, 13.43936694256643 ], [ -88.690172543692, 13.425892274941571 ], [ -88.703647211316863, 13.425892274941571 ], [ -88.703647211316863, 13.439366942566432 ] ] ] } },
{ "type": "Feature", "properties": { "class_id": 2, "area_m2": 110925823.41827706, "class_name": "Bajo", "index": "NMDI", "min_value": null, "max_value": null }, "geometry": { "type": "Polygon", "coordinates": [ [ [ -88.71712187894174, 13.520214948315623 ], [ -88.690172543692, 13.520214948315624 ], [ -88.690172543692, 13.506740280690762 ], [ -88.676697876067138, 13.506740280690762 ], [ -88.676697876067138, 13.493265613065898 ], [ -88.663223208442275, 13.493265613065899 ], [ -88.663223208442275, 13.479790945441032 ], [ -88.703647211316863, 13.47979094544103 ], [ -88.703647211316863, 13.466316277816162 ], [ -88.690172543692, 13.466316277816171 ], [ -88.690172543692, 13.452841610191298 ], [ -88.703647211316863, 13.452841610191307 ], [ -88.703647211316863, 13.439366942566432 ], [ -88.71712187894174, 13.439366942566435 ], [ -88.71712187894174, 13.466316277816164 ], [ -88.744071214191464, 13.466316277816162 ], [ -88.744071214191464, 13.439366942566435 ], [ -88.757545881816327, 13.43936694256643 ], [ -88.757545881816327, 13.425892274941575 ], [ -88.771020549441189, 13.425892274941569 ], [ -88.771020549441189, 13.452841610191305 ], [ -88.811444552315791, 13.452841610191298 ], [ -88.811444552315791, 13.466316277816162 ], [ -88.784495217066066, 13.466316277816166 ], [ -88.784495217066066, 13.47979094544103 ], [ -88.824919219940654, 13.479790945441032 ], [ -88.824919219940654, 13.493265613065899 ], [ -88.811444552315791, 13.493265613065898 ], [ -88.811444552315791, 13.520214948315628 ], [ -88.797969884690929, 13.520214948315628 ], [ -88.797969884690929, 13.506740280690762 ], [ -88.771020549441189, 13.506740280690758 ], [ -88.771020549441189, 13.533689615940496 ], [ -88.757545881816327, 13.533689615940492 ], [ -88.757545881816327, 13.547164283565358 ], [ -88.730596546566602, 13.547164283565358 ], [ -88.730596546566602, 13.533689615940492 ], [ -88.71712187894174, 13.533689615940492 ], [ -88.71712187894174, 13.520214948315623 ] ], [ [ -88.771020549441189, 13.479790945441033 ], [ -88.771020549441189, 13.493265613065899 ], [ -88.784495217066066, 13.493265613065898 ], [ -88.784495217066066, 13.47979094544103 ], [ -88.771020549441189, 13.479790945441033 ] ] ] } },
{ "type": "Feature", "properties": { "class_id": 2, "area_m2": 2174705.6332507804, "class_name": "Bajo", "index": "NMDI", "min_value": null, "max_value": null }, "geometry": { "type": "Polygon", "coordinates": [ [ [ -88.797969884690929, 13.533689615940492 ], [ -88.811444552315791, 13.533689615940492 ], [ -88.811444552315791, 13.547164283565358 ], [ -88.797969884690929, 13.547164283565358 ], [ -88.797969884690929, 13.533689615940492 ] ] ] } },
{ "type": "Feature", "properties": { "class_id": 2, "area_m2": 4346480.1226825137, "class_name": "Bajo", "index": "NMDI", "min_value": null, "max_value": null }, "geometry": { "type": "Polygon", "coordinates": [ [ [ -88.730596546566602, 13.68191095981401 ], [ -88.757545881816327, 13.681910959814012 ], [ -88.757545881816327, 13.695385627438874 ], [ -88.730596546566602, 13.695385627438874 ], [ -88.730596546566602, 13.68191095981401 ] ] ] } },
{ "type": "Feature", "properties": { "class_id": 2, "area_m2": 4346061.5757208224, "class_name": "Bajo", "index": "NMDI", "min_value": null, "max_value": null }, "geometry": { "type": "Polygon", "coordinates": [ [ [ -88.71712187894174, 13.708860295063744 ], [ -88.690172543692, 13.70886029506374 ], [ -88.690172543692, 13.695385627438876 ], [ -88.71712187894174, 13.695385627438872 ], [ -88.71712187894174, 13.708860295063744 ] ] ] } },
{ "type": "Feature", "properties": { "class_id": 2, "area_m2": 2173011.4641344687, "class_name": "Bajo", "index": "NMDI", "min_value": null, "max_value": null }, "geometry": { "type": "Polygon", "coordinates": [ [ [ -88.757545881816327, 13.722334962688606 ], [ -88.744071214191464, 13.722334962688608 ], [ -88.744071214191464, 13.708860295063744 ], [ -88.757545881816327, 13.70886029506374 ], [ -88.757545881816327, 13.722334962688606 ] ] ] } },
{ "type": "Feature", "properties": { "class_id": 2, "area_m2": 2172985.6108009722, "class_name": "Bajo", "index": "NMDI", "min_value": null, "max_value": null }, "geometry": { "type": "Polygon", "coordinates": [ [ [ -88.89229255806498, 13.749284297938333 ], [ -88.905767225689843, 13.749284297938337 ], [ -88.905767225689843, 13.762758965563199 ], [ -88.89229255806498, 13.762758965563195 ], [ -88.89229255806498, 13.749284297938333 ] ] ] } },
{ "type": "Feature", "properties": { "class_id": 2, "area_m2": 4345076.4927529199, "class_name": "Bajo", "index": "NMDI", "min_value": null, "max_value": null }, "geometry": { "type": "Polygon", "coordinates": [ [ [ -88.771020549441189, 13.77623363318806 ], [ -88.744071214191464, 13.776233633188065 ], [ -88.744071214191464, 13.762758965563201 ], [ -88.771020549441189, 13.762758965563199 ], [ -88.771020549441189, 13.77623363318806 ] ] ] } },
{ "type": "Feature", "properties": { "class_id": 2, "area_m2": 2172490.9801924387, "class_name": "Bajo", "index": "NMDI", "min_value": null, "max_value": null }, "geometry": { "type": "Polygon", "coordinates": [ [ [ -88.797969884690929, 13.789708300812933 ], [ -88.784495217066066, 13.789708300812929 ], [ -88.784495217066066, 13.776233633188067 ], [ -88.797969884690929, 13.776233633188067 ], [ -88.797969884690929, 13.789708300812933 ] ] ] } },
{ "type": "Feature", "properties": { "class_id": 2, "area_m2": 4344553.9841342513, "class_name": "Bajo", "index": "NMDI", "min_value": null, "max_value": null }, "geometry": { "type": "Polygon", "coordinates": [ [ [ -88.784495217066066, 13.789708300812929 ], [ -88.784495217066066, 13.816657636062661 ], [ -88.771020549441189, 13.81665763606266 ], [ -88.771020549441189, 13.789708300812929 ], [ -88.784495217066066, 13.789708300812929 ] ] ] } },
{ "type": "Feature", "properties": { "class_id": 2, "area_m2": 2172063.0723800468, "class_name": "Bajo", "index": "NMDI", "min_value": null, "max_value": null }, "geometry": { "type": "Polygon", "coordinates": [ [ [ -88.771020549441189, 13.830132303687522 ], [ -88.757545881816327, 13.83013230368752 ], [ -88.757545881816327, 13.816657636062667 ], [ -88.771020549441189, 13.81665763606266 ], [ -88.771020549441189, 13.830132303687522 ] ] ] } },
{ "type": "Feature", "properties": { "class_id": 2, "area_m2": 17377125.206053149, "class_name": "Bajo", "index": "NMDI", "min_value": null, "max_value": null }, "geometry": { "type": "Polygon", "coordinates": [ [ [ -88.89229255806498, 13.870556306562127 ], [ -88.865343222815255, 13.870556306562124 ], [ -88.865343222815255, 13.816657636062667 ], [ -88.89229255806498, 13.816657636062663 ], [ -88.89229255806498, 13.870556306562127 ] ] ] } },
{ "type": "Feature", "properties": { "class_id": 2, "area_m2": 8687392.3838048764, "class_name": "Bajo", "index": "NMDI", "min_value": null, "max_value": null }, "geometry": { "type": "Polygon", "coordinates": [ [ [ -88.838393887565516, 13.857081638937261 ], [ -88.824919219940654, 13.857081638937258 ], [ -88.824919219940654, 13.870556306562124 ], [ -88.811444552315791, 13.870556306562124 ], [ -88.811444552315791, 13.85708163893726 ], [ -88.797969884690929, 13.857081638937267 ], [ -88.797969884690929, 13.843606971312392 ], [ -88.838393887565516, 13.84360697131239 ], [ -88.838393887565516, 13.857081638937261 ] ] ] } },
{ "type": "Feature", "properties": { "class_id": 2, "area_m2": 4343112.6365946457, "class_name": "Bajo", "index": "NMDI", "min_value": null, "max_value": null }, "geometry": { "type": "Polygon", "coordinates": [ [ [ -88.744071214191464, 13.870556306562124 ], [ -88.771020549441189, 13.870556306562124 ], [ -88.771020549441189, 13.88403097418699 ], [ -88.744071214191464, 13.88403097418699 ], [ -88.744071214191464, 13.870556306562124 ] ] ] } },
{ "type": "Feature", "properties": { "class_id": 2, "area_m2": 2171725.6347485855, "class_name": "Bajo", "index": "NMDI", "min_value": null, "max_value": null }, "geometry": { "type": "Polygon", "coordinates": [ [ [ -88.878817890440118, 13.884030974186983 ], [ -88.89229255806498, 13.884030974186988 ], [ -88.89229255806498, 13.897505641811852 ], [ -88.878817890440118, 13.897505641811856 ], [ -88.878817890440118, 13.884030974186983 ] ] ] } },
{ "type": "Feature", "properties": { "class_id": 2, "area_m2": 2171265.2902336475, "class_name": "Bajo", "index": "NMDI", "min_value": null, "max_value": null }, "geometry": { "type": "Polygon", "coordinates": [ [ [ -88.744071214191464, 13.91098030943672 ], [ -88.730596546566602, 13.91098030943672 ], [ -88.730596546566602, 13.897505641811852 ], [ -88.744071214191464, 13.897505641811854 ], [ -88.744071214191464, 13.91098030943672 ] ] ] } },
{ "type": "Feature", "properties": { "class_id": 2, "area_m2": 4342080.9197831545, "class_name": "Bajo", "index": "NMDI", "min_value": null, "max_value": null }, "geometry": { "type": "Polygon", "coordinates": [ [ [ -88.703647211316863, 13.924454977061584 ], [ -88.676697876067138, 13.924454977061584 ], [ -88.676697876067138, 13.91098030943672 ], [ -88.703647211316863, 13.91098030943672 ], [ -88.703647211316863, 13.924454977061584 ] ] ] } },
{ "type": "Feature", "properties": { "class_id": 2, "area_m2": 2170959.9080202584, "class_name": "Bajo", "index": "NMDI", "min_value": null, "max_value": null }, "geometry": { "type": "Polygon", "coordinates": [ [ [ -88.703647211316863, 13.924454977061584 ], [ -88.71712187894174, 13.924454977061579 ], [ -88.71712187894174, 13.937929644686445 ], [ -88.703647211316863, 13.93792964468645 ], [ -88.703647211316863, 13.924454977061584 ] ] ] } },
{ "type": "Feature", "properties": { "class_id": 2, "area_m2": 2171137.446314496, "class_name": "Bajo", "index": "NMDI", "min_value": null, "max_value": null }, "geometry": { "type": "Polygon", "coordinates": [ [ [ -88.797969884690929, 13.93792964468645 ], [ -88.784495217066066, 13.937929644686447 ], [ -88.784495217066066, 13.924454977061584 ], [ -88.797969884690929, 13.924454977061588 ], [ -88.797969884690929, 13.93792964468645 ] ] ] } },
{ "type": "Feature", "properties": { "class_id": 2, "area_m2": 4341871.0478982087, "class_name": "Bajo", "index": "NMDI", "min_value": null, "max_value": null }, "geometry": { "type": "Polygon", "coordinates": [ [ [ -88.824919219940654, 13.964878979936181 ], [ -88.797969884690929, 13.964878979936181 ], [ -88.797969884690929, 13.951404312311311 ], [ -88.824919219940654, 13.951404312311309 ], [ -88.824919219940654, 13.964878979936181 ] ] ] } },
{ "type": "Feature", "properties": { "class_id": 2, "area_m2": 2177159.0580267063, "class_name": "Bajo", "index": "NMDI", "min_value": null, "max_value": null }, "geometry": { "type": "Polygon", "coordinates": [ [ [ -88.555425867443347, 13.196822925318861 ], [ -88.568900535068209, 13.196822925318864 ], [ -88.568900535068209, 13.210297592943727 ], [ -88.555425867443347, 13.210297592943725 ], [ -88.555425867443347, 13.196822925318861 ] ] ] } },
{ "type": "Feature", "properties": { "class_id": 2, "area_m2": 2177122.6885376386, "class_name": "Bajo", "index": "NMDI", "min_value": null, "max_value": null }, "geometry": { "type": "Polygon", "coordinates": [ [ [ -88.609324537942811, 13.223772260568587 ], [ -88.595849870317949, 13.223772260568589 ], [ -88.595849870317949, 13.210297592943723 ], [ -88.609324537942811, 13.210297592943727 ], [ -88.609324537942811, 13.223772260568587 ] ] ] } },
{ "type": "Feature", "properties": { "class_id": 2, "area_m2": 15238440.841865681, "class_name": "Bajo", "index": "NMDI", "min_value": null, "max_value": null }, "geometry": { "type": "Polygon", "coordinates": [ [ [ -88.622799205567674, 13.223772260568589 ], [ -88.690172543692, 13.223772260568587 ], [ -88.690172543692, 13.237246928193457 ], [ -88.663223208442275, 13.237246928193453 ], [ -88.663223208442275, 13.25072159581832 ], [ -88.649748540817413, 13.250721595818318 ], [ -88.649748540817413, 13.237246928193453 ], [ -88.636273873192536, 13.237246928193455 ], [ -88.636273873192536, 13.250721595818318 ], [ -88.622799205567674, 13.250721595818321 ], [ -88.622799205567674, 13.223772260568589 ] ] ] } },
{ "type": "Feature", "properties": { "class_id": 2, "area_m2": 4353567.5158924861, "class_name": "Bajo", "index": "NMDI", "min_value": null, "max_value": null }, "geometry": { "type": "Polygon", "coordinates": [ [ [ -88.595849870317949, 13.250721595818318 ], [ -88.622799205567674, 13.250721595818321 ], [ -88.622799205567674, 13.264196263443191 ], [ -88.595849870317949, 13.264196263443186 ], [ -88.595849870317949, 13.250721595818318 ] ] ] } },
{ "type": "Feature", "properties": { "class_id": 2, "area_m2": 4353102.7644506861, "class_name": "Bajo", "index": "NMDI", "min_value": null, "max_value": null }, "geometry": { "type": "Polygon", "coordinates": [ [ [ -88.51500186456876, 13.25072159581832 ], [ -88.528476532193622, 13.250721595818323 ], [ -88.528476532193622, 13.27767093106805 ], [ -88.51500186456876, 13.277670931068053 ], [ -88.51500186456876, 13.25072159581832 ] ] ] } },
{ "type": "Feature", "properties": { "class_id": 2, "area_m2": 6529440.9533881489, "class_name": "Bajo", "index": "NMDI", "min_value": null, "max_value": null }, "geometry": { "type": "Polygon", "coordinates": [ [ [ -88.595849870317949, 13.277670931068053 ], [ -88.595849870317949, 13.291145598692914 ], [ -88.555425867443347, 13.291145598692921 ], [ -88.555425867443347, 13.277670931068055 ], [ -88.595849870317949, 13.277670931068053 ] ] ] } },
{ "type": "Feature", "properties": { "class_id": 2, "area_m2": 8705272.4389574099, "class_name": "Bajo", "index": "NMDI", "min_value": null, "max_value": null }, "geometry": { "type": "Polygon", "coordinates": [ [ [ -88.528476532193622, 13.304620266317778 ], [ -88.48805252931902, 13.304620266317778 ], [ -88.48805252931902, 13.291145598692918 ], [ -88.501527196943883, 13.291145598692914 ], [ -88.501527196943883, 13.27767093106805 ], [ -88.51500186456876, 13.277670931068053 ], [ -88.51500186456876, 13.291145598692919 ], [ -88.528476532193622, 13.291145598692919 ], [ -88.528476532193622, 13.304620266317778 ] ] ] } },
{ "type": "Feature", "properties": { "class_id": 2, "area_m2": 2176308.9388380982, "class_name": "Bajo", "index": "NMDI", "min_value": null, "max_value": null }, "geometry": { "type": "Polygon", "coordinates": [ [ [ -88.555425867443347, 13.304620266317787 ], [ -88.541951199818484, 13.304620266317784 ], [ -88.541951199818484, 13.291145598692912 ], [ -88.555425867443347, 13.291145598692921 ], [ -88.555425867443347, 13.304620266317787 ] ] ] } },
{ "type": "Feature", "properties": { "class_id": 2, "area_m2": 2176164.5521810115, "class_name": "Bajo", "index": "NMDI", "min_value": null, "max_value": null }, "geometry": { "type": "Polygon", "coordinates": [ [ [ -88.541951199818484, 13.304620266317784 ], [ -88.541951199818484, 13.318094933942646 ], [ -88.528476532193622, 13.318094933942648 ], [ -88.528476532193622, 13.304620266317778 ], [ -88.541951199818484, 13.304620266317784 ] ] ] } },
{ "type": "Feature", "properties": { "class_id": 2, "area_m2": 13057982.518260602, "class_name": "Bajo", "index": "NMDI", "min_value": null, "max_value": null }, "geometry": { "type": "Polygon", "coordinates": [ [ [ -88.636273873192536, 13.33156960156751 ], [ -88.609324537942811, 13.331569601567509 ], [ -88.609324537942811, 13.318094933942643 ], [ -88.622799205567674, 13.318094933942641 ], [ -88.622799205567674, 13.304620266317784 ], [ -88.595849870317949, 13.304620266317785 ], [ -88.595849870317949, 13.291145598692914 ], [ -88.636273873192536, 13.291145598692919 ], [ -88.636273873192536, 13.33156960156751 ] ] ] } },
{ "type": "Feature", "properties": { "class_id": 2, "area_m2": 2176020.2861436363, "class_name": "Bajo", "index": "NMDI", "min_value": null, "max_value": null }, "geometry": { "type": "Polygon", "coordinates": [ [ [ -88.528476532193622, 13.331569601567507 ], [ -88.51500186456876, 13.331569601567514 ], [ -88.51500186456876, 13.318094933942648 ], [ -88.528476532193622, 13.318094933942648 ], [ -88.528476532193622, 13.331569601567507 ] ] ] } },
{ "type": "Feature", "properties": { "class_id": 2, "area_m2": 2175816.5590918409, "class_name": "Bajo", "index": "NMDI", "min_value": null, "max_value": null }, "geometry": { "type": "Polygon", "coordinates": [ [ [ -88.649748540817413, 13.37199360444211 ], [ -88.663223208442275, 13.37199360444211 ], [ -88.663223208442275, 13.385468272066969 ], [ -88.649748540817413, 13.385468272066975 ], [ -88.649748540817413, 13.37199360444211 ] ] ] } },
{ "type": "Feature", "properties": { "class_id": 2, "area_m2": 13050490.016872412, "class_name": "Bajo", "index": "NMDI", "min_value": null, "max_value": null }, "geometry": { "type": "Polygon", "coordinates": [ [ [ -88.663223208442275, 13.479790945441032 ], [ -88.636273873192536, 13.479790945441032 ], [ -88.636273873192536, 13.452841610191301 ], [ -88.663223208442275, 13.452841610191301 ], [ -88.663223208442275, 13.439366942566433 ], [ -88.676697876067138, 13.439366942566433 ], [ -88.676697876067138, 13.466316277816162 ], [ -88.663223208442275, 13.466316277816164 ], [ -88.663223208442275, 13.479790945441032 ] ] ] } },
{ "type": "Feature", "properties": { "class_id": 2, "area_m2": 4349916.5841962108, "class_name": "Bajo", "index": "NMDI", "min_value": null, "max_value": null }, "geometry": { "type": "Polygon", "coordinates": [ [ [ -88.622799205567674, 13.479790945441032 ], [ -88.609324537942811, 13.47979094544103 ], [ -88.609324537942811, 13.452841610191298 ], [ -88.622799205567674, 13.452841610191305 ], [ -88.622799205567674, 13.479790945441032 ] ] ] } },
{ "type": "Feature", "properties": { "class_id": 2, "area_m2": 2174113.6024280898, "class_name": "Bajo", "index": "NMDI", "min_value": null, "max_value": null }, "geometry": { "type": "Polygon", "coordinates": [ [ [ -88.649748540817413, 13.560638951190219 ], [ -88.649748540817413, 13.57411361881509 ], [ -88.636273873192536, 13.574113618815083 ], [ -88.636273873192536, 13.560638951190226 ], [ -88.649748540817413, 13.560638951190219 ] ] ] } },
{ "type": "Feature", "properties": { "class_id": 2, "area_m2": 28262826.646598171, "class_name": "Bajo", "index": "NMDI", "min_value": null, "max_value": null }, "geometry": { "type": "Polygon", "coordinates": [ [ [ -88.636273873192536, 13.574113618815083 ], [ -88.636273873192536, 13.587588286439955 ], [ -88.649748540817413, 13.587588286439953 ], [ -88.649748540817413, 13.601062954064819 ], [ -88.568900535068209, 13.601062954064822 ], [ -88.568900535068209, 13.587588286439955 ], [ -88.582375202693086, 13.587588286439953 ], [ -88.582375202693086, 13.574113618815089 ], [ -88.595849870317949, 13.574113618815089 ], [ -88.595849870317949, 13.547164283565351 ], [ -88.609324537942811, 13.547164283565355 ], [ -88.609324537942811, 13.560638951190219 ], [ -88.622799205567674, 13.560638951190223 ], [ -88.622799205567674, 13.574113618815087 ], [ -88.636273873192536, 13.574113618815083 ] ] ] } },
{ "type": "Feature", "properties": { "class_id": 2, "area_m2": 4347056.1778280307, "class_name": "Bajo", "index": "NMDI", "min_value": null, "max_value": null }, "geometry": { "type": "Polygon", "coordinates": [ [ [ -88.555425867443347, 13.601062954064819 ], [ -88.568900535068209, 13.601062954064822 ], [ -88.568900535068209, 13.628012289314547 ], [ -88.555425867443347, 13.628012289314546 ], [ -88.555425867443347, 13.601062954064819 ] ] ] } },
{ "type": "Feature", "properties": { "class_id": 2, "area_m2": 2173147.2104552905, "class_name": "Bajo", "index": "NMDI", "min_value": null, "max_value": null }, "geometry": { "type": "Polygon", "coordinates": [ [ [ -88.528476532193622, 13.654961624564278 ], [ -88.51500186456876, 13.654961624564278 ], [ -88.51500186456876, 13.641486956939417 ], [ -88.528476532193622, 13.641486956939421 ], [ -88.528476532193622, 13.654961624564278 ] ] ] } },
{ "type": "Feature", "properties": { "class_id": 2, "area_m2": 2173199.2771214042, "class_name": "Bajo", "index": "NMDI", "min_value": null, "max_value": null }, "geometry": { "type": "Polygon", "coordinates": [ [ [ -88.555425867443347, 13.65496162456428 ], [ -88.541951199818484, 13.654961624564285 ], [ -88.541951199818484, 13.641486956939415 ], [ -88.555425867443347, 13.641486956939412 ], [ -88.555425867443347, 13.65496162456428 ] ] ] } },
{ "type": "Feature", "properties": { "class_id": 2, "area_m2": 2173000.340147167, "class_name": "Bajo", "index": "NMDI", "min_value": null, "max_value": null }, "geometry": { "type": "Polygon", "coordinates": [ [ [ -88.501527196943883, 13.65496162456428 ], [ -88.51500186456876, 13.654961624564278 ], [ -88.51500186456876, 13.668436292189146 ], [ -88.501527196943883, 13.66843629218914 ], [ -88.501527196943883, 13.65496162456428 ] ] ] } },
{ "type": "Feature", "properties": { "class_id": 2, "area_m2": 2173051.940200469, "class_name": "Bajo", "index": "NMDI", "min_value": null, "max_value": null }, "geometry": { "type": "Polygon", "coordinates": [ [ [ -88.541951199818484, 13.668436292189146 ], [ -88.528476532193622, 13.668436292189138 ], [ -88.528476532193622, 13.654961624564278 ], [ -88.541951199818484, 13.654961624564285 ], [ -88.541951199818484, 13.668436292189146 ] ] ] } },
{ "type": "Feature", "properties": { "class_id": 2, "area_m2": 2173174.1217560628, "class_name": "Bajo", "index": "NMDI", "min_value": null, "max_value": null }, "geometry": { "type": "Polygon", "coordinates": [ [ [ -88.663223208442275, 13.68191095981401 ], [ -88.649748540817413, 13.68191095981401 ], [ -88.649748540817413, 13.668436292189138 ], [ -88.663223208442275, 13.668436292189142 ], [ -88.663223208442275, 13.68191095981401 ] ] ] } },
{ "type": "Feature", "properties": { "class_id": 2, "area_m2": 6518498.0606076727, "class_name": "Bajo", "index": "NMDI", "min_value": null, "max_value": null }, "geometry": { "type": "Polygon", "coordinates": [ [ [ -88.501527196943883, 13.681910959814005 ], [ -88.51500186456876, 13.68191095981401 ], [ -88.51500186456876, 13.668436292189146 ], [ -88.528476532193622, 13.668436292189138 ], [ -88.528476532193622, 13.695385627438876 ], [ -88.501527196943883, 13.695385627438874 ], [ -88.501527196943883, 13.681910959814005 ] ] ] } },
{ "type": "Feature", "properties": { "class_id": 2, "area_m2": 4346339.9603301724, "class_name": "Bajo", "index": "NMDI", "min_value": null, "max_value": null }, "geometry": { "type": "Polygon", "coordinates": [ [ [ -88.690172543692, 13.695385627438876 ], [ -88.676697876067138, 13.695385627438872 ], [ -88.676697876067138, 13.668436292189137 ], [ -88.690172543692, 13.668436292189146 ], [ -88.690172543692, 13.695385627438876 ] ] ] } },
{ "type": "Feature", "properties": { "class_id": 2, "area_m2": 2172793.5580573441, "class_name": "Bajo", "index": "NMDI", "min_value": null, "max_value": null }, "geometry": { "type": "Polygon", "coordinates": [ [ [ -88.595849870317949, 13.70886029506374 ], [ -88.582375202693086, 13.708860295063738 ], [ -88.582375202693086, 13.695385627438874 ], [ -88.595849870317949, 13.695385627438872 ], [ -88.595849870317949, 13.70886029506374 ] ] ] } },
{ "type": "Feature", "properties": { "class_id": 2, "area_m2": 28244437.318907019, "class_name": "Bajo", "index": "NMDI", "min_value": null, "max_value": null }, "geometry": { "type": "Polygon", "coordinates": [ [ [ -88.636273873192536, 13.708860295063737 ], [ -88.676697876067138, 13.708860295063738 ], [ -88.676697876067138, 13.722334962688606 ], [ -88.649748540817413, 13.722334962688604 ], [ -88.649748540817413, 13.735809630313472 ], [ -88.622799205567674, 13.73580963031347 ], [ -88.622799205567674, 13.762758965563203 ], [ -88.609324537942811, 13.762758965563195 ], [ -88.609324537942811, 13.749284297938335 ], [ -88.595849870317949, 13.749284297938335 ], [ -88.595849870317949, 13.70886029506374 ], [ -88.609324537942811, 13.708860295063735 ], [ -88.609324537942811, 13.722334962688601 ], [ -88.622799205567674, 13.722334962688612 ], [ -88.622799205567674, 13.695385627438874 ], [ -88.636273873192536, 13.695385627438874 ], [ -88.636273873192536, 13.708860295063737 ] ] ] } },
{ "type": "Feature", "properties": { "class_id": 2, "area_m2": 2172744.136531549, "class_name": "Bajo", "index": "NMDI", "min_value": null, "max_value": null }, "geometry": { "type": "Polygon", "coordinates": [ [ [ -88.690172543692, 13.735809630313469 ], [ -88.676697876067138, 13.735809630313472 ], [ -88.676697876067138, 13.722334962688606 ], [ -88.690172543692, 13.722334962688606 ], [ -88.690172543692, 13.735809630313469 ] ] ] } },
{ "type": "Feature", "properties": { "class_id": 2, "area_m2": 34757557.593074456, "class_name": "Bajo", "index": "NMDI", "min_value": null, "max_value": null }, "geometry": { "type": "Polygon", "coordinates": [ [ [ -88.541951199818484, 13.722334962688612 ], [ -88.541951199818484, 13.735809630313474 ], [ -88.555425867443347, 13.735809630313469 ], [ -88.555425867443347, 13.722334962688606 ], [ -88.568900535068209, 13.722334962688606 ], [ -88.568900535068209, 13.735809630313469 ], [ -88.582375202693086, 13.735809630313467 ], [ -88.582375202693086, 13.749284297938337 ], [ -88.595849870317949, 13.749284297938335 ], [ -88.595849870317949, 13.776233633188061 ], [ -88.528476532193622, 13.776233633188063 ], [ -88.528476532193622, 13.722334962688606 ], [ -88.541951199818484, 13.722334962688612 ] ] ] } },
{ "type": "Feature", "properties": { "class_id": 2, "area_m2": 21720671.898915023, "class_name": "Bajo", "index": "NMDI", "min_value": null, "max_value": null }, "geometry": { "type": "Polygon", "coordinates": [ [ [ -88.474577861694158, 13.776233633188063 ], [ -88.48805252931902, 13.776233633188063 ], [ -88.48805252931902, 13.762758965563203 ], [ -88.461103194069295, 13.762758965563199 ], [ -88.461103194069295, 13.749284297938337 ], [ -88.474577861694158, 13.749284297938333 ], [ -88.474577861694158, 13.735809630313467 ], [ -88.51500186456876, 13.735809630313467 ], [ -88.51500186456876, 13.776233633188065 ], [ -88.501527196943883, 13.776233633188063 ], [ -88.501527196943883, 13.789708300812929 ], [ -88.474577861694158, 13.789708300812928 ], [ -88.474577861694158, 13.776233633188063 ] ], [ [ -88.501527196943883, 13.762758965563197 ], [ -88.501527196943883, 13.749284297938337 ], [ -88.48805252931902, 13.749284297938337 ], [ -88.48805252931902, 13.762758965563203 ], [ -88.501527196943883, 13.762758965563197 ] ] ] } },
{ "type": "Feature", "properties": { "class_id": 2, "area_m2": 15201686.886366803, "class_name": "Bajo", "index": "NMDI", "min_value": null, "max_value": null }, "geometry": { "type": "Polygon", "coordinates": [ [ [ -88.541951199818484, 13.81665763606266 ], [ -88.528476532193622, 13.816657636062663 ], [ -88.528476532193622, 13.843606971312392 ], [ -88.51500186456876, 13.84360697131239 ], [ -88.51500186456876, 13.830132303687522 ], [ -88.501527196943883, 13.830132303687524 ], [ -88.501527196943883, 13.816657636062663 ], [ -88.51500186456876, 13.816657636062667 ], [ -88.51500186456876, 13.776233633188065 ], [ -88.528476532193622, 13.776233633188063 ], [ -88.528476532193622, 13.803182968437797 ], [ -88.541951199818484, 13.803182968437797 ], [ -88.541951199818484, 13.81665763606266 ] ] ] } },
{ "type": "Feature", "properties": { "class_id": 2, "area_m2": 2171667.435893747, "class_name": "Bajo", "index": "NMDI", "min_value": null, "max_value": null }, "geometry": { "type": "Polygon", "coordinates": [ [ [ -88.568900535068209, 13.816657636062667 ], [ -88.582375202693086, 13.816657636062669 ], [ -88.582375202693086, 13.830132303687522 ], [ -88.568900535068209, 13.830132303687526 ], [ -88.568900535068209, 13.816657636062667 ] ] ] } },
{ "type": "Feature", "properties": { "class_id": 2, "area_m2": 2171388.8774533547, "class_name": "Bajo", "index": "NMDI", "min_value": null, "max_value": null }, "geometry": { "type": "Polygon", "coordinates": [ [ [ -88.501527196943883, 13.84360697131239 ], [ -88.48805252931902, 13.843606971312393 ], [ -88.48805252931902, 13.83013230368752 ], [ -88.501527196943883, 13.830132303687524 ], [ -88.501527196943883, 13.84360697131239 ] ] ] } },
{ "type": "Feature", "properties": { "class_id": 2, "area_m2": 2171020.0499972734, "class_name": "Bajo", "index": "NMDI", "min_value": null, "max_value": null }, "geometry": { "type": "Polygon", "coordinates": [ [ [ -88.501527196943883, 13.884030974186986 ], [ -88.48805252931902, 13.884030974186985 ], [ -88.48805252931902, 13.870556306562117 ], [ -88.501527196943883, 13.87055630656212 ], [ -88.501527196943883, 13.884030974186986 ] ] ] } },
{ "type": "Feature", "properties": { "class_id": 2, "area_m2": 69482074.675392479, "class_name": "Bajo", "index": "NMDI", "min_value": null, "max_value": null }, "geometry": { "type": "Polygon", "coordinates": [ [ [ -88.676697876067138, 13.937929644686445 ], [ -88.663223208442275, 13.937929644686449 ], [ -88.663223208442275, 13.951404312311311 ], [ -88.649748540817413, 13.951404312311315 ], [ -88.649748540817413, 13.93792964468645 ], [ -88.636273873192536, 13.937929644686449 ], [ -88.636273873192536, 13.924454977061588 ], [ -88.609324537942811, 13.924454977061583 ], [ -88.609324537942811, 13.91098030943672 ], [ -88.622799205567674, 13.91098030943672 ], [ -88.622799205567674, 13.897505641811858 ], [ -88.636273873192536, 13.897505641811851 ], [ -88.636273873192536, 13.910980309436725 ], [ -88.649748540817413, 13.91098030943672 ], [ -88.649748540817413, 13.870556306562127 ], [ -88.636273873192536, 13.870556306562127 ], [ -88.636273873192536, 13.84360697131239 ], [ -88.663223208442275, 13.84360697131239 ], [ -88.663223208442275, 13.83013230368752 ], [ -88.703647211316863, 13.830132303687529 ], [ -88.703647211316863, 13.857081638937261 ], [ -88.71712187894174, 13.85708163893726 ], [ -88.71712187894174, 13.884030974186985 ], [ -88.703647211316863, 13.88403097418699 ], [ -88.703647211316863, 13.897505641811854 ], [ -88.663223208442275, 13.897505641811854 ], [ -88.663223208442275, 13.924454977061588 ], [ -88.676697876067138, 13.924454977061584 ], [ -88.676697876067138, 13.937929644686445 ] ], [ [ -88.663223208442275, 13.870556306562127 ], [ -88.663223208442275, 13.85708163893726 ], [ -88.649748540817413, 13.85708163893726 ], [ -88.649748540817413, 13.870556306562127 ], [ -88.663223208442275, 13.870556306562127 ] ] ] } },
{ "type": "Feature", "properties": { "class_id": 2, "area_m2": 10854294.425994566, "class_name": "Bajo", "index": "NMDI", "min_value": null, "max_value": null }, "geometry": { "type": "Polygon", "coordinates": [ [ [ -88.541951199818484, 13.897505641811851 ], [ -88.528476532193622, 13.897505641811854 ], [ -88.528476532193622, 13.910980309436724 ], [ -88.501527196943883, 13.910980309436722 ], [ -88.501527196943883, 13.884030974186986 ], [ -88.541951199818484, 13.88403097418699 ], [ -88.541951199818484, 13.897505641811851 ] ] ] } },
{ "type": "Feature", "properties": { "class_id": 2, "area_m2": 10854029.345386347, "class_name": "Bajo", "index": "NMDI", "min_value": null, "max_value": null }, "geometry": { "type": "Polygon", "coordinates": [ [ [ -88.568900535068209, 13.937929644686447 ], [ -88.555425867443347, 13.93792964468645 ], [ -88.555425867443347, 13.91098030943672 ], [ -88.582375202693086, 13.91098030943672 ], [ -88.582375202693086, 13.897505641811854 ], [ -88.595849870317949, 13.897505641811851 ], [ -88.595849870317949, 13.924454977061584 ], [ -88.568900535068209, 13.924454977061586 ], [ -88.568900535068209, 13.937929644686447 ] ] ] } },
{ "type": "Feature", "properties": { "class_id": 2, "area_m2": 2176480.6434839214, "class_name": "Bajo", "index": "NMDI", "min_value": null, "max_value": null }, "geometry": { "type": "Polygon", "coordinates": [ [ [ -87.895167153824957, 13.156398922444264 ], [ -87.90864182144982, 13.156398922444264 ], [ -87.90864182144982, 13.169873590069125 ], [ -87.895167153824957, 13.169873590069125 ], [ -87.895167153824957, 13.156398922444264 ] ] ] } },
{ "type": "Feature", "properties": { "class_id": 2, "area_m2": 4354111.1732126586, "class_name": "Bajo", "index": "NMDI", "min_value": null, "max_value": null }, "geometry": { "type": "Polygon", "coordinates": [ [ [ -88.407204523569831, 13.169873590069127 ], [ -88.420679191194694, 13.169873590069123 ], [ -88.420679191194694, 13.196822925318864 ], [ -88.407204523569831, 13.196822925318859 ], [ -88.407204523569831, 13.169873590069127 ] ] ] } },
{ "type": "Feature", "properties": { "class_id": 2, "area_m2": 8704192.7250869535, "class_name": "Bajo", "index": "NMDI", "min_value": null, "max_value": null }, "geometry": { "type": "Polygon", "coordinates": [ [ [ -87.70652180707684, 13.183348257693991 ], [ -87.719996474701702, 13.183348257693993 ], [ -87.719996474701702, 13.210297592943727 ], [ -87.70652180707684, 13.210297592943727 ], [ -87.70652180707684, 13.196822925318855 ], [ -87.693047139451977, 13.196822925318861 ], [ -87.693047139451977, 13.169873590069125 ], [ -87.70652180707684, 13.169873590069127 ], [ -87.70652180707684, 13.183348257693991 ] ] ] } },
{ "type": "Feature", "properties": { "class_id": 2, "area_m2": 10884212.348195635, "class_name": "Bajo", "index": "NMDI", "min_value": null, "max_value": null }, "geometry": { "type": "Polygon", "coordinates": [ [ [ -88.461103194069295, 13.223772260568586 ], [ -88.501527196943883, 13.223772260568587 ], [ -88.501527196943883, 13.237246928193453 ], [ -88.447628526444433, 13.237246928193453 ], [ -88.447628526444433, 13.210297592943725 ], [ -88.461103194069295, 13.210297592943727 ], [ -88.461103194069295, 13.223772260568586 ] ] ] } },
{ "type": "Feature", "properties": { "class_id": 2, "area_m2": 4351389.3534799041, "class_name": "Bajo", "index": "NMDI", "min_value": null, "max_value": null }, "geometry": { "type": "Polygon", "coordinates": [ [ [ -87.773895145201166, 13.250721595818318 ], [ -87.760420477576304, 13.25072159581832 ], [ -87.760420477576304, 13.223772260568586 ], [ -87.773895145201166, 13.223772260568587 ], [ -87.773895145201166, 13.250721595818318 ] ] ] } },
{ "type": "Feature", "properties": { "class_id": 2, "area_m2": 2175257.6167478915, "class_name": "Bajo", "index": "NMDI", "min_value": null, "max_value": null }, "geometry": { "type": "Polygon", "coordinates": [ [ [ -87.733471142326565, 13.27767093106805 ], [ -87.746945809951455, 13.27767093106805 ], [ -87.746945809951455, 13.291145598692918 ], [ -87.733471142326565, 13.291145598692918 ], [ -87.733471142326565, 13.27767093106805 ] ] ] } },
{ "type": "Feature", "properties": { "class_id": 2, "area_m2": 2176247.9092740435, "class_name": "Bajo", "index": "NMDI", "min_value": null, "max_value": null }, "geometry": { "type": "Polygon", "coordinates": [ [ [ -88.461103194069295, 13.291145598692918 ], [ -88.447628526444433, 13.291145598692918 ], [ -88.447628526444433, 13.27767093106805 ], [ -88.461103194069295, 13.277670931068053 ], [ -88.461103194069295, 13.291145598692918 ] ] ] } },
{ "type": "Feature", "properties": { "class_id": 2, "area_m2": 2176297.9140048581, "class_name": "Bajo", "index": "NMDI", "min_value": null, "max_value": null }, "geometry": { "type": "Polygon", "coordinates": [ [ [ -88.48805252931902, 13.291145598692918 ], [ -88.474577861694158, 13.291145598692918 ], [ -88.474577861694158, 13.277670931068053 ], [ -88.48805252931902, 13.277670931068053 ], [ -88.48805252931902, 13.291145598692918 ] ] ] } },
{ "type": "Feature", "properties": { "class_id": 2, "area_m2": 2175165.4564123536, "class_name": "Bajo", "index": "NMDI", "min_value": null, "max_value": null }, "geometry": { "type": "Polygon", "coordinates": [ [ [ -87.760420477576304, 13.291145598692918 ], [ -87.773895145201166, 13.291145598692923 ], [ -87.773895145201166, 13.304620266317782 ], [ -87.760420477576304, 13.304620266317784 ], [ -87.760420477576304, 13.291145598692918 ] ] ] } },
{ "type": "Feature", "properties": { "class_id": 2, "area_m2": 2176011.8298352617, "class_name": "Bajo", "index": "NMDI", "min_value": null, "max_value": null }, "geometry": { "type": "Polygon", "coordinates": [ [ [ -88.461103194069295, 13.318094933942648 ], [ -88.447628526444433, 13.318094933942644 ], [ -88.447628526444433, 13.304620266317784 ], [ -88.461103194069295, 13.304620266317782 ], [ -88.461103194069295, 13.318094933942648 ] ] ] } },
{ "type": "Feature", "properties": { "class_id": 2, "area_m2": 2175538.2558530602, "class_name": "Bajo", "index": "NMDI", "min_value": null, "max_value": null }, "geometry": { "type": "Polygon", "coordinates": [ [ [ -88.461103194069295, 13.37199360444211 ], [ -88.447628526444433, 13.371993604442109 ], [ -88.447628526444433, 13.358518936817244 ], [ -88.461103194069295, 13.358518936817246 ], [ -88.461103194069295, 13.37199360444211 ] ] ] } },
{ "type": "Feature", "properties": { "class_id": 2, "area_m2": 2174443.1296285749, "class_name": "Bajo", "index": "NMDI", "min_value": null, "max_value": null }, "geometry": { "type": "Polygon", "coordinates": [ [ [ -87.746945809951455, 13.371993604442107 ], [ -87.760420477576304, 13.371993604442109 ], [ -87.760420477576304, 13.385468272066971 ], [ -87.746945809951455, 13.385468272066973 ], [ -87.746945809951455, 13.371993604442107 ] ] ] } },
{ "type": "Feature", "properties": { "class_id": 2, "area_m2": 2174469.2184286141, "class_name": "Bajo", "index": "NMDI", "min_value": null, "max_value": null }, "geometry": { "type": "Polygon", "coordinates": [ [ [ -87.773895145201166, 13.371993604442109 ], [ -87.787369812826029, 13.37199360444211 ], [ -87.787369812826029, 13.385468272066968 ], [ -87.773895145201166, 13.385468272066969 ], [ -87.773895145201166, 13.371993604442109 ] ] ] } },
{ "type": "Feature", "properties": { "class_id": 2, "area_m2": 4350478.5932656992, "class_name": "Bajo", "index": "NMDI", "min_value": null, "max_value": null }, "geometry": { "type": "Polygon", "coordinates": [ [ [ -88.380255188320106, 13.371993604442114 ], [ -88.393729855944969, 13.371993604442109 ], [ -88.393729855944969, 13.398942939691841 ], [ -88.380255188320106, 13.398942939691837 ], [ -88.380255188320106, 13.371993604442114 ] ] ] } },
{ "type": "Feature", "properties": { "class_id": 2, "area_m2": 2175087.4028760395, "class_name": "Bajo", "index": "NMDI", "min_value": null, "max_value": null }, "geometry": { "type": "Polygon", "coordinates": [ [ [ -88.339831185445505, 13.398942939691834 ], [ -88.326356517820642, 13.398942939691841 ], [ -88.326356517820642, 13.385468272066975 ], [ -88.339831185445505, 13.385468272066971 ], [ -88.339831185445505, 13.398942939691834 ] ] ] } },
{ "type": "Feature", "properties": { "class_id": 2, "area_m2": 2174918.538944487, "class_name": "Bajo", "index": "NMDI", "min_value": null, "max_value": null }, "geometry": { "type": "Polygon", "coordinates": [ [ [ -88.380255188320106, 13.425892274941569 ], [ -88.366780520695244, 13.425892274941567 ], [ -88.366780520695244, 13.4124176073167 ], [ -88.380255188320106, 13.412417607316705 ], [ -88.380255188320106, 13.425892274941569 ] ] ] } },
{ "type": "Feature", "properties": { "class_id": 2, "area_m2": 4347297.148156981, "class_name": "Bajo", "index": "NMDI", "min_value": null, "max_value": null }, "geometry": { "type": "Polygon", "coordinates": [ [ [ -87.949065824324421, 13.47979094544103 ], [ -87.962540491949284, 13.47979094544103 ], [ -87.962540491949284, 13.506740280690764 ], [ -87.949065824324421, 13.50674028069076 ], [ -87.949065824324421, 13.47979094544103 ] ] ] } },
{ "type": "Feature", "properties": { "class_id": 2, "area_m2": 2174013.1651493772, "class_name": "Bajo", "index": "NMDI", "min_value": null, "max_value": null }, "geometry": { "type": "Polygon", "coordinates": [ [ [ -88.339831185445505, 13.520214948315623 ], [ -88.326356517820642, 13.52021494831563 ], [ -88.326356517820642, 13.506740280690762 ], [ -88.339831185445505, 13.506740280690757 ], [ -88.339831185445505, 13.520214948315623 ] ] ] } },
{ "type": "Feature", "properties": { "class_id": 2, "area_m2": 2173486.3137320406, "class_name": "Bajo", "index": "NMDI", "min_value": null, "max_value": null }, "geometry": { "type": "Polygon", "coordinates": [ [ [ -88.070337832948198, 13.533689615940489 ], [ -88.05686316532335, 13.533689615940492 ], [ -88.05686316532335, 13.520214948315626 ], [ -88.070337832948198, 13.520214948315626 ], [ -88.070337832948198, 13.533689615940489 ] ] ] } },
{ "type": "Feature", "properties": { "class_id": 2, "area_m2": 2173402.8780385125, "class_name": "Bajo", "index": "NMDI", "min_value": null, "max_value": null }, "geometry": { "type": "Polygon", "coordinates": [ [ [ -88.08381250057306, 13.533689615940489 ], [ -88.097287168197937, 13.533689615940492 ], [ -88.097287168197937, 13.547164283565358 ], [ -88.08381250057306, 13.547164283565353 ], [ -88.08381250057306, 13.533689615940489 ] ] ] } },
{ "type": "Feature", "properties": { "class_id": 2, "area_m2": 4035550504.4601517, "class_name": "Bajo", "index": "NMDI", "min_value": null, "max_value": null }, "geometry": { "type": "Polygon", "coordinates": [ [ [ -88.043388497698473, 13.91098030943672 ], [ -88.02991383007361, 13.91098030943672 ], [ -88.02991383007361, 13.897505641811854 ], [ -88.016439162448734, 13.897505641811852 ], [ -88.016439162448734, 13.87055630656212 ], [ -87.989489827199009, 13.870556306562124 ], [ -87.989489827199009, 13.884030974186988 ], [ -87.976015159574146, 13.884030974186988 ], [ -87.976015159574146, 13.897505641811854 ], [ -87.935591156699559, 13.897505641811854 ], [ -87.935591156699559, 13.884030974186983 ], [ -87.922116489074682, 13.884030974186988 ], [ -87.922116489074682, 13.897505641811858 ], [ -87.90864182144982, 13.897505641811851 ], [ -87.90864182144982, 13.884030974186986 ], [ -87.881692486200095, 13.884030974186986 ], [ -87.881692486200095, 13.897505641811851 ], [ -87.841268483325493, 13.897505641811854 ], [ -87.841268483325493, 13.91098030943672 ], [ -87.854743150950355, 13.91098030943672 ], [ -87.854743150950355, 13.924454977061579 ], [ -87.841268483325493, 13.924454977061584 ], [ -87.841268483325493, 13.937929644686445 ], [ -87.82779381570063, 13.937929644686443 ], [ -87.82779381570063, 13.870556306562124 ], [ -87.814319148075768, 13.870556306562124 ], [ -87.814319148075768, 13.91098030943672 ], [ -87.800844480450891, 13.910980309436722 ], [ -87.800844480450891, 13.884030974186986 ], [ -87.787369812826029, 13.884030974186986 ], [ -87.787369812826029, 13.87055630656212 ], [ -87.760420477576304, 13.870556306562124 ], [ -87.760420477576304, 13.85708163893726 ], [ -87.773895145201166, 13.85708163893726 ], [ -87.773895145201166, 13.830132303687524 ], [ -87.760420477576304, 13.83013230368752 ], [ -87.760420477576304, 13.84360697131239 ], [ -87.746945809951455, 13.843606971312393 ], [ -87.746945809951455, 13.816657636062658 ], [ -87.787369812826029, 13.81665763606266 ], [ -87.787369812826029, 13.803182968437797 ], [ -87.800844480450891, 13.803182968437797 ], [ -87.800844480450891, 13.789708300812935 ], [ -87.773895145201166, 13.789708300812933 ], [ -87.773895145201166, 13.762758965563199 ], [ -87.760420477576304, 13.762758965563201 ], [ -87.760420477576304, 13.776233633188065 ], [ -87.719996474701702, 13.776233633188067 ], [ -87.719996474701702, 13.762758965563199 ], [ -87.733471142326565, 13.762758965563197 ], [ -87.733471142326565, 13.735809630313472 ], [ -87.746945809951455, 13.735809630313467 ], [ -87.746945809951455, 13.722334962688603 ], [ -87.760420477576304, 13.722334962688606 ], [ -87.760420477576304, 13.708860295063737 ], [ -87.746945809951455, 13.708860295063744 ], [ -87.746945809951455, 13.695385627438867 ], [ -87.760420477576304, 13.695385627438874 ], [ -87.760420477576304, 13.66843629218914 ], [ -87.773895145201166, 13.668436292189142 ], [ -87.773895145201166, 13.65496162456428 ], [ -87.746945809951455, 13.654961624564283 ], [ -87.746945809951455, 13.641486956939412 ], [ -87.760420477576304, 13.641486956939413 ], [ -87.760420477576304, 13.601062954064817 ], [ -87.773895145201166, 13.601062954064815 ], [ -87.773895145201166, 13.560638951190219 ], [ -87.787369812826029, 13.560638951190221 ], [ -87.787369812826029, 13.574113618815087 ], [ -87.814319148075768, 13.574113618815087 ], [ -87.814319148075768, 13.547164283565358 ], [ -87.787369812826029, 13.547164283565357 ], [ -87.787369812826029, 13.506740280690765 ], [ -87.760420477576304, 13.506740280690757 ], [ -87.760420477576304, 13.47979094544103 ], [ -87.719996474701702, 13.47979094544103 ], [ -87.719996474701702, 13.439366942566433 ], [ -87.733471142326565, 13.439366942566437 ], [ -87.733471142326565, 13.425892274941571 ], [ -87.719996474701702, 13.425892274941573 ], [ -87.719996474701702, 13.358518936817244 ], [ -87.746945809951455, 13.358518936817244 ], [ -87.746945809951455, 13.371993604442107 ], [ -87.733471142326565, 13.371993604442112 ], [ -87.733471142326565, 13.385468272066975 ], [ -87.746945809951455, 13.385468272066973 ], [ -87.746945809951455, 13.398942939691839 ], [ -87.760420477576304, 13.398942939691834 ], [ -87.760420477576304, 13.385468272066971 ], [ -87.773895145201166, 13.385468272066969 ], [ -87.773895145201166, 13.4124176073167 ], [ -87.760420477576304, 13.412417607316707 ], [ -87.760420477576304, 13.425892274941569 ], [ -87.787369812826029, 13.425892274941571 ], [ -87.787369812826029, 13.385468272066968 ], [ -87.800844480450891, 13.385468272066969 ], [ -87.800844480450891, 13.412417607316705 ], [ -87.82779381570063, 13.412417607316703 ], [ -87.82779381570063, 13.439366942566433 ], [ -87.814319148075768, 13.439366942566435 ], [ -87.814319148075768, 13.4528416101913 ], [ -87.841268483325493, 13.452841610191301 ], [ -87.841268483325493, 13.425892274941567 ], [ -87.854743150950355, 13.425892274941567 ], [ -87.854743150950355, 13.412417607316701 ], [ -87.868217818575218, 13.412417607316703 ], [ -87.868217818575218, 13.345044269192378 ], [ -87.854743150950355, 13.345044269192377 ], [ -87.854743150950355, 13.318094933942648 ], [ -87.841268483325493, 13.318094933942646 ], [ -87.841268483325493, 13.331569601567512 ], [ -87.814319148075768, 13.331569601567509 ], [ -87.814319148075768, 13.318094933942648 ], [ -87.800844480450891, 13.318094933942648 ], [ -87.800844480450891, 13.304620266317787 ], [ -87.787369812826029, 13.304620266317778 ], [ -87.787369812826029, 13.277670931068053 ], [ -87.800844480450891, 13.277670931068055 ], [ -87.800844480450891, 13.264196263443187 ], [ -87.814319148075768, 13.264196263443187 ], [ -87.814319148075768, 13.25072159581832 ], [ -87.82779381570063, 13.25072159581832 ], [ -87.82779381570063, 13.237246928193448 ], [ -87.854743150950355, 13.237246928193453 ], [ -87.854743150950355, 13.223772260568584 ], [ -87.881692486200095, 13.223772260568586 ], [ -87.881692486200095, 13.210297592943727 ], [ -87.90864182144982, 13.210297592943723 ], [ -87.90864182144982, 13.196822925318861 ], [ -87.935591156699559, 13.196822925318859 ], [ -87.935591156699559, 13.183348257693993 ], [ -87.922116489074682, 13.183348257693993 ], [ -87.922116489074682, 13.156398922444264 ], [ -87.949065824324421, 13.15639892244427 ], [ -87.949065824324421, 13.169873590069125 ], [ -87.962540491949284, 13.169873590069123 ], [ -87.962540491949284, 13.156398922444264 ], [ -87.989489827199009, 13.156398922444264 ], [ -87.989489827199009, 13.16987359006913 ], [ -88.272457847321178, 13.16987359006913 ], [ -88.272457847321178, 13.183348257693996 ], [ -88.31288185019578, 13.183348257693993 ], [ -88.31288185019578, 13.196822925318857 ], [ -88.366780520695244, 13.196822925318857 ], [ -88.366780520695244, 13.183348257693995 ], [ -88.380255188320106, 13.183348257693995 ], [ -88.380255188320106, 13.196822925318861 ], [ -88.407204523569831, 13.196822925318859 ], [ -88.407204523569831, 13.223772260568591 ], [ -88.380255188320106, 13.223772260568587 ], [ -88.380255188320106, 13.250721595818325 ], [ -88.393729855944969, 13.250721595818323 ], [ -88.393729855944969, 13.237246928193452 ], [ -88.407204523569831, 13.237246928193448 ], [ -88.407204523569831, 13.250721595818321 ], [ -88.43415385881957, 13.250721595818318 ], [ -88.43415385881957, 13.318094933942646 ], [ -88.380255188320106, 13.318094933942648 ], [ -88.380255188320106, 13.291145598692921 ], [ -88.366780520695244, 13.291145598692918 ], [ -88.366780520695244, 13.371993604442107 ], [ -88.353305853070367, 13.37199360444211 ], [ -88.353305853070367, 13.385468272066973 ], [ -88.339831185445505, 13.385468272066971 ], [ -88.339831185445505, 13.358518936817241 ], [ -88.353305853070367, 13.358518936817239 ], [ -88.353305853070367, 13.318094933942641 ], [ -88.339831185445505, 13.318094933942646 ], [ -88.339831185445505, 13.345044269192382 ], [ -88.326356517820642, 13.345044269192377 ], [ -88.326356517820642, 13.318094933942648 ], [ -88.31288185019578, 13.318094933942648 ], [ -88.31288185019578, 13.304620266317784 ], [ -88.299407182570931, 13.30462026631778 ], [ -88.299407182570931, 13.358518936817244 ], [ -88.28593251494604, 13.358518936817244 ], [ -88.28593251494604, 13.345044269192377 ], [ -88.258983179696315, 13.345044269192378 ], [ -88.258983179696315, 13.331569601567514 ], [ -88.245508512071453, 13.331569601567507 ], [ -88.245508512071453, 13.318094933942644 ], [ -88.218559176821714, 13.318094933942648 ], [ -88.218559176821714, 13.345044269192377 ], [ -88.245508512071453, 13.345044269192373 ], [ -88.245508512071453, 13.358518936817243 ], [ -88.23203384444659, 13.358518936817244 ], [ -88.23203384444659, 13.425892274941569 ], [ -88.218559176821714, 13.425892274941569 ], [ -88.218559176821714, 13.439366942566432 ], [ -88.23203384444659, 13.439366942566439 ], [ -88.23203384444659, 13.452841610191298 ], [ -88.245508512071453, 13.452841610191305 ], [ -88.245508512071453, 13.439366942566435 ], [ -88.272457847321178, 13.439366942566435 ], [ -88.272457847321178, 13.425892274941569 ], [ -88.258983179696315, 13.425892274941569 ], [ -88.258983179696315, 13.412417607316709 ], [ -88.299407182570931, 13.412417607316709 ], [ -88.299407182570931, 13.398942939691835 ], [ -88.326356517820642, 13.398942939691841 ], [ -88.326356517820642, 13.439366942566432 ], [ -88.31288185019578, 13.439366942566435 ], [ -88.31288185019578, 13.466316277816164 ], [ -88.299407182570931, 13.466316277816162 ], [ -88.299407182570931, 13.506740280690758 ], [ -88.28593251494604, 13.50674028069076 ], [ -88.28593251494604, 13.520214948315623 ], [ -88.272457847321178, 13.52021494831563 ], [ -88.272457847321178, 13.533689615940496 ], [ -88.299407182570931, 13.533689615940492 ], [ -88.299407182570931, 13.520214948315624 ], [ -88.326356517820642, 13.52021494831563 ], [ -88.326356517820642, 13.533689615940492 ], [ -88.339831185445505, 13.533689615940492 ], [ -88.339831185445505, 13.560638951190217 ], [ -88.31288185019578, 13.560638951190215 ], [ -88.31288185019578, 13.574113618815087 ], [ -88.326356517820642, 13.574113618815094 ], [ -88.326356517820642, 13.614537621689683 ], [ -88.339831185445505, 13.614537621689678 ], [ -88.339831185445505, 13.628012289314549 ], [ -88.353305853070367, 13.628012289314546 ], [ -88.353305853070367, 13.641486956939413 ], [ -88.326356517820642, 13.641486956939415 ], [ -88.326356517820642, 13.654961624564285 ], [ -88.299407182570931, 13.65496162456428 ], [ -88.299407182570931, 13.695385627438876 ], [ -88.31288185019578, 13.695385627438874 ], [ -88.31288185019578, 13.708860295063744 ], [ -88.299407182570931, 13.70886029506374 ], [ -88.299407182570931, 13.73580963031347 ], [ -88.28593251494604, 13.73580963031347 ], [ -88.28593251494604, 13.749284297938337 ], [ -88.31288185019578, 13.749284297938333 ], [ -88.31288185019578, 13.776233633188063 ], [ -88.326356517820642, 13.776233633188063 ], [ -88.326356517820642, 13.789708300812935 ], [ -88.339831185445505, 13.789708300812928 ], [ -88.339831185445505, 13.776233633188067 ], [ -88.366780520695244, 13.776233633188063 ], [ -88.366780520695244, 13.762758965563203 ], [ -88.380255188320106, 13.762758965563204 ], [ -88.380255188320106, 13.776233633188067 ], [ -88.393729855944969, 13.77623363318807 ], [ -88.393729855944969, 13.789708300812933 ], [ -88.407204523569831, 13.789708300812933 ], [ -88.407204523569831, 13.803182968437797 ], [ -88.43415385881957, 13.803182968437797 ], [ -88.43415385881957, 13.789708300812933 ], [ -88.474577861694158, 13.789708300812928 ], [ -88.474577861694158, 13.84360697131239 ], [ -88.461103194069295, 13.843606971312392 ], [ -88.461103194069295, 13.857081638937261 ], [ -88.43415385881957, 13.85708163893726 ], [ -88.43415385881957, 13.884030974186988 ], [ -88.366780520695244, 13.884030974186986 ], [ -88.366780520695244, 13.870556306562124 ], [ -88.353305853070367, 13.870556306562124 ], [ -88.353305853070367, 13.897505641811854 ], [ -88.299407182570931, 13.897505641811858 ], [ -88.299407182570931, 13.910980309436722 ], [ -88.272457847321178, 13.91098030943672 ], [ -88.272457847321178, 13.897505641811854 ], [ -88.258983179696315, 13.897505641811851 ], [ -88.258983179696315, 13.884030974186986 ], [ -88.23203384444659, 13.88403097418699 ], [ -88.23203384444659, 13.897505641811851 ], [ -88.205084509196851, 13.897505641811854 ], [ -88.205084509196851, 13.924454977061586 ], [ -88.164660506322264, 13.92445497706159 ], [ -88.164660506322264, 13.93792964468645 ], [ -88.151185838697387, 13.937929644686445 ], [ -88.151185838697387, 13.924454977061583 ], [ -88.137711171072525, 13.924454977061583 ], [ -88.137711171072525, 13.937929644686447 ], [ -88.124236503447662, 13.93792964468645 ], [ -88.124236503447662, 13.951404312311309 ], [ -88.08381250057306, 13.951404312311315 ], [ -88.08381250057306, 13.937929644686445 ], [ -88.043388497698473, 13.93792964468645 ], [ -88.043388497698473, 13.91098030943672 ] ], [ [ -87.881692486200095, 13.870556306562129 ], [ -87.868217818575218, 13.870556306562126 ], [ -87.868217818575218, 13.884030974186986 ], [ -87.881692486200095, 13.884030974186986 ], [ -87.881692486200095, 13.870556306562129 ] ], [ [ -87.868217818575218, 13.85708163893726 ], [ -87.854743150950355, 13.85708163893726 ], [ -87.854743150950355, 13.870556306562127 ], [ -87.868217818575218, 13.870556306562126 ], [ -87.868217818575218, 13.85708163893726 ] ], [ [ -87.787369812826029, 13.762758965563197 ], [ -87.787369812826029, 13.749284297938337 ], [ -87.773895145201166, 13.749284297938337 ], [ -87.773895145201166, 13.762758965563199 ], [ -87.787369812826029, 13.762758965563197 ] ], [ [ -87.787369812826029, 13.776233633188067 ], [ -87.814319148075768, 13.776233633188067 ], [ -87.814319148075768, 13.762758965563199 ], [ -87.787369812826029, 13.762758965563197 ], [ -87.787369812826029, 13.776233633188067 ] ], [ [ -87.800844480450891, 13.749284297938337 ], [ -87.800844480450891, 13.735809630313472 ], [ -87.787369812826029, 13.735809630313467 ], [ -87.787369812826029, 13.749284297938337 ], [ -87.800844480450891, 13.749284297938337 ] ], [ [ -87.787369812826029, 13.65496162456428 ], [ -87.787369812826029, 13.668436292189135 ], [ -87.800844480450891, 13.668436292189142 ], [ -87.800844480450891, 13.641486956939413 ], [ -87.773895145201166, 13.641486956939412 ], [ -87.773895145201166, 13.65496162456428 ], [ -87.787369812826029, 13.65496162456428 ] ], [ [ -87.82779381570063, 13.547164283565353 ], [ -87.82779381570063, 13.560638951190223 ], [ -87.854743150950355, 13.560638951190219 ], [ -87.854743150950355, 13.547164283565353 ], [ -87.868217818575218, 13.547164283565355 ], [ -87.868217818575218, 13.533689615940492 ], [ -87.841268483325493, 13.533689615940492 ], [ -87.841268483325493, 13.520214948315623 ], [ -87.800844480450891, 13.520214948315624 ], [ -87.800844480450891, 13.533689615940492 ], [ -87.814319148075768, 13.533689615940492 ], [ -87.814319148075768, 13.547164283565358 ], [ -87.82779381570063, 13.547164283565353 ] ], [ [ -87.800844480450891, 13.452841610191301 ], [ -87.800844480450891, 13.466316277816167 ], [ -87.814319148075768, 13.466316277816167 ], [ -87.814319148075768, 13.4528416101913 ], [ -87.800844480450891, 13.452841610191301 ] ], [ [ -87.881692486200095, 13.345044269192378 ], [ -87.881692486200095, 13.331569601567514 ], [ -87.868217818575218, 13.331569601567516 ], [ -87.868217818575218, 13.345044269192378 ], [ -87.881692486200095, 13.345044269192378 ] ], [ [ -87.935591156699559, 13.210297592943727 ], [ -87.949065824324421, 13.210297592943725 ], [ -87.949065824324421, 13.196822925318861 ], [ -87.935591156699559, 13.196822925318859 ], [ -87.935591156699559, 13.210297592943727 ] ], [ [ -88.272457847321178, 13.33156960156751 ], [ -88.272457847321178, 13.318094933942644 ], [ -88.258983179696315, 13.318094933942648 ], [ -88.258983179696315, 13.331569601567514 ], [ -88.272457847321178, 13.33156960156751 ] ], [ [ -88.299407182570931, 13.425892274941569 ], [ -88.31288185019578, 13.425892274941571 ], [ -88.31288185019578, 13.412417607316705 ], [ -88.299407182570931, 13.412417607316709 ], [ -88.299407182570931, 13.425892274941569 ] ], [ [ -88.272457847321178, 13.749284297938337 ], [ -88.272457847321178, 13.722334962688604 ], [ -88.258983179696315, 13.722334962688608 ], [ -88.258983179696315, 13.73580963031347 ], [ -88.245508512071453, 13.735809630313472 ], [ -88.245508512071453, 13.74928429793834 ], [ -88.258983179696315, 13.749284297938337 ], [ -88.258983179696315, 13.762758965563203 ], [ -88.218559176821714, 13.762758965563197 ], [ -88.218559176821714, 13.789708300812933 ], [ -88.205084509196851, 13.789708300812933 ], [ -88.205084509196851, 13.803182968437799 ], [ -88.191609841571989, 13.803182968437797 ], [ -88.191609841571989, 13.789708300812929 ], [ -88.17813517394714, 13.789708300812929 ], [ -88.17813517394714, 13.803182968437794 ], [ -88.164660506322264, 13.803182968437799 ], [ -88.164660506322264, 13.81665763606266 ], [ -88.17813517394714, 13.816657636062663 ], [ -88.17813517394714, 13.830132303687522 ], [ -88.191609841571989, 13.830132303687529 ], [ -88.191609841571989, 13.85708163893726 ], [ -88.17813517394714, 13.857081638937263 ], [ -88.17813517394714, 13.870556306562113 ], [ -88.205084509196851, 13.870556306562122 ], [ -88.205084509196851, 13.843606971312392 ], [ -88.218559176821714, 13.843606971312393 ], [ -88.218559176821714, 13.857081638937263 ], [ -88.245508512071453, 13.85708163893726 ], [ -88.245508512071453, 13.830132303687524 ], [ -88.258983179696315, 13.830132303687522 ], [ -88.258983179696315, 13.816657636062667 ], [ -88.299407182570931, 13.816657636062663 ], [ -88.299407182570931, 13.803182968437795 ], [ -88.28593251494604, 13.803182968437797 ], [ -88.28593251494604, 13.77623363318807 ], [ -88.272457847321178, 13.776233633188063 ], [ -88.272457847321178, 13.762758965563203 ], [ -88.28593251494604, 13.762758965563203 ], [ -88.28593251494604, 13.749284297938337 ], [ -88.272457847321178, 13.749284297938337 ] ], [ [ -88.353305853070367, 13.85708163893726 ], [ -88.339831185445505, 13.85708163893726 ], [ -88.339831185445505, 13.84360697131239 ], [ -88.31288185019578, 13.84360697131239 ], [ -88.31288185019578, 13.857081638937263 ], [ -88.28593251494604, 13.857081638937261 ], [ -88.28593251494604, 13.870556306562127 ], [ -88.353305853070367, 13.870556306562124 ], [ -88.353305853070367, 13.85708163893726 ] ], [ [ -88.272457847321178, 13.88403097418699 ], [ -88.272457847321178, 13.870556306562124 ], [ -88.258983179696315, 13.870556306562124 ], [ -88.258983179696315, 13.884030974186986 ], [ -88.272457847321178, 13.88403097418699 ] ], [ [ -88.097287168197937, 13.870556306562122 ], [ -88.097287168197937, 13.857081638937258 ], [ -88.08381250057306, 13.857081638937263 ], [ -88.08381250057306, 13.870556306562124 ], [ -88.097287168197937, 13.870556306562122 ] ], [ [ -88.272457847321178, 13.857081638937258 ], [ -88.272457847321178, 13.843606971312392 ], [ -88.258983179696315, 13.84360697131239 ], [ -88.258983179696315, 13.85708163893726 ], [ -88.272457847321178, 13.857081638937258 ] ], [ [ -88.151185838697387, 13.85708163893726 ], [ -88.151185838697387, 13.843606971312395 ], [ -88.137711171072525, 13.84360697131239 ], [ -88.137711171072525, 13.85708163893726 ], [ -88.151185838697387, 13.85708163893726 ] ], [ [ -87.949065824324421, 13.85708163893726 ], [ -87.949065824324421, 13.830132303687522 ], [ -87.935591156699559, 13.830132303687526 ], [ -87.935591156699559, 13.816657636062669 ], [ -87.949065824324421, 13.816657636062663 ], [ -87.949065824324421, 13.803182968437797 ], [ -87.976015159574146, 13.803182968437797 ], [ -87.976015159574146, 13.789708300812933 ], [ -87.935591156699559, 13.789708300812929 ], [ -87.935591156699559, 13.803182968437797 ], [ -87.922116489074682, 13.803182968437797 ], [ -87.922116489074682, 13.816657636062663 ], [ -87.90864182144982, 13.816657636062665 ], [ -87.90864182144982, 13.84360697131239 ], [ -87.922116489074682, 13.843606971312392 ], [ -87.922116489074682, 13.85708163893726 ], [ -87.949065824324421, 13.85708163893726 ] ], [ [ -88.02991383007361, 13.84360697131239 ], [ -88.02991383007361, 13.830132303687522 ], [ -88.016439162448734, 13.830132303687522 ], [ -88.016439162448734, 13.84360697131239 ], [ -88.02991383007361, 13.84360697131239 ] ], [ [ -87.800844480450891, 13.843606971312386 ], [ -87.800844480450891, 13.830132303687527 ], [ -87.787369812826029, 13.83013230368752 ], [ -87.787369812826029, 13.84360697131239 ], [ -87.800844480450891, 13.843606971312386 ] ], [ [ -88.43415385881957, 13.830132303687522 ], [ -88.43415385881957, 13.816657636062663 ], [ -88.420679191194694, 13.816657636062667 ], [ -88.420679191194694, 13.83013230368752 ], [ -88.43415385881957, 13.830132303687522 ] ], [ [ -88.02991383007361, 13.816657636062663 ], [ -88.02991383007361, 13.803182968437797 ], [ -88.016439162448734, 13.803182968437794 ], [ -88.016439162448734, 13.81665763606266 ], [ -88.02991383007361, 13.816657636062663 ] ], [ [ -88.1107618358228, 13.708860295063737 ], [ -88.1107618358228, 13.735809630313469 ], [ -88.124236503447662, 13.735809630313467 ], [ -88.124236503447662, 13.749284297938337 ], [ -88.137711171072525, 13.749284297938337 ], [ -88.137711171072525, 13.789708300812936 ], [ -88.164660506322264, 13.789708300812933 ], [ -88.164660506322264, 13.749284297938338 ], [ -88.17813517394714, 13.749284297938337 ], [ -88.17813517394714, 13.722334962688601 ], [ -88.191609841571989, 13.72233496268861 ], [ -88.191609841571989, 13.708860295063744 ], [ -88.17813517394714, 13.70886029506374 ], [ -88.17813517394714, 13.695385627438876 ], [ -88.164660506322264, 13.695385627438874 ], [ -88.164660506322264, 13.68191095981401 ], [ -88.151185838697387, 13.68191095981401 ], [ -88.151185838697387, 13.695385627438876 ], [ -88.137711171072525, 13.695385627438876 ], [ -88.137711171072525, 13.722334962688606 ], [ -88.124236503447662, 13.722334962688603 ], [ -88.124236503447662, 13.70886029506374 ], [ -88.1107618358228, 13.708860295063737 ] ], [ [ -88.05686316532335, 13.762758965563197 ], [ -88.043388497698473, 13.762758965563203 ], [ -88.043388497698473, 13.77623363318807 ], [ -88.05686316532335, 13.776233633188067 ], [ -88.05686316532335, 13.762758965563197 ] ], [ [ -88.1107618358228, 13.762758965563201 ], [ -88.1107618358228, 13.749284297938337 ], [ -88.05686316532335, 13.749284297938335 ], [ -88.05686316532335, 13.762758965563197 ], [ -88.1107618358228, 13.762758965563201 ] ], [ [ -87.854743150950355, 13.762758965563199 ], [ -87.854743150950355, 13.749284297938337 ], [ -87.841268483325493, 13.749284297938337 ], [ -87.841268483325493, 13.762758965563201 ], [ -87.854743150950355, 13.762758965563199 ] ], [ [ -88.23203384444659, 13.735809630313472 ], [ -88.23203384444659, 13.722334962688606 ], [ -88.218559176821714, 13.722334962688604 ], [ -88.218559176821714, 13.735809630313472 ], [ -88.23203384444659, 13.735809630313472 ] ], [ [ -88.097287168197937, 13.735809630313465 ], [ -88.097287168197937, 13.722334962688606 ], [ -88.08381250057306, 13.722334962688601 ], [ -88.08381250057306, 13.735809630313467 ], [ -88.097287168197937, 13.735809630313465 ] ], [ [ -88.070337832948198, 13.722334962688604 ], [ -88.070337832948198, 13.708860295063735 ], [ -88.05686316532335, 13.708860295063738 ], [ -88.05686316532335, 13.722334962688603 ], [ -88.070337832948198, 13.722334962688604 ] ], [ [ -87.881692486200095, 13.722334962688606 ], [ -87.881692486200095, 13.708860295063744 ], [ -87.868217818575218, 13.708860295063744 ], [ -87.868217818575218, 13.722334962688606 ], [ -87.881692486200095, 13.722334962688606 ] ], [ [ -88.1107618358228, 13.681910959814006 ], [ -88.1107618358228, 13.668436292189142 ], [ -88.097287168197937, 13.668436292189138 ], [ -88.097287168197937, 13.68191095981401 ], [ -88.1107618358228, 13.681910959814006 ] ], [ [ -88.05686316532335, 13.65496162456428 ], [ -88.043388497698473, 13.654961624564283 ], [ -88.043388497698473, 13.668436292189137 ], [ -88.05686316532335, 13.668436292189138 ], [ -88.05686316532335, 13.65496162456428 ] ], [ [ -88.070337832948198, 13.654961624564278 ], [ -88.070337832948198, 13.641486956939413 ], [ -88.05686316532335, 13.641486956939412 ], [ -88.05686316532335, 13.65496162456428 ], [ -88.070337832948198, 13.654961624564278 ] ], [ [ -87.90864182144982, 13.628012289314546 ], [ -87.90864182144982, 13.601062954064815 ], [ -87.868217818575218, 13.601062954064819 ], [ -87.868217818575218, 13.587588286439953 ], [ -87.841268483325493, 13.587588286439955 ], [ -87.841268483325493, 13.601062954064817 ], [ -87.854743150950355, 13.601062954064817 ], [ -87.854743150950355, 13.654961624564276 ], [ -87.868217818575218, 13.654961624564283 ], [ -87.868217818575218, 13.641486956939415 ], [ -87.881692486200095, 13.641486956939412 ], [ -87.881692486200095, 13.628012289314549 ], [ -87.90864182144982, 13.628012289314546 ] ], [ [ -88.17813517394714, 13.614537621689685 ], [ -88.191609841571989, 13.614537621689683 ], [ -88.191609841571989, 13.601062954064815 ], [ -88.137711171072525, 13.601062954064817 ], [ -88.137711171072525, 13.614537621689685 ], [ -88.151185838697387, 13.614537621689683 ], [ -88.151185838697387, 13.628012289314549 ], [ -88.164660506322264, 13.628012289314549 ], [ -88.164660506322264, 13.641486956939415 ], [ -88.17813517394714, 13.641486956939413 ], [ -88.17813517394714, 13.614537621689685 ] ], [ [ -88.124236503447662, 13.614537621689681 ], [ -88.124236503447662, 13.641486956939412 ], [ -88.137711171072525, 13.641486956939415 ], [ -88.137711171072525, 13.614537621689685 ], [ -88.124236503447662, 13.614537621689681 ] ], [ [ -87.976015159574146, 13.628012289314546 ], [ -87.962540491949284, 13.628012289314549 ], [ -87.962540491949284, 13.641486956939412 ], [ -87.976015159574146, 13.641486956939413 ], [ -87.976015159574146, 13.628012289314546 ] ], [ [ -87.989489827199009, 13.628012289314549 ], [ -87.989489827199009, 13.61453762168968 ], [ -87.976015159574146, 13.61453762168968 ], [ -87.976015159574146, 13.628012289314546 ], [ -87.989489827199009, 13.628012289314549 ] ], [ [ -88.299407182570931, 13.61453762168968 ], [ -88.299407182570931, 13.628012289314546 ], [ -88.31288185019578, 13.628012289314546 ], [ -88.31288185019578, 13.601062954064815 ], [ -88.28593251494604, 13.601062954064815 ], [ -88.28593251494604, 13.614537621689681 ], [ -88.299407182570931, 13.61453762168968 ] ], [ [ -88.070337832948198, 13.601062954064817 ], [ -88.070337832948198, 13.587588286439949 ], [ -88.05686316532335, 13.587588286439951 ], [ -88.05686316532335, 13.601062954064815 ], [ -88.070337832948198, 13.601062954064817 ] ], [ [ -88.097287168197937, 13.587588286439953 ], [ -88.097287168197937, 13.574113618815085 ], [ -88.08381250057306, 13.57411361881509 ], [ -88.08381250057306, 13.587588286439953 ], [ -88.097287168197937, 13.587588286439953 ] ], [ [ -87.90864182144982, 13.587588286439953 ], [ -87.90864182144982, 13.574113618815083 ], [ -87.895167153824957, 13.574113618815085 ], [ -87.895167153824957, 13.587588286439953 ], [ -87.90864182144982, 13.587588286439953 ] ], [ [ -88.151185838697387, 13.560638951190219 ], [ -88.151185838697387, 13.574113618815085 ], [ -88.164660506322264, 13.574113618815089 ], [ -88.164660506322264, 13.560638951190219 ], [ -88.151185838697387, 13.560638951190219 ] ], [ [ -88.151185838697387, 13.547164283565358 ], [ -88.124236503447662, 13.54716428356536 ], [ -88.124236503447662, 13.560638951190219 ], [ -88.151185838697387, 13.560638951190219 ], [ -88.151185838697387, 13.547164283565358 ] ], [ [ -88.070337832948198, 13.520214948315626 ], [ -88.070337832948198, 13.506740280690757 ], [ -88.02991383007361, 13.506740280690762 ], [ -88.02991383007361, 13.520214948315626 ], [ -88.016439162448734, 13.520214948315626 ], [ -88.016439162448734, 13.533689615940496 ], [ -88.043388497698473, 13.533689615940496 ], [ -88.043388497698473, 13.547164283565358 ], [ -88.016439162448734, 13.547164283565358 ], [ -88.016439162448734, 13.574113618815087 ], [ -88.043388497698473, 13.574113618815085 ], [ -88.043388497698473, 13.560638951190217 ], [ -88.1107618358228, 13.560638951190223 ], [ -88.1107618358228, 13.520214948315626 ], [ -88.124236503447662, 13.520214948315628 ], [ -88.124236503447662, 13.493265613065899 ], [ -88.097287168197937, 13.493265613065899 ], [ -88.097287168197937, 13.506740280690758 ], [ -88.08381250057306, 13.506740280690758 ], [ -88.08381250057306, 13.520214948315623 ], [ -88.070337832948198, 13.520214948315626 ] ], [ [ -88.016439162448734, 13.50674028069076 ], [ -88.002964494823871, 13.506740280690758 ], [ -88.002964494823871, 13.520214948315628 ], [ -88.016439162448734, 13.520214948315626 ], [ -88.016439162448734, 13.50674028069076 ] ], [ [ -87.989489827199009, 13.520214948315626 ], [ -87.989489827199009, 13.493265613065901 ], [ -88.002964494823871, 13.493265613065899 ], [ -88.002964494823871, 13.479790945441032 ], [ -88.016439162448734, 13.47979094544103 ], [ -88.016439162448734, 13.466316277816167 ], [ -87.976015159574146, 13.466316277816167 ], [ -87.976015159574146, 13.452841610191305 ], [ -87.962540491949284, 13.452841610191301 ], [ -87.962540491949284, 13.439366942566433 ], [ -87.922116489074682, 13.439366942566439 ], [ -87.922116489074682, 13.425892274941571 ], [ -87.90864182144982, 13.425892274941571 ], [ -87.90864182144982, 13.398942939691837 ], [ -87.895167153824957, 13.398942939691842 ], [ -87.895167153824957, 13.425892274941571 ], [ -87.881692486200095, 13.425892274941571 ], [ -87.881692486200095, 13.43936694256643 ], [ -87.895167153824957, 13.439366942566435 ], [ -87.895167153824957, 13.452841610191301 ], [ -87.881692486200095, 13.452841610191301 ], [ -87.881692486200095, 13.466316277816166 ], [ -87.895167153824957, 13.466316277816164 ], [ -87.895167153824957, 13.47979094544103 ], [ -87.881692486200095, 13.479790945441035 ], [ -87.881692486200095, 13.493265613065899 ], [ -87.90864182144982, 13.493265613065899 ], [ -87.90864182144982, 13.4528416101913 ], [ -87.935591156699559, 13.452841610191301 ], [ -87.935591156699559, 13.466316277816166 ], [ -87.949065824324421, 13.466316277816162 ], [ -87.949065824324421, 13.47979094544103 ], [ -87.935591156699559, 13.479790945441032 ], [ -87.935591156699559, 13.493265613065899 ], [ -87.922116489074682, 13.493265613065899 ], [ -87.922116489074682, 13.506740280690758 ], [ -87.949065824324421, 13.50674028069076 ], [ -87.949065824324421, 13.520214948315621 ], [ -87.962540491949284, 13.520214948315623 ], [ -87.962540491949284, 13.533689615940492 ], [ -88.002964494823871, 13.533689615940492 ], [ -88.002964494823871, 13.520214948315628 ], [ -87.989489827199009, 13.520214948315626 ] ], [ [ -88.016439162448734, 13.493265613065898 ], [ -88.02991383007361, 13.493265613065903 ], [ -88.02991383007361, 13.479790945441032 ], [ -88.016439162448734, 13.47979094544103 ], [ -88.016439162448734, 13.493265613065898 ] ], [ [ -88.097287168197937, 13.47979094544103 ], [ -88.08381250057306, 13.47979094544103 ], [ -88.08381250057306, 13.493265613065899 ], [ -88.097287168197937, 13.493265613065899 ], [ -88.097287168197937, 13.47979094544103 ] ], [ [ -88.002964494823871, 13.574113618815089 ], [ -88.002964494823871, 13.560638951190223 ], [ -87.976015159574146, 13.560638951190215 ], [ -87.976015159574146, 13.574113618815083 ], [ -88.002964494823871, 13.574113618815089 ] ], [ [ -87.90864182144982, 13.560638951190221 ], [ -87.90864182144982, 13.547164283565358 ], [ -87.895167153824957, 13.547164283565358 ], [ -87.895167153824957, 13.560638951190223 ], [ -87.90864182144982, 13.560638951190221 ] ], [ [ -88.151185838697387, 13.425892274941571 ], [ -88.151185838697387, 13.506740280690764 ], [ -88.137711171072525, 13.50674028069076 ], [ -88.137711171072525, 13.533689615940492 ], [ -88.151185838697387, 13.533689615940494 ], [ -88.151185838697387, 13.52021494831563 ], [ -88.17813517394714, 13.520214948315623 ], [ -88.17813517394714, 13.506740280690757 ], [ -88.205084509196851, 13.506740280690764 ], [ -88.205084509196851, 13.493265613065901 ], [ -88.218559176821714, 13.493265613065899 ], [ -88.218559176821714, 13.479790945441035 ], [ -88.205084509196851, 13.47979094544103 ], [ -88.205084509196851, 13.466316277816167 ], [ -88.218559176821714, 13.466316277816164 ], [ -88.218559176821714, 13.452841610191298 ], [ -88.191609841571989, 13.4528416101913 ], [ -88.191609841571989, 13.43936694256643 ], [ -88.164660506322264, 13.439366942566432 ], [ -88.164660506322264, 13.425892274941571 ], [ -88.151185838697387, 13.425892274941571 ] ], [ [ -87.82779381570063, 13.506740280690758 ], [ -87.82779381570063, 13.493265613065901 ], [ -87.814319148075768, 13.493265613065899 ], [ -87.814319148075768, 13.506740280690764 ], [ -87.82779381570063, 13.506740280690758 ] ], [ [ -87.787369812826029, 13.47979094544103 ], [ -87.787369812826029, 13.466316277816166 ], [ -87.773895145201166, 13.466316277816166 ], [ -87.773895145201166, 13.493265613065899 ], [ -87.800844480450891, 13.493265613065898 ], [ -87.800844480450891, 13.47979094544103 ], [ -87.787369812826029, 13.47979094544103 ] ], [ [ -87.773895145201166, 13.439366942566435 ], [ -87.760420477576304, 13.439366942566435 ], [ -87.760420477576304, 13.466316277816166 ], [ -87.773895145201166, 13.466316277816166 ], [ -87.773895145201166, 13.439366942566435 ] ], [ [ -88.258983179696315, 13.466316277816166 ], [ -88.258983179696315, 13.479790945441032 ], [ -88.28593251494604, 13.47979094544103 ], [ -88.28593251494604, 13.452841610191301 ], [ -88.272457847321178, 13.452841610191301 ], [ -88.272457847321178, 13.466316277816166 ], [ -88.258983179696315, 13.466316277816166 ] ], [ [ -88.08381250057306, 13.425892274941571 ], [ -88.08381250057306, 13.466316277816162 ], [ -88.097287168197937, 13.466316277816162 ], [ -88.097287168197937, 13.452841610191307 ], [ -88.1107618358228, 13.452841610191301 ], [ -88.1107618358228, 13.425892274941567 ], [ -88.08381250057306, 13.425892274941571 ] ], [ [ -88.02991383007361, 13.425892274941569 ], [ -88.02991383007361, 13.41241760731671 ], [ -88.016439162448734, 13.412417607316703 ], [ -88.016439162448734, 13.425892274941573 ], [ -88.02991383007361, 13.425892274941569 ] ], [ [ -87.962540491949284, 13.412417607316705 ], [ -87.962540491949284, 13.425892274941569 ], [ -87.989489827199009, 13.425892274941571 ], [ -87.989489827199009, 13.412417607316705 ], [ -87.962540491949284, 13.412417607316705 ] ], [ [ -87.962540491949284, 13.385468272066975 ], [ -87.976015159574146, 13.385468272066969 ], [ -87.976015159574146, 13.371993604442105 ], [ -87.962540491949284, 13.371993604442107 ], [ -87.962540491949284, 13.358518936817244 ], [ -87.935591156699559, 13.358518936817244 ], [ -87.935591156699559, 13.385468272066969 ], [ -87.949065824324421, 13.385468272066969 ], [ -87.949065824324421, 13.4124176073167 ], [ -87.962540491949284, 13.412417607316705 ], [ -87.962540491949284, 13.385468272066975 ] ], [ [ -88.151185838697387, 13.37199360444211 ], [ -88.151185838697387, 13.385468272066975 ], [ -88.164660506322264, 13.385468272066975 ], [ -88.164660506322264, 13.371993604442109 ], [ -88.151185838697387, 13.37199360444211 ] ], [ [ -88.151185838697387, 13.358518936817243 ], [ -88.137711171072525, 13.358518936817243 ], [ -88.137711171072525, 13.371993604442109 ], [ -88.151185838697387, 13.37199360444211 ], [ -88.151185838697387, 13.358518936817243 ] ], [ [ -88.1107618358228, 13.345044269192373 ], [ -88.097287168197937, 13.345044269192378 ], [ -88.097287168197937, 13.358518936817244 ], [ -88.08381250057306, 13.358518936817241 ], [ -88.08381250057306, 13.385468272066969 ], [ -88.097287168197937, 13.385468272066973 ], [ -88.097287168197937, 13.371993604442109 ], [ -88.1107618358228, 13.371993604442109 ], [ -88.1107618358228, 13.345044269192373 ] ], [ [ -88.124236503447662, 13.345044269192378 ], [ -88.124236503447662, 13.318094933942648 ], [ -88.1107618358228, 13.318094933942646 ], [ -88.1107618358228, 13.345044269192373 ], [ -88.124236503447662, 13.345044269192378 ] ], [ [ -88.043388497698473, 13.385468272066975 ], [ -88.043388497698473, 13.371993604442109 ], [ -88.02991383007361, 13.37199360444211 ], [ -88.02991383007361, 13.385468272066973 ], [ -88.043388497698473, 13.385468272066975 ] ], [ [ -88.016439162448734, 13.385468272066973 ], [ -88.016439162448734, 13.371993604442107 ], [ -88.002964494823871, 13.37199360444211 ], [ -88.002964494823871, 13.385468272066975 ], [ -88.016439162448734, 13.385468272066973 ] ], [ [ -88.191609841571989, 13.345044269192382 ], [ -88.191609841571989, 13.318094933942648 ], [ -88.17813517394714, 13.318094933942648 ], [ -88.17813517394714, 13.345044269192377 ], [ -88.191609841571989, 13.345044269192382 ] ], [ [ -88.070337832948198, 13.34504426919238 ], [ -88.070337832948198, 13.331569601567509 ], [ -88.08381250057306, 13.331569601567509 ], [ -88.08381250057306, 13.318094933942646 ], [ -88.097287168197937, 13.318094933942648 ], [ -88.097287168197937, 13.291145598692914 ], [ -88.05686316532335, 13.291145598692919 ], [ -88.05686316532335, 13.277670931068053 ], [ -88.043388497698473, 13.277670931068053 ], [ -88.043388497698473, 13.291145598692918 ], [ -88.016439162448734, 13.291145598692918 ], [ -88.016439162448734, 13.304620266317784 ], [ -88.002964494823871, 13.304620266317785 ], [ -88.002964494823871, 13.318094933942648 ], [ -88.02991383007361, 13.318094933942646 ], [ -88.02991383007361, 13.345044269192382 ], [ -88.070337832948198, 13.34504426919238 ] ], [ [ -87.989489827199009, 13.345044269192377 ], [ -87.989489827199009, 13.33156960156751 ], [ -87.976015159574146, 13.33156960156751 ], [ -87.976015159574146, 13.345044269192373 ], [ -87.989489827199009, 13.345044269192377 ] ], [ [ -88.23203384444659, 13.237246928193452 ], [ -88.23203384444659, 13.250721595818327 ], [ -88.218559176821714, 13.250721595818325 ], [ -88.218559176821714, 13.264196263443186 ], [ -88.272457847321178, 13.264196263443187 ], [ -88.272457847321178, 13.291145598692921 ], [ -88.299407182570931, 13.291145598692916 ], [ -88.299407182570931, 13.27767093106805 ], [ -88.31288185019578, 13.277670931068055 ], [ -88.31288185019578, 13.291145598692919 ], [ -88.339831185445505, 13.291145598692918 ], [ -88.339831185445505, 13.30462026631778 ], [ -88.353305853070367, 13.304620266317782 ], [ -88.353305853070367, 13.277670931068053 ], [ -88.326356517820642, 13.277670931068055 ], [ -88.326356517820642, 13.264196263443187 ], [ -88.31288185019578, 13.264196263443186 ], [ -88.31288185019578, 13.250721595818318 ], [ -88.299407182570931, 13.25072159581832 ], [ -88.299407182570931, 13.237246928193453 ], [ -88.272457847321178, 13.237246928193461 ], [ -88.272457847321178, 13.223772260568589 ], [ -88.245508512071453, 13.223772260568586 ], [ -88.245508512071453, 13.210297592943727 ], [ -88.23203384444659, 13.210297592943725 ], [ -88.23203384444659, 13.223772260568586 ], [ -88.218559176821714, 13.223772260568587 ], [ -88.218559176821714, 13.237246928193452 ], [ -88.23203384444659, 13.237246928193452 ] ], [ [ -88.245508512071453, 13.304620266317784 ], [ -88.245508512071453, 13.291145598692921 ], [ -88.23203384444659, 13.291145598692921 ], [ -88.23203384444659, 13.304620266317784 ], [ -88.245508512071453, 13.304620266317784 ] ], [ [ -87.949065824324421, 13.277670931068055 ], [ -87.949065824324421, 13.304620266317784 ], [ -87.989489827199009, 13.304620266317787 ], [ -87.989489827199009, 13.291145598692921 ], [ -87.976015159574146, 13.291145598692918 ], [ -87.976015159574146, 13.277670931068052 ], [ -87.949065824324421, 13.277670931068055 ] ], [ [ -87.922116489074682, 13.277670931068053 ], [ -87.922116489074682, 13.304620266317784 ], [ -87.935591156699559, 13.304620266317785 ], [ -87.935591156699559, 13.277670931068055 ], [ -87.922116489074682, 13.277670931068053 ] ], [ [ -87.922116489074682, 13.264196263443186 ], [ -87.90864182144982, 13.264196263443187 ], [ -87.90864182144982, 13.27767093106805 ], [ -87.922116489074682, 13.277670931068053 ], [ -87.922116489074682, 13.264196263443186 ] ], [ [ -88.407204523569831, 13.291145598692918 ], [ -88.407204523569831, 13.27767093106805 ], [ -88.393729855944969, 13.277670931068053 ], [ -88.393729855944969, 13.291145598692918 ], [ -88.407204523569831, 13.291145598692918 ] ], [ [ -88.218559176821714, 13.291145598692914 ], [ -88.218559176821714, 13.277670931068053 ], [ -88.191609841571989, 13.277670931068046 ], [ -88.191609841571989, 13.291145598692918 ], [ -88.218559176821714, 13.291145598692914 ] ], [ [ -87.841268483325493, 13.277670931068053 ], [ -87.841268483325493, 13.291145598692916 ], [ -87.881692486200095, 13.291145598692919 ], [ -87.881692486200095, 13.264196263443187 ], [ -87.82779381570063, 13.264196263443186 ], [ -87.82779381570063, 13.277670931068048 ], [ -87.841268483325493, 13.277670931068053 ] ], [ [ -88.17813517394714, 13.250721595818318 ], [ -88.17813517394714, 13.223772260568586 ], [ -88.164660506322264, 13.223772260568595 ], [ -88.164660506322264, 13.210297592943723 ], [ -88.137711171072525, 13.210297592943727 ], [ -88.137711171072525, 13.237246928193455 ], [ -88.124236503447662, 13.237246928193452 ], [ -88.124236503447662, 13.277670931068053 ], [ -88.137711171072525, 13.27767093106805 ], [ -88.137711171072525, 13.264196263443189 ], [ -88.151185838697387, 13.264196263443186 ], [ -88.151185838697387, 13.277670931068055 ], [ -88.164660506322264, 13.277670931068055 ], [ -88.164660506322264, 13.250721595818321 ], [ -88.17813517394714, 13.250721595818318 ] ], [ [ -88.08381250057306, 13.264196263443184 ], [ -88.08381250057306, 13.250721595818318 ], [ -88.070337832948198, 13.250721595818318 ], [ -88.070337832948198, 13.264196263443184 ], [ -88.08381250057306, 13.264196263443184 ] ], [ [ -88.366780520695244, 13.250721595818323 ], [ -88.366780520695244, 13.237246928193452 ], [ -88.353305853070367, 13.237246928193453 ], [ -88.353305853070367, 13.25072159581832 ], [ -88.366780520695244, 13.250721595818323 ] ], [ [ -87.949065824324421, 13.250721595818323 ], [ -87.949065824324421, 13.223772260568586 ], [ -87.935591156699559, 13.223772260568591 ], [ -87.935591156699559, 13.250721595818327 ], [ -87.949065824324421, 13.250721595818323 ] ] ] } },
{ "type": "Feature", "properties": { "class_id": 2, "area_m2": 52164410.542122126, "class_name": "Bajo", "index": "NMDI", "min_value": null, "max_value": null }, "geometry": { "type": "Polygon", "coordinates": [ [ [ -88.380255188320106, 13.614537621689685 ], [ -88.380255188320106, 13.628012289314546 ], [ -88.366780520695244, 13.628012289314547 ], [ -88.366780520695244, 13.614537621689681 ], [ -88.339831185445505, 13.614537621689678 ], [ -88.339831185445505, 13.574113618815087 ], [ -88.353305853070367, 13.574113618815085 ], [ -88.353305853070367, 13.560638951190219 ], [ -88.366780520695244, 13.560638951190219 ], [ -88.366780520695244, 13.547164283565349 ], [ -88.353305853070367, 13.547164283565355 ], [ -88.353305853070367, 13.506740280690758 ], [ -88.366780520695244, 13.506740280690757 ], [ -88.366780520695244, 13.520214948315626 ], [ -88.380255188320106, 13.520214948315623 ], [ -88.380255188320106, 13.560638951190219 ], [ -88.393729855944969, 13.560638951190226 ], [ -88.393729855944969, 13.574113618815089 ], [ -88.407204523569831, 13.574113618815085 ], [ -88.407204523569831, 13.614537621689685 ], [ -88.380255188320106, 13.614537621689685 ] ], [ [ -88.393729855944969, 13.601062954064822 ], [ -88.393729855944969, 13.587588286439955 ], [ -88.380255188320106, 13.587588286439953 ], [ -88.380255188320106, 13.601062954064819 ], [ -88.393729855944969, 13.601062954064822 ] ] ] } },
{ "type": "Feature", "properties": { "class_id": 2, "area_m2": 2173600.5312839025, "class_name": "Bajo", "index": "NMDI", "min_value": null, "max_value": null }, "geometry": { "type": "Polygon", "coordinates": [ [ [ -88.43415385881957, 13.574113618815085 ], [ -88.447628526444433, 13.574113618815089 ], [ -88.447628526444433, 13.587588286439953 ], [ -88.43415385881957, 13.587588286439953 ], [ -88.43415385881957, 13.574113618815085 ] ] ] } },
{ "type": "Feature", "properties": { "class_id": 2, "area_m2": 2173069.1314868894, "class_name": "Bajo", "index": "NMDI", "min_value": null, "max_value": null }, "geometry": { "type": "Polygon", "coordinates": [ [ [ -88.407204523569831, 13.641486956939415 ], [ -88.407204523569831, 13.628012289314549 ], [ -88.420679191194694, 13.628012289314549 ], [ -88.420679191194694, 13.641486956939415 ], [ -88.407204523569831, 13.641486956939415 ] ] ] } },
{ "type": "Feature", "properties": { "class_id": 2, "area_m2": 28248030.520724595, "class_name": "Bajo", "index": "NMDI", "min_value": null, "max_value": null }, "geometry": { "type": "Polygon", "coordinates": [ [ [ -88.420679191194694, 13.641486956939415 ], [ -88.43415385881957, 13.641486956939415 ], [ -88.43415385881957, 13.628012289314546 ], [ -88.447628526444433, 13.628012289314549 ], [ -88.447628526444433, 13.641486956939413 ], [ -88.461103194069295, 13.641486956939413 ], [ -88.461103194069295, 13.66843629218914 ], [ -88.407204523569831, 13.668436292189144 ], [ -88.407204523569831, 13.681910959814006 ], [ -88.366780520695244, 13.681910959814008 ], [ -88.366780520695244, 13.66843629218914 ], [ -88.393729855944969, 13.668436292189138 ], [ -88.393729855944969, 13.641486956939412 ], [ -88.407204523569831, 13.641486956939415 ], [ -88.407204523569831, 13.654961624564274 ], [ -88.420679191194694, 13.65496162456428 ], [ -88.420679191194694, 13.641486956939415 ] ] ] } },
{ "type": "Feature", "properties": { "class_id": 2, "area_m2": 2172657.2063421607, "class_name": "Bajo", "index": "NMDI", "min_value": null, "max_value": null }, "geometry": { "type": "Polygon", "coordinates": [ [ [ -88.461103194069295, 13.68191095981401 ], [ -88.461103194069295, 13.695385627438872 ], [ -88.447628526444433, 13.695385627438876 ], [ -88.447628526444433, 13.681910959814012 ], [ -88.461103194069295, 13.68191095981401 ] ] ] } },
{ "type": "Feature", "properties": { "class_id": 2, "area_m2": 2171429.0964065394, "class_name": "Bajo", "index": "NMDI", "min_value": null, "max_value": null }, "geometry": { "type": "Polygon", "coordinates": [ [ [ -87.746945809951455, 13.722334962688603 ], [ -87.733471142326565, 13.722334962688606 ], [ -87.733471142326565, 13.70886029506374 ], [ -87.746945809951455, 13.708860295063744 ], [ -87.746945809951455, 13.722334962688603 ] ] ] } },
{ "type": "Feature", "properties": { "class_id": 2, "area_m2": 45618392.058331728, "class_name": "Bajo", "index": "NMDI", "min_value": null, "max_value": null }, "geometry": { "type": "Polygon", "coordinates": [ [ [ -88.43415385881957, 13.735809630313472 ], [ -88.407204523569831, 13.735809630313467 ], [ -88.407204523569831, 13.749284297938338 ], [ -88.353305853070367, 13.749284297938337 ], [ -88.353305853070367, 13.735809630313469 ], [ -88.366780520695244, 13.735809630313467 ], [ -88.366780520695244, 13.708860295063738 ], [ -88.380255188320106, 13.70886029506374 ], [ -88.380255188320106, 13.695385627438876 ], [ -88.420679191194694, 13.695385627438874 ], [ -88.420679191194694, 13.708860295063747 ], [ -88.43415385881957, 13.70886029506374 ], [ -88.43415385881957, 13.695385627438874 ], [ -88.447628526444433, 13.695385627438876 ], [ -88.447628526444433, 13.70886029506374 ], [ -88.474577861694158, 13.708860295063738 ], [ -88.474577861694158, 13.722334962688603 ], [ -88.43415385881957, 13.722334962688606 ], [ -88.43415385881957, 13.735809630313472 ] ] ] } },
{ "type": "Feature", "properties": { "class_id": 2, "area_m2": 6512131.8322613835, "class_name": "Bajo", "index": "NMDI", "min_value": null, "max_value": null }, "geometry": { "type": "Polygon", "coordinates": [ [ [ -87.733471142326565, 13.789708300812933 ], [ -87.773895145201166, 13.789708300812933 ], [ -87.773895145201166, 13.803182968437797 ], [ -87.733471142326565, 13.803182968437797 ], [ -87.733471142326565, 13.789708300812933 ] ] ] } },
{ "type": "Feature", "properties": { "class_id": 2, "area_m2": 4341980.1943972018, "class_name": "Bajo", "index": "NMDI", "min_value": null, "max_value": null }, "geometry": { "type": "Polygon", "coordinates": [ [ [ -88.23203384444659, 13.843606971312392 ], [ -88.218559176821714, 13.843606971312393 ], [ -88.218559176821714, 13.816657636062658 ], [ -88.23203384444659, 13.816657636062667 ], [ -88.23203384444659, 13.843606971312392 ] ] ] } },
{ "type": "Feature", "properties": { "class_id": 2, "area_m2": 2170334.7288280292, "class_name": "Bajo", "index": "NMDI", "min_value": null, "max_value": null }, "geometry": { "type": "Polygon", "coordinates": [ [ [ -88.245508512071453, 13.910980309436724 ], [ -88.23203384444659, 13.910980309436722 ], [ -88.23203384444659, 13.897505641811851 ], [ -88.245508512071453, 13.897505641811852 ], [ -88.245508512071453, 13.910980309436724 ] ] ] } },
{ "type": "Feature", "properties": { "class_id": 2, "area_m2": 2169620.9076049593, "class_name": "Bajo", "index": "NMDI", "min_value": null, "max_value": null }, "geometry": { "type": "Polygon", "coordinates": [ [ [ -87.881692486200095, 13.924454977061584 ], [ -87.895167153824957, 13.924454977061579 ], [ -87.895167153824957, 13.937929644686454 ], [ -87.881692486200095, 13.93792964468645 ], [ -87.881692486200095, 13.924454977061584 ] ] ] } },
{ "type": "Feature", "properties": { "class_id": 2, "area_m2": 2169823.5039290497, "class_name": "Bajo", "index": "NMDI", "min_value": null, "max_value": null }, "geometry": { "type": "Polygon", "coordinates": [ [ [ -88.151185838697387, 13.951404312311311 ], [ -88.137711171072525, 13.951404312311315 ], [ -88.137711171072525, 13.937929644686447 ], [ -88.151185838697387, 13.937929644686445 ], [ -88.151185838697387, 13.951404312311311 ] ] ] } },
{ "type": "Feature", "properties": { "class_id": 2, "area_m2": 2169943.558668633, "class_name": "Bajo", "index": "NMDI", "min_value": null, "max_value": null }, "geometry": { "type": "Polygon", "coordinates": [ [ [ -88.23203384444659, 13.951404312311317 ], [ -88.218559176821714, 13.951404312311315 ], [ -88.218559176821714, 13.93792964468645 ], [ -88.23203384444659, 13.937929644686447 ], [ -88.23203384444659, 13.951404312311317 ] ] ] } },
{ "type": "Feature", "properties": { "class_id": 3, "area_m2": 26126293.550050005, "class_name": "Normal", "index": "NMDI", "min_value": null, "max_value": null }, "geometry": { "type": "Polygon", "coordinates": [ [ [ -89.768145953681227, 13.601062954064822 ], [ -89.768145953681227, 13.574113618815089 ], [ -89.781620621306104, 13.574113618815085 ], [ -89.781620621306104, 13.587588286439956 ], [ -89.795095288930952, 13.587588286439953 ], [ -89.795095288930952, 13.560638951190219 ], [ -89.808569956555814, 13.560638951190219 ], [ -89.808569956555814, 13.547164283565358 ], [ -89.822044624180691, 13.547164283565353 ], [ -89.822044624180691, 13.61453762168968 ], [ -89.795095288930952, 13.614537621689676 ], [ -89.795095288930952, 13.601062954064817 ], [ -89.768145953681227, 13.601062954064822 ] ] ] } },
{ "type": "Feature", "properties": { "class_id": 3, "area_m2": 2176829.0224669245, "class_name": "Normal", "index": "NMDI", "min_value": null, "max_value": null }, "geometry": { "type": "Polygon", "coordinates": [ [ [ -89.795095288930952, 13.628012289314546 ], [ -89.781620621306104, 13.628012289314553 ], [ -89.781620621306104, 13.61453762168968 ], [ -89.795095288930952, 13.614537621689676 ], [ -89.795095288930952, 13.628012289314546 ] ] ] } },
{ "type": "Feature", "properties": { "class_id": 3, "area_m2": 2176947.3055599155, "class_name": "Normal", "index": "NMDI", "min_value": null, "max_value": null }, "geometry": { "type": "Polygon", "coordinates": [ [ [ -89.862468627055279, 13.641486956939415 ], [ -89.848993959430416, 13.641486956939415 ], [ -89.848993959430416, 13.628012289314546 ], [ -89.862468627055279, 13.628012289314549 ], [ -89.862468627055279, 13.641486956939415 ] ] ] } },
{ "type": "Feature", "properties": { "class_id": 3, "area_m2": 2176201.1133738891, "class_name": "Normal", "index": "NMDI", "min_value": null, "max_value": null }, "geometry": { "type": "Polygon", "coordinates": [ [ [ -89.754671286056364, 13.681910959814006 ], [ -89.741196618431488, 13.681910959814006 ], [ -89.741196618431488, 13.66843629218914 ], [ -89.754671286056364, 13.668436292189146 ], [ -89.754671286056364, 13.681910959814006 ] ] ] } },
{ "type": "Feature", "properties": { "class_id": 3, "area_m2": 32645847.756021295, "class_name": "Normal", "index": "NMDI", "min_value": null, "max_value": null }, "geometry": { "type": "Polygon", "coordinates": [ [ [ -89.808569956555814, 13.72233496268861 ], [ -89.795095288930952, 13.722334962688606 ], [ -89.795095288930952, 13.70886029506374 ], [ -89.781620621306104, 13.708860295063744 ], [ -89.781620621306104, 13.641486956939413 ], [ -89.795095288930952, 13.641486956939415 ], [ -89.795095288930952, 13.628012289314546 ], [ -89.808569956555814, 13.628012289314542 ], [ -89.808569956555814, 13.641486956939412 ], [ -89.822044624180691, 13.641486956939415 ], [ -89.822044624180691, 13.654961624564278 ], [ -89.808569956555814, 13.654961624564276 ], [ -89.808569956555814, 13.68191095981401 ], [ -89.822044624180691, 13.681910959814006 ], [ -89.822044624180691, 13.708860295063737 ], [ -89.808569956555814, 13.70886029506374 ], [ -89.808569956555814, 13.72233496268861 ] ] ] } },
{ "type": "Feature", "properties": { "class_id": 3, "area_m2": 2176032.5782742277, "class_name": "Normal", "index": "NMDI", "min_value": null, "max_value": null }, "geometry": { "type": "Polygon", "coordinates": [ [ [ -89.741196618431488, 13.695385627438876 ], [ -89.727721950806625, 13.695385627438874 ], [ -89.727721950806625, 13.68191095981401 ], [ -89.741196618431488, 13.681910959814006 ], [ -89.741196618431488, 13.695385627438876 ] ] ] } },
{ "type": "Feature", "properties": { "class_id": 3, "area_m2": 2176289.261777652, "class_name": "Normal", "index": "NMDI", "min_value": null, "max_value": null }, "geometry": { "type": "Polygon", "coordinates": [ [ [ -89.848993959430416, 13.708860295063745 ], [ -89.835519291805554, 13.708860295063737 ], [ -89.835519291805554, 13.695385627438876 ], [ -89.848993959430416, 13.695385627438871 ], [ -89.848993959430416, 13.708860295063745 ] ] ] } },
{ "type": "Feature", "properties": { "class_id": 3, "area_m2": 2175573.5751711172, "class_name": "Normal", "index": "NMDI", "min_value": null, "max_value": null }, "geometry": { "type": "Polygon", "coordinates": [ [ [ -89.714247283181763, 13.73580963031347 ], [ -89.7007726155569, 13.735809630313469 ], [ -89.7007726155569, 13.722334962688603 ], [ -89.714247283181763, 13.722334962688603 ], [ -89.714247283181763, 13.73580963031347 ] ] ] } },
{ "type": "Feature", "properties": { "class_id": 3, "area_m2": 2175543.486869026, "class_name": "Normal", "index": "NMDI", "min_value": null, "max_value": null }, "geometry": { "type": "Polygon", "coordinates": [ [ [ -89.741196618431488, 13.749284297938337 ], [ -89.727721950806625, 13.749284297938335 ], [ -89.727721950806625, 13.735809630313467 ], [ -89.741196618431488, 13.735809630313469 ], [ -89.741196618431488, 13.749284297938337 ] ] ] } },
{ "type": "Feature", "properties": { "class_id": 3, "area_m2": 2176215.6715577221, "class_name": "Normal", "index": "NMDI", "min_value": null, "max_value": null }, "geometry": { "type": "Polygon", "coordinates": [ [ [ -89.929841965179605, 13.74928429793834 ], [ -89.916367297554743, 13.749284297938337 ], [ -89.916367297554743, 13.73580963031347 ], [ -89.929841965179605, 13.735809630313467 ], [ -89.929841965179605, 13.74928429793834 ] ] ] } },
{ "type": "Feature", "properties": { "class_id": 3, "area_m2": 2175467.4282770026, "class_name": "Normal", "index": "NMDI", "min_value": null, "max_value": null }, "geometry": { "type": "Polygon", "coordinates": [ [ [ -89.754671286056364, 13.762758965563195 ], [ -89.741196618431488, 13.762758965563197 ], [ -89.741196618431488, 13.749284297938337 ], [ -89.754671286056364, 13.749284297938329 ], [ -89.754671286056364, 13.762758965563195 ] ] ] } },
{ "type": "Feature", "properties": { "class_id": 3, "area_m2": 8703103.3890398536, "class_name": "Normal", "index": "NMDI", "min_value": null, "max_value": null }, "geometry": { "type": "Polygon", "coordinates": [ [ [ -89.835519291805554, 13.776233633188061 ], [ -89.822044624180691, 13.776233633188061 ], [ -89.822044624180691, 13.735809630313467 ], [ -89.835519291805554, 13.735809630313472 ], [ -89.835519291805554, 13.749284297938337 ], [ -89.848993959430416, 13.749284297938337 ], [ -89.848993959430416, 13.762758965563197 ], [ -89.835519291805554, 13.762758965563204 ], [ -89.835519291805554, 13.776233633188061 ] ] ] } },
{ "type": "Feature", "properties": { "class_id": 3, "area_m2": 17413430.255879421, "class_name": "Normal", "index": "NMDI", "min_value": null, "max_value": null }, "geometry": { "type": "Polygon", "coordinates": [ [ [ -90.091537976677984, 13.789708300812928 ], [ -90.078063309053121, 13.789708300812935 ], [ -90.078063309053121, 13.762758965563199 ], [ -90.064588641428259, 13.762758965563204 ], [ -90.064588641428259, 13.74928429793834 ], [ -90.051113973803396, 13.749284297938335 ], [ -90.051113973803396, 13.735809630313467 ], [ -90.064588641428259, 13.735809630313469 ], [ -90.064588641428259, 13.722334962688606 ], [ -90.078063309053121, 13.722334962688604 ], [ -90.078063309053121, 13.749284297938337 ], [ -90.091537976677984, 13.749284297938337 ], [ -90.091537976677984, 13.762758965563197 ], [ -90.10501264430286, 13.762758965563195 ], [ -90.10501264430286, 13.776233633188063 ], [ -90.091537976677984, 13.77623363318806 ], [ -90.091537976677984, 13.789708300812928 ] ] ] } },
{ "type": "Feature", "properties": { "class_id": 3, "area_m2": 2175315.5977195175, "class_name": "Normal", "index": "NMDI", "min_value": null, "max_value": null }, "geometry": { "type": "Polygon", "coordinates": [ [ [ -89.781620621306104, 13.789708300812931 ], [ -89.768145953681227, 13.789708300812929 ], [ -89.768145953681227, 13.77623363318807 ], [ -89.781620621306104, 13.776233633188069 ], [ -89.781620621306104, 13.789708300812931 ] ] ] } },
{ "type": "Feature", "properties": { "class_id": 3, "area_m2": 2176441.0363142882, "class_name": "Normal", "index": "NMDI", "min_value": null, "max_value": null }, "geometry": { "type": "Polygon", "coordinates": [ [ [ -90.118487311927723, 13.803182968437797 ], [ -90.10501264430286, 13.803182968437801 ], [ -90.10501264430286, 13.789708300812931 ], [ -90.118487311927723, 13.789708300812936 ], [ -90.118487311927723, 13.803182968437797 ] ] ] } },
{ "type": "Feature", "properties": { "class_id": 3, "area_m2": 21750564.77016845, "class_name": "Normal", "index": "NMDI", "min_value": null, "max_value": null }, "geometry": { "type": "Polygon", "coordinates": [ [ [ -89.727721950806625, 13.762758965563203 ], [ -89.741196618431488, 13.762758965563197 ], [ -89.741196618431488, 13.776233633188067 ], [ -89.754671286056364, 13.776233633188067 ], [ -89.754671286056364, 13.789708300812933 ], [ -89.768145953681227, 13.789708300812929 ], [ -89.768145953681227, 13.803182968437799 ], [ -89.754671286056364, 13.803182968437797 ], [ -89.754671286056364, 13.84360697131239 ], [ -89.741196618431488, 13.84360697131239 ], [ -89.741196618431488, 13.816657636062663 ], [ -89.727721950806625, 13.816657636062663 ], [ -89.727721950806625, 13.762758965563203 ] ] ] } },
{ "type": "Feature", "properties": { "class_id": 3, "area_m2": 41336718.266035229, "class_name": "Normal", "index": "NMDI", "min_value": null, "max_value": null }, "geometry": { "type": "Polygon", "coordinates": [ [ [ -89.997215303303932, 13.84360697131239 ], [ -89.970265968054207, 13.843606971312392 ], [ -89.970265968054207, 13.830132303687527 ], [ -89.943316632804468, 13.830132303687522 ], [ -89.943316632804468, 13.816657636062667 ], [ -89.889417962305018, 13.816657636062658 ], [ -89.889417962305018, 13.803182968437797 ], [ -89.862468627055279, 13.803182968437797 ], [ -89.862468627055279, 13.789708300812928 ], [ -89.929841965179605, 13.789708300812933 ], [ -89.929841965179605, 13.776233633188067 ], [ -89.943316632804468, 13.776233633188061 ], [ -89.943316632804468, 13.803182968437795 ], [ -89.983740635679069, 13.803182968437797 ], [ -89.983740635679069, 13.830132303687526 ], [ -89.997215303303932, 13.830132303687527 ], [ -89.997215303303932, 13.84360697131239 ] ] ] } },
{ "type": "Feature", "properties": { "class_id": 3, "area_m2": 2176212.607955147, "class_name": "Normal", "index": "NMDI", "min_value": null, "max_value": null }, "geometry": { "type": "Polygon", "coordinates": [ [ [ -90.091537976677984, 13.816657636062663 ], [ -90.078063309053121, 13.816657636062661 ], [ -90.078063309053121, 13.803182968437799 ], [ -90.091537976677984, 13.803182968437797 ], [ -90.091537976677984, 13.816657636062663 ] ] ] } },
{ "type": "Feature", "properties": { "class_id": 3, "area_m2": 2175304.9465609626, "class_name": "Normal", "index": "NMDI", "min_value": null, "max_value": null }, "geometry": { "type": "Polygon", "coordinates": [ [ [ -89.916367297554743, 13.843606971312392 ], [ -89.902892629929894, 13.843606971312388 ], [ -89.902892629929894, 13.83013230368752 ], [ -89.916367297554743, 13.830132303687526 ], [ -89.916367297554743, 13.843606971312392 ] ] ] } },
{ "type": "Feature", "properties": { "class_id": 3, "area_m2": 2174937.6879270263, "class_name": "Normal", "index": "NMDI", "min_value": null, "max_value": null }, "geometry": { "type": "Polygon", "coordinates": [ [ [ -89.848993959430416, 13.857081638937258 ], [ -89.835519291805554, 13.85708163893726 ], [ -89.835519291805554, 13.843606971312392 ], [ -89.848993959430416, 13.843606971312392 ], [ -89.848993959430416, 13.857081638937258 ] ] ] } },
{ "type": "Feature", "properties": { "class_id": 3, "area_m2": 15222411.921782384, "class_name": "Normal", "index": "NMDI", "min_value": null, "max_value": null }, "geometry": { "type": "Polygon", "coordinates": [ [ [ -89.822044624180691, 13.870556306562124 ], [ -89.835519291805554, 13.870556306562117 ], [ -89.835519291805554, 13.884030974186985 ], [ -89.795095288930952, 13.884030974186985 ], [ -89.795095288930952, 13.897505641811852 ], [ -89.781620621306104, 13.897505641811851 ], [ -89.781620621306104, 13.87055630656212 ], [ -89.808569956555814, 13.870556306562124 ], [ -89.808569956555814, 13.84360697131239 ], [ -89.822044624180691, 13.843606971312392 ], [ -89.822044624180691, 13.870556306562124 ] ] ] } },
{ "type": "Feature", "properties": { "class_id": 3, "area_m2": 4350142.3487024037, "class_name": "Normal", "index": "NMDI", "min_value": null, "max_value": null }, "geometry": { "type": "Polygon", "coordinates": [ [ [ -89.970265968054207, 13.897505641811856 ], [ -89.95679130042933, 13.897505641811859 ], [ -89.95679130042933, 13.870556306562124 ], [ -89.970265968054207, 13.87055630656212 ], [ -89.970265968054207, 13.897505641811856 ] ] ] } },
{ "type": "Feature", "properties": { "class_id": 3, "area_m2": 28271239.622878227, "class_name": "Normal", "index": "NMDI", "min_value": null, "max_value": null }, "geometry": { "type": "Polygon", "coordinates": [ [ [ -89.916367297554743, 13.897505641811851 ], [ -89.902892629929894, 13.897505641811854 ], [ -89.902892629929894, 13.924454977061583 ], [ -89.889417962305018, 13.924454977061584 ], [ -89.889417962305018, 13.884030974186985 ], [ -89.875943294680141, 13.884030974186983 ], [ -89.875943294680141, 13.897505641811854 ], [ -89.862468627055279, 13.897505641811854 ], [ -89.862468627055279, 13.910980309436724 ], [ -89.835519291805554, 13.91098030943672 ], [ -89.835519291805554, 13.897505641811851 ], [ -89.848993959430416, 13.897505641811854 ], [ -89.848993959430416, 13.884030974186986 ], [ -89.862468627055279, 13.884030974186986 ], [ -89.862468627055279, 13.870556306562118 ], [ -89.902892629929894, 13.87055630656212 ], [ -89.902892629929894, 13.857081638937261 ], [ -89.916367297554743, 13.857081638937263 ], [ -89.916367297554743, 13.897505641811851 ] ] ] } },
{ "type": "Feature", "properties": { "class_id": 3, "area_m2": 2175087.924998506, "class_name": "Normal", "index": "NMDI", "min_value": null, "max_value": null }, "geometry": { "type": "Polygon", "coordinates": [ [ [ -90.024164638553657, 13.91098030943672 ], [ -90.010689970928794, 13.91098030943672 ], [ -90.010689970928794, 13.897505641811854 ], [ -90.024164638553657, 13.897505641811851 ], [ -90.024164638553657, 13.91098030943672 ] ] ] } },
{ "type": "Feature", "properties": { "class_id": 3, "area_m2": 4349848.0430807173, "class_name": "Normal", "index": "NMDI", "min_value": null, "max_value": null }, "geometry": { "type": "Polygon", "coordinates": [ [ [ -89.997215303303932, 13.92445497706159 ], [ -89.983740635679069, 13.924454977061574 ], [ -89.983740635679069, 13.897505641811859 ], [ -89.997215303303932, 13.897505641811854 ], [ -89.997215303303932, 13.92445497706159 ] ] ] } },
{ "type": "Feature", "properties": { "class_id": 3, "area_m2": 63043942.916182406, "class_name": "Normal", "index": "NMDI", "min_value": null, "max_value": null }, "geometry": { "type": "Polygon", "coordinates": [ [ [ -89.687297947932038, 13.897505641811852 ], [ -89.660348612682313, 13.897505641811851 ], [ -89.660348612682313, 13.88403097418699 ], [ -89.7007726155569, 13.884030974186995 ], [ -89.7007726155569, 13.870556306562127 ], [ -89.714247283181763, 13.870556306562127 ], [ -89.714247283181763, 13.85708163893726 ], [ -89.741196618431488, 13.85708163893726 ], [ -89.741196618431488, 13.870556306562122 ], [ -89.768145953681227, 13.870556306562127 ], [ -89.768145953681227, 13.88403097418699 ], [ -89.727721950806625, 13.88403097418699 ], [ -89.727721950806625, 13.897505641811851 ], [ -89.741196618431488, 13.897505641811851 ], [ -89.741196618431488, 13.91098030943672 ], [ -89.727721950806625, 13.91098030943672 ], [ -89.727721950806625, 13.924454977061584 ], [ -89.741196618431488, 13.924454977061584 ], [ -89.741196618431488, 13.964878979936181 ], [ -89.727721950806625, 13.964878979936181 ], [ -89.727721950806625, 13.951404312311311 ], [ -89.714247283181763, 13.951404312311315 ], [ -89.714247283181763, 13.978353647561047 ], [ -89.7007726155569, 13.978353647561047 ], [ -89.7007726155569, 13.951404312311309 ], [ -89.673823280307161, 13.951404312311315 ], [ -89.673823280307161, 13.937929644686447 ], [ -89.687297947932038, 13.937929644686447 ], [ -89.687297947932038, 13.924454977061579 ], [ -89.7007726155569, 13.924454977061588 ], [ -89.7007726155569, 13.91098030943672 ], [ -89.687297947932038, 13.91098030943672 ], [ -89.687297947932038, 13.897505641811852 ] ], [ [ -89.714247283181763, 13.924454977061584 ], [ -89.714247283181763, 13.93792964468645 ], [ -89.727721950806625, 13.93792964468645 ], [ -89.727721950806625, 13.924454977061584 ], [ -89.714247283181763, 13.924454977061584 ] ] ] } },
{ "type": "Feature", "properties": { "class_id": 3, "area_m2": 2174033.9302736423, "class_name": "Normal", "index": "NMDI", "min_value": null, "max_value": null }, "geometry": { "type": "Polygon", "coordinates": [ [ [ -89.768145953681227, 13.924454977061584 ], [ -89.754671286056364, 13.924454977061583 ], [ -89.754671286056364, 13.91098030943672 ], [ -89.768145953681227, 13.91098030943672 ], [ -89.768145953681227, 13.924454977061584 ] ] ] } },
{ "type": "Feature", "properties": { "class_id": 3, "area_m2": 4348321.3761329204, "class_name": "Normal", "index": "NMDI", "min_value": null, "max_value": null }, "geometry": { "type": "Polygon", "coordinates": [ [ [ -89.822044624180691, 13.937929644686449 ], [ -89.808569956555814, 13.937929644686449 ], [ -89.808569956555814, 13.91098030943672 ], [ -89.822044624180691, 13.91098030943672 ], [ -89.822044624180691, 13.937929644686449 ] ] ] } },
{ "type": "Feature", "properties": { "class_id": 3, "area_m2": 4347960.4885517275, "class_name": "Normal", "index": "NMDI", "min_value": null, "max_value": null }, "geometry": { "type": "Polygon", "coordinates": [ [ [ -89.795095288930952, 13.937929644686443 ], [ -89.768145953681227, 13.937929644686443 ], [ -89.768145953681227, 13.924454977061584 ], [ -89.795095288930952, 13.924454977061584 ], [ -89.795095288930952, 13.937929644686443 ] ] ] } },
{ "type": "Feature", "properties": { "class_id": 3, "area_m2": 2173785.5689718132, "class_name": "Normal", "index": "NMDI", "min_value": null, "max_value": null }, "geometry": { "type": "Polygon", "coordinates": [ [ [ -89.768145953681227, 13.951404312311311 ], [ -89.754671286056364, 13.951404312311309 ], [ -89.754671286056364, 13.93792964468645 ], [ -89.768145953681227, 13.937929644686443 ], [ -89.768145953681227, 13.951404312311311 ] ] ] } },
{ "type": "Feature", "properties": { "class_id": 3, "area_m2": 2174264.4508977593, "class_name": "Normal", "index": "NMDI", "min_value": null, "max_value": null }, "geometry": { "type": "Polygon", "coordinates": [ [ [ -89.902892629929894, 13.951404312311309 ], [ -89.889417962305018, 13.951404312311315 ], [ -89.889417962305018, 13.93792964468645 ], [ -89.902892629929894, 13.937929644686447 ], [ -89.902892629929894, 13.951404312311309 ] ] ] } },
{ "type": "Feature", "properties": { "class_id": 3, "area_m2": 4349277.4619967481, "class_name": "Normal", "index": "NMDI", "min_value": null, "max_value": null }, "geometry": { "type": "Polygon", "coordinates": [ [ [ -90.010689970928794, 13.951404312311311 ], [ -89.983740635679069, 13.951404312311315 ], [ -89.983740635679069, 13.937929644686445 ], [ -90.010689970928794, 13.937929644686449 ], [ -90.010689970928794, 13.951404312311311 ] ] ] } },
{ "type": "Feature", "properties": { "class_id": 3, "area_m2": 4347729.2055586483, "class_name": "Normal", "index": "NMDI", "min_value": null, "max_value": null }, "geometry": { "type": "Polygon", "coordinates": [ [ [ -89.808569956555814, 13.964878979936183 ], [ -89.795095288930952, 13.964878979936181 ], [ -89.795095288930952, 13.937929644686443 ], [ -89.808569956555814, 13.937929644686449 ], [ -89.808569956555814, 13.964878979936183 ] ] ] } },
{ "type": "Feature", "properties": { "class_id": 3, "area_m2": 2173993.9604747267, "class_name": "Normal", "index": "NMDI", "min_value": null, "max_value": null }, "geometry": { "type": "Polygon", "coordinates": [ [ [ -89.862468627055279, 13.964878979936184 ], [ -89.848993959430416, 13.964878979936181 ], [ -89.848993959430416, 13.951404312311311 ], [ -89.862468627055279, 13.951404312311317 ], [ -89.862468627055279, 13.964878979936184 ] ] ] } },
{ "type": "Feature", "properties": { "class_id": 3, "area_m2": 2174438.3044410786, "class_name": "Normal", "index": "NMDI", "min_value": null, "max_value": null }, "geometry": { "type": "Polygon", "coordinates": [ [ [ -89.983740635679069, 13.964878979936181 ], [ -89.970265968054207, 13.964878979936183 ], [ -89.970265968054207, 13.951404312311309 ], [ -89.983740635679069, 13.951404312311315 ], [ -89.983740635679069, 13.964878979936181 ] ] ] } },
{ "type": "Feature", "properties": { "class_id": 3, "area_m2": 6522490.2538922373, "class_name": "Normal", "index": "NMDI", "min_value": null, "max_value": null }, "geometry": { "type": "Polygon", "coordinates": [ [ [ -89.943316632804468, 13.991828315185913 ], [ -89.929841965179605, 13.991828315185908 ], [ -89.929841965179605, 13.951404312311313 ], [ -89.943316632804468, 13.951404312311315 ], [ -89.943316632804468, 13.991828315185913 ] ] ] } },
{ "type": "Feature", "properties": { "class_id": 3, "area_m2": 8694118.4611875024, "class_name": "Normal", "index": "NMDI", "min_value": null, "max_value": null }, "geometry": { "type": "Polygon", "coordinates": [ [ [ -89.808569956555814, 14.00530298281077 ], [ -89.795095288930952, 14.00530298281077 ], [ -89.795095288930952, 13.991828315185913 ], [ -89.781620621306104, 13.991828315185908 ], [ -89.781620621306104, 13.964878979936181 ], [ -89.795095288930952, 13.964878979936181 ], [ -89.795095288930952, 13.978353647561043 ], [ -89.808569956555814, 13.97835364756104 ], [ -89.808569956555814, 14.00530298281077 ] ] ] } },
{ "type": "Feature", "properties": { "class_id": 3, "area_m2": 6520197.317182106, "class_name": "Normal", "index": "NMDI", "min_value": null, "max_value": null }, "geometry": { "type": "Polygon", "coordinates": [ [ [ -89.848993959430416, 14.018777650435641 ], [ -89.808569956555814, 14.018777650435641 ], [ -89.808569956555814, 14.00530298281077 ], [ -89.848993959430416, 14.00530298281077 ], [ -89.848993959430416, 14.018777650435641 ] ] ] } },
{ "type": "Feature", "properties": { "class_id": 3, "area_m2": 2173467.1572105559, "class_name": "Normal", "index": "NMDI", "min_value": null, "max_value": null }, "geometry": { "type": "Polygon", "coordinates": [ [ [ -89.889417962305018, 14.032252318060506 ], [ -89.875943294680141, 14.032252318060504 ], [ -89.875943294680141, 14.018777650435641 ], [ -89.889417962305018, 14.018777650435645 ], [ -89.889417962305018, 14.032252318060506 ] ] ] } },
{ "type": "Feature", "properties": { "class_id": 3, "area_m2": 4346060.1207275968, "class_name": "Normal", "index": "NMDI", "min_value": null, "max_value": null }, "geometry": { "type": "Polygon", "coordinates": [ [ [ -89.808569956555814, 14.045726985685372 ], [ -89.781620621306104, 14.04572698568537 ], [ -89.781620621306104, 14.032252318060502 ], [ -89.808569956555814, 14.032252318060506 ], [ -89.808569956555814, 14.045726985685372 ] ] ] } },
{ "type": "Feature", "properties": { "class_id": 3, "area_m2": 10866225.014755419, "class_name": "Normal", "index": "NMDI", "min_value": null, "max_value": null }, "geometry": { "type": "Polygon", "coordinates": [ [ [ -89.835519291805554, 14.032252318060507 ], [ -89.848993959430416, 14.032252318060506 ], [ -89.848993959430416, 14.018777650435641 ], [ -89.862468627055279, 14.018777650435641 ], [ -89.862468627055279, 14.032252318060504 ], [ -89.875943294680141, 14.032252318060504 ], [ -89.875943294680141, 14.045726985685366 ], [ -89.862468627055279, 14.045726985685372 ], [ -89.862468627055279, 14.059201653310234 ], [ -89.848993959430416, 14.059201653310234 ], [ -89.848993959430416, 14.045726985685372 ], [ -89.835519291805554, 14.045726985685366 ], [ -89.835519291805554, 14.032252318060507 ] ] ] } },
{ "type": "Feature", "properties": { "class_id": 3, "area_m2": 8690434.2916687485, "class_name": "Normal", "index": "NMDI", "min_value": null, "max_value": null }, "geometry": { "type": "Polygon", "coordinates": [ [ [ -89.727721950806625, 14.045726985685366 ], [ -89.741196618431488, 14.045726985685366 ], [ -89.741196618431488, 14.072676320935102 ], [ -89.7007726155569, 14.072676320935102 ], [ -89.7007726155569, 14.059201653310234 ], [ -89.727721950806625, 14.059201653310234 ], [ -89.727721950806625, 14.045726985685366 ] ] ] } },
{ "type": "Feature", "properties": { "class_id": 3, "area_m2": 4344418.7292830413, "class_name": "Normal", "index": "NMDI", "min_value": null, "max_value": null }, "geometry": { "type": "Polygon", "coordinates": [ [ [ -89.727721950806625, 14.113100323809698 ], [ -89.714247283181763, 14.113100323809698 ], [ -89.714247283181763, 14.086150988559968 ], [ -89.727721950806625, 14.086150988559965 ], [ -89.727721950806625, 14.113100323809698 ] ] ] } },
{ "type": "Feature", "properties": { "class_id": 3, "area_m2": 4353900.5970623, "class_name": "Normal", "index": "NMDI", "min_value": null, "max_value": null }, "geometry": { "type": "Polygon", "coordinates": [ [ [ -89.512127268808783, 13.506740280690757 ], [ -89.485177933559058, 13.506740280690755 ], [ -89.485177933559058, 13.493265613065899 ], [ -89.512127268808783, 13.493265613065899 ], [ -89.512127268808783, 13.506740280690757 ] ] ] } },
{ "type": "Feature", "properties": { "class_id": 3, "area_m2": 2177155.2026203317, "class_name": "Normal", "index": "NMDI", "min_value": null, "max_value": null }, "geometry": { "type": "Polygon", "coordinates": [ [ [ -89.606449942182834, 13.520214948315623 ], [ -89.592975274557972, 13.520214948315623 ], [ -89.592975274557972, 13.506740280690762 ], [ -89.606449942182834, 13.506740280690757 ], [ -89.606449942182834, 13.520214948315623 ] ] ] } },
{ "type": "Feature", "properties": { "class_id": 3, "area_m2": 69643519.499928668, "class_name": "Normal", "index": "NMDI", "min_value": null, "max_value": null }, "geometry": { "type": "Polygon", "coordinates": [ [ [ -89.458228598309319, 13.520214948315628 ], [ -89.417804595434731, 13.520214948315623 ], [ -89.417804595434731, 13.533689615940492 ], [ -89.404329927809869, 13.533689615940492 ], [ -89.404329927809869, 13.520214948315628 ], [ -89.390855260184992, 13.520214948315623 ], [ -89.390855260184992, 13.547164283565358 ], [ -89.363905924935267, 13.547164283565349 ], [ -89.363905924935267, 13.560638951190215 ], [ -89.336956589685542, 13.560638951190221 ], [ -89.336956589685542, 13.547164283565358 ], [ -89.310007254435803, 13.547164283565358 ], [ -89.310007254435803, 13.533689615940494 ], [ -89.336956589685542, 13.533689615940492 ], [ -89.336956589685542, 13.506740280690758 ], [ -89.350431257310419, 13.506740280690762 ], [ -89.350431257310419, 13.493265613065899 ], [ -89.323481922060665, 13.493265613065898 ], [ -89.323481922060665, 13.479790945441032 ], [ -89.363905924935267, 13.479790945441032 ], [ -89.363905924935267, 13.493265613065901 ], [ -89.444753930684456, 13.493265613065898 ], [ -89.444753930684456, 13.506740280690757 ], [ -89.458228598309319, 13.506740280690762 ], [ -89.458228598309319, 13.520214948315628 ] ] ] } },
{ "type": "Feature", "properties": { "class_id": 3, "area_m2": 13055973.475493437, "class_name": "Normal", "index": "NMDI", "min_value": null, "max_value": null }, "geometry": { "type": "Polygon", "coordinates": [ [ [ -89.417804595434731, 13.587588286439953 ], [ -89.377380592560129, 13.587588286439953 ], [ -89.377380592560129, 13.574113618815085 ], [ -89.390855260184992, 13.574113618815089 ], [ -89.390855260184992, 13.560638951190219 ], [ -89.431279263059594, 13.560638951190219 ], [ -89.431279263059594, 13.574113618815083 ], [ -89.417804595434731, 13.574113618815089 ], [ -89.417804595434731, 13.587588286439953 ] ] ] } },
{ "type": "Feature", "properties": { "class_id": 3, "area_m2": 2176309.3551467033, "class_name": "Normal", "index": "NMDI", "min_value": null, "max_value": null }, "geometry": { "type": "Polygon", "coordinates": [ [ [ -89.592975274557972, 13.614537621689685 ], [ -89.592975274557972, 13.601062954064815 ], [ -89.606449942182834, 13.601062954064819 ], [ -89.606449942182834, 13.614537621689685 ], [ -89.592975274557972, 13.614537621689685 ] ] ] } },
{ "type": "Feature", "properties": { "class_id": 3, "area_m2": 4352244.2017157171, "class_name": "Normal", "index": "NMDI", "min_value": null, "max_value": null }, "geometry": { "type": "Polygon", "coordinates": [ [ [ -89.592975274557972, 13.614537621689685 ], [ -89.592975274557972, 13.628012289314547 ], [ -89.566025939308247, 13.628012289314555 ], [ -89.566025939308247, 13.614537621689683 ], [ -89.592975274557972, 13.614537621689685 ] ] ] } },
{ "type": "Feature", "properties": { "class_id": 3, "area_m2": 8701002.3171630055, "class_name": "Normal", "index": "NMDI", "min_value": null, "max_value": null }, "geometry": { "type": "Polygon", "coordinates": [ [ [ -89.336956589685542, 13.641486956939412 ], [ -89.310007254435803, 13.641486956939412 ], [ -89.310007254435803, 13.628012289314547 ], [ -89.29653258681094, 13.628012289314546 ], [ -89.29653258681094, 13.614537621689681 ], [ -89.323481922060665, 13.614537621689685 ], [ -89.323481922060665, 13.628012289314549 ], [ -89.336956589685542, 13.628012289314549 ], [ -89.336956589685542, 13.641486956939412 ] ] ] } },
{ "type": "Feature", "properties": { "class_id": 3, "area_m2": 23930722.008468296, "class_name": "Normal", "index": "NMDI", "min_value": null, "max_value": null }, "geometry": { "type": "Polygon", "coordinates": [ [ [ -89.417804595434731, 13.628012289314546 ], [ -89.431279263059594, 13.628012289314549 ], [ -89.431279263059594, 13.65496162456428 ], [ -89.417804595434731, 13.654961624564283 ], [ -89.417804595434731, 13.641486956939413 ], [ -89.404329927809869, 13.641486956939415 ], [ -89.404329927809869, 13.628012289314546 ], [ -89.390855260184992, 13.628012289314549 ], [ -89.390855260184992, 13.641486956939413 ], [ -89.377380592560129, 13.641486956939412 ], [ -89.377380592560129, 13.628012289314546 ], [ -89.363905924935267, 13.628012289314547 ], [ -89.363905924935267, 13.614537621689685 ], [ -89.390855260184992, 13.614537621689685 ], [ -89.390855260184992, 13.601062954064819 ], [ -89.431279263059594, 13.601062954064819 ], [ -89.431279263059594, 13.614537621689683 ], [ -89.417804595434731, 13.614537621689681 ], [ -89.417804595434731, 13.628012289314546 ] ] ] } },
{ "type": "Feature", "properties": { "class_id": 3, "area_m2": 10878191.727236945, "class_name": "Normal", "index": "NMDI", "min_value": null, "max_value": null }, "geometry": { "type": "Polygon", "coordinates": [ [ [ -89.431279263059594, 13.614537621689683 ], [ -89.471703265934181, 13.61453762168968 ], [ -89.471703265934181, 13.641486956939417 ], [ -89.444753930684456, 13.641486956939413 ], [ -89.444753930684456, 13.628012289314544 ], [ -89.431279263059594, 13.628012289314549 ], [ -89.431279263059594, 13.614537621689683 ] ] ] } },
{ "type": "Feature", "properties": { "class_id": 3, "area_m2": 2175805.7707568961, "class_name": "Normal", "index": "NMDI", "min_value": null, "max_value": null }, "geometry": { "type": "Polygon", "coordinates": [ [ [ -89.525601936433645, 13.641486956939413 ], [ -89.512127268808783, 13.641486956939413 ], [ -89.512127268808783, 13.628012289314546 ], [ -89.525601936433645, 13.628012289314551 ], [ -89.525601936433645, 13.641486956939413 ] ] ] } },
{ "type": "Feature", "properties": { "class_id": 3, "area_m2": 32636342.393550042, "class_name": "Normal", "index": "NMDI", "min_value": null, "max_value": null }, "geometry": { "type": "Polygon", "coordinates": [ [ [ -89.539076604058522, 13.628012289314551 ], [ -89.566025939308247, 13.628012289314555 ], [ -89.566025939308247, 13.641486956939415 ], [ -89.592975274557972, 13.641486956939413 ], [ -89.592975274557972, 13.681910959814013 ], [ -89.552551271683384, 13.681910959814008 ], [ -89.552551271683384, 13.66843629218914 ], [ -89.525601936433645, 13.668436292189138 ], [ -89.525601936433645, 13.641486956939413 ], [ -89.539076604058522, 13.641486956939413 ], [ -89.539076604058522, 13.628012289314551 ] ] ] } },
{ "type": "Feature", "properties": { "class_id": 3, "area_m2": 6524699.2142740823, "class_name": "Normal", "index": "NMDI", "min_value": null, "max_value": null }, "geometry": { "type": "Polygon", "coordinates": [ [ [ -89.363905924935267, 13.681910959814013 ], [ -89.377380592560129, 13.681910959814008 ], [ -89.377380592560129, 13.695385627438879 ], [ -89.350431257310419, 13.695385627438874 ], [ -89.350431257310419, 13.668436292189138 ], [ -89.363905924935267, 13.668436292189137 ], [ -89.363905924935267, 13.681910959814013 ] ] ] } },
{ "type": "Feature", "properties": { "class_id": 3, "area_m2": 2175108.1549221114, "class_name": "Normal", "index": "NMDI", "min_value": null, "max_value": null }, "geometry": { "type": "Polygon", "coordinates": [ [ [ -89.458228598309319, 13.695385627438879 ], [ -89.444753930684456, 13.695385627438876 ], [ -89.444753930684456, 13.681910959814006 ], [ -89.458228598309319, 13.68191095981401 ], [ -89.458228598309319, 13.695385627438879 ] ] ] } },
{ "type": "Feature", "properties": { "class_id": 3, "area_m2": 6524094.5387313031, "class_name": "Normal", "index": "NMDI", "min_value": null, "max_value": null }, "geometry": { "type": "Polygon", "coordinates": [ [ [ -89.336956589685542, 13.695385627438874 ], [ -89.350431257310419, 13.695385627438874 ], [ -89.350431257310419, 13.708860295063737 ], [ -89.323481922060665, 13.70886029506374 ], [ -89.323481922060665, 13.681910959814012 ], [ -89.336956589685542, 13.68191095981401 ], [ -89.336956589685542, 13.695385627438874 ] ] ] } },
{ "type": "Feature", "properties": { "class_id": 3, "area_m2": 2174781.0907335728, "class_name": "Normal", "index": "NMDI", "min_value": null, "max_value": null }, "geometry": { "type": "Polygon", "coordinates": [ [ [ -89.377380592560129, 13.708860295063744 ], [ -89.377380592560129, 13.695385627438879 ], [ -89.390855260184992, 13.695385627438879 ], [ -89.390855260184992, 13.70886029506374 ], [ -89.377380592560129, 13.708860295063744 ] ] ] } },
{ "type": "Feature", "properties": { "class_id": 3, "area_m2": 2174618.7413687394, "class_name": "Normal", "index": "NMDI", "min_value": null, "max_value": null }, "geometry": { "type": "Polygon", "coordinates": [ [ [ -89.377380592560129, 13.708860295063744 ], [ -89.377380592560129, 13.722334962688604 ], [ -89.363905924935267, 13.722334962688606 ], [ -89.363905924935267, 13.708860295063744 ], [ -89.377380592560129, 13.708860295063744 ] ] ] } },
{ "type": "Feature", "properties": { "class_id": 3, "area_m2": 6522883.6859398438, "class_name": "Normal", "index": "NMDI", "min_value": null, "max_value": null }, "geometry": { "type": "Polygon", "coordinates": [ [ [ -89.363905924935267, 13.749284297938335 ], [ -89.323481922060665, 13.749284297938338 ], [ -89.323481922060665, 13.735809630313472 ], [ -89.363905924935267, 13.735809630313467 ], [ -89.363905924935267, 13.749284297938335 ] ] ] } },
{ "type": "Feature", "properties": { "class_id": 3, "area_m2": 8696437.6610442717, "class_name": "Normal", "index": "NMDI", "min_value": null, "max_value": null }, "geometry": { "type": "Polygon", "coordinates": [ [ [ -89.363905924935267, 13.749284297938335 ], [ -89.377380592560129, 13.749284297938337 ], [ -89.377380592560129, 13.776233633188065 ], [ -89.363905924935267, 13.776233633188061 ], [ -89.363905924935267, 13.789708300812928 ], [ -89.350431257310419, 13.789708300812933 ], [ -89.350431257310419, 13.762758965563199 ], [ -89.363905924935267, 13.762758965563195 ], [ -89.363905924935267, 13.749284297938335 ] ] ] } },
{ "type": "Feature", "properties": { "class_id": 3, "area_m2": 2173725.3259861679, "class_name": "Normal", "index": "NMDI", "min_value": null, "max_value": null }, "geometry": { "type": "Polygon", "coordinates": [ [ [ -89.323481922060665, 13.803182968437797 ], [ -89.310007254435803, 13.803182968437797 ], [ -89.310007254435803, 13.789708300812931 ], [ -89.323481922060665, 13.789708300812933 ], [ -89.323481922060665, 13.803182968437797 ] ] ] } },
{ "type": "Feature", "properties": { "class_id": 3, "area_m2": 2174421.6451485329, "class_name": "Normal", "index": "NMDI", "min_value": null, "max_value": null }, "geometry": { "type": "Polygon", "coordinates": [ [ [ -89.7007726155569, 13.857081638937261 ], [ -89.687297947932038, 13.85708163893726 ], [ -89.687297947932038, 13.84360697131239 ], [ -89.7007726155569, 13.843606971312393 ], [ -89.7007726155569, 13.857081638937261 ] ] ] } },
{ "type": "Feature", "properties": { "class_id": 3, "area_m2": 6521981.1781547703, "class_name": "Normal", "index": "NMDI", "min_value": null, "max_value": null }, "geometry": { "type": "Polygon", "coordinates": [ [ [ -89.646873945057436, 13.897505641811851 ], [ -89.633399277432574, 13.897505641811854 ], [ -89.633399277432574, 13.857081638937256 ], [ -89.646873945057436, 13.857081638937258 ], [ -89.646873945057436, 13.897505641811851 ] ] ] } },
{ "type": "Feature", "properties": { "class_id": 3, "area_m2": 2173543.155441009, "class_name": "Normal", "index": "NMDI", "min_value": null, "max_value": null }, "geometry": { "type": "Polygon", "coordinates": [ [ [ -89.660348612682313, 13.937929644686449 ], [ -89.646873945057436, 13.93792964468645 ], [ -89.646873945057436, 13.924454977061584 ], [ -89.660348612682313, 13.924454977061583 ], [ -89.660348612682313, 13.937929644686449 ] ] ] } },
{ "type": "Feature", "properties": { "class_id": 3, "area_m2": 19560026.186817281, "class_name": "Normal", "index": "NMDI", "min_value": null, "max_value": null }, "geometry": { "type": "Polygon", "coordinates": [ [ [ -89.579500606933109, 13.93792964468645 ], [ -89.606449942182834, 13.937929644686454 ], [ -89.606449942182834, 13.951404312311315 ], [ -89.619924609807711, 13.951404312311315 ], [ -89.619924609807711, 13.910980309436722 ], [ -89.646873945057436, 13.910980309436724 ], [ -89.646873945057436, 13.924454977061584 ], [ -89.633399277432574, 13.924454977061584 ], [ -89.633399277432574, 13.964878979936181 ], [ -89.592975274557972, 13.964878979936181 ], [ -89.592975274557972, 13.951404312311315 ], [ -89.579500606933109, 13.951404312311313 ], [ -89.579500606933109, 13.93792964468645 ] ] ] } },
{ "type": "Feature", "properties": { "class_id": 3, "area_m2": 2173339.6992955832, "class_name": "Normal", "index": "NMDI", "min_value": null, "max_value": null }, "geometry": { "type": "Polygon", "coordinates": [ [ [ -89.673823280307161, 13.964878979936181 ], [ -89.660348612682313, 13.964878979936181 ], [ -89.660348612682313, 13.951404312311309 ], [ -89.673823280307161, 13.951404312311315 ], [ -89.673823280307161, 13.964878979936181 ] ] ] } },
{ "type": "Feature", "properties": { "class_id": 3, "area_m2": 6519005.1652974235, "class_name": "Normal", "index": "NMDI", "min_value": null, "max_value": null }, "geometry": { "type": "Polygon", "coordinates": [ [ [ -89.660348612682313, 13.991828315185911 ], [ -89.673823280307161, 13.991828315185911 ], [ -89.673823280307161, 14.005302982810775 ], [ -89.646873945057436, 14.005302982810772 ], [ -89.646873945057436, 13.978353647561047 ], [ -89.660348612682313, 13.978353647561041 ], [ -89.660348612682313, 13.991828315185911 ] ] ] } },
{ "type": "Feature", "properties": { "class_id": 3, "area_m2": 8688229.9077665936, "class_name": "Normal", "index": "NMDI", "min_value": null, "max_value": null }, "geometry": { "type": "Polygon", "coordinates": [ [ [ -89.458228598309319, 14.032252318060507 ], [ -89.444753930684456, 14.032252318060502 ], [ -89.444753930684456, 14.018777650435641 ], [ -89.431279263059594, 14.018777650435641 ], [ -89.431279263059594, 14.005302982810772 ], [ -89.471703265934181, 14.00530298281077 ], [ -89.471703265934181, 14.018777650435641 ], [ -89.458228598309319, 14.018777650435641 ], [ -89.458228598309319, 14.032252318060507 ] ] ] } },
{ "type": "Feature", "properties": { "class_id": 3, "area_m2": 21726403.132560495, "class_name": "Normal", "index": "NMDI", "min_value": null, "max_value": null }, "geometry": { "type": "Polygon", "coordinates": [ [ [ -89.619924609807711, 14.005302982810772 ], [ -89.646873945057436, 14.005302982810772 ], [ -89.646873945057436, 14.018777650435641 ], [ -89.673823280307161, 14.018777650435641 ], [ -89.673823280307161, 14.045726985685366 ], [ -89.633399277432574, 14.045726985685368 ], [ -89.633399277432574, 14.032252318060507 ], [ -89.606449942182834, 14.032252318060507 ], [ -89.606449942182834, 14.018777650435641 ], [ -89.619924609807711, 14.018777650435641 ], [ -89.619924609807711, 14.005302982810772 ] ] ] } },
{ "type": "Feature", "properties": { "class_id": 3, "area_m2": 2172109.3735926491, "class_name": "Normal", "index": "NMDI", "min_value": null, "max_value": null }, "geometry": { "type": "Polygon", "coordinates": [ [ [ -89.525601936433645, 14.045726985685366 ], [ -89.512127268808783, 14.045726985685372 ], [ -89.512127268808783, 14.032252318060511 ], [ -89.525601936433645, 14.032252318060502 ], [ -89.525601936433645, 14.045726985685366 ] ] ] } },
{ "type": "Feature", "properties": { "class_id": 3, "area_m2": 4343590.4007236026, "class_name": "Normal", "index": "NMDI", "min_value": null, "max_value": null }, "geometry": { "type": "Polygon", "coordinates": [ [ [ -89.471703265934181, 14.059201653310234 ], [ -89.444753930684456, 14.059201653310234 ], [ -89.444753930684456, 14.045726985685368 ], [ -89.471703265934181, 14.045726985685366 ], [ -89.471703265934181, 14.059201653310234 ] ] ] } },
{ "type": "Feature", "properties": { "class_id": 3, "area_m2": 2172511.4672402088, "class_name": "Normal", "index": "NMDI", "min_value": null, "max_value": null }, "geometry": { "type": "Polygon", "coordinates": [ [ [ -89.687297947932038, 14.059201653310238 ], [ -89.673823280307161, 14.059201653310234 ], [ -89.673823280307161, 14.045726985685366 ], [ -89.687297947932038, 14.045726985685372 ], [ -89.687297947932038, 14.059201653310238 ] ] ] } },
{ "type": "Feature", "properties": { "class_id": 3, "area_m2": 2171956.0704808366, "class_name": "Normal", "index": "NMDI", "min_value": null, "max_value": null }, "geometry": { "type": "Polygon", "coordinates": [ [ [ -89.633399277432574, 14.099625656184836 ], [ -89.619924609807711, 14.099625656184839 ], [ -89.619924609807711, 14.086150988559966 ], [ -89.633399277432574, 14.086150988559966 ], [ -89.633399277432574, 14.099625656184836 ] ] ] } },
{ "type": "Feature", "properties": { "class_id": 3, "area_m2": 2172090.1864866498, "class_name": "Normal", "index": "NMDI", "min_value": null, "max_value": null }, "geometry": { "type": "Polygon", "coordinates": [ [ [ -89.673823280307161, 14.099625656184834 ], [ -89.660348612682313, 14.099625656184834 ], [ -89.660348612682313, 14.086150988559968 ], [ -89.673823280307161, 14.086150988559966 ], [ -89.673823280307161, 14.099625656184834 ] ] ] } },
{ "type": "Feature", "properties": { "class_id": 3, "area_m2": 2172009.7406275785, "class_name": "Normal", "index": "NMDI", "min_value": null, "max_value": null }, "geometry": { "type": "Polygon", "coordinates": [ [ [ -89.687297947932038, 14.1131003238097 ], [ -89.673823280307161, 14.113100323809698 ], [ -89.673823280307161, 14.099625656184834 ], [ -89.687297947932038, 14.099625656184829 ], [ -89.687297947932038, 14.1131003238097 ] ] ] } },
{ "type": "Feature", "properties": { "class_id": 3, "area_m2": 4343713.5481385011, "class_name": "Normal", "index": "NMDI", "min_value": null, "max_value": null }, "geometry": { "type": "Polygon", "coordinates": [ [ [ -89.660348612682313, 14.126574991434564 ], [ -89.646873945057436, 14.126574991434564 ], [ -89.646873945057436, 14.099625656184831 ], [ -89.660348612682313, 14.099625656184834 ], [ -89.660348612682313, 14.126574991434564 ] ] ] } },
{ "type": "Feature", "properties": { "class_id": 3, "area_m2": 2171572.787788027, "class_name": "Normal", "index": "NMDI", "min_value": null, "max_value": null }, "geometry": { "type": "Polygon", "coordinates": [ [ [ -89.592975274557972, 14.126574991434564 ], [ -89.579500606933109, 14.126574991434564 ], [ -89.579500606933109, 14.113100323809698 ], [ -89.592975274557972, 14.113100323809695 ], [ -89.592975274557972, 14.126574991434564 ] ] ] } },
{ "type": "Feature", "properties": { "class_id": 3, "area_m2": 4343824.0666182768, "class_name": "Normal", "index": "NMDI", "min_value": null, "max_value": null }, "geometry": { "type": "Polygon", "coordinates": [ [ [ -89.714247283181763, 14.140049659059429 ], [ -89.7007726155569, 14.140049659059429 ], [ -89.7007726155569, 14.113100323809698 ], [ -89.714247283181763, 14.113100323809698 ], [ -89.714247283181763, 14.140049659059429 ] ] ] } },
{ "type": "Feature", "properties": { "class_id": 3, "area_m2": 8686158.9495212063, "class_name": "Normal", "index": "NMDI", "min_value": null, "max_value": null }, "geometry": { "type": "Polygon", "coordinates": [ [ [ -89.687297947932038, 14.166998994309159 ], [ -89.673823280307161, 14.166998994309155 ], [ -89.673823280307161, 14.153524326684289 ], [ -89.660348612682313, 14.153524326684295 ], [ -89.660348612682313, 14.140049659059429 ], [ -89.7007726155569, 14.140049659059429 ], [ -89.7007726155569, 14.153524326684296 ], [ -89.687297947932038, 14.153524326684289 ], [ -89.687297947932038, 14.166998994309159 ] ] ] } },
{ "type": "Feature", "properties": { "class_id": 3, "area_m2": 4340063.0963579956, "class_name": "Normal", "index": "NMDI", "min_value": null, "max_value": null }, "geometry": { "type": "Polygon", "coordinates": [ [ [ -89.552551271683384, 14.274796335308078 ], [ -89.525601936433645, 14.274796335308082 ], [ -89.525601936433645, 14.261321667683216 ], [ -89.552551271683384, 14.261321667683214 ], [ -89.552551271683384, 14.274796335308078 ] ] ] } },
{ "type": "Feature", "properties": { "class_id": 3, "area_m2": 2169220.7499320521, "class_name": "Normal", "index": "NMDI", "min_value": null, "max_value": null }, "geometry": { "type": "Polygon", "coordinates": [ [ [ -89.363905924935267, 14.301745670557807 ], [ -89.350431257310419, 14.301745670557812 ], [ -89.350431257310419, 14.288271002932946 ], [ -89.363905924935267, 14.288271002932941 ], [ -89.363905924935267, 14.301745670557807 ] ] ] } },
{ "type": "Feature", "properties": { "class_id": 3, "area_m2": 2168831.2491527731, "class_name": "Normal", "index": "NMDI", "min_value": null, "max_value": null }, "geometry": { "type": "Polygon", "coordinates": [ [ [ -89.404329927809869, 14.355644341057275 ], [ -89.390855260184992, 14.355644341057268 ], [ -89.390855260184992, 14.342169673432409 ], [ -89.404329927809869, 14.342169673432409 ], [ -89.404329927809869, 14.355644341057275 ] ] ] } },
{ "type": "Feature", "properties": { "class_id": 3, "area_m2": 21687778.293911487, "class_name": "Normal", "index": "NMDI", "min_value": null, "max_value": null }, "geometry": { "type": "Polygon", "coordinates": [ [ [ -89.458228598309319, 14.382593676306991 ], [ -89.471703265934181, 14.382593676307003 ], [ -89.471703265934181, 14.355644341057275 ], [ -89.431279263059594, 14.355644341057275 ], [ -89.431279263059594, 14.342169673432409 ], [ -89.485177933559058, 14.342169673432409 ], [ -89.485177933559058, 14.396068343931868 ], [ -89.471703265934181, 14.396068343931857 ], [ -89.471703265934181, 14.409543011556734 ], [ -89.444753930684456, 14.40954301155673 ], [ -89.444753930684456, 14.396068343931869 ], [ -89.458228598309319, 14.396068343931864 ], [ -89.458228598309319, 14.382593676306991 ] ] ] } },
{ "type": "Feature", "properties": { "class_id": 3, "area_m2": 10844071.851691401, "class_name": "Normal", "index": "NMDI", "min_value": null, "max_value": null }, "geometry": { "type": "Polygon", "coordinates": [ [ [ -89.525601936433645, 14.396068343931864 ], [ -89.512127268808783, 14.396068343931869 ], [ -89.512127268808783, 14.409543011556734 ], [ -89.49865260118392, 14.409543011556726 ], [ -89.49865260118392, 14.369119008682141 ], [ -89.525601936433645, 14.369119008682141 ], [ -89.525601936433645, 14.396068343931864 ] ] ] } },
{ "type": "Feature", "properties": { "class_id": 3, "area_m2": 4336504.7721083146, "class_name": "Normal", "index": "NMDI", "min_value": null, "max_value": null }, "geometry": { "type": "Polygon", "coordinates": [ [ [ -89.431279263059594, 14.4230176791816 ], [ -89.404329927809869, 14.4230176791816 ], [ -89.404329927809869, 14.409543011556734 ], [ -89.431279263059594, 14.409543011556739 ], [ -89.431279263059594, 14.4230176791816 ] ] ] } },
{ "type": "Feature", "properties": { "class_id": 3, "area_m2": 2176669.6493116166, "class_name": "Normal", "index": "NMDI", "min_value": null, "max_value": null }, "geometry": { "type": "Polygon", "coordinates": [ [ [ -89.121361907687685, 13.412417607316703 ], [ -89.107887240062837, 13.412417607316705 ], [ -89.107887240062837, 13.398942939691841 ], [ -89.121361907687685, 13.398942939691834 ], [ -89.121361907687685, 13.412417607316703 ] ] ] } },
{ "type": "Feature", "properties": { "class_id": 3, "area_m2": 2176622.7993315952, "class_name": "Normal", "index": "NMDI", "min_value": null, "max_value": null }, "geometry": { "type": "Polygon", "coordinates": [ [ [ -89.148311242937424, 13.425892274941569 ], [ -89.134836575312562, 13.425892274941569 ], [ -89.134836575312562, 13.412417607316701 ], [ -89.148311242937424, 13.412417607316707 ], [ -89.148311242937424, 13.425892274941569 ] ] ] } },
{ "type": "Feature", "properties": { "class_id": 3, "area_m2": 8705920.9932789393, "class_name": "Normal", "index": "NMDI", "min_value": null, "max_value": null }, "geometry": { "type": "Polygon", "coordinates": [ [ [ -89.148311242937424, 13.425892274941569 ], [ -89.175260578187149, 13.425892274941569 ], [ -89.175260578187149, 13.439366942566432 ], [ -89.161785910562287, 13.439366942566433 ], [ -89.161785910562287, 13.452841610191301 ], [ -89.134836575312562, 13.452841610191301 ], [ -89.134836575312562, 13.43936694256643 ], [ -89.148311242937424, 13.439366942566435 ], [ -89.148311242937424, 13.425892274941569 ] ] ] } },
{ "type": "Feature", "properties": { "class_id": 3, "area_m2": 2176169.3462655307, "class_name": "Normal", "index": "NMDI", "min_value": null, "max_value": null }, "geometry": { "type": "Polygon", "coordinates": [ [ [ -89.067463237188235, 13.452841610191301 ], [ -89.053988569563359, 13.452841610191301 ], [ -89.053988569563359, 13.439366942566432 ], [ -89.067463237188235, 13.439366942566433 ], [ -89.067463237188235, 13.452841610191301 ] ] ] } },
{ "type": "Feature", "properties": { "class_id": 3, "area_m2": 2176494.1889085937, "class_name": "Normal", "index": "NMDI", "min_value": null, "max_value": null }, "geometry": { "type": "Polygon", "coordinates": [ [ [ -89.188735245812012, 13.452841610191301 ], [ -89.175260578187149, 13.452841610191301 ], [ -89.175260578187149, 13.439366942566432 ], [ -89.188735245812012, 13.439366942566433 ], [ -89.188735245812012, 13.452841610191301 ] ] ] } },
{ "type": "Feature", "properties": { "class_id": 3, "area_m2": 15233376.566276155, "class_name": "Normal", "index": "NMDI", "min_value": null, "max_value": null }, "geometry": { "type": "Polygon", "coordinates": [ [ [ -89.134836575312562, 13.493265613065899 ], [ -89.121361907687685, 13.493265613065899 ], [ -89.121361907687685, 13.479790945441035 ], [ -89.107887240062837, 13.47979094544103 ], [ -89.107887240062837, 13.425892274941569 ], [ -89.121361907687685, 13.425892274941571 ], [ -89.121361907687685, 13.452841610191305 ], [ -89.134836575312562, 13.452841610191301 ], [ -89.134836575312562, 13.493265613065899 ] ] ] } },
{ "type": "Feature", "properties": { "class_id": 3, "area_m2": 2176486.9156538062, "class_name": "Normal", "index": "NMDI", "min_value": null, "max_value": null }, "geometry": { "type": "Polygon", "coordinates": [ [ [ -89.229159248686628, 13.466316277816167 ], [ -89.215684581061751, 13.466316277816166 ], [ -89.215684581061751, 13.452841610191301 ], [ -89.229159248686628, 13.452841610191307 ], [ -89.229159248686628, 13.466316277816167 ] ] ] } },
{ "type": "Feature", "properties": { "class_id": 3, "area_m2": 2176000.537642573, "class_name": "Normal", "index": "NMDI", "min_value": null, "max_value": null }, "geometry": { "type": "Polygon", "coordinates": [ [ [ -89.09441257243796, 13.47979094544103 ], [ -89.080937904813098, 13.47979094544103 ], [ -89.080937904813098, 13.466316277816166 ], [ -89.09441257243796, 13.466316277816162 ], [ -89.09441257243796, 13.47979094544103 ] ] ] } },
{ "type": "Feature", "properties": { "class_id": 3, "area_m2": 2176481.5570714856, "class_name": "Normal", "index": "NMDI", "min_value": null, "max_value": null }, "geometry": { "type": "Polygon", "coordinates": [ [ [ -89.269583251561215, 13.479790945441032 ], [ -89.256108583936339, 13.47979094544103 ], [ -89.256108583936339, 13.466316277816162 ], [ -89.269583251561215, 13.466316277816162 ], [ -89.269583251561215, 13.479790945441032 ] ] ] } },
{ "type": "Feature", "properties": { "class_id": 3, "area_m2": 4352241.9292186294, "class_name": "Normal", "index": "NMDI", "min_value": null, "max_value": null }, "geometry": { "type": "Polygon", "coordinates": [ [ [ -89.161785910562287, 13.493265613065899 ], [ -89.148311242937424, 13.493265613065899 ], [ -89.148311242937424, 13.466316277816164 ], [ -89.161785910562287, 13.466316277816166 ], [ -89.161785910562287, 13.493265613065899 ] ] ] } },
{ "type": "Feature", "properties": { "class_id": 3, "area_m2": 2175725.3000061163, "class_name": "Normal", "index": "NMDI", "min_value": null, "max_value": null }, "geometry": { "type": "Polygon", "coordinates": [ [ [ -89.080937904813098, 13.506740280690758 ], [ -89.067463237188235, 13.506740280690762 ], [ -89.067463237188235, 13.493265613065899 ], [ -89.080937904813098, 13.493265613065899 ], [ -89.080937904813098, 13.506740280690758 ] ] ] } },
{ "type": "Feature", "properties": { "class_id": 3, "area_m2": 2175832.1285280804, "class_name": "Normal", "index": "NMDI", "min_value": null, "max_value": null }, "geometry": { "type": "Polygon", "coordinates": [ [ [ -89.121361907687685, 13.506740280690764 ], [ -89.107887240062837, 13.506740280690764 ], [ -89.107887240062837, 13.493265613065901 ], [ -89.121361907687685, 13.493265613065899 ], [ -89.121361907687685, 13.506740280690764 ] ] ] } },
{ "type": "Feature", "properties": { "class_id": 3, "area_m2": 2175034.3477399992, "class_name": "Normal", "index": "NMDI", "min_value": null, "max_value": null }, "geometry": { "type": "Polygon", "coordinates": [ [ [ -89.269583251561215, 13.641486956939412 ], [ -89.256108583936339, 13.641486956939412 ], [ -89.256108583936339, 13.628012289314549 ], [ -89.269583251561215, 13.628012289314549 ], [ -89.269583251561215, 13.641486956939412 ] ] ] } },
{ "type": "Feature", "properties": { "class_id": 3, "area_m2": 2174990.2625024803, "class_name": "Normal", "index": "NMDI", "min_value": null, "max_value": null }, "geometry": { "type": "Polygon", "coordinates": [ [ [ -89.29653258681094, 13.654961624564283 ], [ -89.283057919186078, 13.654961624564283 ], [ -89.283057919186078, 13.641486956939415 ], [ -89.29653258681094, 13.641486956939413 ], [ -89.29653258681094, 13.654961624564283 ] ] ] } },
{ "type": "Feature", "properties": { "class_id": 3, "area_m2": 2174206.3813243168, "class_name": "Normal", "index": "NMDI", "min_value": null, "max_value": null }, "geometry": { "type": "Polygon", "coordinates": [ [ [ -89.053988569563359, 13.66843629218914 ], [ -89.040513901938496, 13.668436292189138 ], [ -89.040513901938496, 13.65496162456428 ], [ -89.053988569563359, 13.654961624564278 ], [ -89.053988569563359, 13.66843629218914 ] ] ] } },
{ "type": "Feature", "properties": { "class_id": 3, "area_m2": 4349225.2042414332, "class_name": "Normal", "index": "NMDI", "min_value": null, "max_value": null }, "geometry": { "type": "Polygon", "coordinates": [ [ [ -89.256108583936339, 13.68191095981401 ], [ -89.229159248686628, 13.681910959814006 ], [ -89.229159248686628, 13.66843629218914 ], [ -89.256108583936339, 13.66843629218914 ], [ -89.256108583936339, 13.68191095981401 ] ] ] } },
{ "type": "Feature", "properties": { "class_id": 3, "area_m2": 4349611.4881502381, "class_name": "Normal", "index": "NMDI", "min_value": null, "max_value": null }, "geometry": { "type": "Polygon", "coordinates": [ [ [ -89.323481922060665, 13.681910959814012 ], [ -89.29653258681094, 13.68191095981401 ], [ -89.29653258681094, 13.668436292189144 ], [ -89.323481922060665, 13.66843629218914 ], [ -89.323481922060665, 13.681910959814012 ] ] ] } },
{ "type": "Feature", "properties": { "class_id": 3, "area_m2": 6521683.2361640427, "class_name": "Normal", "index": "NMDI", "min_value": null, "max_value": null }, "geometry": { "type": "Polygon", "coordinates": [ [ [ -89.040513901938496, 13.695385627438874 ], [ -89.000089899063909, 13.695385627438876 ], [ -89.000089899063909, 13.681910959814006 ], [ -89.040513901938496, 13.681910959814006 ], [ -89.040513901938496, 13.695385627438874 ] ] ] } },
{ "type": "Feature", "properties": { "class_id": 3, "area_m2": 2174033.1575646568, "class_name": "Normal", "index": "NMDI", "min_value": null, "max_value": null }, "geometry": { "type": "Polygon", "coordinates": [ [ [ -89.080937904813098, 13.695385627438874 ], [ -89.067463237188235, 13.695385627438874 ], [ -89.067463237188235, 13.681910959814015 ], [ -89.080937904813098, 13.681910959814005 ], [ -89.080937904813098, 13.695385627438874 ] ] ] } },
{ "type": "Feature", "properties": { "class_id": 3, "area_m2": 2174068.2040253743, "class_name": "Normal", "index": "NMDI", "min_value": null, "max_value": null }, "geometry": { "type": "Polygon", "coordinates": [ [ [ -89.229159248686628, 13.735809630313467 ], [ -89.215684581061751, 13.735809630313472 ], [ -89.215684581061751, 13.722334962688603 ], [ -89.229159248686628, 13.722334962688606 ], [ -89.229159248686628, 13.735809630313467 ] ] ] } },
{ "type": "Feature", "properties": { "class_id": 3, "area_m2": 13035987.212589396, "class_name": "Normal", "index": "NMDI", "min_value": null, "max_value": null }, "geometry": { "type": "Polygon", "coordinates": [ [ [ -89.215684581061751, 13.870556306562122 ], [ -89.269583251561215, 13.870556306562118 ], [ -89.269583251561215, 13.897505641811854 ], [ -89.242633916311476, 13.897505641811854 ], [ -89.242633916311476, 13.884030974186985 ], [ -89.215684581061751, 13.884030974186986 ], [ -89.215684581061751, 13.870556306562122 ] ] ] } },
{ "type": "Feature", "properties": { "class_id": 3, "area_m2": 8688873.1782771368, "class_name": "Normal", "index": "NMDI", "min_value": null, "max_value": null }, "geometry": { "type": "Polygon", "coordinates": [ [ [ -89.229159248686628, 13.924454977061579 ], [ -89.215684581061751, 13.924454977061586 ], [ -89.215684581061751, 13.951404312311313 ], [ -89.202209913436889, 13.951404312311311 ], [ -89.202209913436889, 13.91098030943672 ], [ -89.229159248686628, 13.91098030943672 ], [ -89.229159248686628, 13.924454977061579 ] ] ] } },
{ "type": "Feature", "properties": { "class_id": 3, "area_m2": 2171540.7553562, "class_name": "Normal", "index": "NMDI", "min_value": null, "max_value": null }, "geometry": { "type": "Polygon", "coordinates": [ [ [ -89.067463237188235, 13.964878979936181 ], [ -89.053988569563359, 13.964878979936181 ], [ -89.053988569563359, 13.951404312311311 ], [ -89.067463237188235, 13.951404312311311 ], [ -89.067463237188235, 13.964878979936181 ] ] ] } },
{ "type": "Feature", "properties": { "class_id": 3, "area_m2": 17369756.350811414, "class_name": "Normal", "index": "NMDI", "min_value": null, "max_value": null }, "geometry": { "type": "Polygon", "coordinates": [ [ [ -89.027039234313634, 13.964878979936181 ], [ -89.053988569563359, 13.964878979936181 ], [ -89.053988569563359, 13.978353647561045 ], [ -89.067463237188235, 13.97835364756105 ], [ -89.067463237188235, 14.018777650435641 ], [ -89.040513901938496, 14.018777650435641 ], [ -89.040513901938496, 14.005302982810772 ], [ -89.053988569563359, 14.005302982810772 ], [ -89.053988569563359, 13.991828315185911 ], [ -89.027039234313634, 13.991828315185913 ], [ -89.027039234313634, 13.964878979936181 ] ] ] } },
{ "type": "Feature", "properties": { "class_id": 3, "area_m2": 2171564.8424267289, "class_name": "Normal", "index": "NMDI", "min_value": null, "max_value": null }, "geometry": { "type": "Polygon", "coordinates": [ [ [ -89.215684581061751, 14.005302982810774 ], [ -89.202209913436889, 14.005302982810777 ], [ -89.202209913436889, 13.991828315185909 ], [ -89.215684581061751, 13.991828315185904 ], [ -89.215684581061751, 14.005302982810774 ] ] ] } },
{ "type": "Feature", "properties": { "class_id": 3, "area_m2": 2170940.2374212034, "class_name": "Normal", "index": "NMDI", "min_value": null, "max_value": null }, "geometry": { "type": "Polygon", "coordinates": [ [ [ -89.027039234313634, 14.018777650435643 ], [ -89.013564566688771, 14.018777650435641 ], [ -89.013564566688771, 14.005302982810774 ], [ -89.027039234313634, 14.005302982810774 ], [ -89.027039234313634, 14.018777650435643 ] ] ] } },
{ "type": "Feature", "properties": { "class_id": 3, "area_m2": 2170953.9670427451, "class_name": "Normal", "index": "NMDI", "min_value": null, "max_value": null }, "geometry": { "type": "Polygon", "coordinates": [ [ [ -89.080937904813098, 14.032252318060504 ], [ -89.067463237188235, 14.032252318060504 ], [ -89.067463237188235, 14.018777650435641 ], [ -89.080937904813098, 14.018777650435641 ], [ -89.080937904813098, 14.032252318060504 ] ] ] } },
{ "type": "Feature", "properties": { "class_id": 3, "area_m2": 8683884.5517605767, "class_name": "Normal", "index": "NMDI", "min_value": null, "max_value": null }, "geometry": { "type": "Polygon", "coordinates": [ [ [ -89.134836575312562, 14.018777650435641 ], [ -89.134836575312562, 14.045726985685368 ], [ -89.148311242937424, 14.045726985685372 ], [ -89.148311242937424, 14.059201653310234 ], [ -89.121361907687685, 14.059201653310234 ], [ -89.121361907687685, 14.018777650435647 ], [ -89.134836575312562, 14.018777650435641 ] ] ] } },
{ "type": "Feature", "properties": { "class_id": 3, "area_m2": 6513008.5257272404, "class_name": "Normal", "index": "NMDI", "min_value": null, "max_value": null }, "geometry": { "type": "Polygon", "coordinates": [ [ [ -89.161785910562287, 14.059201653310234 ], [ -89.161785910562287, 14.045726985685368 ], [ -89.148311242937424, 14.045726985685372 ], [ -89.148311242937424, 14.0322523180605 ], [ -89.175260578187149, 14.032252318060502 ], [ -89.175260578187149, 14.059201653310234 ], [ -89.161785910562287, 14.059201653310234 ] ] ] } },
{ "type": "Feature", "properties": { "class_id": 3, "area_m2": 4342182.4915369628, "class_name": "Normal", "index": "NMDI", "min_value": null, "max_value": null }, "geometry": { "type": "Polygon", "coordinates": [ [ [ -89.202209913436889, 14.059201653310234 ], [ -89.188735245812012, 14.059201653310232 ], [ -89.188735245812012, 14.032252318060509 ], [ -89.202209913436889, 14.032252318060502 ], [ -89.202209913436889, 14.059201653310234 ] ] ] } },
{ "type": "Feature", "properties": { "class_id": 3, "area_m2": 2170475.5096595087, "class_name": "Normal", "index": "NMDI", "min_value": null, "max_value": null }, "geometry": { "type": "Polygon", "coordinates": [ [ [ -89.040513901938496, 14.072676320935102 ], [ -89.027039234313634, 14.072676320935102 ], [ -89.027039234313634, 14.05920165331024 ], [ -89.040513901938496, 14.059201653310238 ], [ -89.040513901938496, 14.072676320935102 ] ] ] } },
{ "type": "Feature", "properties": { "class_id": 3, "area_m2": 4341432.1795052988, "class_name": "Normal", "index": "NMDI", "min_value": null, "max_value": null }, "geometry": { "type": "Polygon", "coordinates": [ [ [ -89.202209913436889, 14.099625656184831 ], [ -89.188735245812012, 14.099625656184834 ], [ -89.188735245812012, 14.072676320935098 ], [ -89.202209913436889, 14.072676320935102 ], [ -89.202209913436889, 14.099625656184831 ] ] ] } },
{ "type": "Feature", "properties": { "class_id": 3, "area_m2": 4340485.1193380915, "class_name": "Normal", "index": "NMDI", "min_value": null, "max_value": null }, "geometry": { "type": "Polygon", "coordinates": [ [ [ -89.053988569563359, 14.099625656184832 ], [ -89.027039234313634, 14.099625656184834 ], [ -89.027039234313634, 14.086150988559968 ], [ -89.053988569563359, 14.086150988559968 ], [ -89.053988569563359, 14.099625656184832 ] ] ] } },
{ "type": "Feature", "properties": { "class_id": 3, "area_m2": 54260940.803377979, "class_name": "Normal", "index": "NMDI", "min_value": null, "max_value": null }, "geometry": { "type": "Polygon", "coordinates": [ [ [ -89.09441257243796, 14.072676320935102 ], [ -89.107887240062837, 14.072676320935102 ], [ -89.107887240062837, 14.086150988559968 ], [ -89.134836575312562, 14.086150988559965 ], [ -89.134836575312562, 14.0726763209351 ], [ -89.148311242937424, 14.072676320935102 ], [ -89.148311242937424, 14.086150988559965 ], [ -89.161785910562287, 14.086150988559966 ], [ -89.161785910562287, 14.072676320935102 ], [ -89.175260578187149, 14.072676320935102 ], [ -89.175260578187149, 14.099625656184827 ], [ -89.188735245812012, 14.099625656184834 ], [ -89.188735245812012, 14.113100323809698 ], [ -89.202209913436889, 14.113100323809698 ], [ -89.202209913436889, 14.140049659059429 ], [ -89.175260578187149, 14.140049659059422 ], [ -89.175260578187149, 14.126574991434563 ], [ -89.161785910562287, 14.126574991434563 ], [ -89.161785910562287, 14.140049659059425 ], [ -89.148311242937424, 14.140049659059423 ], [ -89.148311242937424, 14.126574991434564 ], [ -89.107887240062837, 14.126574991434564 ], [ -89.107887240062837, 14.1131003238097 ], [ -89.148311242937424, 14.113100323809698 ], [ -89.148311242937424, 14.099625656184829 ], [ -89.080937904813098, 14.099625656184829 ], [ -89.080937904813098, 14.113100323809698 ], [ -89.067463237188235, 14.1131003238097 ], [ -89.067463237188235, 14.086150988559968 ], [ -89.09441257243796, 14.086150988559965 ], [ -89.09441257243796, 14.072676320935102 ] ] ] } },
{ "type": "Feature", "properties": { "class_id": 3, "area_m2": 4339641.4373732209, "class_name": "Normal", "index": "NMDI", "min_value": null, "max_value": null }, "geometry": { "type": "Polygon", "coordinates": [ [ [ -89.053988569563359, 14.153524326684289 ], [ -89.040513901938496, 14.153524326684288 ], [ -89.040513901938496, 14.126574991434564 ], [ -89.053988569563359, 14.126574991434564 ], [ -89.053988569563359, 14.153524326684289 ] ] ] } },
{ "type": "Feature", "properties": { "class_id": 3, "area_m2": 4337647.6407624846, "class_name": "Normal", "index": "NMDI", "min_value": null, "max_value": null }, "geometry": { "type": "Polygon", "coordinates": [ [ [ -89.040513901938496, 14.247847000058348 ], [ -89.013564566688771, 14.247847000058348 ], [ -89.013564566688771, 14.234372332433486 ], [ -89.040513901938496, 14.234372332433486 ], [ -89.040513901938496, 14.247847000058348 ] ] ] } },
{ "type": "Feature", "properties": { "class_id": 3, "area_m2": 6505336.6860723132, "class_name": "Normal", "index": "NMDI", "min_value": null, "max_value": null }, "geometry": { "type": "Polygon", "coordinates": [ [ [ -89.053988569563359, 14.288271002932946 ], [ -89.067463237188235, 14.288271002932946 ], [ -89.067463237188235, 14.301745670557811 ], [ -89.040513901938496, 14.301745670557812 ], [ -89.040513901938496, 14.274796335308078 ], [ -89.053988569563359, 14.274796335308082 ], [ -89.053988569563359, 14.288271002932946 ] ] ] } },
{ "type": "Feature", "properties": { "class_id": 3, "area_m2": 2168087.3787814244, "class_name": "Normal", "index": "NMDI", "min_value": null, "max_value": null }, "geometry": { "type": "Polygon", "coordinates": [ [ [ -89.188735245812012, 14.369119008682137 ], [ -89.175260578187149, 14.369119008682141 ], [ -89.175260578187149, 14.355644341057275 ], [ -89.188735245812012, 14.355644341057275 ], [ -89.188735245812012, 14.369119008682137 ] ] ] } },
{ "type": "Feature", "properties": { "class_id": 3, "area_m2": 4335544.5053200629, "class_name": "Normal", "index": "NMDI", "min_value": null, "max_value": null }, "geometry": { "type": "Polygon", "coordinates": [ [ [ -89.09441257243796, 14.382593676307003 ], [ -89.080937904813098, 14.382593676307003 ], [ -89.080937904813098, 14.355644341057275 ], [ -89.09441257243796, 14.355644341057271 ], [ -89.09441257243796, 14.382593676307003 ] ] ] } },
{ "type": "Feature", "properties": { "class_id": 3, "area_m2": 23850173.620477289, "class_name": "Normal", "index": "NMDI", "min_value": null, "max_value": null }, "geometry": { "type": "Polygon", "coordinates": [ [ [ -89.242633916311476, 14.396068343931869 ], [ -89.229159248686628, 14.396068343931864 ], [ -89.229159248686628, 14.382593676307 ], [ -89.215684581061751, 14.382593676307003 ], [ -89.215684581061751, 14.342169673432402 ], [ -89.269583251561215, 14.342169673432405 ], [ -89.269583251561215, 14.369119008682141 ], [ -89.242633916311476, 14.369119008682134 ], [ -89.242633916311476, 14.396068343931869 ] ] ] } },
{ "type": "Feature", "properties": { "class_id": 3, "area_m2": 10839149.259973422, "class_name": "Normal", "index": "NMDI", "min_value": null, "max_value": null }, "geometry": { "type": "Polygon", "coordinates": [ [ [ -89.134836575312562, 14.369119008682137 ], [ -89.148311242937424, 14.369119008682134 ], [ -89.148311242937424, 14.382593676307003 ], [ -89.134836575312562, 14.382593676307003 ], [ -89.134836575312562, 14.396068343931868 ], [ -89.121361907687685, 14.396068343931869 ], [ -89.121361907687685, 14.369119008682141 ], [ -89.107887240062837, 14.369119008682141 ], [ -89.107887240062837, 14.355644341057275 ], [ -89.134836575312562, 14.355644341057275 ], [ -89.134836575312562, 14.369119008682137 ] ] ] } },
{ "type": "Feature", "properties": { "class_id": 3, "area_m2": 2168056.0305099036, "class_name": "Normal", "index": "NMDI", "min_value": null, "max_value": null }, "geometry": { "type": "Polygon", "coordinates": [ [ [ -89.256108583936339, 14.382593676307 ], [ -89.269583251561215, 14.382593676306998 ], [ -89.269583251561215, 14.396068343931868 ], [ -89.256108583936339, 14.396068343931857 ], [ -89.256108583936339, 14.382593676307 ] ] ] } },
{ "type": "Feature", "properties": { "class_id": 3, "area_m2": 6502698.4641764835, "class_name": "Normal", "index": "NMDI", "min_value": null, "max_value": null }, "geometry": { "type": "Polygon", "coordinates": [ [ [ -89.107887240062837, 14.396068343931869 ], [ -89.121361907687685, 14.396068343931869 ], [ -89.121361907687685, 14.409543011556734 ], [ -89.09441257243796, 14.40954301155673 ], [ -89.09441257243796, 14.382593676307003 ], [ -89.107887240062837, 14.382593676306998 ], [ -89.107887240062837, 14.396068343931869 ] ] ] } },
{ "type": "Feature", "properties": { "class_id": 3, "area_m2": 2177171.5179623822, "class_name": "Normal", "index": "NMDI", "min_value": null, "max_value": null }, "geometry": { "type": "Polygon", "coordinates": [ [ [ -88.51500186456876, 13.196822925318861 ], [ -88.501527196943883, 13.196822925318855 ], [ -88.501527196943883, 13.183348257693996 ], [ -88.51500186456876, 13.183348257693993 ], [ -88.51500186456876, 13.196822925318861 ] ] ] } },
{ "type": "Feature", "properties": { "class_id": 3, "area_m2": 10884562.962975398, "class_name": "Normal", "index": "NMDI", "min_value": null, "max_value": null }, "geometry": { "type": "Polygon", "coordinates": [ [ [ -88.447628526444433, 13.196822925318859 ], [ -88.43415385881957, 13.196822925318859 ], [ -88.43415385881957, 13.210297592943725 ], [ -88.420679191194694, 13.210297592943723 ], [ -88.420679191194694, 13.223772260568587 ], [ -88.407204523569831, 13.223772260568591 ], [ -88.407204523569831, 13.196822925318859 ], [ -88.420679191194694, 13.196822925318864 ], [ -88.420679191194694, 13.183348257693991 ], [ -88.447628526444433, 13.183348257693996 ], [ -88.447628526444433, 13.196822925318859 ] ] ] } },
{ "type": "Feature", "properties": { "class_id": 3, "area_m2": 4354238.8277664836, "class_name": "Normal", "index": "NMDI", "min_value": null, "max_value": null }, "geometry": { "type": "Polygon", "coordinates": [ [ [ -88.555425867443347, 13.210297592943725 ], [ -88.528476532193622, 13.210297592943723 ], [ -88.528476532193622, 13.196822925318859 ], [ -88.555425867443347, 13.196822925318861 ], [ -88.555425867443347, 13.210297592943725 ] ] ] } },
{ "type": "Feature", "properties": { "class_id": 3, "area_m2": 4353747.0930153849, "class_name": "Normal", "index": "NMDI", "min_value": null, "max_value": null }, "geometry": { "type": "Polygon", "coordinates": [ [ [ -88.48805252931902, 13.223772260568591 ], [ -88.461103194069295, 13.223772260568586 ], [ -88.461103194069295, 13.210297592943727 ], [ -88.48805252931902, 13.210297592943727 ], [ -88.48805252931902, 13.223772260568591 ] ] ] } },
{ "type": "Feature", "properties": { "class_id": 3, "area_m2": 8706555.8673405349, "class_name": "Normal", "index": "NMDI", "min_value": null, "max_value": null }, "geometry": { "type": "Polygon", "coordinates": [ [ [ -88.447628526444433, 13.250721595818325 ], [ -88.407204523569831, 13.250721595818321 ], [ -88.407204523569831, 13.237246928193448 ], [ -88.420679191194694, 13.237246928193455 ], [ -88.420679191194694, 13.223772260568587 ], [ -88.43415385881957, 13.223772260568587 ], [ -88.43415385881957, 13.237246928193453 ], [ -88.447628526444433, 13.237246928193453 ], [ -88.447628526444433, 13.250721595818325 ] ] ] } },
{ "type": "Feature", "properties": { "class_id": 3, "area_m2": 26123438.428866934, "class_name": "Normal", "index": "NMDI", "min_value": null, "max_value": null }, "geometry": { "type": "Polygon", "coordinates": [ [ [ -88.595849870317949, 13.223772260568589 ], [ -88.609324537942811, 13.223772260568587 ], [ -88.609324537942811, 13.210297592943727 ], [ -88.622799205567674, 13.210297592943727 ], [ -88.622799205567674, 13.250721595818321 ], [ -88.595849870317949, 13.250721595818318 ], [ -88.595849870317949, 13.264196263443186 ], [ -88.582375202693086, 13.264196263443186 ], [ -88.582375202693086, 13.250721595818318 ], [ -88.568900535068209, 13.250721595818323 ], [ -88.568900535068209, 13.237246928193457 ], [ -88.555425867443347, 13.237246928193457 ], [ -88.555425867443347, 13.223772260568587 ], [ -88.568900535068209, 13.223772260568589 ], [ -88.568900535068209, 13.210297592943727 ], [ -88.595849870317949, 13.210297592943723 ], [ -88.595849870317949, 13.223772260568589 ] ], [ [ -88.582375202693086, 13.223772260568591 ], [ -88.582375202693086, 13.237246928193453 ], [ -88.595849870317949, 13.237246928193452 ], [ -88.595849870317949, 13.223772260568589 ], [ -88.582375202693086, 13.223772260568591 ] ] ] } },
{ "type": "Feature", "properties": { "class_id": 3, "area_m2": 4353277.2682558773, "class_name": "Normal", "index": "NMDI", "min_value": null, "max_value": null }, "geometry": { "type": "Polygon", "coordinates": [ [ [ -88.48805252931902, 13.250721595818323 ], [ -88.461103194069295, 13.250721595818323 ], [ -88.461103194069295, 13.237246928193455 ], [ -88.48805252931902, 13.237246928193452 ], [ -88.48805252931902, 13.250721595818323 ] ] ] } },
{ "type": "Feature", "properties": { "class_id": 3, "area_m2": 17416562.37098179, "class_name": "Normal", "index": "NMDI", "min_value": null, "max_value": null }, "geometry": { "type": "Polygon", "coordinates": [ [ [ -88.703647211316863, 13.25072159581832 ], [ -88.663223208442275, 13.25072159581832 ], [ -88.663223208442275, 13.237246928193453 ], [ -88.690172543692, 13.237246928193457 ], [ -88.690172543692, 13.223772260568587 ], [ -88.703647211316863, 13.223772260568589 ], [ -88.703647211316863, 13.237246928193455 ], [ -88.71712187894174, 13.237246928193453 ], [ -88.71712187894174, 13.250721595818328 ], [ -88.730596546566602, 13.250721595818323 ], [ -88.730596546566602, 13.264196263443186 ], [ -88.71712187894174, 13.264196263443186 ], [ -88.71712187894174, 13.277670931068053 ], [ -88.703647211316863, 13.277670931068055 ], [ -88.703647211316863, 13.25072159581832 ] ] ] } },
{ "type": "Feature", "properties": { "class_id": 3, "area_m2": 2177267.5601180214, "class_name": "Normal", "index": "NMDI", "min_value": null, "max_value": null }, "geometry": { "type": "Polygon", "coordinates": [ [ [ -88.838393887565516, 13.264196263443186 ], [ -88.824919219940654, 13.264196263443189 ], [ -88.824919219940654, 13.250721595818321 ], [ -88.838393887565516, 13.250721595818318 ], [ -88.838393887565516, 13.264196263443186 ] ] ] } },
{ "type": "Feature", "properties": { "class_id": 3, "area_m2": 23941540.21662432, "class_name": "Normal", "index": "NMDI", "min_value": null, "max_value": null }, "geometry": { "type": "Polygon", "coordinates": [ [ [ -88.528476532193622, 13.291145598692919 ], [ -88.51500186456876, 13.291145598692919 ], [ -88.51500186456876, 13.277670931068053 ], [ -88.528476532193622, 13.27767093106805 ], [ -88.528476532193622, 13.250721595818323 ], [ -88.568900535068209, 13.250721595818323 ], [ -88.568900535068209, 13.264196263443187 ], [ -88.582375202693086, 13.264196263443186 ], [ -88.582375202693086, 13.277670931068052 ], [ -88.555425867443347, 13.277670931068055 ], [ -88.555425867443347, 13.291145598692921 ], [ -88.541951199818484, 13.291145598692912 ], [ -88.541951199818484, 13.304620266317784 ], [ -88.528476532193622, 13.304620266317778 ], [ -88.528476532193622, 13.291145598692919 ] ] ] } },
{ "type": "Feature", "properties": { "class_id": 3, "area_m2": 39185142.937387891, "class_name": "Normal", "index": "NMDI", "min_value": null, "max_value": null }, "geometry": { "type": "Polygon", "coordinates": [ [ [ -88.757545881816327, 13.304620266317787 ], [ -88.744071214191464, 13.304620266317784 ], [ -88.744071214191464, 13.318094933942648 ], [ -88.730596546566602, 13.318094933942648 ], [ -88.730596546566602, 13.264196263443186 ], [ -88.744071214191464, 13.264196263443187 ], [ -88.744071214191464, 13.250721595818323 ], [ -88.730596546566602, 13.250721595818323 ], [ -88.730596546566602, 13.237246928193453 ], [ -88.757545881816327, 13.237246928193453 ], [ -88.757545881816327, 13.250721595818321 ], [ -88.811444552315791, 13.25072159581832 ], [ -88.811444552315791, 13.264196263443186 ], [ -88.797969884690929, 13.264196263443187 ], [ -88.797969884690929, 13.277670931068055 ], [ -88.771020549441189, 13.277670931068055 ], [ -88.771020549441189, 13.291145598692916 ], [ -88.757545881816327, 13.291145598692918 ], [ -88.757545881816327, 13.304620266317787 ] ] ] } },
{ "type": "Feature", "properties": { "class_id": 3, "area_m2": 2176150.6583260889, "class_name": "Normal", "index": "NMDI", "min_value": null, "max_value": null }, "geometry": { "type": "Polygon", "coordinates": [ [ [ -88.407204523569831, 13.291145598692918 ], [ -88.393729855944969, 13.291145598692918 ], [ -88.393729855944969, 13.277670931068053 ], [ -88.407204523569831, 13.27767093106805 ], [ -88.407204523569831, 13.291145598692918 ] ] ] } },
{ "type": "Feature", "properties": { "class_id": 3, "area_m2": 2177094.5798688545, "class_name": "Normal", "index": "NMDI", "min_value": null, "max_value": null }, "geometry": { "type": "Polygon", "coordinates": [ [ [ -88.865343222815255, 13.291145598692921 ], [ -88.851868555190393, 13.291145598692921 ], [ -88.851868555190393, 13.277670931068055 ], [ -88.865343222815255, 13.27767093106805 ], [ -88.865343222815255, 13.291145598692921 ] ] ] } },
{ "type": "Feature", "properties": { "class_id": 3, "area_m2": 2176944.9048446277, "class_name": "Normal", "index": "NMDI", "min_value": null, "max_value": null }, "geometry": { "type": "Polygon", "coordinates": [ [ [ -88.851868555190393, 13.304620266317789 ], [ -88.838393887565516, 13.304620266317778 ], [ -88.838393887565516, 13.291145598692918 ], [ -88.851868555190393, 13.291145598692921 ], [ -88.851868555190393, 13.304620266317789 ] ] ] } },
{ "type": "Feature", "properties": { "class_id": 3, "area_m2": 6530453.7554263035, "class_name": "Normal", "index": "NMDI", "min_value": null, "max_value": null }, "geometry": { "type": "Polygon", "coordinates": [ [ [ -88.865343222815255, 13.318094933942648 ], [ -88.851868555190393, 13.318094933942648 ], [ -88.851868555190393, 13.304620266317789 ], [ -88.878817890440118, 13.30462026631778 ], [ -88.878817890440118, 13.331569601567512 ], [ -88.865343222815255, 13.331569601567512 ], [ -88.865343222815255, 13.318094933942648 ] ] ] } },
{ "type": "Feature", "properties": { "class_id": 3, "area_m2": 2176717.3799774516, "class_name": "Normal", "index": "NMDI", "min_value": null, "max_value": null }, "geometry": { "type": "Polygon", "coordinates": [ [ [ -88.905767225689843, 13.345044269192377 ], [ -88.89229255806498, 13.345044269192373 ], [ -88.89229255806498, 13.33156960156751 ], [ -88.905767225689843, 13.331569601567509 ], [ -88.905767225689843, 13.345044269192377 ] ] ] } },
{ "type": "Feature", "properties": { "class_id": 3, "area_m2": 2175124.9310189523, "class_name": "Normal", "index": "NMDI", "min_value": null, "max_value": null }, "geometry": { "type": "Polygon", "coordinates": [ [ [ -88.784495217066066, 13.493265613065898 ], [ -88.771020549441189, 13.493265613065899 ], [ -88.771020549441189, 13.479790945441033 ], [ -88.784495217066066, 13.47979094544103 ], [ -88.784495217066066, 13.493265613065898 ] ] ] } },
{ "type": "Feature", "properties": { "class_id": 3, "area_m2": 4869696132.2457876, "class_name": "Normal", "index": "NMDI", "min_value": null, "max_value": null }, "geometry": { "type": "Polygon", "coordinates": [ [ [ -89.215684581061751, 13.735809630313472 ], [ -89.215684581061751, 13.749284297938337 ], [ -89.229159248686628, 13.749284297938338 ], [ -89.229159248686628, 13.762758965563195 ], [ -89.242633916311476, 13.762758965563203 ], [ -89.242633916311476, 13.789708300812933 ], [ -89.202209913436889, 13.789708300812931 ], [ -89.202209913436889, 13.776233633188067 ], [ -89.188735245812012, 13.776233633188063 ], [ -89.188735245812012, 13.803182968437797 ], [ -89.202209913436889, 13.803182968437795 ], [ -89.202209913436889, 13.816657636062663 ], [ -89.215684581061751, 13.81665763606266 ], [ -89.215684581061751, 13.83013230368752 ], [ -89.175260578187149, 13.830132303687524 ], [ -89.175260578187149, 13.843606971312392 ], [ -89.161785910562287, 13.843606971312393 ], [ -89.161785910562287, 13.85708163893726 ], [ -89.175260578187149, 13.857081638937258 ], [ -89.175260578187149, 13.870556306562124 ], [ -89.161785910562287, 13.870556306562122 ], [ -89.161785910562287, 13.91098030943672 ], [ -89.175260578187149, 13.91098030943672 ], [ -89.175260578187149, 13.937929644686447 ], [ -89.148311242937424, 13.93792964468645 ], [ -89.148311242937424, 13.924454977061581 ], [ -89.134836575312562, 13.924454977061584 ], [ -89.134836575312562, 13.951404312311309 ], [ -89.107887240062837, 13.951404312311309 ], [ -89.107887240062837, 13.964878979936179 ], [ -89.121361907687685, 13.964878979936183 ], [ -89.121361907687685, 14.018777650435647 ], [ -89.107887240062837, 14.018777650435638 ], [ -89.107887240062837, 14.032252318060509 ], [ -89.09441257243796, 14.032252318060507 ], [ -89.09441257243796, 14.005302982810772 ], [ -89.107887240062837, 14.005302982810772 ], [ -89.107887240062837, 13.991828315185906 ], [ -89.080937904813098, 13.991828315185909 ], [ -89.080937904813098, 13.978353647561045 ], [ -89.09441257243796, 13.978353647561045 ], [ -89.09441257243796, 13.964878979936181 ], [ -89.080937904813098, 13.964878979936181 ], [ -89.080937904813098, 13.924454977061584 ], [ -89.040513901938496, 13.924454977061583 ], [ -89.040513901938496, 13.937929644686447 ], [ -89.027039234313634, 13.937929644686445 ], [ -89.027039234313634, 13.951404312311315 ], [ -89.013564566688771, 13.951404312311309 ], [ -89.013564566688771, 13.924454977061579 ], [ -89.027039234313634, 13.924454977061584 ], [ -89.027039234313634, 13.910980309436725 ], [ -89.040513901938496, 13.91098030943672 ], [ -89.040513901938496, 13.897505641811851 ], [ -89.027039234313634, 13.897505641811854 ], [ -89.027039234313634, 13.85708163893726 ], [ -89.013564566688771, 13.85708163893726 ], [ -89.013564566688771, 13.884030974186986 ], [ -89.000089899063909, 13.884030974186995 ], [ -89.000089899063909, 13.870556306562124 ], [ -88.986615231439046, 13.870556306562118 ], [ -88.986615231439046, 13.85708163893726 ], [ -88.946191228564444, 13.857081638937265 ], [ -88.946191228564444, 13.884030974186985 ], [ -88.905767225689843, 13.884030974186985 ], [ -88.905767225689843, 13.91098030943672 ], [ -88.91924189331472, 13.91098030943672 ], [ -88.91924189331472, 13.924454977061588 ], [ -88.89229255806498, 13.924454977061581 ], [ -88.89229255806498, 13.910980309436722 ], [ -88.851868555190393, 13.91098030943672 ], [ -88.851868555190393, 13.924454977061584 ], [ -88.811444552315791, 13.924454977061584 ], [ -88.811444552315791, 13.937929644686447 ], [ -88.824919219940654, 13.93792964468645 ], [ -88.824919219940654, 13.951404312311309 ], [ -88.797969884690929, 13.951404312311311 ], [ -88.797969884690929, 13.964878979936181 ], [ -88.771020549441189, 13.964878979936181 ], [ -88.771020549441189, 13.951404312311315 ], [ -88.71712187894174, 13.951404312311311 ], [ -88.71712187894174, 13.964878979936177 ], [ -88.690172543692, 13.964878979936183 ], [ -88.690172543692, 13.937929644686447 ], [ -88.676697876067138, 13.937929644686445 ], [ -88.676697876067138, 13.924454977061584 ], [ -88.663223208442275, 13.924454977061588 ], [ -88.663223208442275, 13.897505641811854 ], [ -88.703647211316863, 13.897505641811854 ], [ -88.703647211316863, 13.88403097418699 ], [ -88.71712187894174, 13.884030974186985 ], [ -88.71712187894174, 13.85708163893726 ], [ -88.703647211316863, 13.857081638937261 ], [ -88.703647211316863, 13.830132303687529 ], [ -88.663223208442275, 13.83013230368752 ], [ -88.663223208442275, 13.84360697131239 ], [ -88.636273873192536, 13.84360697131239 ], [ -88.636273873192536, 13.870556306562127 ], [ -88.649748540817413, 13.870556306562127 ], [ -88.649748540817413, 13.91098030943672 ], [ -88.636273873192536, 13.910980309436725 ], [ -88.636273873192536, 13.897505641811851 ], [ -88.622799205567674, 13.897505641811858 ], [ -88.622799205567674, 13.91098030943672 ], [ -88.609324537942811, 13.91098030943672 ], [ -88.609324537942811, 13.924454977061583 ], [ -88.595849870317949, 13.924454977061584 ], [ -88.595849870317949, 13.951404312311311 ], [ -88.582375202693086, 13.951404312311309 ], [ -88.582375202693086, 13.964878979936181 ], [ -88.555425867443347, 13.964878979936183 ], [ -88.555425867443347, 13.951404312311318 ], [ -88.528476532193622, 13.951404312311311 ], [ -88.528476532193622, 13.937929644686449 ], [ -88.541951199818484, 13.937929644686447 ], [ -88.541951199818484, 13.924454977061584 ], [ -88.51500186456876, 13.924454977061584 ], [ -88.51500186456876, 13.910980309436722 ], [ -88.528476532193622, 13.910980309436724 ], [ -88.528476532193622, 13.897505641811854 ], [ -88.541951199818484, 13.897505641811851 ], [ -88.541951199818484, 13.88403097418699 ], [ -88.501527196943883, 13.884030974186986 ], [ -88.501527196943883, 13.87055630656212 ], [ -88.48805252931902, 13.870556306562117 ], [ -88.48805252931902, 13.85708163893726 ], [ -88.474577861694158, 13.85708163893726 ], [ -88.474577861694158, 13.789708300812928 ], [ -88.43415385881957, 13.789708300812933 ], [ -88.43415385881957, 13.803182968437797 ], [ -88.407204523569831, 13.803182968437797 ], [ -88.407204523569831, 13.789708300812933 ], [ -88.393729855944969, 13.789708300812933 ], [ -88.393729855944969, 13.77623363318807 ], [ -88.380255188320106, 13.776233633188067 ], [ -88.380255188320106, 13.762758965563204 ], [ -88.366780520695244, 13.762758965563203 ], [ -88.366780520695244, 13.776233633188063 ], [ -88.339831185445505, 13.776233633188067 ], [ -88.339831185445505, 13.789708300812928 ], [ -88.326356517820642, 13.789708300812935 ], [ -88.326356517820642, 13.776233633188063 ], [ -88.31288185019578, 13.776233633188063 ], [ -88.31288185019578, 13.749284297938333 ], [ -88.28593251494604, 13.749284297938337 ], [ -88.28593251494604, 13.73580963031347 ], [ -88.299407182570931, 13.73580963031347 ], [ -88.299407182570931, 13.70886029506374 ], [ -88.31288185019578, 13.708860295063744 ], [ -88.31288185019578, 13.695385627438874 ], [ -88.299407182570931, 13.695385627438876 ], [ -88.299407182570931, 13.65496162456428 ], [ -88.326356517820642, 13.654961624564285 ], [ -88.326356517820642, 13.641486956939415 ], [ -88.353305853070367, 13.641486956939413 ], [ -88.353305853070367, 13.628012289314546 ], [ -88.339831185445505, 13.628012289314549 ], [ -88.339831185445505, 13.614537621689678 ], [ -88.326356517820642, 13.614537621689683 ], [ -88.326356517820642, 13.574113618815094 ], [ -88.31288185019578, 13.574113618815087 ], [ -88.31288185019578, 13.560638951190215 ], [ -88.339831185445505, 13.560638951190217 ], [ -88.339831185445505, 13.533689615940492 ], [ -88.326356517820642, 13.533689615940492 ], [ -88.326356517820642, 13.52021494831563 ], [ -88.299407182570931, 13.520214948315624 ], [ -88.299407182570931, 13.533689615940492 ], [ -88.272457847321178, 13.533689615940496 ], [ -88.272457847321178, 13.52021494831563 ], [ -88.28593251494604, 13.520214948315623 ], [ -88.28593251494604, 13.50674028069076 ], [ -88.299407182570931, 13.506740280690758 ], [ -88.299407182570931, 13.466316277816162 ], [ -88.31288185019578, 13.466316277816164 ], [ -88.31288185019578, 13.439366942566435 ], [ -88.326356517820642, 13.439366942566432 ], [ -88.326356517820642, 13.398942939691841 ], [ -88.339831185445505, 13.398942939691834 ], [ -88.339831185445505, 13.385468272066971 ], [ -88.353305853070367, 13.385468272066973 ], [ -88.353305853070367, 13.37199360444211 ], [ -88.366780520695244, 13.371993604442107 ], [ -88.366780520695244, 13.291145598692918 ], [ -88.380255188320106, 13.291145598692921 ], [ -88.380255188320106, 13.318094933942648 ], [ -88.43415385881957, 13.318094933942646 ], [ -88.43415385881957, 13.264196263443186 ], [ -88.48805252931902, 13.264196263443187 ], [ -88.48805252931902, 13.250721595818323 ], [ -88.51500186456876, 13.25072159581832 ], [ -88.51500186456876, 13.277670931068053 ], [ -88.501527196943883, 13.27767093106805 ], [ -88.501527196943883, 13.291145598692914 ], [ -88.48805252931902, 13.291145598692918 ], [ -88.48805252931902, 13.304620266317778 ], [ -88.528476532193622, 13.304620266317778 ], [ -88.528476532193622, 13.318094933942648 ], [ -88.541951199818484, 13.318094933942646 ], [ -88.541951199818484, 13.304620266317784 ], [ -88.555425867443347, 13.304620266317787 ], [ -88.555425867443347, 13.291145598692921 ], [ -88.595849870317949, 13.291145598692914 ], [ -88.595849870317949, 13.264196263443186 ], [ -88.622799205567674, 13.264196263443191 ], [ -88.622799205567674, 13.250721595818321 ], [ -88.636273873192536, 13.250721595818318 ], [ -88.636273873192536, 13.264196263443186 ], [ -88.649748540817413, 13.264196263443187 ], [ -88.649748540817413, 13.250721595818318 ], [ -88.663223208442275, 13.25072159581832 ], [ -88.663223208442275, 13.264196263443186 ], [ -88.690172543692, 13.264196263443187 ], [ -88.690172543692, 13.277670931068053 ], [ -88.703647211316863, 13.277670931068055 ], [ -88.703647211316863, 13.331569601567512 ], [ -88.71712187894174, 13.331569601567512 ], [ -88.71712187894174, 13.318094933942648 ], [ -88.730596546566602, 13.318094933942648 ], [ -88.730596546566602, 13.331569601567509 ], [ -88.744071214191464, 13.331569601567516 ], [ -88.744071214191464, 13.345044269192378 ], [ -88.757545881816327, 13.345044269192375 ], [ -88.757545881816327, 13.318094933942644 ], [ -88.771020549441189, 13.318094933942644 ], [ -88.771020549441189, 13.304620266317778 ], [ -88.784495217066066, 13.304620266317784 ], [ -88.784495217066066, 13.291145598692918 ], [ -88.797969884690929, 13.291145598692918 ], [ -88.797969884690929, 13.277670931068055 ], [ -88.824919219940654, 13.277670931068053 ], [ -88.824919219940654, 13.304620266317784 ], [ -88.797969884690929, 13.304620266317787 ], [ -88.797969884690929, 13.318094933942644 ], [ -88.811444552315791, 13.318094933942644 ], [ -88.811444552315791, 13.331569601567509 ], [ -88.838393887565516, 13.33156960156751 ], [ -88.838393887565516, 13.345044269192378 ], [ -88.851868555190393, 13.345044269192377 ], [ -88.851868555190393, 13.331569601567509 ], [ -88.865343222815255, 13.331569601567512 ], [ -88.865343222815255, 13.345044269192378 ], [ -88.89229255806498, 13.345044269192373 ], [ -88.89229255806498, 13.358518936817243 ], [ -88.905767225689843, 13.358518936817243 ], [ -88.905767225689843, 13.371993604442109 ], [ -88.932716560939582, 13.37199360444211 ], [ -88.932716560939582, 13.318094933942646 ], [ -88.946191228564444, 13.318094933942648 ], [ -88.946191228564444, 13.34504426919238 ], [ -89.000089899063909, 13.345044269192377 ], [ -89.000089899063909, 13.371993604442109 ], [ -88.986615231439046, 13.37199360444211 ], [ -88.986615231439046, 13.385468272066969 ], [ -89.013564566688771, 13.385468272066968 ], [ -89.013564566688771, 13.371993604442109 ], [ -89.027039234313634, 13.371993604442114 ], [ -89.027039234313634, 13.385468272066975 ], [ -89.040513901938496, 13.385468272066969 ], [ -89.040513901938496, 13.371993604442109 ], [ -89.053988569563359, 13.37199360444211 ], [ -89.053988569563359, 13.398942939691841 ], [ -89.013564566688771, 13.398942939691841 ], [ -89.013564566688771, 13.412417607316701 ], [ -89.040513901938496, 13.412417607316701 ], [ -89.040513901938496, 13.466316277816166 ], [ -89.053988569563359, 13.466316277816166 ], [ -89.053988569563359, 13.479790945441032 ], [ -89.027039234313634, 13.479790945441037 ], [ -89.027039234313634, 13.466316277816162 ], [ -89.013564566688771, 13.466316277816166 ], [ -89.013564566688771, 13.493265613065898 ], [ -89.027039234313634, 13.493265613065899 ], [ -89.027039234313634, 13.506740280690758 ], [ -89.013564566688771, 13.506740280690757 ], [ -89.013564566688771, 13.520214948315623 ], [ -89.000089899063909, 13.520214948315623 ], [ -89.000089899063909, 13.533689615940492 ], [ -88.973140563814169, 13.533689615940496 ], [ -88.973140563814169, 13.587588286439953 ], [ -88.986615231439046, 13.587588286439953 ], [ -88.986615231439046, 13.601062954064822 ], [ -89.000089899063909, 13.601062954064824 ], [ -89.000089899063909, 13.574113618815089 ], [ -89.013564566688771, 13.574113618815087 ], [ -89.013564566688771, 13.547164283565358 ], [ -89.027039234313634, 13.547164283565353 ], [ -89.027039234313634, 13.533689615940492 ], [ -89.040513901938496, 13.533689615940492 ], [ -89.040513901938496, 13.520214948315623 ], [ -89.080937904813098, 13.520214948315623 ], [ -89.080937904813098, 13.506740280690758 ], [ -89.107887240062837, 13.506740280690764 ], [ -89.107887240062837, 13.520214948315621 ], [ -89.134836575312562, 13.520214948315621 ], [ -89.134836575312562, 13.506740280690757 ], [ -89.175260578187149, 13.506740280690758 ], [ -89.175260578187149, 13.466316277816162 ], [ -89.215684581061751, 13.466316277816166 ], [ -89.215684581061751, 13.479790945441032 ], [ -89.229159248686628, 13.47979094544103 ], [ -89.229159248686628, 13.493265613065899 ], [ -89.242633916311476, 13.493265613065898 ], [ -89.242633916311476, 13.574113618815087 ], [ -89.269583251561215, 13.574113618815085 ], [ -89.269583251561215, 13.560638951190215 ], [ -89.256108583936339, 13.560638951190221 ], [ -89.256108583936339, 13.533689615940496 ], [ -89.269583251561215, 13.533689615940492 ], [ -89.269583251561215, 13.547164283565355 ], [ -89.29653258681094, 13.547164283565358 ], [ -89.29653258681094, 13.560638951190221 ], [ -89.336956589685542, 13.560638951190221 ], [ -89.336956589685542, 13.587588286439953 ], [ -89.323481922060665, 13.587588286439953 ], [ -89.323481922060665, 13.574113618815089 ], [ -89.310007254435803, 13.574113618815087 ], [ -89.310007254435803, 13.587588286439958 ], [ -89.29653258681094, 13.587588286439951 ], [ -89.29653258681094, 13.601062954064819 ], [ -89.269583251561215, 13.601062954064812 ], [ -89.269583251561215, 13.614537621689678 ], [ -89.242633916311476, 13.61453762168968 ], [ -89.242633916311476, 13.628012289314546 ], [ -89.229159248686628, 13.628012289314546 ], [ -89.229159248686628, 13.61453762168968 ], [ -89.202209913436889, 13.614537621689683 ], [ -89.202209913436889, 13.628012289314546 ], [ -89.215684581061751, 13.628012289314549 ], [ -89.215684581061751, 13.641486956939413 ], [ -89.202209913436889, 13.641486956939412 ], [ -89.202209913436889, 13.654961624564276 ], [ -89.215684581061751, 13.654961624564283 ], [ -89.215684581061751, 13.695385627438874 ], [ -89.202209913436889, 13.695385627438874 ], [ -89.202209913436889, 13.73580963031347 ], [ -89.215684581061751, 13.735809630313472 ] ], [ [ -89.013564566688771, 13.843606971312392 ], [ -89.000089899063909, 13.84360697131239 ], [ -89.000089899063909, 13.85708163893726 ], [ -89.013564566688771, 13.85708163893726 ], [ -89.013564566688771, 13.843606971312392 ] ], [ [ -88.703647211316863, 13.924454977061584 ], [ -88.703647211316863, 13.91098030943672 ], [ -88.676697876067138, 13.91098030943672 ], [ -88.676697876067138, 13.924454977061584 ], [ -88.703647211316863, 13.924454977061584 ] ], [ [ -88.703647211316863, 13.93792964468645 ], [ -88.71712187894174, 13.937929644686445 ], [ -88.71712187894174, 13.924454977061579 ], [ -88.703647211316863, 13.924454977061584 ], [ -88.703647211316863, 13.93792964468645 ] ], [ [ -88.595849870317949, 13.897505641811851 ], [ -88.582375202693086, 13.897505641811854 ], [ -88.582375202693086, 13.91098030943672 ], [ -88.555425867443347, 13.91098030943672 ], [ -88.555425867443347, 13.93792964468645 ], [ -88.568900535068209, 13.937929644686447 ], [ -88.568900535068209, 13.924454977061586 ], [ -88.595849870317949, 13.924454977061584 ], [ -88.595849870317949, 13.897505641811851 ] ], [ [ -88.501527196943883, 13.789708300812929 ], [ -88.501527196943883, 13.816657636062663 ], [ -88.48805252931902, 13.81665763606266 ], [ -88.48805252931902, 13.843606971312393 ], [ -88.501527196943883, 13.84360697131239 ], [ -88.501527196943883, 13.830132303687524 ], [ -88.51500186456876, 13.830132303687522 ], [ -88.51500186456876, 13.84360697131239 ], [ -88.528476532193622, 13.843606971312392 ], [ -88.528476532193622, 13.816657636062663 ], [ -88.541951199818484, 13.81665763606266 ], [ -88.541951199818484, 13.803182968437797 ], [ -88.528476532193622, 13.803182968437797 ], [ -88.528476532193622, 13.776233633188063 ], [ -88.595849870317949, 13.776233633188061 ], [ -88.595849870317949, 13.749284297938335 ], [ -88.582375202693086, 13.749284297938337 ], [ -88.582375202693086, 13.735809630313467 ], [ -88.568900535068209, 13.735809630313469 ], [ -88.568900535068209, 13.722334962688606 ], [ -88.555425867443347, 13.722334962688606 ], [ -88.555425867443347, 13.735809630313469 ], [ -88.541951199818484, 13.735809630313474 ], [ -88.541951199818484, 13.722334962688612 ], [ -88.528476532193622, 13.722334962688606 ], [ -88.528476532193622, 13.708860295063744 ], [ -88.51500186456876, 13.70886029506374 ], [ -88.51500186456876, 13.695385627438879 ], [ -88.528476532193622, 13.695385627438876 ], [ -88.528476532193622, 13.668436292189138 ], [ -88.541951199818484, 13.668436292189146 ], [ -88.541951199818484, 13.654961624564285 ], [ -88.555425867443347, 13.65496162456428 ], [ -88.555425867443347, 13.628012289314546 ], [ -88.568900535068209, 13.628012289314547 ], [ -88.568900535068209, 13.601062954064822 ], [ -88.555425867443347, 13.601062954064819 ], [ -88.555425867443347, 13.614537621689689 ], [ -88.541951199818484, 13.614537621689685 ], [ -88.541951199818484, 13.641486956939415 ], [ -88.51500186456876, 13.641486956939417 ], [ -88.51500186456876, 13.654961624564278 ], [ -88.501527196943883, 13.65496162456428 ], [ -88.501527196943883, 13.66843629218914 ], [ -88.474577861694158, 13.66843629218914 ], [ -88.474577861694158, 13.681910959814005 ], [ -88.447628526444433, 13.681910959814012 ], [ -88.447628526444433, 13.695385627438876 ], [ -88.43415385881957, 13.695385627438874 ], [ -88.43415385881957, 13.70886029506374 ], [ -88.420679191194694, 13.708860295063747 ], [ -88.420679191194694, 13.695385627438874 ], [ -88.380255188320106, 13.695385627438876 ], [ -88.380255188320106, 13.70886029506374 ], [ -88.366780520695244, 13.708860295063738 ], [ -88.366780520695244, 13.735809630313467 ], [ -88.353305853070367, 13.735809630313469 ], [ -88.353305853070367, 13.749284297938337 ], [ -88.407204523569831, 13.749284297938338 ], [ -88.407204523569831, 13.735809630313467 ], [ -88.43415385881957, 13.735809630313472 ], [ -88.43415385881957, 13.722334962688606 ], [ -88.461103194069295, 13.722334962688603 ], [ -88.461103194069295, 13.735809630313469 ], [ -88.474577861694158, 13.735809630313467 ], [ -88.474577861694158, 13.749284297938333 ], [ -88.461103194069295, 13.749284297938337 ], [ -88.461103194069295, 13.762758965563199 ], [ -88.48805252931902, 13.762758965563203 ], [ -88.48805252931902, 13.776233633188063 ], [ -88.474577861694158, 13.776233633188063 ], [ -88.474577861694158, 13.789708300812928 ], [ -88.501527196943883, 13.789708300812929 ] ], [ [ -88.609324537942811, 13.749284297938335 ], [ -88.609324537942811, 13.762758965563195 ], [ -88.622799205567674, 13.762758965563203 ], [ -88.622799205567674, 13.73580963031347 ], [ -88.649748540817413, 13.735809630313472 ], [ -88.649748540817413, 13.722334962688604 ], [ -88.676697876067138, 13.722334962688606 ], [ -88.676697876067138, 13.708860295063738 ], [ -88.636273873192536, 13.708860295063737 ], [ -88.636273873192536, 13.695385627438874 ], [ -88.622799205567674, 13.695385627438874 ], [ -88.622799205567674, 13.722334962688612 ], [ -88.609324537942811, 13.722334962688601 ], [ -88.609324537942811, 13.708860295063735 ], [ -88.595849870317949, 13.70886029506374 ], [ -88.595849870317949, 13.749284297938335 ], [ -88.609324537942811, 13.749284297938335 ] ], [ [ -88.676697876067138, 13.735809630313472 ], [ -88.690172543692, 13.735809630313469 ], [ -88.690172543692, 13.722334962688606 ], [ -88.676697876067138, 13.722334962688606 ], [ -88.676697876067138, 13.735809630313472 ] ], [ [ -88.595849870317949, 13.695385627438872 ], [ -88.582375202693086, 13.695385627438874 ], [ -88.582375202693086, 13.708860295063738 ], [ -88.595849870317949, 13.70886029506374 ], [ -88.595849870317949, 13.695385627438872 ] ], [ [ -88.649748540817413, 13.601062954064819 ], [ -88.649748540817413, 13.587588286439953 ], [ -88.636273873192536, 13.587588286439955 ], [ -88.636273873192536, 13.574113618815083 ], [ -88.622799205567674, 13.574113618815087 ], [ -88.622799205567674, 13.560638951190223 ], [ -88.609324537942811, 13.560638951190219 ], [ -88.609324537942811, 13.547164283565355 ], [ -88.595849870317949, 13.547164283565351 ], [ -88.595849870317949, 13.574113618815089 ], [ -88.582375202693086, 13.574113618815089 ], [ -88.582375202693086, 13.587588286439953 ], [ -88.568900535068209, 13.587588286439955 ], [ -88.568900535068209, 13.601062954064822 ], [ -88.649748540817413, 13.601062954064819 ] ], [ [ -88.649748540817413, 13.57411361881509 ], [ -88.649748540817413, 13.560638951190219 ], [ -88.636273873192536, 13.560638951190226 ], [ -88.636273873192536, 13.574113618815083 ], [ -88.649748540817413, 13.57411361881509 ] ], [ [ -88.366780520695244, 13.614537621689681 ], [ -88.366780520695244, 13.628012289314547 ], [ -88.380255188320106, 13.628012289314546 ], [ -88.380255188320106, 13.614537621689685 ], [ -88.407204523569831, 13.614537621689685 ], [ -88.407204523569831, 13.574113618815085 ], [ -88.393729855944969, 13.574113618815089 ], [ -88.393729855944969, 13.560638951190226 ], [ -88.380255188320106, 13.560638951190219 ], [ -88.380255188320106, 13.520214948315623 ], [ -88.366780520695244, 13.520214948315626 ], [ -88.366780520695244, 13.506740280690757 ], [ -88.353305853070367, 13.506740280690758 ], [ -88.353305853070367, 13.547164283565355 ], [ -88.366780520695244, 13.547164283565349 ], [ -88.366780520695244, 13.560638951190219 ], [ -88.353305853070367, 13.560638951190219 ], [ -88.353305853070367, 13.574113618815085 ], [ -88.339831185445505, 13.574113618815087 ], [ -88.339831185445505, 13.614537621689678 ], [ -88.366780520695244, 13.614537621689681 ] ], [ [ -88.339831185445505, 13.520214948315623 ], [ -88.339831185445505, 13.506740280690757 ], [ -88.326356517820642, 13.506740280690762 ], [ -88.326356517820642, 13.52021494831563 ], [ -88.339831185445505, 13.520214948315623 ] ], [ [ -88.48805252931902, 13.277670931068053 ], [ -88.474577861694158, 13.277670931068053 ], [ -88.474577861694158, 13.291145598692918 ], [ -88.48805252931902, 13.291145598692918 ], [ -88.48805252931902, 13.277670931068053 ] ], [ [ -88.51500186456876, 13.318094933942648 ], [ -88.51500186456876, 13.331569601567514 ], [ -88.528476532193622, 13.331569601567507 ], [ -88.528476532193622, 13.318094933942648 ], [ -88.51500186456876, 13.318094933942648 ] ], [ [ -88.595849870317949, 13.304620266317785 ], [ -88.622799205567674, 13.304620266317784 ], [ -88.622799205567674, 13.318094933942641 ], [ -88.609324537942811, 13.318094933942643 ], [ -88.609324537942811, 13.331569601567509 ], [ -88.636273873192536, 13.33156960156751 ], [ -88.636273873192536, 13.318094933942648 ], [ -88.649748540817413, 13.318094933942644 ], [ -88.649748540817413, 13.304620266317784 ], [ -88.636273873192536, 13.304620266317782 ], [ -88.636273873192536, 13.277670931068048 ], [ -88.609324537942811, 13.277670931068055 ], [ -88.609324537942811, 13.291145598692918 ], [ -88.595849870317949, 13.291145598692914 ], [ -88.595849870317949, 13.304620266317785 ] ], [ [ -88.973140563814169, 13.520214948315623 ], [ -88.946191228564444, 13.52021494831563 ], [ -88.946191228564444, 13.533689615940492 ], [ -88.973140563814169, 13.533689615940496 ], [ -88.973140563814169, 13.520214948315623 ] ], [ [ -89.269583251561215, 13.587588286439953 ], [ -89.242633916311476, 13.587588286439953 ], [ -89.242633916311476, 13.601062954064814 ], [ -89.269583251561215, 13.601062954064812 ], [ -89.269583251561215, 13.587588286439953 ] ], [ [ -88.797969884690929, 13.93792964468645 ], [ -88.797969884690929, 13.924454977061588 ], [ -88.784495217066066, 13.924454977061584 ], [ -88.784495217066066, 13.937929644686447 ], [ -88.797969884690929, 13.93792964468645 ] ], [ [ -89.080937904813098, 13.91098030943672 ], [ -89.080937904813098, 13.884030974186986 ], [ -89.067463237188235, 13.884030974186986 ], [ -89.067463237188235, 13.91098030943672 ], [ -89.080937904813098, 13.91098030943672 ] ], [ [ -88.744071214191464, 13.91098030943672 ], [ -88.744071214191464, 13.897505641811854 ], [ -88.730596546566602, 13.897505641811852 ], [ -88.730596546566602, 13.91098030943672 ], [ -88.744071214191464, 13.91098030943672 ] ], [ [ -89.107887240062837, 13.897505641811856 ], [ -89.107887240062837, 13.884030974186986 ], [ -89.09441257243796, 13.884030974186986 ], [ -89.09441257243796, 13.897505641811854 ], [ -89.107887240062837, 13.897505641811856 ] ], [ [ -88.89229255806498, 13.897505641811852 ], [ -88.89229255806498, 13.884030974186988 ], [ -88.878817890440118, 13.884030974186983 ], [ -88.878817890440118, 13.897505641811856 ], [ -88.89229255806498, 13.897505641811852 ] ], [ [ -88.771020549441189, 13.88403097418699 ], [ -88.771020549441189, 13.870556306562124 ], [ -88.744071214191464, 13.870556306562124 ], [ -88.744071214191464, 13.88403097418699 ], [ -88.771020549441189, 13.88403097418699 ] ], [ [ -89.09441257243796, 13.87055630656212 ], [ -89.09441257243796, 13.843606971312388 ], [ -89.080937904813098, 13.843606971312392 ], [ -89.080937904813098, 13.857081638937261 ], [ -89.067463237188235, 13.857081638937258 ], [ -89.067463237188235, 13.870556306562122 ], [ -89.09441257243796, 13.87055630656212 ] ], [ [ -89.080937904813098, 13.803182968437797 ], [ -89.09441257243796, 13.803182968437794 ], [ -89.09441257243796, 13.776233633188063 ], [ -89.134836575312562, 13.77623363318807 ], [ -89.134836575312562, 13.762758965563199 ], [ -89.148311242937424, 13.762758965563203 ], [ -89.148311242937424, 13.749284297938337 ], [ -89.09441257243796, 13.749284297938337 ], [ -89.09441257243796, 13.762758965563197 ], [ -89.080937904813098, 13.762758965563199 ], [ -89.080937904813098, 13.749284297938331 ], [ -89.067463237188235, 13.749284297938337 ], [ -89.067463237188235, 13.762758965563197 ], [ -89.053988569563359, 13.762758965563199 ], [ -89.053988569563359, 13.789708300812931 ], [ -89.027039234313634, 13.789708300812933 ], [ -89.027039234313634, 13.803182968437797 ], [ -89.040513901938496, 13.803182968437797 ], [ -89.040513901938496, 13.83013230368752 ], [ -89.053988569563359, 13.830132303687522 ], [ -89.053988569563359, 13.84360697131239 ], [ -89.080937904813098, 13.843606971312392 ], [ -89.080937904813098, 13.803182968437797 ] ], [ [ -89.013564566688771, 13.803182968437799 ], [ -89.013564566688771, 13.816657636062661 ], [ -89.027039234313634, 13.816657636062663 ], [ -89.027039234313634, 13.803182968437797 ], [ -89.013564566688771, 13.803182968437799 ] ], [ [ -89.053988569563359, 13.870556306562122 ], [ -89.053988569563359, 13.857081638937263 ], [ -89.040513901938496, 13.857081638937258 ], [ -89.040513901938496, 13.870556306562118 ], [ -89.053988569563359, 13.870556306562122 ] ], [ [ -88.91924189331472, 13.870556306562129 ], [ -88.91924189331472, 13.85708163893726 ], [ -88.905767225689843, 13.857081638937258 ], [ -88.905767225689843, 13.870556306562122 ], [ -88.91924189331472, 13.870556306562129 ] ], [ [ -88.89229255806498, 13.870556306562127 ], [ -88.89229255806498, 13.816657636062663 ], [ -88.865343222815255, 13.816657636062667 ], [ -88.865343222815255, 13.870556306562124 ], [ -88.89229255806498, 13.870556306562127 ] ], [ [ -88.824919219940654, 13.870556306562124 ], [ -88.824919219940654, 13.857081638937258 ], [ -88.838393887565516, 13.857081638937261 ], [ -88.838393887565516, 13.84360697131239 ], [ -88.797969884690929, 13.843606971312392 ], [ -88.797969884690929, 13.857081638937267 ], [ -88.811444552315791, 13.85708163893726 ], [ -88.811444552315791, 13.870556306562124 ], [ -88.824919219940654, 13.870556306562124 ] ], [ [ -88.973140563814169, 13.843606971312392 ], [ -88.973140563814169, 13.830132303687522 ], [ -88.959665896189307, 13.830132303687522 ], [ -88.959665896189307, 13.84360697131239 ], [ -88.973140563814169, 13.843606971312392 ] ], [ [ -88.932716560939582, 13.84360697131239 ], [ -88.932716560939582, 13.83013230368752 ], [ -88.946191228564444, 13.83013230368752 ], [ -88.946191228564444, 13.816657636062663 ], [ -88.905767225689843, 13.816657636062663 ], [ -88.905767225689843, 13.830132303687522 ], [ -88.91924189331472, 13.830132303687527 ], [ -88.91924189331472, 13.843606971312388 ], [ -88.932716560939582, 13.84360697131239 ] ], [ [ -88.771020549441189, 13.81665763606266 ], [ -88.757545881816327, 13.816657636062667 ], [ -88.757545881816327, 13.83013230368752 ], [ -88.771020549441189, 13.830132303687522 ], [ -88.771020549441189, 13.81665763606266 ] ], [ [ -88.784495217066066, 13.816657636062661 ], [ -88.784495217066066, 13.789708300812929 ], [ -88.771020549441189, 13.789708300812929 ], [ -88.771020549441189, 13.81665763606266 ], [ -88.784495217066066, 13.816657636062661 ] ], [ [ -88.797969884690929, 13.789708300812933 ], [ -88.797969884690929, 13.776233633188067 ], [ -88.784495217066066, 13.776233633188067 ], [ -88.784495217066066, 13.789708300812929 ], [ -88.797969884690929, 13.789708300812933 ] ], [ [ -88.582375202693086, 13.830132303687522 ], [ -88.582375202693086, 13.816657636062669 ], [ -88.568900535068209, 13.816657636062667 ], [ -88.568900535068209, 13.830132303687526 ], [ -88.582375202693086, 13.830132303687522 ] ], [ [ -88.986615231439046, 13.816657636062661 ], [ -88.986615231439046, 13.803182968437799 ], [ -88.973140563814169, 13.803182968437797 ], [ -88.973140563814169, 13.789708300812933 ], [ -88.946191228564444, 13.789708300812933 ], [ -88.946191228564444, 13.803182968437801 ], [ -88.959665896189307, 13.803182968437797 ], [ -88.959665896189307, 13.816657636062656 ], [ -88.986615231439046, 13.816657636062661 ] ], [ [ -88.91924189331472, 13.803182968437797 ], [ -88.91924189331472, 13.776233633188067 ], [ -88.905767225689843, 13.776233633188067 ], [ -88.905767225689843, 13.803182968437797 ], [ -88.91924189331472, 13.803182968437797 ] ], [ [ -89.000089899063909, 13.789708300812933 ], [ -89.000089899063909, 13.776233633188069 ], [ -88.986615231439046, 13.776233633188061 ], [ -88.986615231439046, 13.789708300812931 ], [ -89.000089899063909, 13.789708300812933 ] ], [ [ -88.771020549441189, 13.77623363318806 ], [ -88.771020549441189, 13.762758965563199 ], [ -88.744071214191464, 13.762758965563201 ], [ -88.744071214191464, 13.776233633188065 ], [ -88.771020549441189, 13.77623363318806 ] ], [ [ -88.905767225689843, 13.762758965563199 ], [ -88.905767225689843, 13.749284297938337 ], [ -88.89229255806498, 13.749284297938333 ], [ -88.89229255806498, 13.762758965563195 ], [ -88.905767225689843, 13.762758965563199 ] ], [ [ -89.121361907687685, 13.735809630313472 ], [ -89.121361907687685, 13.722334962688606 ], [ -89.107887240062837, 13.722334962688603 ], [ -89.107887240062837, 13.735809630313467 ], [ -89.121361907687685, 13.735809630313472 ] ], [ [ -88.757545881816327, 13.722334962688606 ], [ -88.757545881816327, 13.70886029506374 ], [ -88.744071214191464, 13.708860295063744 ], [ -88.744071214191464, 13.722334962688608 ], [ -88.757545881816327, 13.722334962688606 ] ], [ [ -89.188735245812012, 13.70886029506374 ], [ -89.188735245812012, 13.695385627438874 ], [ -89.148311242937424, 13.695385627438876 ], [ -89.148311242937424, 13.70886029506374 ], [ -89.188735245812012, 13.70886029506374 ] ], [ [ -89.107887240062837, 13.695385627438874 ], [ -89.107887240062837, 13.708860295063735 ], [ -89.134836575312562, 13.708860295063744 ], [ -89.134836575312562, 13.681910959814013 ], [ -89.121361907687685, 13.68191095981401 ], [ -89.121361907687685, 13.695385627438874 ], [ -89.107887240062837, 13.695385627438874 ] ], [ [ -89.09441257243796, 13.695385627438878 ], [ -89.09441257243796, 13.66843629218914 ], [ -89.080937904813098, 13.668436292189142 ], [ -89.080937904813098, 13.654961624564276 ], [ -89.09441257243796, 13.654961624564276 ], [ -89.09441257243796, 13.628012289314549 ], [ -89.027039234313634, 13.628012289314549 ], [ -89.027039234313634, 13.641486956939413 ], [ -89.000089899063909, 13.641486956939415 ], [ -89.000089899063909, 13.668436292189137 ], [ -88.986615231439046, 13.668436292189142 ], [ -88.986615231439046, 13.708860295063738 ], [ -89.080937904813098, 13.708860295063744 ], [ -89.080937904813098, 13.695385627438874 ], [ -89.09441257243796, 13.695385627438878 ] ], [ [ -88.690172543692, 13.695385627438876 ], [ -88.690172543692, 13.70886029506374 ], [ -88.71712187894174, 13.708860295063744 ], [ -88.71712187894174, 13.695385627438872 ], [ -88.690172543692, 13.695385627438876 ] ], [ [ -88.690172543692, 13.668436292189146 ], [ -88.676697876067138, 13.668436292189137 ], [ -88.676697876067138, 13.695385627438872 ], [ -88.690172543692, 13.695385627438876 ], [ -88.690172543692, 13.668436292189146 ] ], [ [ -88.757545881816327, 13.695385627438874 ], [ -88.757545881816327, 13.681910959814012 ], [ -88.730596546566602, 13.68191095981401 ], [ -88.730596546566602, 13.695385627438874 ], [ -88.757545881816327, 13.695385627438874 ] ], [ [ -88.663223208442275, 13.68191095981401 ], [ -88.663223208442275, 13.668436292189142 ], [ -88.649748540817413, 13.668436292189138 ], [ -88.649748540817413, 13.68191095981401 ], [ -88.663223208442275, 13.68191095981401 ] ], [ [ -88.407204523569831, 13.641486956939415 ], [ -88.393729855944969, 13.641486956939412 ], [ -88.393729855944969, 13.668436292189138 ], [ -88.366780520695244, 13.66843629218914 ], [ -88.366780520695244, 13.681910959814008 ], [ -88.407204523569831, 13.681910959814006 ], [ -88.407204523569831, 13.668436292189144 ], [ -88.461103194069295, 13.66843629218914 ], [ -88.461103194069295, 13.641486956939413 ], [ -88.447628526444433, 13.641486956939413 ], [ -88.447628526444433, 13.628012289314549 ], [ -88.43415385881957, 13.628012289314546 ], [ -88.43415385881957, 13.641486956939415 ], [ -88.420679191194694, 13.641486956939415 ], [ -88.420679191194694, 13.628012289314549 ], [ -88.407204523569831, 13.628012289314549 ], [ -88.407204523569831, 13.641486956939415 ] ], [ [ -89.188735245812012, 13.668436292189137 ], [ -89.188735245812012, 13.654961624564278 ], [ -89.175260578187149, 13.65496162456428 ], [ -89.175260578187149, 13.668436292189146 ], [ -89.188735245812012, 13.668436292189137 ] ], [ [ -89.134836575312562, 13.654961624564281 ], [ -89.134836575312562, 13.641486956939417 ], [ -89.121361907687685, 13.641486956939413 ], [ -89.121361907687685, 13.654961624564283 ], [ -89.134836575312562, 13.654961624564281 ] ], [ [ -88.91924189331472, 13.654961624564283 ], [ -88.91924189331472, 13.641486956939413 ], [ -88.905767225689843, 13.641486956939415 ], [ -88.905767225689843, 13.65496162456428 ], [ -88.91924189331472, 13.654961624564283 ] ], [ [ -89.067463237188235, 13.560638951190219 ], [ -89.067463237188235, 13.601062954064817 ], [ -89.080937904813098, 13.601062954064815 ], [ -89.080937904813098, 13.587588286439953 ], [ -89.09441257243796, 13.587588286439953 ], [ -89.09441257243796, 13.560638951190217 ], [ -89.067463237188235, 13.560638951190219 ] ], [ [ -88.932716560939582, 13.587588286439953 ], [ -88.932716560939582, 13.601062954064815 ], [ -88.959665896189307, 13.601062954064814 ], [ -88.959665896189307, 13.574113618815085 ], [ -88.946191228564444, 13.574113618815089 ], [ -88.946191228564444, 13.587588286439955 ], [ -88.932716560939582, 13.587588286439953 ] ], [ [ -88.447628526444433, 13.587588286439953 ], [ -88.447628526444433, 13.574113618815089 ], [ -88.43415385881957, 13.574113618815085 ], [ -88.43415385881957, 13.587588286439953 ], [ -88.447628526444433, 13.587588286439953 ] ], [ [ -89.053988569563359, 13.574113618815087 ], [ -89.053988569563359, 13.547164283565353 ], [ -89.040513901938496, 13.547164283565353 ], [ -89.040513901938496, 13.574113618815083 ], [ -89.053988569563359, 13.574113618815087 ] ], [ [ -88.932716560939582, 13.547164283565355 ], [ -88.932716560939582, 13.533689615940492 ], [ -88.91924189331472, 13.533689615940494 ], [ -88.91924189331472, 13.547164283565358 ], [ -88.932716560939582, 13.547164283565355 ] ], [ [ -88.811444552315791, 13.547164283565358 ], [ -88.811444552315791, 13.533689615940492 ], [ -88.797969884690929, 13.533689615940492 ], [ -88.797969884690929, 13.547164283565358 ], [ -88.811444552315791, 13.547164283565358 ] ], [ [ -88.811444552315791, 13.520214948315628 ], [ -88.811444552315791, 13.493265613065898 ], [ -88.824919219940654, 13.493265613065899 ], [ -88.824919219940654, 13.479790945441032 ], [ -88.784495217066066, 13.47979094544103 ], [ -88.784495217066066, 13.466316277816166 ], [ -88.811444552315791, 13.466316277816162 ], [ -88.811444552315791, 13.452841610191298 ], [ -88.771020549441189, 13.452841610191305 ], [ -88.771020549441189, 13.425892274941569 ], [ -88.757545881816327, 13.425892274941575 ], [ -88.757545881816327, 13.43936694256643 ], [ -88.744071214191464, 13.439366942566435 ], [ -88.744071214191464, 13.466316277816162 ], [ -88.71712187894174, 13.466316277816164 ], [ -88.71712187894174, 13.439366942566435 ], [ -88.703647211316863, 13.439366942566432 ], [ -88.703647211316863, 13.452841610191307 ], [ -88.690172543692, 13.452841610191298 ], [ -88.690172543692, 13.466316277816171 ], [ -88.703647211316863, 13.466316277816162 ], [ -88.703647211316863, 13.47979094544103 ], [ -88.663223208442275, 13.479790945441032 ], [ -88.663223208442275, 13.493265613065899 ], [ -88.676697876067138, 13.493265613065898 ], [ -88.676697876067138, 13.506740280690762 ], [ -88.690172543692, 13.506740280690762 ], [ -88.690172543692, 13.520214948315624 ], [ -88.71712187894174, 13.520214948315623 ], [ -88.71712187894174, 13.533689615940492 ], [ -88.730596546566602, 13.533689615940492 ], [ -88.730596546566602, 13.547164283565358 ], [ -88.757545881816327, 13.547164283565358 ], [ -88.757545881816327, 13.533689615940492 ], [ -88.771020549441189, 13.533689615940496 ], [ -88.771020549441189, 13.506740280690758 ], [ -88.797969884690929, 13.506740280690762 ], [ -88.797969884690929, 13.520214948315628 ], [ -88.811444552315791, 13.520214948315628 ] ], [ [ -88.703647211316863, 13.425892274941571 ], [ -88.690172543692, 13.425892274941571 ], [ -88.690172543692, 13.43936694256643 ], [ -88.703647211316863, 13.439366942566432 ], [ -88.703647211316863, 13.425892274941571 ] ], [ [ -88.730596546566602, 13.425892274941569 ], [ -88.730596546566602, 13.412417607316701 ], [ -88.71712187894174, 13.412417607316701 ], [ -88.71712187894174, 13.398942939691837 ], [ -88.730596546566602, 13.398942939691835 ], [ -88.730596546566602, 13.385468272066975 ], [ -88.703647211316863, 13.385468272066975 ], [ -88.703647211316863, 13.425892274941571 ], [ -88.730596546566602, 13.425892274941569 ] ], [ [ -88.663223208442275, 13.466316277816164 ], [ -88.676697876067138, 13.466316277816162 ], [ -88.676697876067138, 13.439366942566433 ], [ -88.663223208442275, 13.439366942566433 ], [ -88.663223208442275, 13.452841610191301 ], [ -88.636273873192536, 13.452841610191301 ], [ -88.636273873192536, 13.479790945441032 ], [ -88.663223208442275, 13.479790945441032 ], [ -88.663223208442275, 13.466316277816164 ] ], [ [ -89.202209913436889, 13.533689615940492 ], [ -89.202209913436889, 13.520214948315626 ], [ -89.188735245812012, 13.520214948315623 ], [ -89.188735245812012, 13.533689615940492 ], [ -89.202209913436889, 13.533689615940492 ] ], [ [ -88.622799205567674, 13.479790945441032 ], [ -88.622799205567674, 13.452841610191305 ], [ -88.609324537942811, 13.452841610191298 ], [ -88.609324537942811, 13.47979094544103 ], [ -88.622799205567674, 13.479790945441032 ] ], [ [ -88.986615231439046, 13.452841610191305 ], [ -88.973140563814169, 13.452841610191301 ], [ -88.973140563814169, 13.466316277816164 ], [ -88.986615231439046, 13.466316277816166 ], [ -88.986615231439046, 13.452841610191305 ] ], [ [ -89.000089899063909, 13.4528416101913 ], [ -89.000089899063909, 13.439366942566428 ], [ -88.986615231439046, 13.439366942566435 ], [ -88.986615231439046, 13.452841610191305 ], [ -89.000089899063909, 13.4528416101913 ] ], [ [ -88.959665896189307, 13.439366942566432 ], [ -88.973140563814169, 13.439366942566428 ], [ -88.973140563814169, 13.425892274941567 ], [ -88.946191228564444, 13.425892274941569 ], [ -88.946191228564444, 13.466316277816166 ], [ -88.959665896189307, 13.466316277816162 ], [ -88.959665896189307, 13.439366942566432 ] ], [ [ -88.986615231439046, 13.425892274941571 ], [ -88.986615231439046, 13.412417607316703 ], [ -88.973140563814169, 13.412417607316707 ], [ -88.973140563814169, 13.425892274941567 ], [ -88.986615231439046, 13.425892274941571 ] ], [ [ -88.905767225689843, 13.466316277816166 ], [ -88.905767225689843, 13.452841610191301 ], [ -88.89229255806498, 13.452841610191301 ], [ -88.89229255806498, 13.46631627781616 ], [ -88.905767225689843, 13.466316277816166 ] ], [ [ -88.91924189331472, 13.412417607316705 ], [ -88.905767225689843, 13.412417607316703 ], [ -88.905767225689843, 13.425892274941569 ], [ -88.91924189331472, 13.425892274941571 ], [ -88.91924189331472, 13.412417607316705 ] ], [ [ -88.932716560939582, 13.4124176073167 ], [ -88.932716560939582, 13.398942939691835 ], [ -88.91924189331472, 13.398942939691835 ], [ -88.91924189331472, 13.412417607316705 ], [ -88.932716560939582, 13.4124176073167 ] ], [ [ -88.973140563814169, 13.398942939691839 ], [ -88.973140563814169, 13.385468272066969 ], [ -88.932716560939582, 13.385468272066971 ], [ -88.932716560939582, 13.398942939691835 ], [ -88.973140563814169, 13.398942939691839 ] ], [ [ -88.811444552315791, 13.412417607316707 ], [ -88.797969884690929, 13.412417607316703 ], [ -88.797969884690929, 13.425892274941573 ], [ -88.811444552315791, 13.425892274941571 ], [ -88.811444552315791, 13.412417607316707 ] ], [ [ -88.824919219940654, 13.412417607316707 ], [ -88.824919219940654, 13.398942939691839 ], [ -88.838393887565516, 13.398942939691841 ], [ -88.838393887565516, 13.371993604442109 ], [ -88.824919219940654, 13.37199360444211 ], [ -88.824919219940654, 13.385468272066975 ], [ -88.797969884690929, 13.385468272066975 ], [ -88.797969884690929, 13.398942939691839 ], [ -88.811444552315791, 13.398942939691839 ], [ -88.811444552315791, 13.412417607316707 ], [ -88.824919219940654, 13.412417607316707 ] ], [ [ -88.851868555190393, 13.371993604442114 ], [ -88.851868555190393, 13.35851893681725 ], [ -88.838393887565516, 13.358518936817243 ], [ -88.838393887565516, 13.371993604442109 ], [ -88.851868555190393, 13.371993604442114 ] ], [ [ -88.824919219940654, 13.34504426919238 ], [ -88.811444552315791, 13.345044269192384 ], [ -88.811444552315791, 13.371993604442109 ], [ -88.824919219940654, 13.37199360444211 ], [ -88.824919219940654, 13.34504426919238 ] ], [ [ -88.797969884690929, 13.371993604442109 ], [ -88.784495217066066, 13.371993604442109 ], [ -88.784495217066066, 13.385468272066968 ], [ -88.797969884690929, 13.385468272066975 ], [ -88.797969884690929, 13.371993604442109 ] ], [ [ -88.649748540817413, 13.425892274941571 ], [ -88.649748540817413, 13.412417607316705 ], [ -88.636273873192536, 13.412417607316703 ], [ -88.636273873192536, 13.425892274941569 ], [ -88.649748540817413, 13.425892274941571 ] ], [ [ -88.380255188320106, 13.425892274941569 ], [ -88.380255188320106, 13.412417607316705 ], [ -88.366780520695244, 13.4124176073167 ], [ -88.366780520695244, 13.425892274941567 ], [ -88.380255188320106, 13.425892274941569 ] ], [ [ -88.878817890440118, 13.412417607316705 ], [ -88.878817890440118, 13.398942939691837 ], [ -88.865343222815255, 13.398942939691841 ], [ -88.865343222815255, 13.412417607316705 ], [ -88.878817890440118, 13.412417607316705 ] ], [ [ -88.757545881816327, 13.412417607316701 ], [ -88.757545881816327, 13.398942939691841 ], [ -88.744071214191464, 13.398942939691842 ], [ -88.744071214191464, 13.412417607316707 ], [ -88.757545881816327, 13.412417607316701 ] ], [ [ -88.393729855944969, 13.398942939691841 ], [ -88.393729855944969, 13.371993604442109 ], [ -88.380255188320106, 13.371993604442114 ], [ -88.380255188320106, 13.398942939691837 ], [ -88.393729855944969, 13.398942939691841 ] ], [ [ -88.663223208442275, 13.385468272066969 ], [ -88.663223208442275, 13.37199360444211 ], [ -88.649748540817413, 13.37199360444211 ], [ -88.649748540817413, 13.385468272066975 ], [ -88.663223208442275, 13.385468272066969 ] ], [ [ -88.878817890440118, 13.37199360444211 ], [ -88.878817890440118, 13.358518936817244 ], [ -88.865343222815255, 13.358518936817244 ], [ -88.865343222815255, 13.371993604442109 ], [ -88.878817890440118, 13.37199360444211 ] ], [ [ -88.757545881816327, 13.371993604442107 ], [ -88.757545881816327, 13.358518936817244 ], [ -88.730596546566602, 13.358518936817244 ], [ -88.730596546566602, 13.371993604442109 ], [ -88.757545881816327, 13.371993604442107 ] ], [ [ -88.461103194069295, 13.37199360444211 ], [ -88.461103194069295, 13.358518936817246 ], [ -88.447628526444433, 13.358518936817244 ], [ -88.447628526444433, 13.371993604442109 ], [ -88.461103194069295, 13.37199360444211 ] ], [ [ -88.797969884690929, 13.358518936817244 ], [ -88.797969884690929, 13.331569601567512 ], [ -88.784495217066066, 13.331569601567514 ], [ -88.784495217066066, 13.358518936817244 ], [ -88.797969884690929, 13.358518936817244 ] ], [ [ -88.690172543692, 13.331569601567518 ], [ -88.690172543692, 13.318094933942648 ], [ -88.676697876067138, 13.318094933942648 ], [ -88.676697876067138, 13.331569601567514 ], [ -88.690172543692, 13.331569601567518 ] ], [ [ -88.461103194069295, 13.318094933942648 ], [ -88.461103194069295, 13.304620266317782 ], [ -88.447628526444433, 13.304620266317784 ], [ -88.447628526444433, 13.318094933942644 ], [ -88.461103194069295, 13.318094933942648 ] ], [ [ -88.461103194069295, 13.291145598692918 ], [ -88.461103194069295, 13.277670931068053 ], [ -88.447628526444433, 13.27767093106805 ], [ -88.447628526444433, 13.291145598692918 ], [ -88.461103194069295, 13.291145598692918 ] ] ] } },
{ "type": "Feature", "properties": { "class_id": 3, "area_m2": 2172948.0985774016, "class_name": "Normal", "index": "NMDI", "min_value": null, "max_value": null }, "geometry": { "type": "Polygon", "coordinates": [ [ [ -88.420679191194694, 13.641486956939415 ], [ -88.420679191194694, 13.65496162456428 ], [ -88.407204523569831, 13.654961624564274 ], [ -88.407204523569831, 13.641486956939415 ], [ -88.420679191194694, 13.641486956939415 ] ] ] } },
{ "type": "Feature", "properties": { "class_id": 3, "area_m2": 2172123.3533517509, "class_name": "Normal", "index": "NMDI", "min_value": null, "max_value": null }, "geometry": { "type": "Polygon", "coordinates": [ [ [ -88.501527196943883, 13.762758965563197 ], [ -88.48805252931902, 13.762758965563203 ], [ -88.48805252931902, 13.749284297938337 ], [ -88.501527196943883, 13.749284297938337 ], [ -88.501527196943883, 13.762758965563197 ] ] ] } },
{ "type": "Feature", "properties": { "class_id": 3, "area_m2": 2171387.9882187527, "class_name": "Normal", "index": "NMDI", "min_value": null, "max_value": null }, "geometry": { "type": "Polygon", "coordinates": [ [ [ -88.43415385881957, 13.830132303687522 ], [ -88.420679191194694, 13.83013230368752 ], [ -88.420679191194694, 13.816657636062667 ], [ -88.43415385881957, 13.816657636062663 ], [ -88.43415385881957, 13.830132303687522 ] ] ] } },
{ "type": "Feature", "properties": { "class_id": 3, "area_m2": 2171462.8699285015, "class_name": "Normal", "index": "NMDI", "min_value": null, "max_value": null }, "geometry": { "type": "Polygon", "coordinates": [ [ [ -88.663223208442275, 13.870556306562127 ], [ -88.649748540817413, 13.870556306562127 ], [ -88.649748540817413, 13.85708163893726 ], [ -88.663223208442275, 13.85708163893726 ], [ -88.663223208442275, 13.870556306562127 ] ] ] } },
{ "type": "Feature", "properties": { "class_id": 3, "area_m2": 8687321.3339548744, "class_name": "Normal", "index": "NMDI", "min_value": null, "max_value": null }, "geometry": { "type": "Polygon", "coordinates": [ [ [ -88.973140563814169, 13.91098030943672 ], [ -88.959665896189307, 13.91098030943672 ], [ -88.959665896189307, 13.897505641811852 ], [ -88.946191228564444, 13.897505641811854 ], [ -88.946191228564444, 13.884030974186985 ], [ -88.986615231439046, 13.884030974186985 ], [ -88.986615231439046, 13.897505641811859 ], [ -88.973140563814169, 13.897505641811851 ], [ -88.973140563814169, 13.91098030943672 ] ] ] } },
{ "type": "Feature", "properties": { "class_id": 3, "area_m2": 2171607.9782602456, "class_name": "Normal", "index": "NMDI", "min_value": null, "max_value": null }, "geometry": { "type": "Polygon", "coordinates": [ [ [ -88.946191228564444, 13.924454977061584 ], [ -88.932716560939582, 13.924454977061579 ], [ -88.932716560939582, 13.910980309436725 ], [ -88.946191228564444, 13.91098030943672 ], [ -88.946191228564444, 13.924454977061584 ] ] ] } },
{ "type": "Feature", "properties": { "class_id": 3, "area_m2": 2171740.9748628326, "class_name": "Normal", "index": "NMDI", "min_value": null, "max_value": null }, "geometry": { "type": "Polygon", "coordinates": [ [ [ -89.000089899063909, 13.924454977061584 ], [ -88.986615231439046, 13.924454977061588 ], [ -88.986615231439046, 13.91098030943672 ], [ -89.000089899063909, 13.910980309436725 ], [ -89.000089899063909, 13.924454977061584 ] ] ] } },
{ "type": "Feature", "properties": { "class_id": 3, "area_m2": 34729107.011088066, "class_name": "Normal", "index": "NMDI", "min_value": null, "max_value": null }, "geometry": { "type": "Polygon", "coordinates": [ [ [ -88.676697876067138, 13.964878979936181 ], [ -88.663223208442275, 13.964878979936181 ], [ -88.663223208442275, 13.991828315185911 ], [ -88.649748540817413, 13.991828315185911 ], [ -88.649748540817413, 13.978353647561045 ], [ -88.636273873192536, 13.978353647561041 ], [ -88.636273873192536, 13.991828315185911 ], [ -88.622799205567674, 13.991828315185911 ], [ -88.622799205567674, 13.964878979936181 ], [ -88.609324537942811, 13.964878979936181 ], [ -88.609324537942811, 13.924454977061583 ], [ -88.636273873192536, 13.924454977061588 ], [ -88.636273873192536, 13.937929644686449 ], [ -88.649748540817413, 13.93792964468645 ], [ -88.649748540817413, 13.951404312311315 ], [ -88.663223208442275, 13.951404312311311 ], [ -88.663223208442275, 13.937929644686449 ], [ -88.676697876067138, 13.937929644686445 ], [ -88.676697876067138, 13.964878979936181 ] ] ] } },
{ "type": "Feature", "properties": { "class_id": 3, "area_m2": 2171302.5372351003, "class_name": "Normal", "index": "NMDI", "min_value": null, "max_value": null }, "geometry": { "type": "Polygon", "coordinates": [ [ [ -88.973140563814169, 13.964878979936181 ], [ -88.959665896189307, 13.964878979936181 ], [ -88.959665896189307, 13.951404312311311 ], [ -88.973140563814169, 13.951404312311315 ], [ -88.973140563814169, 13.964878979936181 ] ] ] } },
{ "type": "Feature", "properties": { "class_id": 3, "area_m2": 41246044.83492884, "class_name": "Normal", "index": "NMDI", "min_value": null, "max_value": null }, "geometry": { "type": "Polygon", "coordinates": [ [ [ -88.878817890440118, 13.951404312311311 ], [ -88.89229255806498, 13.951404312311315 ], [ -88.89229255806498, 13.97835364756105 ], [ -88.905767225689843, 13.978353647561045 ], [ -88.905767225689843, 14.005302982810775 ], [ -88.91924189331472, 14.005302982810777 ], [ -88.91924189331472, 14.018777650435641 ], [ -88.89229255806498, 14.018777650435641 ], [ -88.89229255806498, 14.005302982810772 ], [ -88.865343222815255, 14.005302982810774 ], [ -88.865343222815255, 13.978353647561047 ], [ -88.838393887565516, 13.978353647561047 ], [ -88.838393887565516, 13.991828315185906 ], [ -88.824919219940654, 13.991828315185911 ], [ -88.824919219940654, 14.005302982810774 ], [ -88.811444552315791, 14.005302982810774 ], [ -88.811444552315791, 13.978353647561045 ], [ -88.824919219940654, 13.978353647561043 ], [ -88.824919219940654, 13.964878979936181 ], [ -88.865343222815255, 13.964878979936183 ], [ -88.865343222815255, 13.937929644686447 ], [ -88.878817890440118, 13.937929644686447 ], [ -88.878817890440118, 13.951404312311311 ] ] ] } },
{ "type": "Feature", "properties": { "class_id": 3, "area_m2": 6513489.7141764276, "class_name": "Normal", "index": "NMDI", "min_value": null, "max_value": null }, "geometry": { "type": "Polygon", "coordinates": [ [ [ -88.986615231439046, 13.978353647561047 ], [ -89.000089899063909, 13.978353647561045 ], [ -89.000089899063909, 13.991828315185911 ], [ -88.973140563814169, 13.991828315185911 ], [ -88.973140563814169, 13.964878979936181 ], [ -88.986615231439046, 13.964878979936181 ], [ -88.986615231439046, 13.978353647561047 ] ] ] } },
{ "type": "Feature", "properties": { "class_id": 3, "area_m2": 2170547.2120442493, "class_name": "Normal", "index": "NMDI", "min_value": null, "max_value": null }, "geometry": { "type": "Polygon", "coordinates": [ [ [ -88.865343222815255, 14.018777650435643 ], [ -88.851868555190393, 14.018777650435643 ], [ -88.851868555190393, 14.005302982810777 ], [ -88.865343222815255, 14.005302982810774 ], [ -88.865343222815255, 14.018777650435643 ] ] ] } },
{ "type": "Feature", "properties": { "class_id": 3, "area_m2": 2170781.6780407927, "class_name": "Normal", "index": "NMDI", "min_value": null, "max_value": null }, "geometry": { "type": "Polygon", "coordinates": [ [ [ -89.013564566688771, 14.032252318060504 ], [ -89.000089899063909, 14.032252318060511 ], [ -89.000089899063909, 14.018777650435641 ], [ -89.013564566688771, 14.018777650435641 ], [ -89.013564566688771, 14.032252318060504 ] ] ] } },
{ "type": "Feature", "properties": { "class_id": 3, "area_m2": 10852452.379589844, "class_name": "Normal", "index": "NMDI", "min_value": null, "max_value": null }, "geometry": { "type": "Polygon", "coordinates": [ [ [ -88.91924189331472, 14.032252318060506 ], [ -88.932716560939582, 14.032252318060507 ], [ -88.932716560939582, 14.018777650435645 ], [ -88.946191228564444, 14.018777650435643 ], [ -88.946191228564444, 14.032252318060511 ], [ -88.959665896189307, 14.0322523180605 ], [ -88.959665896189307, 14.045726985685365 ], [ -88.946191228564444, 14.045726985685365 ], [ -88.946191228564444, 14.059201653310234 ], [ -88.932716560939582, 14.059201653310234 ], [ -88.932716560939582, 14.04572698568537 ], [ -88.91924189331472, 14.045726985685365 ], [ -88.91924189331472, 14.032252318060506 ] ] ] } },
{ "type": "Feature", "properties": { "class_id": 3, "area_m2": 6510805.1951646209, "class_name": "Normal", "index": "NMDI", "min_value": null, "max_value": null }, "geometry": { "type": "Polygon", "coordinates": [ [ [ -88.905767225689843, 14.072676320935102 ], [ -88.89229255806498, 14.072676320935102 ], [ -88.89229255806498, 14.032252318060502 ], [ -88.905767225689843, 14.032252318060507 ], [ -88.905767225689843, 14.072676320935102 ] ] ] } },
{ "type": "Feature", "properties": { "class_id": 3, "area_m2": 2170407.3148352699, "class_name": "Normal", "index": "NMDI", "min_value": null, "max_value": null }, "geometry": { "type": "Polygon", "coordinates": [ [ [ -89.013564566688771, 14.072676320935104 ], [ -89.000089899063909, 14.072676320935104 ], [ -89.000089899063909, 14.059201653310234 ], [ -89.013564566688771, 14.059201653310234 ], [ -89.013564566688771, 14.072676320935104 ] ] ] } },
{ "type": "Feature", "properties": { "class_id": 3, "area_m2": 2169990.7134665172, "class_name": "Normal", "index": "NMDI", "min_value": null, "max_value": null }, "geometry": { "type": "Polygon", "coordinates": [ [ [ -88.946191228564444, 14.099625656184839 ], [ -88.932716560939582, 14.099625656184834 ], [ -88.932716560939582, 14.086150988559968 ], [ -88.946191228564444, 14.086150988559972 ], [ -88.946191228564444, 14.099625656184839 ] ] ] } },
{ "type": "Feature", "properties": { "class_id": 3, "area_m2": 21698800.078184854, "class_name": "Normal", "index": "NMDI", "min_value": null, "max_value": null }, "geometry": { "type": "Polygon", "coordinates": [ [ [ -88.932716560939582, 14.086150988559968 ], [ -88.91924189331472, 14.086150988559965 ], [ -88.91924189331472, 14.113100323809695 ], [ -88.946191228564444, 14.1131003238097 ], [ -88.946191228564444, 14.126574991434564 ], [ -88.89229255806498, 14.126574991434559 ], [ -88.89229255806498, 14.086150988559965 ], [ -88.905767225689843, 14.086150988559966 ], [ -88.905767225689843, 14.072676320935102 ], [ -88.932716560939582, 14.072676320935104 ], [ -88.932716560939582, 14.086150988559968 ] ] ] } },
{ "type": "Feature", "properties": { "class_id": 3, "area_m2": 2169275.176249559, "class_name": "Normal", "index": "NMDI", "min_value": null, "max_value": null }, "geometry": { "type": "Polygon", "coordinates": [ [ [ -88.744071214191464, 14.126574991434564 ], [ -88.730596546566602, 14.126574991434559 ], [ -88.730596546566602, 14.113100323809698 ], [ -88.744071214191464, 14.113100323809695 ], [ -88.744071214191464, 14.126574991434564 ] ] ] } },
{ "type": "Feature", "properties": { "class_id": 3, "area_m2": 2169394.1550535327, "class_name": "Normal", "index": "NMDI", "min_value": null, "max_value": null }, "geometry": { "type": "Polygon", "coordinates": [ [ [ -88.797969884690929, 14.126574991434568 ], [ -88.784495217066066, 14.126574991434564 ], [ -88.784495217066066, 14.113100323809695 ], [ -88.797969884690929, 14.113100323809698 ], [ -88.797969884690929, 14.126574991434568 ] ] ] } },
{ "type": "Feature", "properties": { "class_id": 3, "area_m2": 2169814.9734309423, "class_name": "Normal", "index": "NMDI", "min_value": null, "max_value": null }, "geometry": { "type": "Polygon", "coordinates": [ [ [ -89.027039234313634, 14.140049659059425 ], [ -89.013564566688771, 14.140049659059429 ], [ -89.013564566688771, 14.126574991434561 ], [ -89.027039234313634, 14.126574991434564 ], [ -89.027039234313634, 14.140049659059425 ] ] ] } },
{ "type": "Feature", "properties": { "class_id": 3, "area_m2": 2169113.1541186073, "class_name": "Normal", "index": "NMDI", "min_value": null, "max_value": null }, "geometry": { "type": "Polygon", "coordinates": [ [ [ -88.784495217066066, 14.153524326684289 ], [ -88.771020549441189, 14.153524326684291 ], [ -88.771020549441189, 14.140049659059423 ], [ -88.784495217066066, 14.140049659059425 ], [ -88.784495217066066, 14.153524326684289 ] ] ] } },
{ "type": "Feature", "properties": { "class_id": 3, "area_m2": 2169173.5329688876, "class_name": "Normal", "index": "NMDI", "min_value": null, "max_value": null }, "geometry": { "type": "Polygon", "coordinates": [ [ [ -88.811444552315791, 14.153524326684293 ], [ -88.797969884690929, 14.153524326684291 ], [ -88.797969884690929, 14.140049659059425 ], [ -88.811444552315791, 14.140049659059432 ], [ -88.811444552315791, 14.153524326684293 ] ] ] } },
{ "type": "Feature", "properties": { "class_id": 3, "area_m2": 13015162.034409754, "class_name": "Normal", "index": "NMDI", "min_value": null, "max_value": null }, "geometry": { "type": "Polygon", "coordinates": [ [ [ -88.905767225689843, 14.193948329558893 ], [ -88.89229255806498, 14.193948329558889 ], [ -88.89229255806498, 14.166998994309155 ], [ -88.905767225689843, 14.166998994309155 ], [ -88.905767225689843, 14.153524326684291 ], [ -88.932716560939582, 14.153524326684293 ], [ -88.932716560939582, 14.180473661934027 ], [ -88.905767225689843, 14.180473661934025 ], [ -88.905767225689843, 14.193948329558893 ] ] ] } },
{ "type": "Feature", "properties": { "class_id": 3, "area_m2": 2168865.5773851941, "class_name": "Normal", "index": "NMDI", "min_value": null, "max_value": null }, "geometry": { "type": "Polygon", "coordinates": [ [ [ -89.000089899063909, 14.234372332433486 ], [ -88.986615231439046, 14.234372332433487 ], [ -88.986615231439046, 14.220897664808616 ], [ -89.000089899063909, 14.220897664808621 ], [ -89.000089899063909, 14.234372332433486 ] ] ] } },
{ "type": "Feature", "properties": { "class_id": 3, "area_m2": 2176543.9930268484, "class_name": "Normal", "index": "NMDI", "min_value": null, "max_value": null }, "geometry": { "type": "Polygon", "coordinates": [ [ [ -87.962540491949284, 13.169873590069123 ], [ -87.949065824324421, 13.169873590069125 ], [ -87.949065824324421, 13.15639892244427 ], [ -87.962540491949284, 13.156398922444264 ], [ -87.962540491949284, 13.169873590069123 ] ] ] } },
{ "type": "Feature", "properties": { "class_id": 3, "area_m2": 10884155.635903209, "class_name": "Normal", "index": "NMDI", "min_value": null, "max_value": null }, "geometry": { "type": "Polygon", "coordinates": [ [ [ -88.272457847321178, 13.16987359006913 ], [ -88.326356517820642, 13.169873590069129 ], [ -88.326356517820642, 13.196822925318861 ], [ -88.31288185019578, 13.196822925318857 ], [ -88.31288185019578, 13.183348257693993 ], [ -88.272457847321178, 13.183348257693996 ], [ -88.272457847321178, 13.16987359006913 ] ] ] } },
{ "type": "Feature", "properties": { "class_id": 3, "area_m2": 8707994.6528439093, "class_name": "Normal", "index": "NMDI", "min_value": null, "max_value": null }, "geometry": { "type": "Polygon", "coordinates": [ [ [ -88.366780520695244, 13.169873590069125 ], [ -88.407204523569831, 13.169873590069127 ], [ -88.407204523569831, 13.196822925318859 ], [ -88.393729855944969, 13.196822925318857 ], [ -88.393729855944969, 13.183348257693991 ], [ -88.366780520695244, 13.183348257693995 ], [ -88.366780520695244, 13.169873590069125 ] ] ] } },
{ "type": "Feature", "properties": { "class_id": 3, "area_m2": 2176177.0830534999, "class_name": "Normal", "index": "NMDI", "min_value": null, "max_value": null }, "geometry": { "type": "Polygon", "coordinates": [ [ [ -87.949065824324421, 13.210297592943725 ], [ -87.935591156699559, 13.210297592943727 ], [ -87.935591156699559, 13.196822925318859 ], [ -87.949065824324421, 13.196822925318861 ], [ -87.949065824324421, 13.210297592943725 ] ] ] } },
{ "type": "Feature", "properties": { "class_id": 3, "area_m2": 4351767.9100599391, "class_name": "Normal", "index": "NMDI", "min_value": null, "max_value": null }, "geometry": { "type": "Polygon", "coordinates": [ [ [ -87.949065824324421, 13.250721595818323 ], [ -87.935591156699559, 13.250721595818327 ], [ -87.935591156699559, 13.223772260568591 ], [ -87.949065824324421, 13.223772260568586 ], [ -87.949065824324421, 13.250721595818323 ] ] ] } },
{ "type": "Feature", "properties": { "class_id": 3, "area_m2": 6529647.7485783976, "class_name": "Normal", "index": "NMDI", "min_value": null, "max_value": null }, "geometry": { "type": "Polygon", "coordinates": [ [ [ -88.407204523569831, 13.237246928193448 ], [ -88.393729855944969, 13.237246928193452 ], [ -88.393729855944969, 13.250721595818323 ], [ -88.380255188320106, 13.250721595818325 ], [ -88.380255188320106, 13.223772260568587 ], [ -88.407204523569831, 13.223772260568591 ], [ -88.407204523569831, 13.237246928193448 ] ] ] } },
{ "type": "Feature", "properties": { "class_id": 3, "area_m2": 30465361.54392425, "class_name": "Normal", "index": "NMDI", "min_value": null, "max_value": null }, "geometry": { "type": "Polygon", "coordinates": [ [ [ -88.151185838697387, 13.264196263443186 ], [ -88.137711171072525, 13.264196263443189 ], [ -88.137711171072525, 13.27767093106805 ], [ -88.124236503447662, 13.277670931068053 ], [ -88.124236503447662, 13.237246928193452 ], [ -88.137711171072525, 13.237246928193455 ], [ -88.137711171072525, 13.210297592943727 ], [ -88.164660506322264, 13.210297592943723 ], [ -88.164660506322264, 13.223772260568595 ], [ -88.17813517394714, 13.223772260568586 ], [ -88.17813517394714, 13.250721595818318 ], [ -88.164660506322264, 13.250721595818321 ], [ -88.164660506322264, 13.277670931068055 ], [ -88.151185838697387, 13.277670931068055 ], [ -88.151185838697387, 13.264196263443186 ] ] ] } },
{ "type": "Feature", "properties": { "class_id": 3, "area_m2": 54404546.75119181, "class_name": "Normal", "index": "NMDI", "min_value": null, "max_value": null }, "geometry": { "type": "Polygon", "coordinates": [ [ [ -88.23203384444659, 13.210297592943725 ], [ -88.245508512071453, 13.210297592943727 ], [ -88.245508512071453, 13.223772260568586 ], [ -88.272457847321178, 13.223772260568589 ], [ -88.272457847321178, 13.237246928193461 ], [ -88.299407182570931, 13.237246928193453 ], [ -88.299407182570931, 13.25072159581832 ], [ -88.31288185019578, 13.250721595818318 ], [ -88.31288185019578, 13.264196263443186 ], [ -88.326356517820642, 13.264196263443187 ], [ -88.326356517820642, 13.277670931068055 ], [ -88.353305853070367, 13.277670931068053 ], [ -88.353305853070367, 13.304620266317782 ], [ -88.339831185445505, 13.30462026631778 ], [ -88.339831185445505, 13.291145598692918 ], [ -88.31288185019578, 13.291145598692919 ], [ -88.31288185019578, 13.277670931068055 ], [ -88.299407182570931, 13.27767093106805 ], [ -88.299407182570931, 13.291145598692916 ], [ -88.272457847321178, 13.291145598692921 ], [ -88.272457847321178, 13.264196263443187 ], [ -88.245508512071453, 13.264196263443184 ], [ -88.245508512071453, 13.25072159581832 ], [ -88.23203384444659, 13.250721595818327 ], [ -88.23203384444659, 13.237246928193452 ], [ -88.218559176821714, 13.237246928193452 ], [ -88.218559176821714, 13.223772260568587 ], [ -88.23203384444659, 13.223772260568586 ], [ -88.23203384444659, 13.210297592943725 ] ] ] } },
{ "type": "Feature", "properties": { "class_id": 3, "area_m2": 4351658.0022034319, "class_name": "Normal", "index": "NMDI", "min_value": null, "max_value": null }, "geometry": { "type": "Polygon", "coordinates": [ [ [ -88.218559176821714, 13.291145598692914 ], [ -88.191609841571989, 13.291145598692918 ], [ -88.191609841571989, 13.277670931068046 ], [ -88.218559176821714, 13.277670931068053 ], [ -88.218559176821714, 13.291145598692914 ] ] ] } },
{ "type": "Feature", "properties": { "class_id": 3, "area_m2": 2175544.9297909602, "class_name": "Normal", "index": "NMDI", "min_value": null, "max_value": null }, "geometry": { "type": "Polygon", "coordinates": [ [ [ -88.097287168197937, 13.30462026631778 ], [ -88.08381250057306, 13.30462026631778 ], [ -88.08381250057306, 13.291145598692916 ], [ -88.097287168197937, 13.291145598692914 ], [ -88.097287168197937, 13.30462026631778 ] ] ] } },
{ "type": "Feature", "properties": { "class_id": 3, "area_m2": 2175763.0481508966, "class_name": "Normal", "index": "NMDI", "min_value": null, "max_value": null }, "geometry": { "type": "Polygon", "coordinates": [ [ [ -88.245508512071453, 13.304620266317784 ], [ -88.23203384444659, 13.304620266317784 ], [ -88.23203384444659, 13.291145598692921 ], [ -88.245508512071453, 13.291145598692921 ], [ -88.245508512071453, 13.304620266317784 ] ] ] } },
{ "type": "Feature", "properties": { "class_id": 3, "area_m2": 4350791.8934417786, "class_name": "Normal", "index": "NMDI", "min_value": null, "max_value": null }, "geometry": { "type": "Polygon", "coordinates": [ [ [ -88.02991383007361, 13.318094933942646 ], [ -88.016439162448734, 13.318094933942646 ], [ -88.016439162448734, 13.291145598692918 ], [ -88.02991383007361, 13.291145598692918 ], [ -88.02991383007361, 13.318094933942646 ] ] ] } },
{ "type": "Feature", "properties": { "class_id": 3, "area_m2": 2175290.3640379184, "class_name": "Normal", "index": "NMDI", "min_value": null, "max_value": null }, "geometry": { "type": "Polygon", "coordinates": [ [ [ -88.08381250057306, 13.331569601567509 ], [ -88.070337832948198, 13.331569601567509 ], [ -88.070337832948198, 13.318094933942646 ], [ -88.08381250057306, 13.318094933942646 ], [ -88.08381250057306, 13.331569601567509 ] ] ] } },
{ "type": "Feature", "properties": { "class_id": 3, "area_m2": 2175569.4842743846, "class_name": "Normal", "index": "NMDI", "min_value": null, "max_value": null }, "geometry": { "type": "Polygon", "coordinates": [ [ [ -88.272457847321178, 13.33156960156751 ], [ -88.258983179696315, 13.331569601567514 ], [ -88.258983179696315, 13.318094933942648 ], [ -88.272457847321178, 13.318094933942644 ], [ -88.272457847321178, 13.33156960156751 ] ] ] } },
{ "type": "Feature", "properties": { "class_id": 3, "area_m2": 6525552.9153896719, "class_name": "Normal", "index": "NMDI", "min_value": null, "max_value": null }, "geometry": { "type": "Polygon", "coordinates": [ [ [ -88.043388497698473, 13.33156960156751 ], [ -88.05686316532335, 13.331569601567509 ], [ -88.05686316532335, 13.345044269192377 ], [ -88.02991383007361, 13.345044269192382 ], [ -88.02991383007361, 13.318094933942646 ], [ -88.043388497698473, 13.318094933942648 ], [ -88.043388497698473, 13.33156960156751 ] ] ] } },
{ "type": "Feature", "properties": { "class_id": 3, "area_m2": 4350574.4721870599, "class_name": "Normal", "index": "NMDI", "min_value": null, "max_value": null }, "geometry": { "type": "Polygon", "coordinates": [ [ [ -88.124236503447662, 13.345044269192378 ], [ -88.1107618358228, 13.345044269192373 ], [ -88.1107618358228, 13.318094933942646 ], [ -88.124236503447662, 13.318094933942648 ], [ -88.124236503447662, 13.345044269192378 ] ] ] } },
{ "type": "Feature", "properties": { "class_id": 3, "area_m2": 2175326.0917399339, "class_name": "Normal", "index": "NMDI", "min_value": null, "max_value": null }, "geometry": { "type": "Polygon", "coordinates": [ [ [ -88.191609841571989, 13.345044269192382 ], [ -88.17813517394714, 13.345044269192377 ], [ -88.17813517394714, 13.33156960156751 ], [ -88.191609841571989, 13.331569601567509 ], [ -88.191609841571989, 13.345044269192382 ] ] ] } },
{ "type": "Feature", "properties": { "class_id": 3, "area_m2": 15227207.748962719, "class_name": "Normal", "index": "NMDI", "min_value": null, "max_value": null }, "geometry": { "type": "Polygon", "coordinates": [ [ [ -88.245508512071453, 13.345044269192373 ], [ -88.218559176821714, 13.345044269192377 ], [ -88.218559176821714, 13.331569601567509 ], [ -88.258983179696315, 13.331569601567514 ], [ -88.258983179696315, 13.345044269192378 ], [ -88.28593251494604, 13.345044269192377 ], [ -88.28593251494604, 13.358518936817244 ], [ -88.272457847321178, 13.358518936817244 ], [ -88.272457847321178, 13.37199360444211 ], [ -88.258983179696315, 13.371993604442109 ], [ -88.258983179696315, 13.358518936817246 ], [ -88.245508512071453, 13.358518936817243 ], [ -88.245508512071453, 13.345044269192373 ] ] ] } },
{ "type": "Feature", "properties": { "class_id": 3, "area_m2": 43508033.073620729, "class_name": "Normal", "index": "NMDI", "min_value": null, "max_value": null }, "geometry": { "type": "Polygon", "coordinates": [ [ [ -88.339831185445505, 13.385468272066971 ], [ -88.326356517820642, 13.385468272066975 ], [ -88.326356517820642, 13.398942939691841 ], [ -88.299407182570931, 13.398942939691835 ], [ -88.299407182570931, 13.371993604442107 ], [ -88.28593251494604, 13.371993604442107 ], [ -88.28593251494604, 13.358518936817244 ], [ -88.299407182570931, 13.358518936817244 ], [ -88.299407182570931, 13.30462026631778 ], [ -88.31288185019578, 13.304620266317784 ], [ -88.31288185019578, 13.318094933942648 ], [ -88.326356517820642, 13.318094933942648 ], [ -88.326356517820642, 13.345044269192377 ], [ -88.339831185445505, 13.345044269192382 ], [ -88.339831185445505, 13.318094933942646 ], [ -88.353305853070367, 13.318094933942641 ], [ -88.353305853070367, 13.358518936817239 ], [ -88.339831185445505, 13.358518936817241 ], [ -88.339831185445505, 13.385468272066971 ] ] ] } },
{ "type": "Feature", "properties": { "class_id": 3, "area_m2": 8699852.0726140924, "class_name": "Normal", "index": "NMDI", "min_value": null, "max_value": null }, "geometry": { "type": "Polygon", "coordinates": [ [ [ -88.097287168197937, 13.385468272066973 ], [ -88.08381250057306, 13.385468272066969 ], [ -88.08381250057306, 13.358518936817241 ], [ -88.097287168197937, 13.358518936817244 ], [ -88.097287168197937, 13.345044269192378 ], [ -88.1107618358228, 13.345044269192373 ], [ -88.1107618358228, 13.371993604442109 ], [ -88.097287168197937, 13.371993604442109 ], [ -88.097287168197937, 13.385468272066973 ] ] ] } },
{ "type": "Feature", "properties": { "class_id": 3, "area_m2": 2174727.9976304621, "class_name": "Normal", "index": "NMDI", "min_value": null, "max_value": null }, "geometry": { "type": "Polygon", "coordinates": [ [ [ -88.016439162448734, 13.385468272066973 ], [ -88.002964494823871, 13.385468272066975 ], [ -88.002964494823871, 13.37199360444211 ], [ -88.016439162448734, 13.371993604442107 ], [ -88.016439162448734, 13.385468272066973 ] ] ] } },
{ "type": "Feature", "properties": { "class_id": 3, "area_m2": 34796792.556334548, "class_name": "Normal", "index": "NMDI", "min_value": null, "max_value": null }, "geometry": { "type": "Polygon", "coordinates": [ [ [ -88.272457847321178, 13.439366942566435 ], [ -88.245508512071453, 13.439366942566435 ], [ -88.245508512071453, 13.452841610191305 ], [ -88.23203384444659, 13.452841610191298 ], [ -88.23203384444659, 13.439366942566439 ], [ -88.218559176821714, 13.439366942566432 ], [ -88.218559176821714, 13.425892274941569 ], [ -88.23203384444659, 13.425892274941569 ], [ -88.23203384444659, 13.358518936817244 ], [ -88.245508512071453, 13.358518936817243 ], [ -88.245508512071453, 13.385468272066973 ], [ -88.258983179696315, 13.385468272066975 ], [ -88.258983179696315, 13.398942939691839 ], [ -88.299407182570931, 13.398942939691835 ], [ -88.299407182570931, 13.412417607316709 ], [ -88.258983179696315, 13.412417607316709 ], [ -88.258983179696315, 13.425892274941569 ], [ -88.272457847321178, 13.425892274941569 ], [ -88.272457847321178, 13.439366942566435 ] ] ] } },
{ "type": "Feature", "properties": { "class_id": 3, "area_m2": 2174388.8500211933, "class_name": "Normal", "index": "NMDI", "min_value": null, "max_value": null }, "geometry": { "type": "Polygon", "coordinates": [ [ [ -88.02991383007361, 13.425892274941569 ], [ -88.016439162448734, 13.425892274941573 ], [ -88.016439162448734, 13.412417607316703 ], [ -88.02991383007361, 13.41241760731671 ], [ -88.02991383007361, 13.425892274941569 ] ] ] } },
{ "type": "Feature", "properties": { "class_id": 3, "area_m2": 10871314.689433938, "class_name": "Normal", "index": "NMDI", "min_value": null, "max_value": null }, "geometry": { "type": "Polygon", "coordinates": [ [ [ -88.1107618358228, 13.452841610191301 ], [ -88.097287168197937, 13.452841610191307 ], [ -88.097287168197937, 13.466316277816162 ], [ -88.08381250057306, 13.466316277816162 ], [ -88.08381250057306, 13.425892274941571 ], [ -88.1107618358228, 13.425892274941567 ], [ -88.1107618358228, 13.452841610191301 ] ] ] } },
{ "type": "Feature", "properties": { "class_id": 3, "area_m2": 6523001.0980912503, "class_name": "Normal", "index": "NMDI", "min_value": null, "max_value": null }, "geometry": { "type": "Polygon", "coordinates": [ [ [ -88.272457847321178, 13.452841610191301 ], [ -88.28593251494604, 13.452841610191301 ], [ -88.28593251494604, 13.47979094544103 ], [ -88.258983179696315, 13.479790945441032 ], [ -88.258983179696315, 13.466316277816166 ], [ -88.272457847321178, 13.466316277816166 ], [ -88.272457847321178, 13.452841610191301 ] ] ] } },
{ "type": "Feature", "properties": { "class_id": 3, "area_m2": 56525952.379148684, "class_name": "Normal", "index": "NMDI", "min_value": null, "max_value": null }, "geometry": { "type": "Polygon", "coordinates": [ [ [ -88.205084509196851, 13.506740280690764 ], [ -88.17813517394714, 13.506740280690757 ], [ -88.17813517394714, 13.520214948315623 ], [ -88.151185838697387, 13.52021494831563 ], [ -88.151185838697387, 13.533689615940494 ], [ -88.137711171072525, 13.533689615940492 ], [ -88.137711171072525, 13.50674028069076 ], [ -88.151185838697387, 13.506740280690764 ], [ -88.151185838697387, 13.425892274941571 ], [ -88.164660506322264, 13.425892274941571 ], [ -88.164660506322264, 13.439366942566432 ], [ -88.191609841571989, 13.43936694256643 ], [ -88.191609841571989, 13.4528416101913 ], [ -88.218559176821714, 13.452841610191298 ], [ -88.218559176821714, 13.466316277816164 ], [ -88.205084509196851, 13.466316277816167 ], [ -88.205084509196851, 13.47979094544103 ], [ -88.218559176821714, 13.479790945441035 ], [ -88.218559176821714, 13.493265613065899 ], [ -88.205084509196851, 13.493265613065901 ], [ -88.205084509196851, 13.506740280690764 ] ] ] } },
{ "type": "Feature", "properties": { "class_id": 3, "area_m2": 2173042.1592975282, "class_name": "Normal", "index": "NMDI", "min_value": null, "max_value": null }, "geometry": { "type": "Polygon", "coordinates": [ [ [ -88.097287168197937, 13.587588286439953 ], [ -88.08381250057306, 13.587588286439953 ], [ -88.08381250057306, 13.57411361881509 ], [ -88.097287168197937, 13.574113618815085 ], [ -88.097287168197937, 13.587588286439953 ] ] ] } },
{ "type": "Feature", "properties": { "class_id": 3, "area_m2": 2172885.1468324116, "class_name": "Normal", "index": "NMDI", "min_value": null, "max_value": null }, "geometry": { "type": "Polygon", "coordinates": [ [ [ -88.070337832948198, 13.601062954064817 ], [ -88.05686316532335, 13.601062954064815 ], [ -88.05686316532335, 13.587588286439951 ], [ -88.070337832948198, 13.587588286439949 ], [ -88.070337832948198, 13.601062954064817 ] ] ] } },
{ "type": "Feature", "properties": { "class_id": 3, "area_m2": 2173384.0013714363, "class_name": "Normal", "index": "NMDI", "min_value": null, "max_value": null }, "geometry": { "type": "Polygon", "coordinates": [ [ [ -88.393729855944969, 13.601062954064822 ], [ -88.380255188320106, 13.601062954064819 ], [ -88.380255188320106, 13.587588286439953 ], [ -88.393729855944969, 13.587588286439955 ], [ -88.393729855944969, 13.601062954064822 ] ] ] } },
{ "type": "Feature", "properties": { "class_id": 3, "area_m2": 6519171.410275788, "class_name": "Normal", "index": "NMDI", "min_value": null, "max_value": null }, "geometry": { "type": "Polygon", "coordinates": [ [ [ -88.28593251494604, 13.601062954064815 ], [ -88.31288185019578, 13.601062954064815 ], [ -88.31288185019578, 13.628012289314546 ], [ -88.299407182570931, 13.628012289314546 ], [ -88.299407182570931, 13.61453762168968 ], [ -88.28593251494604, 13.614537621689681 ], [ -88.28593251494604, 13.601062954064815 ] ] ] } },
{ "type": "Feature", "properties": { "class_id": 3, "area_m2": 2172214.9543690593, "class_name": "Normal", "index": "NMDI", "min_value": null, "max_value": null }, "geometry": { "type": "Polygon", "coordinates": [ [ [ -88.1107618358228, 13.681910959814006 ], [ -88.097287168197937, 13.68191095981401 ], [ -88.097287168197937, 13.668436292189138 ], [ -88.1107618358228, 13.668436292189142 ], [ -88.1107618358228, 13.681910959814006 ] ] ] } },
{ "type": "Feature", "properties": { "class_id": 3, "area_m2": 2171710.4589924491, "class_name": "Normal", "index": "NMDI", "min_value": null, "max_value": null }, "geometry": { "type": "Polygon", "coordinates": [ [ [ -88.097287168197937, 13.735809630313465 ], [ -88.08381250057306, 13.735809630313467 ], [ -88.08381250057306, 13.722334962688601 ], [ -88.097287168197937, 13.722334962688606 ], [ -88.097287168197937, 13.735809630313465 ] ] ] } },
{ "type": "Feature", "properties": { "class_id": 3, "area_m2": 2171906.5372661082, "class_name": "Normal", "index": "NMDI", "min_value": null, "max_value": null }, "geometry": { "type": "Polygon", "coordinates": [ [ [ -88.23203384444659, 13.735809630313472 ], [ -88.218559176821714, 13.735809630313472 ], [ -88.218559176821714, 13.722334962688604 ], [ -88.23203384444659, 13.722334962688606 ], [ -88.23203384444659, 13.735809630313472 ] ] ] } },
{ "type": "Feature", "properties": { "class_id": 3, "area_m2": 52122209.231287777, "class_name": "Normal", "index": "NMDI", "min_value": null, "max_value": null }, "geometry": { "type": "Polygon", "coordinates": [ [ [ -88.17813517394714, 13.70886029506374 ], [ -88.191609841571989, 13.708860295063744 ], [ -88.191609841571989, 13.72233496268861 ], [ -88.17813517394714, 13.722334962688601 ], [ -88.17813517394714, 13.749284297938337 ], [ -88.164660506322264, 13.749284297938338 ], [ -88.164660506322264, 13.789708300812933 ], [ -88.137711171072525, 13.789708300812936 ], [ -88.137711171072525, 13.749284297938337 ], [ -88.124236503447662, 13.749284297938337 ], [ -88.124236503447662, 13.735809630313467 ], [ -88.1107618358228, 13.735809630313469 ], [ -88.1107618358228, 13.708860295063737 ], [ -88.124236503447662, 13.70886029506374 ], [ -88.124236503447662, 13.722334962688603 ], [ -88.137711171072525, 13.722334962688606 ], [ -88.137711171072525, 13.695385627438876 ], [ -88.151185838697387, 13.695385627438876 ], [ -88.151185838697387, 13.68191095981401 ], [ -88.164660506322264, 13.68191095981401 ], [ -88.164660506322264, 13.695385627438874 ], [ -88.17813517394714, 13.695385627438876 ], [ -88.17813517394714, 13.70886029506374 ] ] ] } },
{ "type": "Feature", "properties": { "class_id": 3, "area_m2": 8685831.4744997378, "class_name": "Normal", "index": "NMDI", "min_value": null, "max_value": null }, "geometry": { "type": "Polygon", "coordinates": [ [ [ -88.05686316532335, 13.762758965563197 ], [ -88.05686316532335, 13.749284297938335 ], [ -88.1107618358228, 13.749284297938337 ], [ -88.1107618358228, 13.762758965563201 ], [ -88.05686316532335, 13.762758965563197 ] ] ] } },
{ "type": "Feature", "properties": { "class_id": 3, "area_m2": 2171290.4544116147, "class_name": "Normal", "index": "NMDI", "min_value": null, "max_value": null }, "geometry": { "type": "Polygon", "coordinates": [ [ [ -88.05686316532335, 13.762758965563197 ], [ -88.05686316532335, 13.776233633188067 ], [ -88.043388497698473, 13.77623363318807 ], [ -88.043388497698473, 13.762758965563203 ], [ -88.05686316532335, 13.762758965563197 ] ] ] } },
{ "type": "Feature", "properties": { "class_id": 3, "area_m2": 95535481.561293378, "class_name": "Normal", "index": "NMDI", "min_value": null, "max_value": null }, "geometry": { "type": "Polygon", "coordinates": [ [ [ -88.205084509196851, 13.789708300812933 ], [ -88.218559176821714, 13.789708300812933 ], [ -88.218559176821714, 13.762758965563197 ], [ -88.258983179696315, 13.762758965563203 ], [ -88.258983179696315, 13.749284297938337 ], [ -88.245508512071453, 13.74928429793834 ], [ -88.245508512071453, 13.735809630313472 ], [ -88.258983179696315, 13.73580963031347 ], [ -88.258983179696315, 13.722334962688608 ], [ -88.272457847321178, 13.722334962688604 ], [ -88.272457847321178, 13.749284297938337 ], [ -88.28593251494604, 13.749284297938337 ], [ -88.28593251494604, 13.762758965563203 ], [ -88.272457847321178, 13.762758965563203 ], [ -88.272457847321178, 13.776233633188063 ], [ -88.28593251494604, 13.77623363318807 ], [ -88.28593251494604, 13.803182968437797 ], [ -88.299407182570931, 13.803182968437795 ], [ -88.299407182570931, 13.816657636062663 ], [ -88.258983179696315, 13.816657636062667 ], [ -88.258983179696315, 13.830132303687522 ], [ -88.245508512071453, 13.830132303687524 ], [ -88.245508512071453, 13.85708163893726 ], [ -88.218559176821714, 13.857081638937263 ], [ -88.218559176821714, 13.843606971312393 ], [ -88.205084509196851, 13.843606971312392 ], [ -88.205084509196851, 13.870556306562122 ], [ -88.17813517394714, 13.870556306562113 ], [ -88.17813517394714, 13.857081638937263 ], [ -88.191609841571989, 13.85708163893726 ], [ -88.191609841571989, 13.830132303687529 ], [ -88.17813517394714, 13.830132303687522 ], [ -88.17813517394714, 13.816657636062663 ], [ -88.164660506322264, 13.81665763606266 ], [ -88.164660506322264, 13.803182968437799 ], [ -88.17813517394714, 13.803182968437794 ], [ -88.17813517394714, 13.789708300812929 ], [ -88.191609841571989, 13.789708300812929 ], [ -88.191609841571989, 13.803182968437797 ], [ -88.205084509196851, 13.803182968437799 ], [ -88.205084509196851, 13.789708300812933 ] ], [ [ -88.23203384444659, 13.843606971312392 ], [ -88.23203384444659, 13.816657636062667 ], [ -88.218559176821714, 13.816657636062658 ], [ -88.218559176821714, 13.843606971312393 ], [ -88.23203384444659, 13.843606971312392 ] ] ] } },
{ "type": "Feature", "properties": { "class_id": 3, "area_m2": 26047922.673436839, "class_name": "Normal", "index": "NMDI", "min_value": null, "max_value": null }, "geometry": { "type": "Polygon", "coordinates": [ [ [ -87.949065824324421, 13.85708163893726 ], [ -87.922116489074682, 13.85708163893726 ], [ -87.922116489074682, 13.843606971312392 ], [ -87.90864182144982, 13.84360697131239 ], [ -87.90864182144982, 13.816657636062665 ], [ -87.922116489074682, 13.816657636062663 ], [ -87.922116489074682, 13.803182968437797 ], [ -87.935591156699559, 13.803182968437797 ], [ -87.935591156699559, 13.789708300812929 ], [ -87.976015159574146, 13.789708300812933 ], [ -87.976015159574146, 13.803182968437797 ], [ -87.949065824324421, 13.803182968437797 ], [ -87.949065824324421, 13.816657636062663 ], [ -87.935591156699559, 13.816657636062669 ], [ -87.935591156699559, 13.830132303687526 ], [ -87.949065824324421, 13.830132303687522 ], [ -87.949065824324421, 13.85708163893726 ] ] ] } },
{ "type": "Feature", "properties": { "class_id": 3, "area_m2": 2170685.8673240822, "class_name": "Normal", "index": "NMDI", "min_value": null, "max_value": null }, "geometry": { "type": "Polygon", "coordinates": [ [ [ -88.151185838697387, 13.85708163893726 ], [ -88.137711171072525, 13.85708163893726 ], [ -88.137711171072525, 13.84360697131239 ], [ -88.151185838697387, 13.843606971312395 ], [ -88.151185838697387, 13.85708163893726 ] ] ] } },
{ "type": "Feature", "properties": { "class_id": 3, "area_m2": 2170869.2479252061, "class_name": "Normal", "index": "NMDI", "min_value": null, "max_value": null }, "geometry": { "type": "Polygon", "coordinates": [ [ [ -88.272457847321178, 13.857081638937258 ], [ -88.258983179696315, 13.85708163893726 ], [ -88.258983179696315, 13.84360697131239 ], [ -88.272457847321178, 13.843606971312392 ], [ -88.272457847321178, 13.857081638937258 ] ] ] } },
{ "type": "Feature", "properties": { "class_id": 3, "area_m2": 2170623.3829139322, "class_name": "Normal", "index": "NMDI", "min_value": null, "max_value": null }, "geometry": { "type": "Polygon", "coordinates": [ [ [ -88.272457847321178, 13.88403097418699 ], [ -88.258983179696315, 13.884030974186986 ], [ -88.258983179696315, 13.870556306562124 ], [ -88.272457847321178, 13.870556306562124 ], [ -88.272457847321178, 13.88403097418699 ] ] ] } },
{ "type": "Feature", "properties": { "class_id": 3, "area_m2": 2169947.0515690683, "class_name": "Normal", "index": "NMDI", "min_value": null, "max_value": null }, "geometry": { "type": "Polygon", "coordinates": [ [ [ -88.151185838697387, 13.937929644686445 ], [ -88.137711171072525, 13.937929644686447 ], [ -88.137711171072525, 13.924454977061583 ], [ -88.151185838697387, 13.924454977061583 ], [ -88.151185838697387, 13.937929644686445 ] ] ] } },
{ "type": "Feature", "properties": { "class_id": 3, "area_m2": 130188218.57030573, "class_name": "Normal", "index": "NMDI", "min_value": null, "max_value": null }, "geometry": { "type": "Polygon", "coordinates": [ [ [ -88.151185838697387, 13.978353647561041 ], [ -88.151185838697387, 13.991828315185911 ], [ -88.1107618358228, 13.991828315185911 ], [ -88.1107618358228, 14.005302982810777 ], [ -88.097287168197937, 14.005302982810777 ], [ -88.097287168197937, 13.991828315185906 ], [ -88.070337832948198, 13.991828315185906 ], [ -88.070337832948198, 13.937929644686447 ], [ -88.08381250057306, 13.937929644686445 ], [ -88.08381250057306, 13.951404312311315 ], [ -88.124236503447662, 13.951404312311309 ], [ -88.124236503447662, 13.93792964468645 ], [ -88.137711171072525, 13.937929644686447 ], [ -88.137711171072525, 13.951404312311315 ], [ -88.151185838697387, 13.951404312311311 ], [ -88.151185838697387, 13.937929644686445 ], [ -88.164660506322264, 13.93792964468645 ], [ -88.164660506322264, 13.92445497706159 ], [ -88.205084509196851, 13.924454977061586 ], [ -88.205084509196851, 13.897505641811854 ], [ -88.23203384444659, 13.897505641811851 ], [ -88.23203384444659, 13.88403097418699 ], [ -88.258983179696315, 13.884030974186986 ], [ -88.258983179696315, 13.897505641811851 ], [ -88.272457847321178, 13.897505641811854 ], [ -88.272457847321178, 13.91098030943672 ], [ -88.258983179696315, 13.91098030943672 ], [ -88.258983179696315, 13.951404312311311 ], [ -88.245508512071453, 13.951404312311309 ], [ -88.245508512071453, 13.93792964468645 ], [ -88.218559176821714, 13.93792964468645 ], [ -88.218559176821714, 13.951404312311315 ], [ -88.23203384444659, 13.951404312311317 ], [ -88.23203384444659, 13.991828315185911 ], [ -88.17813517394714, 13.991828315185908 ], [ -88.17813517394714, 13.978353647561045 ], [ -88.151185838697387, 13.978353647561041 ] ], [ [ -88.23203384444659, 13.910980309436722 ], [ -88.245508512071453, 13.910980309436724 ], [ -88.245508512071453, 13.897505641811852 ], [ -88.23203384444659, 13.897505641811851 ], [ -88.23203384444659, 13.910980309436722 ] ] ] } },
{ "type": "Feature", "properties": { "class_id": 3, "area_m2": 2176496.1360245007, "class_name": "Normal", "index": "NMDI", "min_value": null, "max_value": null }, "geometry": { "type": "Polygon", "coordinates": [ [ [ -87.922116489074682, 13.169873590069129 ], [ -87.90864182144982, 13.169873590069125 ], [ -87.90864182144982, 13.156398922444264 ], [ -87.922116489074682, 13.156398922444264 ], [ -87.922116489074682, 13.169873590069129 ] ] ] } },
{ "type": "Feature", "properties": { "class_id": 3, "area_m2": 2176171.1313052075, "class_name": "Normal", "index": "NMDI", "min_value": null, "max_value": null }, "geometry": { "type": "Polygon", "coordinates": [ [ [ -87.719996474701702, 13.183348257693993 ], [ -87.70652180707684, 13.183348257693991 ], [ -87.70652180707684, 13.169873590069127 ], [ -87.719996474701702, 13.169873590069129 ], [ -87.719996474701702, 13.183348257693993 ] ] ] } },
{ "type": "Feature", "properties": { "class_id": 3, "area_m2": 2175870.6128831008, "class_name": "Normal", "index": "NMDI", "min_value": null, "max_value": null }, "geometry": { "type": "Polygon", "coordinates": [ [ [ -87.773895145201166, 13.223772260568587 ], [ -87.760420477576304, 13.223772260568586 ], [ -87.760420477576304, 13.210297592943723 ], [ -87.773895145201166, 13.210297592943725 ], [ -87.773895145201166, 13.223772260568587 ] ] ] } },
{ "type": "Feature", "properties": { "class_id": 3, "area_m2": 2175982.5263770754, "class_name": "Normal", "index": "NMDI", "min_value": null, "max_value": null }, "geometry": { "type": "Polygon", "coordinates": [ [ [ -87.881692486200095, 13.223772260568586 ], [ -87.868217818575218, 13.223772260568587 ], [ -87.868217818575218, 13.210297592943725 ], [ -87.881692486200095, 13.210297592943727 ], [ -87.881692486200095, 13.223772260568586 ] ] ] } },
{ "type": "Feature", "properties": { "class_id": 3, "area_m2": 2175740.4278840451, "class_name": "Normal", "index": "NMDI", "min_value": null, "max_value": null }, "geometry": { "type": "Polygon", "coordinates": [ [ [ -87.760420477576304, 13.237246928193452 ], [ -87.746945809951455, 13.237246928193452 ], [ -87.746945809951455, 13.223772260568586 ], [ -87.760420477576304, 13.223772260568586 ], [ -87.760420477576304, 13.237246928193452 ] ] ] } },
{ "type": "Feature", "properties": { "class_id": 3, "area_m2": 2175558.5468165735, "class_name": "Normal", "index": "NMDI", "min_value": null, "max_value": null }, "geometry": { "type": "Polygon", "coordinates": [ [ [ -87.922116489074682, 13.277670931068053 ], [ -87.90864182144982, 13.27767093106805 ], [ -87.90864182144982, 13.264196263443187 ], [ -87.922116489074682, 13.264196263443186 ], [ -87.922116489074682, 13.277670931068053 ] ] ] } },
{ "type": "Feature", "properties": { "class_id": 3, "area_m2": 15227756.131582359, "class_name": "Normal", "index": "NMDI", "min_value": null, "max_value": null }, "geometry": { "type": "Polygon", "coordinates": [ [ [ -87.82779381570063, 13.264196263443186 ], [ -87.881692486200095, 13.264196263443187 ], [ -87.881692486200095, 13.291145598692919 ], [ -87.841268483325493, 13.291145598692916 ], [ -87.841268483325493, 13.277670931068053 ], [ -87.82779381570063, 13.277670931068048 ], [ -87.82779381570063, 13.264196263443186 ] ] ] } },
{ "type": "Feature", "properties": { "class_id": 3, "area_m2": 2175456.5169840078, "class_name": "Normal", "index": "NMDI", "min_value": null, "max_value": null }, "geometry": { "type": "Polygon", "coordinates": [ [ [ -87.935591156699559, 13.291145598692919 ], [ -87.922116489074682, 13.291145598692918 ], [ -87.922116489074682, 13.277670931068053 ], [ -87.935591156699559, 13.277670931068055 ], [ -87.935591156699559, 13.291145598692919 ] ] ] } },
{ "type": "Feature", "properties": { "class_id": 3, "area_m2": 2175047.5180312302, "class_name": "Normal", "index": "NMDI", "min_value": null, "max_value": null }, "geometry": { "type": "Polygon", "coordinates": [ [ [ -87.773895145201166, 13.318094933942648 ], [ -87.760420477576304, 13.318094933942648 ], [ -87.760420477576304, 13.304620266317784 ], [ -87.773895145201166, 13.304620266317782 ], [ -87.773895145201166, 13.318094933942648 ] ] ] } },
{ "type": "Feature", "properties": { "class_id": 3, "area_m2": 2174893.7216949007, "class_name": "Normal", "index": "NMDI", "min_value": null, "max_value": null }, "geometry": { "type": "Polygon", "coordinates": [ [ [ -87.854743150950355, 13.345044269192377 ], [ -87.841268483325493, 13.345044269192377 ], [ -87.841268483325493, 13.331569601567512 ], [ -87.854743150950355, 13.331569601567514 ], [ -87.854743150950355, 13.345044269192377 ] ] ] } },
{ "type": "Feature", "properties": { "class_id": 3, "area_m2": 2174789.9555186741, "class_name": "Normal", "index": "NMDI", "min_value": null, "max_value": null }, "geometry": { "type": "Polygon", "coordinates": [ [ [ -87.854743150950355, 13.345044269192377 ], [ -87.868217818575218, 13.345044269192378 ], [ -87.868217818575218, 13.358518936817244 ], [ -87.854743150950355, 13.358518936817244 ], [ -87.854743150950355, 13.345044269192377 ] ] ] } },
{ "type": "Feature", "properties": { "class_id": 3, "area_m2": 2174561.6547351209, "class_name": "Normal", "index": "NMDI", "min_value": null, "max_value": null }, "geometry": { "type": "Polygon", "coordinates": [ [ [ -87.760420477576304, 13.371993604442109 ], [ -87.746945809951455, 13.371993604442107 ], [ -87.746945809951455, 13.358518936817244 ], [ -87.760420477576304, 13.358518936817243 ], [ -87.760420477576304, 13.371993604442109 ] ] ] } },
{ "type": "Feature", "properties": { "class_id": 3, "area_m2": 2174456.0594204129, "class_name": "Normal", "index": "NMDI", "min_value": null, "max_value": null }, "geometry": { "type": "Polygon", "coordinates": [ [ [ -87.760420477576304, 13.371993604442109 ], [ -87.773895145201166, 13.371993604442109 ], [ -87.773895145201166, 13.385468272066969 ], [ -87.760420477576304, 13.385468272066971 ], [ -87.760420477576304, 13.371993604442109 ] ] ] } },
{ "type": "Feature", "properties": { "class_id": 3, "area_m2": 2174258.802878343, "class_name": "Normal", "index": "NMDI", "min_value": null, "max_value": null }, "geometry": { "type": "Polygon", "coordinates": [ [ [ -87.814319148075768, 13.412417607316701 ], [ -87.800844480450891, 13.412417607316705 ], [ -87.800844480450891, 13.398942939691837 ], [ -87.814319148075768, 13.398942939691835 ], [ -87.814319148075768, 13.412417607316701 ] ] ] } },
{ "type": "Feature", "properties": { "class_id": 3, "area_m2": 4348212.7453245725, "class_name": "Normal", "index": "NMDI", "min_value": null, "max_value": null }, "geometry": { "type": "Polygon", "coordinates": [ [ [ -87.787369812826029, 13.425892274941571 ], [ -87.760420477576304, 13.425892274941569 ], [ -87.760420477576304, 13.412417607316707 ], [ -87.787369812826029, 13.4124176073167 ], [ -87.787369812826029, 13.425892274941571 ] ] ] } },
{ "type": "Feature", "properties": { "class_id": 3, "area_m2": 2173929.687079668, "class_name": "Normal", "index": "NMDI", "min_value": null, "max_value": null }, "geometry": { "type": "Polygon", "coordinates": [ [ [ -87.841268483325493, 13.452841610191301 ], [ -87.82779381570063, 13.452841610191303 ], [ -87.82779381570063, 13.439366942566433 ], [ -87.841268483325493, 13.439366942566435 ], [ -87.841268483325493, 13.452841610191301 ] ] ] } },
{ "type": "Feature", "properties": { "class_id": 3, "area_m2": 4347604.0200076094, "class_name": "Normal", "index": "NMDI", "min_value": null, "max_value": null }, "geometry": { "type": "Polygon", "coordinates": [ [ [ -87.773895145201166, 13.466316277816166 ], [ -87.760420477576304, 13.466316277816166 ], [ -87.760420477576304, 13.439366942566435 ], [ -87.773895145201166, 13.439366942566435 ], [ -87.773895145201166, 13.466316277816166 ] ] ] } },
{ "type": "Feature", "properties": { "class_id": 3, "area_m2": 2173782.5473285969, "class_name": "Normal", "index": "NMDI", "min_value": null, "max_value": null }, "geometry": { "type": "Polygon", "coordinates": [ [ [ -87.814319148075768, 13.466316277816167 ], [ -87.800844480450891, 13.466316277816167 ], [ -87.800844480450891, 13.452841610191301 ], [ -87.814319148075768, 13.4528416101913 ], [ -87.814319148075768, 13.466316277816167 ] ] ] } },
{ "type": "Feature", "properties": { "class_id": 3, "area_m2": 6520744.8708021836, "class_name": "Normal", "index": "NMDI", "min_value": null, "max_value": null }, "geometry": { "type": "Polygon", "coordinates": [ [ [ -87.787369812826029, 13.47979094544103 ], [ -87.800844480450891, 13.47979094544103 ], [ -87.800844480450891, 13.493265613065898 ], [ -87.773895145201166, 13.493265613065899 ], [ -87.773895145201166, 13.466316277816166 ], [ -87.787369812826029, 13.466316277816166 ], [ -87.787369812826029, 13.47979094544103 ] ] ] } },
{ "type": "Feature", "properties": { "class_id": 3, "area_m2": 15213576.017219732, "class_name": "Normal", "index": "NMDI", "min_value": null, "max_value": null }, "geometry": { "type": "Polygon", "coordinates": [ [ [ -87.719996474701702, 13.47979094544103 ], [ -87.760420477576304, 13.47979094544103 ], [ -87.760420477576304, 13.520214948315624 ], [ -87.746945809951455, 13.520214948315624 ], [ -87.746945809951455, 13.506740280690758 ], [ -87.719996474701702, 13.506740280690762 ], [ -87.719996474701702, 13.47979094544103 ] ] ] } },
{ "type": "Feature", "properties": { "class_id": 3, "area_m2": 2173437.9451900367, "class_name": "Normal", "index": "NMDI", "min_value": null, "max_value": null }, "geometry": { "type": "Polygon", "coordinates": [ [ [ -87.82779381570063, 13.506740280690758 ], [ -87.814319148075768, 13.506740280690764 ], [ -87.814319148075768, 13.493265613065899 ], [ -87.82779381570063, 13.493265613065901 ], [ -87.82779381570063, 13.506740280690758 ] ] ] } },
{ "type": "Feature", "properties": { "class_id": 3, "area_m2": 19557719.781689353, "class_name": "Normal", "index": "NMDI", "min_value": null, "max_value": null }, "geometry": { "type": "Polygon", "coordinates": [ [ [ -87.841268483325493, 13.520214948315623 ], [ -87.841268483325493, 13.533689615940492 ], [ -87.868217818575218, 13.533689615940492 ], [ -87.868217818575218, 13.547164283565355 ], [ -87.854743150950355, 13.547164283565353 ], [ -87.854743150950355, 13.560638951190219 ], [ -87.82779381570063, 13.560638951190223 ], [ -87.82779381570063, 13.547164283565353 ], [ -87.814319148075768, 13.547164283565358 ], [ -87.814319148075768, 13.533689615940492 ], [ -87.800844480450891, 13.533689615940492 ], [ -87.800844480450891, 13.520214948315624 ], [ -87.841268483325493, 13.520214948315623 ] ] ] } },
{ "type": "Feature", "properties": { "class_id": 3, "area_m2": 8691510.7137318552, "class_name": "Normal", "index": "NMDI", "min_value": null, "max_value": null }, "geometry": { "type": "Polygon", "coordinates": [ [ [ -87.814319148075768, 13.547164283565358 ], [ -87.814319148075768, 13.574113618815087 ], [ -87.787369812826029, 13.574113618815087 ], [ -87.787369812826029, 13.547164283565357 ], [ -87.814319148075768, 13.547164283565358 ] ] ] } },
{ "type": "Feature", "properties": { "class_id": 3, "area_m2": 2172805.569608652, "class_name": "Normal", "index": "NMDI", "min_value": null, "max_value": null }, "geometry": { "type": "Polygon", "coordinates": [ [ [ -87.90864182144982, 13.587588286439953 ], [ -87.895167153824957, 13.587588286439953 ], [ -87.895167153824957, 13.574113618815085 ], [ -87.90864182144982, 13.574113618815083 ], [ -87.90864182144982, 13.587588286439953 ] ] ] } },
{ "type": "Feature", "properties": { "class_id": 3, "area_m2": 28241647.304948058, "class_name": "Normal", "index": "NMDI", "min_value": null, "max_value": null }, "geometry": { "type": "Polygon", "coordinates": [ [ [ -87.841268483325493, 13.587588286439955 ], [ -87.868217818575218, 13.587588286439953 ], [ -87.868217818575218, 13.601062954064819 ], [ -87.90864182144982, 13.601062954064815 ], [ -87.90864182144982, 13.628012289314546 ], [ -87.881692486200095, 13.628012289314549 ], [ -87.881692486200095, 13.641486956939412 ], [ -87.868217818575218, 13.641486956939415 ], [ -87.868217818575218, 13.654961624564283 ], [ -87.854743150950355, 13.654961624564276 ], [ -87.854743150950355, 13.601062954064817 ], [ -87.841268483325493, 13.601062954064817 ], [ -87.841268483325493, 13.587588286439955 ] ] ] } },
{ "type": "Feature", "properties": { "class_id": 3, "area_m2": 6516064.9281155933, "class_name": "Normal", "index": "NMDI", "min_value": null, "max_value": null }, "geometry": { "type": "Polygon", "coordinates": [ [ [ -87.787369812826029, 13.668436292189135 ], [ -87.787369812826029, 13.65496162456428 ], [ -87.773895145201166, 13.65496162456428 ], [ -87.773895145201166, 13.641486956939412 ], [ -87.800844480450891, 13.641486956939413 ], [ -87.800844480450891, 13.668436292189142 ], [ -87.787369812826029, 13.668436292189135 ] ] ] } },
{ "type": "Feature", "properties": { "class_id": 3, "area_m2": 2171939.7917379569, "class_name": "Normal", "index": "NMDI", "min_value": null, "max_value": null }, "geometry": { "type": "Polygon", "coordinates": [ [ [ -87.773895145201166, 13.65496162456428 ], [ -87.773895145201166, 13.668436292189142 ], [ -87.760420477576304, 13.66843629218914 ], [ -87.760420477576304, 13.65496162456428 ], [ -87.773895145201166, 13.65496162456428 ] ] ] } },
{ "type": "Feature", "properties": { "class_id": 3, "area_m2": 2171441.7433277788, "class_name": "Normal", "index": "NMDI", "min_value": null, "max_value": null }, "geometry": { "type": "Polygon", "coordinates": [ [ [ -87.746945809951455, 13.722334962688603 ], [ -87.746945809951455, 13.708860295063744 ], [ -87.760420477576304, 13.708860295063737 ], [ -87.760420477576304, 13.722334962688606 ], [ -87.746945809951455, 13.722334962688603 ] ] ] } },
{ "type": "Feature", "properties": { "class_id": 3, "area_m2": 2171307.5133822667, "class_name": "Normal", "index": "NMDI", "min_value": null, "max_value": null }, "geometry": { "type": "Polygon", "coordinates": [ [ [ -87.746945809951455, 13.722334962688603 ], [ -87.746945809951455, 13.735809630313467 ], [ -87.733471142326565, 13.735809630313472 ], [ -87.733471142326565, 13.722334962688606 ], [ -87.746945809951455, 13.722334962688603 ] ] ] } },
{ "type": "Feature", "properties": { "class_id": 3, "area_m2": 2171237.7520954353, "class_name": "Normal", "index": "NMDI", "min_value": null, "max_value": null }, "geometry": { "type": "Polygon", "coordinates": [ [ [ -87.787369812826029, 13.749284297938337 ], [ -87.787369812826029, 13.735809630313467 ], [ -87.800844480450891, 13.735809630313472 ], [ -87.800844480450891, 13.749284297938337 ], [ -87.787369812826029, 13.749284297938337 ] ] ] } },
{ "type": "Feature", "properties": { "class_id": 3, "area_m2": 2171102.6000867435, "class_name": "Normal", "index": "NMDI", "min_value": null, "max_value": null }, "geometry": { "type": "Polygon", "coordinates": [ [ [ -87.787369812826029, 13.749284297938337 ], [ -87.787369812826029, 13.762758965563197 ], [ -87.773895145201166, 13.762758965563199 ], [ -87.773895145201166, 13.749284297938337 ], [ -87.787369812826029, 13.749284297938337 ] ] ] } },
{ "type": "Feature", "properties": { "class_id": 3, "area_m2": 2171171.5056280154, "class_name": "Normal", "index": "NMDI", "min_value": null, "max_value": null }, "geometry": { "type": "Polygon", "coordinates": [ [ [ -87.854743150950355, 13.762758965563199 ], [ -87.841268483325493, 13.762758965563201 ], [ -87.841268483325493, 13.749284297938337 ], [ -87.854743150950355, 13.749284297938337 ], [ -87.854743150950355, 13.762758965563199 ] ] ] } },
{ "type": "Feature", "properties": { "class_id": 3, "area_m2": 4342001.5609848062, "class_name": "Normal", "index": "NMDI", "min_value": null, "max_value": null }, "geometry": { "type": "Polygon", "coordinates": [ [ [ -87.814319148075768, 13.776233633188067 ], [ -87.787369812826029, 13.776233633188067 ], [ -87.787369812826029, 13.762758965563197 ], [ -87.814319148075768, 13.762758965563199 ], [ -87.814319148075768, 13.776233633188067 ] ] ] } },
{ "type": "Feature", "properties": { "class_id": 3, "area_m2": 36901512.741492793, "class_name": "Normal", "index": "NMDI", "min_value": null, "max_value": null }, "geometry": { "type": "Polygon", "coordinates": [ [ [ -87.800844480450891, 13.803182968437797 ], [ -87.787369812826029, 13.803182968437797 ], [ -87.787369812826029, 13.81665763606266 ], [ -87.746945809951455, 13.816657636062658 ], [ -87.746945809951455, 13.830132303687522 ], [ -87.733471142326565, 13.830132303687524 ], [ -87.733471142326565, 13.816657636062656 ], [ -87.70652180707684, 13.816657636062658 ], [ -87.70652180707684, 13.776233633188069 ], [ -87.760420477576304, 13.776233633188065 ], [ -87.760420477576304, 13.762758965563201 ], [ -87.773895145201166, 13.762758965563199 ], [ -87.773895145201166, 13.789708300812933 ], [ -87.800844480450891, 13.789708300812935 ], [ -87.800844480450891, 13.803182968437797 ] ], [ [ -87.733471142326565, 13.789708300812933 ], [ -87.733471142326565, 13.803182968437797 ], [ -87.773895145201166, 13.803182968437797 ], [ -87.773895145201166, 13.789708300812933 ], [ -87.733471142326565, 13.789708300812933 ] ] ] } },
{ "type": "Feature", "properties": { "class_id": 3, "area_m2": 2170382.4918533801, "class_name": "Normal", "index": "NMDI", "min_value": null, "max_value": null }, "geometry": { "type": "Polygon", "coordinates": [ [ [ -87.800844480450891, 13.843606971312386 ], [ -87.787369812826029, 13.84360697131239 ], [ -87.787369812826029, 13.83013230368752 ], [ -87.800844480450891, 13.830132303687527 ], [ -87.800844480450891, 13.843606971312386 ] ] ] } },
{ "type": "Feature", "properties": { "class_id": 3, "area_m2": 6510866.448762673, "class_name": "Normal", "index": "NMDI", "min_value": null, "max_value": null }, "geometry": { "type": "Polygon", "coordinates": [ [ [ -87.760420477576304, 13.83013230368752 ], [ -87.773895145201166, 13.830132303687524 ], [ -87.773895145201166, 13.85708163893726 ], [ -87.746945809951455, 13.857081638937258 ], [ -87.746945809951455, 13.843606971312393 ], [ -87.760420477576304, 13.84360697131239 ], [ -87.760420477576304, 13.83013230368752 ] ] ] } },
{ "type": "Feature", "properties": { "class_id": 3, "area_m2": 8678989.359141279, "class_name": "Normal", "index": "NMDI", "min_value": null, "max_value": null }, "geometry": { "type": "Polygon", "coordinates": [ [ [ -87.868217818575218, 13.924454977061584 ], [ -87.854743150950355, 13.924454977061579 ], [ -87.854743150950355, 13.91098030943672 ], [ -87.841268483325493, 13.91098030943672 ], [ -87.841268483325493, 13.897505641811854 ], [ -87.881692486200095, 13.897505641811851 ], [ -87.881692486200095, 13.91098030943672 ], [ -87.868217818575218, 13.910980309436724 ], [ -87.868217818575218, 13.924454977061584 ] ] ] } },
{ "type": "Feature", "properties": { "class_id": 3, "area_m2": 2169576.9254670818, "class_name": "Normal", "index": "NMDI", "min_value": null, "max_value": null }, "geometry": { "type": "Polygon", "coordinates": [ [ [ -87.854743150950355, 13.937929644686447 ], [ -87.841268483325493, 13.937929644686445 ], [ -87.841268483325493, 13.924454977061584 ], [ -87.854743150950355, 13.924454977061579 ], [ -87.854743150950355, 13.937929644686447 ] ] ] } },
{ "type": "Feature", "properties": { "class_id": 3, "area_m2": 2169606.0192339648, "class_name": "Normal", "index": "NMDI", "min_value": null, "max_value": null }, "geometry": { "type": "Polygon", "coordinates": [ [ [ -87.881692486200095, 13.93792964468645 ], [ -87.868217818575218, 13.937929644686449 ], [ -87.868217818575218, 13.924454977061584 ], [ -87.881692486200095, 13.924454977061584 ], [ -87.881692486200095, 13.93792964468645 ] ] ] } },
{ "type": "Feature", "properties": { "class_id": 4, "area_m2": 4352813.3666427024, "class_name": "Alto", "index": "NMDI", "min_value": null, "max_value": null }, "geometry": { "type": "Polygon", "coordinates": [ [ [ -88.784495217066066, 13.331569601567514 ], [ -88.797969884690929, 13.331569601567512 ], [ -88.797969884690929, 13.358518936817244 ], [ -88.784495217066066, 13.358518936817244 ], [ -88.784495217066066, 13.331569601567514 ] ] ] } },
{ "type": "Feature", "properties": { "class_id": 4, "area_m2": 2176415.8379584299, "class_name": "Alto", "index": "NMDI", "min_value": null, "max_value": null }, "geometry": { "type": "Polygon", "coordinates": [ [ [ -88.865343222815255, 13.358518936817244 ], [ -88.878817890440118, 13.358518936817244 ], [ -88.878817890440118, 13.37199360444211 ], [ -88.865343222815255, 13.371993604442109 ], [ -88.865343222815255, 13.358518936817244 ] ] ] } },
{ "type": "Feature", "properties": { "class_id": 4, "area_m2": 10883678.506221186, "class_name": "Alto", "index": "NMDI", "min_value": null, "max_value": null }, "geometry": { "type": "Polygon", "coordinates": [ [ [ -89.013564566688771, 13.385468272066968 ], [ -88.986615231439046, 13.385468272066969 ], [ -88.986615231439046, 13.37199360444211 ], [ -89.000089899063909, 13.371993604442109 ], [ -89.000089899063909, 13.345044269192377 ], [ -89.013564566688771, 13.345044269192375 ], [ -89.013564566688771, 13.358518936817248 ], [ -89.027039234313634, 13.358518936817244 ], [ -89.027039234313634, 13.371993604442114 ], [ -89.013564566688771, 13.371993604442109 ], [ -89.013564566688771, 13.385468272066968 ] ] ] } },
{ "type": "Feature", "properties": { "class_id": 4, "area_m2": 2176849.6192938443, "class_name": "Alto", "index": "NMDI", "min_value": null, "max_value": null }, "geometry": { "type": "Polygon", "coordinates": [ [ [ -89.053988569563359, 13.37199360444211 ], [ -89.040513901938496, 13.371993604442109 ], [ -89.040513901938496, 13.358518936817241 ], [ -89.053988569563359, 13.358518936817246 ], [ -89.053988569563359, 13.37199360444211 ] ] ] } },
{ "type": "Feature", "properties": { "class_id": 4, "area_m2": 2176109.9400544092, "class_name": "Alto", "index": "NMDI", "min_value": null, "max_value": null }, "geometry": { "type": "Polygon", "coordinates": [ [ [ -88.797969884690929, 13.385468272066975 ], [ -88.784495217066066, 13.385468272066968 ], [ -88.784495217066066, 13.371993604442109 ], [ -88.797969884690929, 13.371993604442109 ], [ -88.797969884690929, 13.385468272066975 ] ] ] } },
{ "type": "Feature", "properties": { "class_id": 4, "area_m2": 2176531.432874837, "class_name": "Alto", "index": "NMDI", "min_value": null, "max_value": null }, "geometry": { "type": "Polygon", "coordinates": [ [ [ -89.188735245812012, 13.439366942566433 ], [ -89.202209913436889, 13.439366942566432 ], [ -89.202209913436889, 13.452841610191301 ], [ -89.188735245812012, 13.452841610191301 ], [ -89.188735245812012, 13.439366942566433 ] ] ] } },
{ "type": "Feature", "properties": { "class_id": 4, "area_m2": 2175639.4185758079, "class_name": "Alto", "index": "NMDI", "min_value": null, "max_value": null }, "geometry": { "type": "Polygon", "coordinates": [ [ [ -89.269583251561215, 13.574113618815085 ], [ -89.256108583936339, 13.574113618815089 ], [ -89.256108583936339, 13.560638951190221 ], [ -89.269583251561215, 13.560638951190215 ], [ -89.269583251561215, 13.574113618815085 ] ] ] } },
{ "type": "Feature", "properties": { "class_id": 4, "area_m2": 13044630.92657413, "class_name": "Alto", "index": "NMDI", "min_value": null, "max_value": null }, "geometry": { "type": "Polygon", "coordinates": [ [ [ -89.053988569563359, 13.695385627438879 ], [ -89.040513901938496, 13.695385627438874 ], [ -89.040513901938496, 13.681910959814006 ], [ -89.027039234313634, 13.68191095981401 ], [ -89.027039234313634, 13.65496162456428 ], [ -89.040513901938496, 13.65496162456428 ], [ -89.040513901938496, 13.668436292189138 ], [ -89.053988569563359, 13.66843629218914 ], [ -89.053988569563359, 13.654961624564278 ], [ -89.067463237188235, 13.654961624564276 ], [ -89.067463237188235, 13.681910959814015 ], [ -89.053988569563359, 13.681910959814013 ], [ -89.053988569563359, 13.695385627438879 ] ] ] } },
{ "type": "Feature", "properties": { "class_id": 4, "area_m2": 2173876.3450294407, "class_name": "Alto", "index": "NMDI", "min_value": null, "max_value": null }, "geometry": { "type": "Polygon", "coordinates": [ [ [ -89.053988569563359, 13.695385627438879 ], [ -89.067463237188235, 13.695385627438874 ], [ -89.067463237188235, 13.70886029506374 ], [ -89.053988569563359, 13.70886029506374 ], [ -89.053988569563359, 13.695385627438879 ] ] ] } },
{ "type": "Feature", "properties": { "class_id": 4, "area_m2": 4347808.7084117569, "class_name": "Alto", "index": "NMDI", "min_value": null, "max_value": null }, "geometry": { "type": "Polygon", "coordinates": [ [ [ -89.390855260184992, 13.803182968437797 ], [ -89.363905924935267, 13.803182968437794 ], [ -89.363905924935267, 13.789708300812928 ], [ -89.390855260184992, 13.789708300812931 ], [ -89.390855260184992, 13.803182968437797 ] ] ] } },
{ "type": "Feature", "properties": { "class_id": 4, "area_m2": 2172194.4866598006, "class_name": "Alto", "index": "NMDI", "min_value": null, "max_value": null }, "geometry": { "type": "Polygon", "coordinates": [ [ [ -89.080937904813098, 13.897505641811854 ], [ -89.067463237188235, 13.897505641811859 ], [ -89.067463237188235, 13.884030974186986 ], [ -89.080937904813098, 13.884030974186986 ], [ -89.080937904813098, 13.897505641811854 ] ] ] } },
{ "type": "Feature", "properties": { "class_id": 4, "area_m2": 2174712.0802277066, "class_name": "Alto", "index": "NMDI", "min_value": null, "max_value": null }, "geometry": { "type": "Polygon", "coordinates": [ [ [ -89.875943294680141, 13.884030974186983 ], [ -89.889417962305018, 13.884030974186985 ], [ -89.889417962305018, 13.897505641811852 ], [ -89.875943294680141, 13.897505641811854 ], [ -89.875943294680141, 13.884030974186983 ] ] ] } },
{ "type": "Feature", "properties": { "class_id": 4, "area_m2": 2172457.19810106, "class_name": "Alto", "index": "NMDI", "min_value": null, "max_value": null }, "geometry": { "type": "Polygon", "coordinates": [ [ [ -89.619924609807711, 14.032252318060504 ], [ -89.633399277432574, 14.032252318060507 ], [ -89.633399277432574, 14.045726985685368 ], [ -89.619924609807711, 14.045726985685365 ], [ -89.619924609807711, 14.032252318060504 ] ] ] } },
{ "type": "Feature", "properties": { "class_id": 4, "area_m2": 2170600.4272283204, "class_name": "Alto", "index": "NMDI", "min_value": null, "max_value": null }, "geometry": { "type": "Polygon", "coordinates": [ [ [ -89.027039234313634, 14.045726985685366 ], [ -89.040513901938496, 14.045726985685368 ], [ -89.040513901938496, 14.059201653310238 ], [ -89.027039234313634, 14.05920165331024 ], [ -89.027039234313634, 14.045726985685366 ] ] ] } },
{ "type": "Feature", "properties": { "class_id": 4, "area_m2": 2170136.8880344178, "class_name": "Alto", "index": "NMDI", "min_value": null, "max_value": null }, "geometry": { "type": "Polygon", "coordinates": [ [ [ -89.49865260118392, 14.247847000058352 ], [ -89.485177933559058, 14.247847000058352 ], [ -89.485177933559058, 14.234372332433486 ], [ -89.49865260118392, 14.234372332433486 ], [ -89.49865260118392, 14.247847000058352 ] ] ] } },
{ "type": "Feature", "properties": { "class_id": 4, "area_m2": 2177187.5090536075, "class_name": "Alto", "index": "NMDI", "min_value": null, "max_value": null }, "geometry": { "type": "Polygon", "coordinates": [ [ [ -88.461103194069295, 13.183348257693991 ], [ -88.447628526444433, 13.183348257693996 ], [ -88.447628526444433, 13.169873590069129 ], [ -88.461103194069295, 13.169873590069125 ], [ -88.461103194069295, 13.183348257693991 ] ] ] } },
{ "type": "Feature", "properties": { "class_id": 4, "area_m2": 2177145.911200955, "class_name": "Alto", "index": "NMDI", "min_value": null, "max_value": null }, "geometry": { "type": "Polygon", "coordinates": [ [ [ -88.48805252931902, 13.183348257693991 ], [ -88.501527196943883, 13.183348257693996 ], [ -88.501527196943883, 13.196822925318855 ], [ -88.48805252931902, 13.196822925318857 ], [ -88.48805252931902, 13.183348257693991 ] ] ] } },
{ "type": "Feature", "properties": { "class_id": 4, "area_m2": 2177177.7978160796, "class_name": "Alto", "index": "NMDI", "min_value": null, "max_value": null }, "geometry": { "type": "Polygon", "coordinates": [ [ [ -88.636273873192536, 13.223772260568587 ], [ -88.622799205567674, 13.223772260568589 ], [ -88.622799205567674, 13.210297592943727 ], [ -88.636273873192536, 13.210297592943727 ], [ -88.636273873192536, 13.223772260568587 ] ] ] } },
{ "type": "Feature", "properties": { "class_id": 4, "area_m2": 2176978.0453205081, "class_name": "Alto", "index": "NMDI", "min_value": null, "max_value": null }, "geometry": { "type": "Polygon", "coordinates": [ [ [ -88.595849870317949, 13.237246928193452 ], [ -88.582375202693086, 13.237246928193453 ], [ -88.582375202693086, 13.223772260568591 ], [ -88.595849870317949, 13.223772260568589 ], [ -88.595849870317949, 13.237246928193452 ] ] ] } },
{ "type": "Feature", "properties": { "class_id": 4, "area_m2": 2177231.1754595623, "class_name": "Alto", "index": "NMDI", "min_value": null, "max_value": null }, "geometry": { "type": "Polygon", "coordinates": [ [ [ -88.703647211316863, 13.223772260568589 ], [ -88.71712187894174, 13.223772260568587 ], [ -88.71712187894174, 13.237246928193453 ], [ -88.703647211316863, 13.237246928193455 ], [ -88.703647211316863, 13.223772260568589 ] ] ] } },
{ "type": "Feature", "properties": { "class_id": 4, "area_m2": 15238705.542662267, "class_name": "Alto", "index": "NMDI", "min_value": null, "max_value": null }, "geometry": { "type": "Polygon", "coordinates": [ [ [ -88.501527196943883, 13.223772260568587 ], [ -88.51500186456876, 13.223772260568586 ], [ -88.51500186456876, 13.237246928193452 ], [ -88.568900535068209, 13.237246928193457 ], [ -88.568900535068209, 13.250721595818323 ], [ -88.48805252931902, 13.250721595818323 ], [ -88.48805252931902, 13.237246928193452 ], [ -88.501527196943883, 13.237246928193453 ], [ -88.501527196943883, 13.223772260568587 ] ] ] } },
{ "type": "Feature", "properties": { "class_id": 4, "area_m2": 2177232.050293949, "class_name": "Alto", "index": "NMDI", "min_value": null, "max_value": null }, "geometry": { "type": "Polygon", "coordinates": [ [ [ -88.771020549441189, 13.250721595818318 ], [ -88.757545881816327, 13.250721595818321 ], [ -88.757545881816327, 13.237246928193453 ], [ -88.771020549441189, 13.237246928193457 ], [ -88.771020549441189, 13.250721595818318 ] ] ] } },
{ "type": "Feature", "properties": { "class_id": 4, "area_m2": 4353823.6031216495, "class_name": "Alto", "index": "NMDI", "min_value": null, "max_value": null }, "geometry": { "type": "Polygon", "coordinates": [ [ [ -88.636273873192536, 13.237246928193455 ], [ -88.649748540817413, 13.237246928193453 ], [ -88.649748540817413, 13.264196263443187 ], [ -88.636273873192536, 13.264196263443186 ], [ -88.636273873192536, 13.237246928193455 ] ] ] } },
{ "type": "Feature", "properties": { "class_id": 4, "area_m2": 2176533.5382754104, "class_name": "Alto", "index": "NMDI", "min_value": null, "max_value": null }, "geometry": { "type": "Polygon", "coordinates": [ [ [ -88.474577861694158, 13.25072159581832 ], [ -88.48805252931902, 13.250721595818323 ], [ -88.48805252931902, 13.264196263443187 ], [ -88.474577861694158, 13.264196263443186 ], [ -88.474577861694158, 13.25072159581832 ] ] ] } },
{ "type": "Feature", "properties": { "class_id": 4, "area_m2": 2176715.857812332, "class_name": "Alto", "index": "NMDI", "min_value": null, "max_value": null }, "geometry": { "type": "Polygon", "coordinates": [ [ [ -88.568900535068209, 13.250721595818323 ], [ -88.582375202693086, 13.250721595818318 ], [ -88.582375202693086, 13.264196263443186 ], [ -88.568900535068209, 13.264196263443187 ], [ -88.568900535068209, 13.250721595818323 ] ] ] } },
{ "type": "Feature", "properties": { "class_id": 4, "area_m2": 2176909.4500525212, "class_name": "Alto", "index": "NMDI", "min_value": null, "max_value": null }, "geometry": { "type": "Polygon", "coordinates": [ [ [ -88.676697876067138, 13.264196263443184 ], [ -88.663223208442275, 13.264196263443186 ], [ -88.663223208442275, 13.25072159581832 ], [ -88.676697876067138, 13.25072159581832 ], [ -88.676697876067138, 13.264196263443184 ] ] ] } },
{ "type": "Feature", "properties": { "class_id": 4, "area_m2": 2177054.6340335188, "class_name": "Alto", "index": "NMDI", "min_value": null, "max_value": null }, "geometry": { "type": "Polygon", "coordinates": [ [ [ -88.744071214191464, 13.264196263443187 ], [ -88.730596546566602, 13.264196263443186 ], [ -88.730596546566602, 13.250721595818323 ], [ -88.744071214191464, 13.250721595818323 ], [ -88.744071214191464, 13.264196263443187 ] ] ] } },
{ "type": "Feature", "properties": { "class_id": 4, "area_m2": 2176561.7335644732, "class_name": "Alto", "index": "NMDI", "min_value": null, "max_value": null }, "geometry": { "type": "Polygon", "coordinates": [ [ [ -88.609324537942811, 13.277670931068055 ], [ -88.622799205567674, 13.277670931068053 ], [ -88.622799205567674, 13.291145598692918 ], [ -88.609324537942811, 13.291145598692918 ], [ -88.609324537942811, 13.277670931068055 ] ] ] } },
{ "type": "Feature", "properties": { "class_id": 4, "area_m2": 2176381.055069779, "class_name": "Alto", "index": "NMDI", "min_value": null, "max_value": null }, "geometry": { "type": "Polygon", "coordinates": [ [ [ -88.649748540817413, 13.318094933942644 ], [ -88.636273873192536, 13.318094933942648 ], [ -88.636273873192536, 13.304620266317782 ], [ -88.649748540817413, 13.304620266317784 ], [ -88.649748540817413, 13.318094933942644 ] ] ] } },
{ "type": "Feature", "properties": { "class_id": 4, "area_m2": 2175431.5273792678, "class_name": "Alto", "index": "NMDI", "min_value": null, "max_value": null }, "geometry": { "type": "Polygon", "coordinates": [ [ [ -88.649748540817413, 13.425892274941571 ], [ -88.636273873192536, 13.425892274941569 ], [ -88.636273873192536, 13.412417607316703 ], [ -88.649748540817413, 13.412417607316705 ], [ -88.649748540817413, 13.425892274941571 ] ] ] } },
{ "type": "Feature", "properties": { "class_id": 4, "area_m2": 4353970.0664257864, "class_name": "Alto", "index": "NMDI", "min_value": null, "max_value": null }, "geometry": { "type": "Polygon", "coordinates": [ [ [ -88.326356517820642, 13.169873590069129 ], [ -88.353305853070367, 13.16987359006913 ], [ -88.353305853070367, 13.183348257693991 ], [ -88.326356517820642, 13.183348257693993 ], [ -88.326356517820642, 13.169873590069129 ] ] ] } },
{ "type": "Feature", "properties": { "class_id": 4, "area_m2": 2177138.3589001177, "class_name": "Alto", "index": "NMDI", "min_value": null, "max_value": null }, "geometry": { "type": "Polygon", "coordinates": [ [ [ -88.43415385881957, 13.183348257693993 ], [ -88.420679191194694, 13.183348257693991 ], [ -88.420679191194694, 13.169873590069123 ], [ -88.43415385881957, 13.16987359006913 ], [ -88.43415385881957, 13.183348257693993 ] ] ] } },
{ "type": "Feature", "properties": { "class_id": 4, "area_m2": 4352016.0149223171, "class_name": "Alto", "index": "NMDI", "min_value": null, "max_value": null }, "geometry": { "type": "Polygon", "coordinates": [ [ [ -87.733471142326565, 13.210297592943723 ], [ -87.719996474701702, 13.210297592943727 ], [ -87.719996474701702, 13.183348257693993 ], [ -87.733471142326565, 13.183348257693998 ], [ -87.733471142326565, 13.210297592943723 ] ] ] } },
{ "type": "Feature", "properties": { "class_id": 4, "area_m2": 6530228.4884424806, "class_name": "Alto", "index": "NMDI", "min_value": null, "max_value": null }, "geometry": { "type": "Polygon", "coordinates": [ [ [ -88.420679191194694, 13.210297592943723 ], [ -88.447628526444433, 13.210297592943725 ], [ -88.447628526444433, 13.237246928193453 ], [ -88.43415385881957, 13.237246928193453 ], [ -88.43415385881957, 13.223772260568587 ], [ -88.420679191194694, 13.223772260568587 ], [ -88.420679191194694, 13.210297592943723 ] ] ] } },
{ "type": "Feature", "properties": { "class_id": 4, "area_m2": 2176433.2846624292, "class_name": "Alto", "index": "NMDI", "min_value": null, "max_value": null }, "geometry": { "type": "Polygon", "coordinates": [ [ [ -88.353305853070367, 13.237246928193453 ], [ -88.366780520695244, 13.237246928193452 ], [ -88.366780520695244, 13.250721595818323 ], [ -88.353305853070367, 13.25072159581832 ], [ -88.353305853070367, 13.237246928193453 ] ] ] } },
{ "type": "Feature", "properties": { "class_id": 4, "area_m2": 4352942.4192760997, "class_name": "Alto", "index": "NMDI", "min_value": null, "max_value": null }, "geometry": { "type": "Polygon", "coordinates": [ [ [ -88.43415385881957, 13.250721595818318 ], [ -88.461103194069295, 13.250721595818323 ], [ -88.461103194069295, 13.264196263443187 ], [ -88.43415385881957, 13.264196263443186 ], [ -88.43415385881957, 13.250721595818318 ] ] ] } },
{ "type": "Feature", "properties": { "class_id": 4, "area_m2": 2175354.513292809, "class_name": "Alto", "index": "NMDI", "min_value": null, "max_value": null }, "geometry": { "type": "Polygon", "coordinates": [ [ [ -88.043388497698473, 13.318094933942648 ], [ -88.02991383007361, 13.318094933942646 ], [ -88.02991383007361, 13.304620266317785 ], [ -88.043388497698473, 13.304620266317784 ], [ -88.043388497698473, 13.318094933942648 ] ] ] } },
{ "type": "Feature", "properties": { "class_id": 4, "area_m2": 2175153.9175159764, "class_name": "Alto", "index": "NMDI", "min_value": null, "max_value": null }, "geometry": { "type": "Polygon", "coordinates": [ [ [ -88.070337832948198, 13.34504426919238 ], [ -88.05686316532335, 13.345044269192377 ], [ -88.05686316532335, 13.331569601567509 ], [ -88.070337832948198, 13.331569601567509 ], [ -88.070337832948198, 13.34504426919238 ] ] ] } },
{ "type": "Feature", "properties": { "class_id": 4, "area_m2": 2175029.7816059277, "class_name": "Alto", "index": "NMDI", "min_value": null, "max_value": null }, "geometry": { "type": "Polygon", "coordinates": [ [ [ -88.137711171072525, 13.358518936817243 ], [ -88.151185838697387, 13.358518936817243 ], [ -88.151185838697387, 13.37199360444211 ], [ -88.137711171072525, 13.371993604442109 ], [ -88.137711171072525, 13.358518936817243 ] ] ] } },
{ "type": "Feature", "properties": { "class_id": 4, "area_m2": 2175235.9373518806, "class_name": "Alto", "index": "NMDI", "min_value": null, "max_value": null }, "geometry": { "type": "Polygon", "coordinates": [ [ [ -88.28593251494604, 13.371993604442107 ], [ -88.272457847321178, 13.37199360444211 ], [ -88.272457847321178, 13.358518936817244 ], [ -88.28593251494604, 13.358518936817244 ], [ -88.28593251494604, 13.371993604442107 ] ] ] } },
{ "type": "Feature", "properties": { "class_id": 4, "area_m2": 2174552.986380449, "class_name": "Alto", "index": "NMDI", "min_value": null, "max_value": null }, "geometry": { "type": "Polygon", "coordinates": [ [ [ -87.868217818575218, 13.385468272066971 ], [ -87.854743150950355, 13.385468272066969 ], [ -87.854743150950355, 13.37199360444211 ], [ -87.868217818575218, 13.37199360444211 ], [ -87.868217818575218, 13.385468272066971 ] ] ] } },
{ "type": "Feature", "properties": { "class_id": 4, "area_m2": 15225729.748628754, "class_name": "Alto", "index": "NMDI", "min_value": null, "max_value": null }, "geometry": { "type": "Polygon", "coordinates": [ [ [ -88.28593251494604, 13.371993604442107 ], [ -88.299407182570931, 13.371993604442107 ], [ -88.299407182570931, 13.398942939691835 ], [ -88.258983179696315, 13.398942939691839 ], [ -88.258983179696315, 13.385468272066975 ], [ -88.245508512071453, 13.385468272066973 ], [ -88.245508512071453, 13.358518936817243 ], [ -88.258983179696315, 13.358518936817246 ], [ -88.258983179696315, 13.371993604442109 ], [ -88.272457847321178, 13.37199360444211 ], [ -88.272457847321178, 13.385468272066976 ], [ -88.28593251494604, 13.385468272066971 ], [ -88.28593251494604, 13.371993604442107 ] ] ] } },
{ "type": "Feature", "properties": { "class_id": 4, "area_m2": 4348216.5789766628, "class_name": "Alto", "index": "NMDI", "min_value": null, "max_value": null }, "geometry": { "type": "Polygon", "coordinates": [ [ [ -87.841268483325493, 13.439366942566435 ], [ -87.82779381570063, 13.439366942566433 ], [ -87.82779381570063, 13.412417607316703 ], [ -87.841268483325493, 13.412417607316705 ], [ -87.841268483325493, 13.439366942566435 ] ] ] } },
{ "type": "Feature", "properties": { "class_id": 4, "area_m2": 2173792.4383615777, "class_name": "Alto", "index": "NMDI", "min_value": null, "max_value": null }, "geometry": { "type": "Polygon", "coordinates": [ [ [ -88.02991383007361, 13.493265613065903 ], [ -88.016439162448734, 13.493265613065898 ], [ -88.016439162448734, 13.47979094544103 ], [ -88.02991383007361, 13.479790945441032 ], [ -88.02991383007361, 13.493265613065903 ] ] ] } },
{ "type": "Feature", "properties": { "class_id": 5, "area_m2": 2176800.887704588, "class_name": "Muy Alto", "index": "NMDI", "min_value": null, "max_value": null }, "geometry": { "type": "Polygon", "coordinates": [ [ [ -89.067463237188235, 13.371993604442109 ], [ -89.080937904813098, 13.371993604442109 ], [ -89.080937904813098, 13.385468272066975 ], [ -89.067463237188235, 13.385468272066969 ], [ -89.067463237188235, 13.371993604442109 ] ] ] } },
{ "type": "Feature", "properties": { "class_id": 5, "area_m2": 2176752.9350992548, "class_name": "Muy Alto", "index": "NMDI", "min_value": null, "max_value": null }, "geometry": { "type": "Polygon", "coordinates": [ [ [ -89.107887240062837, 13.398942939691841 ], [ -89.09441257243796, 13.398942939691834 ], [ -89.09441257243796, 13.385468272066969 ], [ -89.107887240062837, 13.385468272066969 ], [ -89.107887240062837, 13.398942939691841 ] ] ] } },
{ "type": "Feature", "properties": { "class_id": 5, "area_m2": 2176705.7610897282, "class_name": "Muy Alto", "index": "NMDI", "min_value": null, "max_value": null }, "geometry": { "type": "Polygon", "coordinates": [ [ [ -89.134836575312562, 13.412417607316701 ], [ -89.121361907687685, 13.412417607316703 ], [ -89.121361907687685, 13.398942939691834 ], [ -89.134836575312562, 13.398942939691839 ], [ -89.134836575312562, 13.412417607316701 ] ] ] } },
{ "type": "Feature", "properties": { "class_id": 5, "area_m2": 2176659.3653103085, "class_name": "Muy Alto", "index": "NMDI", "min_value": null, "max_value": null }, "geometry": { "type": "Polygon", "coordinates": [ [ [ -89.148311242937424, 13.412417607316707 ], [ -89.161785910562287, 13.412417607316707 ], [ -89.161785910562287, 13.425892274941571 ], [ -89.148311242937424, 13.425892274941569 ], [ -89.148311242937424, 13.412417607316707 ] ] ] } },
{ "type": "Feature", "properties": { "class_id": 5, "area_m2": 2176524.8436386972, "class_name": "Muy Alto", "index": "NMDI", "min_value": null, "max_value": null }, "geometry": { "type": "Polygon", "coordinates": [ [ [ -89.242633916311476, 13.466316277816162 ], [ -89.229159248686628, 13.466316277816167 ], [ -89.229159248686628, 13.452841610191307 ], [ -89.242633916311476, 13.452841610191298 ], [ -89.242633916311476, 13.466316277816162 ] ] ] } },
{ "type": "Feature", "properties": { "class_id": 5, "area_m2": 2177111.0851500509, "class_name": "Muy Alto", "index": "NMDI", "min_value": null, "max_value": null }, "geometry": { "type": "Polygon", "coordinates": [ [ [ -89.592975274557972, 13.520214948315623 ], [ -89.579500606933109, 13.520214948315623 ], [ -89.579500606933109, 13.506740280690762 ], [ -89.592975274557972, 13.506740280690762 ], [ -89.592975274557972, 13.520214948315623 ] ] ] } },
{ "type": "Feature", "properties": { "class_id": 5, "area_m2": 4348431.0403429288, "class_name": "Muy Alto", "index": "NMDI", "min_value": null, "max_value": null }, "geometry": { "type": "Polygon", "coordinates": [ [ [ -89.080937904813098, 13.654961624564276 ], [ -89.080937904813098, 13.681910959814005 ], [ -89.067463237188235, 13.681910959814015 ], [ -89.067463237188235, 13.654961624564276 ], [ -89.080937904813098, 13.654961624564276 ] ] ] } },
{ "type": "Feature", "properties": { "class_id": 5, "area_m2": 2173998.0913889315, "class_name": "Muy Alto", "index": "NMDI", "min_value": null, "max_value": null }, "geometry": { "type": "Polygon", "coordinates": [ [ [ -89.053988569563359, 13.695385627438879 ], [ -89.053988569563359, 13.681910959814013 ], [ -89.067463237188235, 13.681910959814015 ], [ -89.067463237188235, 13.695385627438874 ], [ -89.053988569563359, 13.695385627438879 ] ] ] } },
{ "type": "Feature", "properties": { "class_id": 5, "area_m2": 2173841.5140954549, "class_name": "Muy Alto", "index": "NMDI", "min_value": null, "max_value": null }, "geometry": { "type": "Polygon", "coordinates": [ [ [ -89.053988569563359, 13.695385627438879 ], [ -89.053988569563359, 13.70886029506374 ], [ -89.040513901938496, 13.708860295063738 ], [ -89.040513901938496, 13.695385627438874 ], [ -89.053988569563359, 13.695385627438879 ] ] ] } },
{ "type": "Feature", "properties": { "class_id": 5, "area_m2": 2173911.4051925638, "class_name": "Muy Alto", "index": "NMDI", "min_value": null, "max_value": null }, "geometry": { "type": "Polygon", "coordinates": [ [ [ -89.067463237188235, 13.695385627438874 ], [ -89.080937904813098, 13.695385627438874 ], [ -89.080937904813098, 13.708860295063744 ], [ -89.067463237188235, 13.70886029506374 ], [ -89.067463237188235, 13.695385627438874 ] ] ] } },
{ "type": "Feature", "properties": { "class_id": 5, "area_m2": 2173764.6968561378, "class_name": "Muy Alto", "index": "NMDI", "min_value": null, "max_value": null }, "geometry": { "type": "Polygon", "coordinates": [ [ [ -89.336956589685542, 13.803182968437799 ], [ -89.323481922060665, 13.803182968437797 ], [ -89.323481922060665, 13.789708300812933 ], [ -89.336956589685542, 13.789708300812935 ], [ -89.336956589685542, 13.803182968437799 ] ] ] } },
{ "type": "Feature", "properties": { "class_id": 5, "area_m2": 4344511.3327670554, "class_name": "Muy Alto", "index": "NMDI", "min_value": null, "max_value": null }, "geometry": { "type": "Polygon", "coordinates": [ [ [ -89.539076604058522, 14.032252318060506 ], [ -89.512127268808783, 14.032252318060511 ], [ -89.512127268808783, 14.018777650435645 ], [ -89.539076604058522, 14.01877765043564 ], [ -89.539076604058522, 14.032252318060506 ] ] ] } },
{ "type": "Feature", "properties": { "class_id": 5, "area_m2": 30390855.676993854, "class_name": "Muy Alto", "index": "NMDI", "min_value": null, "max_value": null }, "geometry": { "type": "Polygon", "coordinates": [ [ [ -89.040513901938496, 14.032252318060502 ], [ -89.053988569563359, 14.032252318060506 ], [ -89.053988569563359, 14.018777650435641 ], [ -89.067463237188235, 14.018777650435641 ], [ -89.067463237188235, 14.032252318060504 ], [ -89.080937904813098, 14.032252318060504 ], [ -89.080937904813098, 14.04572698568537 ], [ -89.067463237188235, 14.045726985685373 ], [ -89.067463237188235, 14.059201653310234 ], [ -89.053988569563359, 14.059201653310234 ], [ -89.053988569563359, 14.072676320935102 ], [ -89.040513901938496, 14.072676320935102 ], [ -89.040513901938496, 14.045726985685368 ], [ -89.027039234313634, 14.045726985685366 ], [ -89.027039234313634, 14.05920165331024 ], [ -89.013564566688771, 14.059201653310234 ], [ -89.013564566688771, 14.018777650435641 ], [ -89.027039234313634, 14.018777650435643 ], [ -89.027039234313634, 13.991828315185913 ], [ -89.040513901938496, 13.991828315185908 ], [ -89.040513901938496, 14.032252318060502 ] ] ] } },
{ "type": "Feature", "properties": { "class_id": 5, "area_m2": 4340874.0783108622, "class_name": "Muy Alto", "index": "NMDI", "min_value": null, "max_value": null }, "geometry": { "type": "Polygon", "coordinates": [ [ [ -89.080937904813098, 14.086150988559965 ], [ -89.053988569563359, 14.086150988559968 ], [ -89.053988569563359, 14.072676320935102 ], [ -89.080937904813098, 14.072676320935102 ], [ -89.080937904813098, 14.086150988559965 ] ] ] } },
{ "type": "Feature", "properties": { "class_id": 5, "area_m2": 2170010.0898697516, "class_name": "Muy Alto", "index": "NMDI", "min_value": null, "max_value": null }, "geometry": { "type": "Polygon", "coordinates": [ [ [ -89.49865260118392, 14.261321667683211 ], [ -89.485177933559058, 14.261321667683216 ], [ -89.485177933559058, 14.247847000058352 ], [ -89.49865260118392, 14.247847000058352 ], [ -89.49865260118392, 14.261321667683211 ] ] ] } },
{ "type": "Feature", "properties": { "class_id": 5, "area_m2": 2169883.078367414, "class_name": "Muy Alto", "index": "NMDI", "min_value": null, "max_value": null }, "geometry": { "type": "Polygon", "coordinates": [ [ [ -89.525601936433645, 14.274796335308082 ], [ -89.539076604058522, 14.274796335308084 ], [ -89.539076604058522, 14.288271002932948 ], [ -89.525601936433645, 14.28827100293295 ], [ -89.525601936433645, 14.274796335308082 ] ] ] } },
{ "type": "Feature", "properties": { "class_id": 5, "area_m2": 6531638.8201143285, "class_name": "Muy Alto", "index": "NMDI", "min_value": null, "max_value": null }, "geometry": { "type": "Polygon", "coordinates": [ [ [ -88.609324537942811, 13.210297592943727 ], [ -88.568900535068209, 13.210297592943727 ], [ -88.568900535068209, 13.196822925318864 ], [ -88.609324537942811, 13.196822925318857 ], [ -88.609324537942811, 13.210297592943727 ] ] ] } },
{ "type": "Feature", "properties": { "class_id": 5, "area_m2": 8708993.0047650933, "class_name": "Muy Alto", "index": "NMDI", "min_value": null, "max_value": null }, "geometry": { "type": "Polygon", "coordinates": [ [ [ -88.690172543692, 13.223772260568587 ], [ -88.636273873192536, 13.223772260568587 ], [ -88.636273873192536, 13.210297592943727 ], [ -88.690172543692, 13.210297592943723 ], [ -88.690172543692, 13.223772260568587 ] ] ] } },
{ "type": "Feature", "properties": { "class_id": 5, "area_m2": 4354550.4622597797, "class_name": "Muy Alto", "index": "NMDI", "min_value": null, "max_value": null }, "geometry": { "type": "Polygon", "coordinates": [ [ [ -88.71712187894174, 13.223772260568587 ], [ -88.744071214191464, 13.223772260568591 ], [ -88.744071214191464, 13.237246928193452 ], [ -88.71712187894174, 13.237246928193453 ], [ -88.71712187894174, 13.223772260568587 ] ] ] } },
{ "type": "Feature", "properties": { "class_id": 5, "area_m2": 6531878.433040279, "class_name": "Muy Alto", "index": "NMDI", "min_value": null, "max_value": null }, "geometry": { "type": "Polygon", "coordinates": [ [ [ -88.811444552315791, 13.25072159581832 ], [ -88.771020549441189, 13.250721595818318 ], [ -88.771020549441189, 13.237246928193457 ], [ -88.811444552315791, 13.237246928193453 ], [ -88.811444552315791, 13.25072159581832 ] ] ] } },
{ "type": "Feature", "properties": { "class_id": 5, "area_m2": 4353904.9107870534, "class_name": "Muy Alto", "index": "NMDI", "min_value": null, "max_value": null }, "geometry": { "type": "Polygon", "coordinates": [ [ [ -88.703647211316863, 13.264196263443186 ], [ -88.676697876067138, 13.264196263443184 ], [ -88.676697876067138, 13.25072159581832 ], [ -88.703647211316863, 13.25072159581832 ], [ -88.703647211316863, 13.264196263443186 ] ] ] } },
{ "type": "Feature", "properties": { "class_id": 5, "area_m2": 2177181.019116702, "class_name": "Muy Alto", "index": "NMDI", "min_value": null, "max_value": null }, "geometry": { "type": "Polygon", "coordinates": [ [ [ -88.838393887565516, 13.264196263443186 ], [ -88.851868555190393, 13.264196263443186 ], [ -88.851868555190393, 13.277670931068055 ], [ -88.838393887565516, 13.277670931068053 ], [ -88.838393887565516, 13.264196263443186 ] ] ] } },
{ "type": "Feature", "properties": { "class_id": 5, "area_m2": 2176589.3804011284, "class_name": "Muy Alto", "index": "NMDI", "min_value": null, "max_value": null }, "geometry": { "type": "Polygon", "coordinates": [ [ [ -88.636273873192536, 13.291145598692919 ], [ -88.622799205567674, 13.291145598692918 ], [ -88.622799205567674, 13.277670931068053 ], [ -88.636273873192536, 13.277670931068048 ], [ -88.636273873192536, 13.291145598692919 ] ] ] } },
{ "type": "Feature", "properties": { "class_id": 5, "area_m2": 2177126.3689564401, "class_name": "Muy Alto", "index": "NMDI", "min_value": null, "max_value": null }, "geometry": { "type": "Polygon", "coordinates": [ [ [ -88.878817890440118, 13.291145598692916 ], [ -88.865343222815255, 13.291145598692921 ], [ -88.865343222815255, 13.27767093106805 ], [ -88.878817890440118, 13.277670931068057 ], [ -88.878817890440118, 13.291145598692916 ] ] ] } },
{ "type": "Feature", "properties": { "class_id": 5, "area_m2": 15239011.692461364, "class_name": "Muy Alto", "index": "NMDI", "min_value": null, "max_value": null }, "geometry": { "type": "Polygon", "coordinates": [ [ [ -88.91924189331472, 13.318094933942643 ], [ -88.878817890440118, 13.318094933942648 ], [ -88.878817890440118, 13.291145598692916 ], [ -88.905767225689843, 13.291145598692916 ], [ -88.905767225689843, 13.304620266317778 ], [ -88.932716560939582, 13.304620266317784 ], [ -88.932716560939582, 13.33156960156751 ], [ -88.91924189331472, 13.331569601567514 ], [ -88.91924189331472, 13.318094933942643 ] ] ] } },
{ "type": "Feature", "properties": { "class_id": 5, "area_m2": 2176967.1072390792, "class_name": "Muy Alto", "index": "NMDI", "min_value": null, "max_value": null }, "geometry": { "type": "Polygon", "coordinates": [ [ [ -88.959665896189307, 13.331569601567509 ], [ -88.946191228564444, 13.331569601567512 ], [ -88.946191228564444, 13.318094933942648 ], [ -88.959665896189307, 13.318094933942643 ], [ -88.959665896189307, 13.331569601567509 ] ] ] } },
{ "type": "Feature", "properties": { "class_id": 5, "area_m2": 2176949.420889576, "class_name": "Muy Alto", "index": "NMDI", "min_value": null, "max_value": null }, "geometry": { "type": "Polygon", "coordinates": [ [ [ -89.000089899063909, 13.345044269192377 ], [ -88.986615231439046, 13.345044269192378 ], [ -88.986615231439046, 13.331569601567516 ], [ -89.000089899063909, 13.331569601567509 ], [ -89.000089899063909, 13.345044269192377 ] ] ] } },
{ "type": "Feature", "properties": { "class_id": 5, "area_m2": 2176899.1302285674, "class_name": "Muy Alto", "index": "NMDI", "min_value": null, "max_value": null }, "geometry": { "type": "Polygon", "coordinates": [ [ [ -89.013564566688771, 13.345044269192375 ], [ -89.027039234313634, 13.345044269192378 ], [ -89.027039234313634, 13.358518936817244 ], [ -89.013564566688771, 13.358518936817248 ], [ -89.013564566688771, 13.345044269192375 ] ] ] } },
{ "type": "Feature", "properties": { "class_id": 5, "area_m2": 15219135.683611706, "class_name": "Muy Alto", "index": "NMDI", "min_value": null, "max_value": null }, "geometry": { "type": "Polygon", "coordinates": [ [ [ -89.013564566688771, 13.668436292189142 ], [ -89.000089899063909, 13.668436292189137 ], [ -89.000089899063909, 13.654961624564276 ], [ -89.013564566688771, 13.654961624564283 ], [ -89.013564566688771, 13.641486956939413 ], [ -89.067463237188235, 13.641486956939413 ], [ -89.067463237188235, 13.654961624564276 ], [ -89.027039234313634, 13.65496162456428 ], [ -89.027039234313634, 13.68191095981401 ], [ -89.013564566688771, 13.68191095981401 ], [ -89.013564566688771, 13.668436292189142 ] ] ] } },
{ "type": "Feature", "properties": { "class_id": 5, "area_m2": 2173704.4823761061, "class_name": "Muy Alto", "index": "NMDI", "min_value": null, "max_value": null }, "geometry": { "type": "Polygon", "coordinates": [ [ [ -89.000089899063909, 13.708860295063744 ], [ -88.986615231439046, 13.708860295063738 ], [ -88.986615231439046, 13.695385627438872 ], [ -89.000089899063909, 13.695385627438876 ], [ -89.000089899063909, 13.708860295063744 ] ] ] } },
{ "type": "Feature", "properties": { "class_id": 5, "area_m2": 4342795.657567678, "class_name": "Muy Alto", "index": "NMDI", "min_value": null, "max_value": null }, "geometry": { "type": "Polygon", "coordinates": [ [ [ -88.973140563814169, 13.937929644686445 ], [ -88.986615231439046, 13.937929644686445 ], [ -88.986615231439046, 13.964878979936181 ], [ -88.973140563814169, 13.964878979936181 ], [ -88.973140563814169, 13.937929644686445 ] ] ] } },
{ "type": "Feature", "properties": { "class_id": 5, "area_m2": 13028058.250569986, "class_name": "Muy Alto", "index": "NMDI", "min_value": null, "max_value": null }, "geometry": { "type": "Polygon", "coordinates": [ [ [ -89.000089899063909, 13.978353647561045 ], [ -89.013564566688771, 13.978353647561041 ], [ -89.013564566688771, 13.964878979936181 ], [ -89.000089899063909, 13.964878979936181 ], [ -89.000089899063909, 13.937929644686452 ], [ -89.013564566688771, 13.93792964468645 ], [ -89.013564566688771, 13.951404312311309 ], [ -89.027039234313634, 13.951404312311315 ], [ -89.027039234313634, 13.991828315185913 ], [ -89.000089899063909, 13.991828315185911 ], [ -89.000089899063909, 13.978353647561045 ] ] ] } },
{ "type": "Feature", "properties": { "class_id": 5, "area_m2": 4353811.1271781251, "class_name": "Muy Alto", "index": "NMDI", "min_value": null, "max_value": null }, "geometry": { "type": "Polygon", "coordinates": [ [ [ -88.23203384444659, 13.169873590069129 ], [ -88.205084509196851, 13.169873590069129 ], [ -88.205084509196851, 13.15639892244427 ], [ -88.23203384444659, 13.156398922444264 ], [ -88.23203384444659, 13.169873590069129 ] ] ] } },
{ "type": "Feature", "properties": { "class_id": 5, "area_m2": 2177162.8188858568, "class_name": "Muy Alto", "index": "NMDI", "min_value": null, "max_value": null }, "geometry": { "type": "Polygon", "coordinates": [ [ [ -88.43415385881957, 13.16987359006913 ], [ -88.447628526444433, 13.169873590069129 ], [ -88.447628526444433, 13.183348257693996 ], [ -88.43415385881957, 13.183348257693993 ], [ -88.43415385881957, 13.16987359006913 ] ] ] } },
{ "type": "Feature", "properties": { "class_id": 5, "area_m2": 8707823.8673080523, "class_name": "Muy Alto", "index": "NMDI", "min_value": null, "max_value": null }, "geometry": { "type": "Polygon", "coordinates": [ [ [ -88.366780520695244, 13.196822925318857 ], [ -88.326356517820642, 13.196822925318861 ], [ -88.326356517820642, 13.183348257693993 ], [ -88.353305853070367, 13.183348257693991 ], [ -88.353305853070367, 13.16987359006913 ], [ -88.366780520695244, 13.169873590069125 ], [ -88.366780520695244, 13.196822925318857 ] ] ] } },
{ "type": "Feature", "properties": { "class_id": 5, "area_m2": 2176949.342745401, "class_name": "Muy Alto", "index": "NMDI", "min_value": null, "max_value": null }, "geometry": { "type": "Polygon", "coordinates": [ [ [ -88.393729855944969, 13.196822925318857 ], [ -88.380255188320106, 13.196822925318861 ], [ -88.380255188320106, 13.183348257693995 ], [ -88.393729855944969, 13.183348257693991 ], [ -88.393729855944969, 13.196822925318857 ] ] ] } },
{ "type": "Feature", "properties": { "class_id": 5, "area_m2": 47895013.695803024, "class_name": "Muy Alto", "index": "NMDI", "min_value": null, "max_value": null }, "geometry": { "type": "Polygon", "coordinates": [ [ [ -88.568900535068209, 13.210297592943727 ], [ -88.568900535068209, 13.223772260568589 ], [ -88.555425867443347, 13.223772260568587 ], [ -88.555425867443347, 13.237246928193457 ], [ -88.51500186456876, 13.237246928193452 ], [ -88.51500186456876, 13.223772260568586 ], [ -88.48805252931902, 13.223772260568591 ], [ -88.48805252931902, 13.210297592943727 ], [ -88.43415385881957, 13.210297592943725 ], [ -88.43415385881957, 13.196822925318859 ], [ -88.447628526444433, 13.196822925318859 ], [ -88.447628526444433, 13.183348257693996 ], [ -88.461103194069295, 13.183348257693991 ], [ -88.461103194069295, 13.169873590069125 ], [ -88.48805252931902, 13.169873590069125 ], [ -88.48805252931902, 13.196822925318857 ], [ -88.51500186456876, 13.196822925318861 ], [ -88.51500186456876, 13.183348257693993 ], [ -88.541951199818484, 13.183348257693995 ], [ -88.541951199818484, 13.196822925318864 ], [ -88.528476532193622, 13.196822925318859 ], [ -88.528476532193622, 13.210297592943723 ], [ -88.568900535068209, 13.210297592943727 ] ], [ [ -88.461103194069295, 13.196822925318854 ], [ -88.474577861694158, 13.196822925318861 ], [ -88.474577861694158, 13.183348257693996 ], [ -88.461103194069295, 13.183348257693991 ], [ -88.461103194069295, 13.196822925318854 ] ] ] } },
{ "type": "Feature", "properties": { "class_id": 5, "area_m2": 2176645.3212634306, "class_name": "Muy Alto", "index": "NMDI", "min_value": null, "max_value": null }, "geometry": { "type": "Polygon", "coordinates": [ [ [ -88.420679191194694, 13.237246928193455 ], [ -88.407204523569831, 13.237246928193448 ], [ -88.407204523569831, 13.223772260568591 ], [ -88.420679191194694, 13.223772260568587 ], [ -88.420679191194694, 13.237246928193455 ] ] ] } },
{ "type": "Feature", "properties": { "class_id": 5, "area_m2": 2176601.143876371, "class_name": "Muy Alto", "index": "NMDI", "min_value": null, "max_value": null }, "geometry": { "type": "Polygon", "coordinates": [ [ [ -88.461103194069295, 13.250721595818323 ], [ -88.447628526444433, 13.250721595818325 ], [ -88.447628526444433, 13.237246928193453 ], [ -88.461103194069295, 13.237246928193455 ], [ -88.461103194069295, 13.250721595818323 ] ] ] } },
{ "type": "Feature", "properties": { "class_id": 5, "area_m2": 2175879.7666619672, "class_name": "Muy Alto", "index": "NMDI", "min_value": null, "max_value": null }, "geometry": { "type": "Polygon", "coordinates": [ [ [ -88.070337832948198, 13.250721595818318 ], [ -88.08381250057306, 13.250721595818318 ], [ -88.08381250057306, 13.264196263443184 ], [ -88.070337832948198, 13.264196263443184 ], [ -88.070337832948198, 13.250721595818318 ] ] ] } },
{ "type": "Feature", "properties": { "class_id": 5, "area_m2": 2176508.4126309701, "class_name": "Muy Alto", "index": "NMDI", "min_value": null, "max_value": null }, "geometry": { "type": "Polygon", "coordinates": [ [ [ -88.474577861694158, 13.264196263443186 ], [ -88.461103194069295, 13.264196263443187 ], [ -88.461103194069295, 13.250721595818323 ], [ -88.474577861694158, 13.25072159581832 ], [ -88.474577861694158, 13.264196263443186 ] ] ] } },
{ "type": "Feature", "properties": { "class_id": 5, "area_m2": 2176625.0357420421, "class_name": "Muy Alto", "index": "NMDI", "min_value": null, "max_value": null }, "geometry": { "type": "Polygon", "coordinates": [ [ [ -88.595849870317949, 13.277670931068053 ], [ -88.582375202693086, 13.277670931068052 ], [ -88.582375202693086, 13.264196263443186 ], [ -88.595849870317949, 13.264196263443186 ], [ -88.595849870317949, 13.277670931068053 ] ] ] } },
{ "type": "Feature", "properties": { "class_id": 5, "area_m2": 23929792.404089119, "class_name": "Muy Alto", "index": "NMDI", "min_value": null, "max_value": null }, "geometry": { "type": "Polygon", "coordinates": [ [ [ -88.08381250057306, 13.30462026631778 ], [ -88.097287168197937, 13.30462026631778 ], [ -88.097287168197937, 13.318094933942648 ], [ -88.070337832948198, 13.318094933942646 ], [ -88.070337832948198, 13.331569601567509 ], [ -88.043388497698473, 13.33156960156751 ], [ -88.043388497698473, 13.304620266317784 ], [ -88.02991383007361, 13.304620266317785 ], [ -88.02991383007361, 13.291145598692918 ], [ -88.043388497698473, 13.291145598692918 ], [ -88.043388497698473, 13.277670931068053 ], [ -88.05686316532335, 13.277670931068053 ], [ -88.05686316532335, 13.291145598692919 ], [ -88.08381250057306, 13.291145598692916 ], [ -88.08381250057306, 13.30462026631778 ] ] ] } },
{ "type": "Feature", "properties": { "class_id": 5, "area_m2": 2175011.9093739819, "class_name": "Muy Alto", "index": "NMDI", "min_value": null, "max_value": null }, "geometry": { "type": "Polygon", "coordinates": [ [ [ -87.854743150950355, 13.331569601567514 ], [ -87.841268483325493, 13.331569601567512 ], [ -87.841268483325493, 13.318094933942646 ], [ -87.854743150950355, 13.318094933942648 ], [ -87.854743150950355, 13.331569601567514 ] ] ] } },
{ "type": "Feature", "properties": { "class_id": 5, "area_m2": 2175117.2995960317, "class_name": "Muy Alto", "index": "NMDI", "min_value": null, "max_value": null }, "geometry": { "type": "Polygon", "coordinates": [ [ [ -88.28593251494604, 13.385468272066971 ], [ -88.272457847321178, 13.385468272066976 ], [ -88.272457847321178, 13.37199360444211 ], [ -88.28593251494604, 13.371993604442107 ], [ -88.28593251494604, 13.385468272066971 ] ] ] } },
{ "type": "Feature", "properties": { "class_id": 5, "area_m2": 4345196.1327013271, "class_name": "Muy Alto", "index": "NMDI", "min_value": null, "max_value": null }, "geometry": { "type": "Polygon", "coordinates": [ [ [ -88.474577861694158, 13.695385627438876 ], [ -88.501527196943883, 13.695385627438874 ], [ -88.501527196943883, 13.708860295063737 ], [ -88.474577861694158, 13.708860295063738 ], [ -88.474577861694158, 13.695385627438876 ] ] ] } },
{ "type": "Feature", "properties": { "class_id": 5, "area_m2": 2171904.4165195674, "class_name": "Muy Alto", "index": "NMDI", "min_value": null, "max_value": null }, "geometry": { "type": "Polygon", "coordinates": [ [ [ -88.51500186456876, 13.789708300812933 ], [ -88.501527196943883, 13.789708300812929 ], [ -88.501527196943883, 13.776233633188063 ], [ -88.51500186456876, 13.776233633188065 ], [ -88.51500186456876, 13.789708300812933 ] ] ] } },
{ "type": "Feature", "properties": { "class_id": 5, "area_m2": 2170856.2169877132, "class_name": "Muy Alto", "index": "NMDI", "min_value": null, "max_value": null }, "geometry": { "type": "Polygon", "coordinates": [ [ [ -88.339831185445505, 13.870556306562122 ], [ -88.326356517820642, 13.870556306562129 ], [ -88.326356517820642, 13.85708163893726 ], [ -88.339831185445505, 13.85708163893726 ], [ -88.339831185445505, 13.870556306562122 ] ] ] } }
]
}
